positive_event_index,event_date,background_latitude,background_longitude,nearest_event_distance_km,srtm_elevation_m,srtm_slope_deg,rainfall_24h_mm,rainfall_3day_mm,rainfall_7day_mm,label
0,2009-07-22,26.19999999999994,88.2999999999991,60.18452133812164,60.0,2.0676636780842625,4.22,13.88,29.41,0
1,2009-07-22,26.89999999999993,88.79999999999907,25.28601621397141,193.0,1.0404997890433374,8.05,19.31,53.24,0
2,2009-07-01,26.69999999999993,89.19999999999905,68.02243792324057,90.0,0.0,76.32,96.86,126.57,0
3,2010-07-29,25.19999999999994,94.29999999999876,11.432295581835646,1659.0,26.28141042695994,16.97,36.01,57.34,0
4,2011-07-21,28.79999999999993,79.29999999999961,27.151625445656844,188.0,1.4078065052355977,7.78,29.62,129.14,0
5,2007-03-19,33.79999999999991,75.59999999999982,37.45933059071952,3336.0,32.90337160444395,9.37,11.01,46.19,0
6,2011-06-29,30.199999999999925,79.39999999999961,11.785433604603316,2136.0,32.35609661746765,26.66,38.94,101.15,0
7,2011-07-09,31.29999999999992,78.39999999999966,25.0998589112046,5172.0,36.465595511582094,5.96,9.92,38.15,0
8,2011-07-09,30.39999999999992,79.89999999999958,21.985690681442065,4519.0,25.594622298660543,3.07,5.27,27.81,0
9,2011-07-09,30.199999999999925,79.4999999999996,17.314834001922037,2373.0,16.753270157707878,6.24,16.29,67.22999999999999,0
10,2011-07-21,31.09999999999992,78.19999999999968,12.90552398726563,2074.0,19.376386609630003,3.12,49.21,110.95,0
11,2012-09-18,31.999999999999915,76.99999999999974,11.412300328070078,2689.0,34.88498111627058,18.16,56.74,122.13,0
12,2012-09-19,26.799999999999933,89.19999999999905,62.722036244499975,292.0,1.3933471251867793,23.0,44.89,149.61,0
13,2012-09-19,26.89999999999993,88.59999999999908,12.447255265044848,199.0,3.4717273910601247,16.27,44.53,179.88,0
14,2013-06-16,31.29999999999992,78.59999999999965,31.8413872454297,4518.0,28.147586656420607,102.57,166.76999999999998,212.94,0
15,2013-06-16,31.39999999999992,78.69999999999965,33.20884874572607,4749.0,21.074977521735622,102.57,166.76999999999998,212.94,0
16,2013-06-16,28.399999999999928,80.49999999999955,97.48844810751814,159.0,0.9279360212320218,46.19,51.98,94.07,0
17,2013-06-25,10.399999999999991,77.6999999999997,15.829482500043762,730.0,13.105560534800324,2.78,7.959999999999999,19.91,0
18,2013-06-25,11.799999999999986,76.59999999999977,35.362204397331176,872.0,2.083227848055236,8.53,25.86,48.84,0
19,2013-07-17,24.89999999999994,93.6999999999988,13.359592038506996,1198.0,30.46506153380801,3.31,38.3,162.19,0
20,2013-07-17,25.39999999999994,94.29999999999876,11.36335333007659,1681.0,14.317101657264717,3.66,25.34,116.75,0
21,2015-04-02,34.299999999999905,75.59999999999982,10.74615502382692,4629.0,38.19421370977621,6.2,39.91,103.47,0
22,2007-07-28,15.799999999999972,73.89999999999992,10.634915301142748,112.0,1.9281842643278368,29.42,61.05,101.46,0
23,2011-06-27,13.89999999999998,75.59999999999982,18.615878988860867,592.0,2.662795768463507,12.91,42.63,97.02,0
24,2009-08-17,29.099999999999923,80.19999999999956,27.354369214578643,715.0,28.76623451500503,129.88,249.77,335.92,0
25,2015-08-01,25.599999999999937,94.29999999999876,11.428476757810197,2203.0,25.718402120372115,6.56,85.46,99.61,0
26,2013-06-16,30.79999999999992,79.5999999999996,10.860451805473822,5065.0,9.005592365204466,83.93,130.23000000000002,170.0,0
27,2012-07-05,31.499999999999915,78.59999999999965,18.833399899098776,4791.0,30.09690825195085,0.25,8.12,29.29,0
28,2010-07-22,33.29999999999991,75.9999999999998,11.274801725049157,3120.0,31.301798557577385,16.26,48.760000000000005,60.24000000000001,0
29,2010-09-25,33.09999999999991,75.9999999999998,19.551854180430546,2360.0,35.26851652233437,0.0,20.97,29.5,0
30,2013-11-13,9.099999999999996,77.09999999999974,40.18908179648751,62.0,2.935837961339101,38.71,73.71000000000001,74.61,0
31,2013-07-12,24.69999999999994,94.49999999999876,19.727102384008457,523.0,27.476014646447773,20.46,137.07,157.06000000000003,0
32,2011-06-17,30.199999999999925,76.59999999999977,50.43313359476623,253.0,0.9279360212320218,10.43,12.9,31.070000000000004,0
33,2015-08-22,30.99999999999992,77.7999999999997,19.33422997110636,2062.0,35.27845291832481,18.02,71.02,112.88,0
34,2013-07-28,31.79999999999992,78.09999999999968,21.18270850188416,5062.0,21.30016716660984,6.03,6.46,13.72,0
35,2011-09-25,26.099999999999937,89.89999999999901,41.83281351310585,29.0,2.2643967048270053,7.66,25.1,41.66,0
36,2010-10-08,25.89999999999993,94.39999999999876,14.16263763888166,885.0,27.45422498736285,36.49,61.06,62.790000000000006,0
37,2009-07-03,26.999999999999936,88.89999999999907,26.086940623336872,469.0,26.776488048401934,11.0,87.25999999999999,126.32999999999998,0
38,2010-08-09,32.79999999999991,74.49999999999989,26.318039141411,259.0,1.1039010182751994,0.26,8.22,39.32999999999999,0
39,2011-02-13,33.49999999999991,74.99999999999986,12.677218897169473,3223.0,24.175669733045574,26.63,29.99,49.56,0
40,2010-06-15,18.399999999999963,73.69999999999993,20.19628952149518,576.0,0.9279360212320218,71.03,168.1,248.59,0
41,2012-01-12,33.69999999999991,75.29999999999984,30.28306814205621,1763.0,5.976630753510828,0.0,0.09,20.33,0
42,2009-08-20,25.599999999999937,92.89999999999884,12.45396512417414,159.0,4.741964424068231,12.55,40.34,100.43,0
43,2015-07-12,32.89999999999991,74.69999999999987,18.01645830889613,353.0,1.105145446969854,9.52,47.05,81.86999999999999,0
44,2011-02-16,32.19999999999992,75.39999999999984,21.973766159421384,259.0,2.78186346598435,8.84,15.04,24.74,0
45,2011-07-15,33.99999999999991,76.79999999999976,16.75123914725661,5755.0,40.02665625777252,3.9,10.66,12.48,0
46,2010-08-06,34.399999999999906,77.8999999999997,32.91388727416269,5576.0,24.92237894622969,6.7,11.07,19.97,0
47,2010-06-09,25.999999999999936,90.099999999999,36.48270288030143,31.0,2.122927203482888,5.12,22.06,143.04999999999998,0
48,2008-06-20,26.69999999999993,89.59999999999903,103.09111727732014,200.0,0.0,40.55,91.91,148.01999999999998,0
49,2016-08-07,33.69999999999991,75.69999999999982,31.57914040227916,2931.0,44.31064277884628,13.98,26.18,50.46,0
50,2016-06-08,34.49999999999991,75.09999999999985,18.49627811324793,3215.0,22.86733291416055,2.89,18.06,18.12,0
51,2010-10-09,24.69999999999994,94.29999999999876,14.3542839995246,887.0,22.85532747272629,15.73,133.66,166.51,0
52,2007-10-21,24.69999999999994,92.79999999999885,21.31168529129963,29.0,6.547291944286205,1.12,11.260000000000002,74.38000000000001,0
53,2013-09-24,25.29999999999994,94.29999999999876,14.545664228859788,1636.0,17.89437560837668,0.26,0.41,2.3599999999999994,0
54,2011-07-03,34.399999999999906,74.69999999999987,28.073173972600785,2373.0,23.88892133696707,0.03,0.43,4.4,0
55,2011-06-17,26.099999999999937,89.59999999999903,51.666992290458,31.0,4.2287770338582815,8.73,27.61,49.06,0
56,2010-08-13,31.09999999999992,78.49999999999966,12.261997539758765,5946.0,32.188543860601285,21.73,26.54,84.49000000000001,0
57,2011-06-01,8.599999999999998,77.29999999999973,32.168048120148924,689.0,28.20544447745285,23.54,27.44,31.17,0
58,2011-03-19,33.69999999999991,74.99999999999986,15.98389158737749,1705.0,2.2298070849917324,25.59,27.54,27.54,0
59,2016-08-02,19.49999999999996,73.39999999999995,22.189563575880168,171.0,11.040914375806173,119.5,287.27,458.55,0
60,2013-07-26,31.89999999999992,78.09999999999968,31.80749022327379,4567.0,28.964894639021505,0.12,5.62,25.56,0
61,2013-07-07,31.499999999999915,76.29999999999978,29.15902934675313,508.0,4.345266979704283,18.33,34.5,39.18,0
62,2010-06-16,26.39999999999993,89.999999999999,75.80926923724577,46.0,1.035953832621517,25.29,59.4,98.19,0
63,2015-03-31,31.999999999999915,78.19999999999968,27.172568320319847,5015.0,24.679803469545966,0.06,12.65,12.74,0
64,2015-05-24,26.499999999999936,88.79999999999907,43.89298017277705,74.0,2.2709051588943243,10.49,23.29,50.94,0
65,2016-03-07,22.699999999999942,79.19999999999962,70.21044999967435,508.0,2.735166732910748,6.13,10.63,12.329999999999998,0
66,2016-06-28,15.999999999999972,73.79999999999993,14.930429070298878,44.0,0.9653243801871292,74.61,148.98000000000002,298.72,0
67,2012-09-03,18.79999999999996,73.99999999999991,51.97469499835032,731.0,9.64293943944466,41.93,52.05,123.21,0
68,2012-08-24,30.199999999999925,76.0999999999998,95.64408591129512,245.0,5.658376909080228,1.56,29.91,77.23,0
69,2015-07-06,28.899999999999928,78.79999999999964,44.27738521836957,196.0,2.8154441507688475,39.66,47.81999999999999,92.36,0
70,2012-08-18,33.69999999999991,76.29999999999978,23.960313875950423,5699.0,42.80673375074191,0.03,0.45,9.01,0
71,2009-09-12,30.29999999999992,77.39999999999972,30.459070597979345,291.0,1.074719831270563,3.33,96.12,131.03,0
72,2010-09-19,30.79999999999992,77.8999999999997,11.553874442483222,2081.0,44.96324141446525,53.57,112.12,162.06,0
73,2010-06-28,25.19999999999994,91.99999999999888,23.37001700324549,356.0,8.421078548876993,66.02,138.38,171.2,0
74,2016-04-19,27.59999999999993,94.59999999999874,46.25280503211464,120.0,1.0470662401014994,21.14,32.78,70.47999999999999,0
75,2015-06-18,15.899999999999972,73.59999999999994,23.73862558698888,9.0,3.8297200944611607,37.54,83.33000000000001,185.03,0
76,2010-05-27,34.399999999999906,76.0999999999998,17.375978641316408,3475.0,38.61141091472319,4.97,4.97,9.96,0
77,2013-08-17,24.39999999999994,93.29999999999882,20.528969212896857,523.0,31.91459069850886,9.47,26.480000000000004,126.28,0
78,2015-06-09,27.09999999999993,92.49999999999886,16.470555549260713,2226.0,20.06747813852725,20.27,83.38,135.76,0
79,2007-04-11,26.69999999999993,89.49999999999903,94.17330760156246,130.0,2.2742123746268543,0.04,9.63,15.079999999999998,0
80,2010-04-01,25.999999999999936,92.39999999999888,53.131034347997215,663.0,4.82326278722797,6.1,45.89,82.07,0
81,2011-08-10,30.89999999999992,79.09999999999962,18.611406512722027,4326.0,4.415747413140075,2.3,5.02,21.790000000000003,0
82,2010-06-25,18.399999999999963,73.39999999999995,11.461107406031193,524.0,11.612943118911502,20.69,126.23,179.39,0
83,2011-07-09,31.499999999999915,78.69999999999965,27.10538793547118,4780.0,13.655677006485698,7.42,11.41,42.35,0
84,2007-07-30,23.499999999999943,92.99999999999883,12.405227567405603,725.0,15.217403605452784,0.77,7.549999999999999,43.89000000000001,0
85,2014-08-03,19.49999999999996,82.59999999999943,60.91703482041865,630.0,7.468865384507843,15.71,24.97,92.78,0
86,2014-09-06,32.19999999999992,75.9999999999998,26.681859192607536,538.0,11.968045764459823,59.13,278.29,353.44,0
87,2012-06-03,24.599999999999945,92.99999999999883,22.007073870130377,139.0,14.263947828321124,21.4,63.13,101.4,0
88,2016-06-30,28.99999999999993,80.09999999999957,36.69437647707419,226.0,2.1211348279605264,9.62,16.96,28.11,0
89,2009-08-20,26.999999999999936,88.99999999999906,35.46888288704204,1103.0,29.78881688552435,47.06,120.65,200.19,0
90,2007-06-25,11.699999999999989,75.49999999999983,15.07084133376953,-4.0,0.0,7.46,98.72,328.14000000000004,0
91,2010-09-13,23.799999999999944,92.39999999999888,12.810145241675489,202.0,18.6701825222014,11.41,19.1,46.34,0
92,2016-07-18,31.59999999999992,78.59999999999965,15.305693044947978,4407.0,47.606464816277445,3.03,29.25,43.57,0
93,2010-09-03,30.79999999999992,79.19999999999962,14.601279364313436,5077.0,8.627056077198322,11.09,38.03,60.49,0
94,2010-09-04,31.79999999999992,78.29999999999967,21.472326184945526,5333.0,65.45207339539724,2.88,17.66,38.3,0
95,2007-05-23,26.39999999999993,88.69999999999908,46.95006120096694,75.0,2.269264851456046,0.4,5.16,51.63,0
96,2008-08-10,18.59999999999996,73.09999999999997,12.75697393639119,2.0,0.9279360212320218,102.59,218.57,323.16,0
97,2013-11-13,9.399999999999997,77.7999999999997,77.01173919595554,90.0,2.78186346598435,12.35,22.5,23.02,0
98,2013-07-14,31.19999999999992,76.99999999999974,11.572160527094033,1033.0,21.57427864840042,6.03,10.31,122.99,0
99,2010-07-25,30.29999999999992,76.0999999999998,93.52707998087476,246.0,1.074719831270563,1.28,3.37,76.58,0
100,2014-10-27,11.799999999999986,76.39999999999978,35.018434336845814,783.0,3.973587647191488,7.53,26.0,48.94,0
101,2012-08-21,34.19999999999991,75.79999999999981,27.094409684865976,3961.0,41.18657624288336,1.03,3.17,8.33,0
102,2013-09-01,25.79999999999994,92.29999999999887,35.767194858956294,781.0,17.027875409965237,4.24,14.04,60.400000000000006,0
103,2011-01-11,15.799999999999972,73.69999999999993,13.667694960569763,94.0,2.1395467846167944,0.0,0.0,0.0,0
104,2011-06-29,25.79999999999994,92.09999999999889,27.927388340250094,812.0,12.263458579470166,31.27,228.35,306.41,0
105,2010-09-12,31.39999999999992,78.69999999999965,33.20884874572607,4749.0,21.074977521735622,20.02,28.19,60.650000000000006,0
106,2015-07-21,33.59999999999991,77.49999999999972,24.624030986415345,4302.0,15.373025654864438,3.08,8.81,16.060000000000002,0
107,2010-07-29,31.19999999999992,79.09999999999962,29.4100126977275,4125.0,35.14747521498803,7.78,20.55,31.190000000000005,0
108,2011-09-30,26.499999999999936,89.79999999999902,86.92250993427675,51.0,0.0,0.0,0.8400000000000001,68.67,0
109,2010-08-15,25.69999999999994,94.29999999999876,17.547025382545307,1241.0,25.683313174886944,10.62,28.36,32.48,0
110,2011-07-12,18.59999999999996,73.79999999999993,37.23822382694893,562.0,0.0,15.77,36.82,118.19,0
111,2010-08-06,34.6999999999999,77.8999999999997,31.395001766063817,5405.0,46.46578905738842,6.7,11.07,19.97,0
112,2010-09-19,30.99999999999992,77.8999999999997,18.28866135754625,2883.0,18.143904536644406,53.57,112.12,162.06,0
113,2015-07-11,33.19999999999991,74.49999999999989,17.2873568669093,842.0,19.85129063459709,9.83,49.66,75.08,0
114,2013-07-14,30.89999999999992,77.7999999999997,22.998958198644576,1555.0,53.70787415680822,5.8,17.099999999999998,85.14999999999999,0
115,2010-08-21,31.09999999999992,76.19999999999979,58.96839574917112,260.0,3.706887929602367,7.02,22.18,70.55999999999999,0
116,2013-08-05,28.09999999999993,80.39999999999955,62.97357945187551,163.0,3.656397240844048,11.22,27.32,54.54,0
117,2009-08-20,24.29999999999994,92.39999999999888,20.56582525372257,55.0,1.377415951892356,34.81,96.17,155.03,0
118,2010-09-19,30.39999999999992,77.29999999999973,17.700887812331743,325.0,2.9820322857956048,76.25,149.22,217.19,0
119,2008-02-08,12.299999999999985,76.49999999999977,78.58938668164879,824.0,1.327683002773203,1.89,1.89,1.92,0
120,2014-06-26,28.59999999999993,94.49999999999876,47.15763091454461,3234.0,28.1715694870577,10.43,22.36,59.61,0
121,2015-04-05,33.49999999999991,75.79999999999981,18.780222844390583,2755.0,41.67230710352594,0.25,17.919999999999998,70.86999999999999,0
122,2016-06-12,27.299999999999933,92.49999999999886,18.523541171204734,1993.0,17.78473162735026,11.27,28.01,49.78,0
123,2008-05-28,9.099999999999996,77.59999999999971,79.00393199979447,129.0,2.0795129067042195,0.69,4.55,13.589999999999998,0
124,2015-06-27,27.299999999999933,88.3999999999991,11.536580617586438,1955.0,30.25822671076241,12.95,36.32,51.94,0
125,2015-07-10,29.099999999999923,78.29999999999967,71.88691855288856,224.0,2.78186346598435,41.98,48.51,98.06,0
126,2011-05-31,24.199999999999942,92.39999999999888,28.157358410976663,170.0,10.15762847180036,13.25,63.16,82.91,0
127,2010-08-06,33.59999999999991,76.99999999999974,43.72703670397776,3455.0,4.816346968287688,10.68,15.33,41.98,0
128,2008-06-15,27.39999999999993,95.49999999999868,38.94723111976525,146.0,4.185920335827043,0.82,41.78,173.81999999999996,0
129,2007-09-06,28.49999999999993,80.59999999999954,104.33674659353932,162.0,0.9279360212320218,3.58,38.69,83.69999999999999,0
130,2015-09-06,25.599999999999937,91.69999999999892,15.823444692766602,1540.0,21.463359802652352,1.67,33.82,187.47,0
131,2015-05-14,33.39999999999991,74.39999999999989,11.603107581945553,1431.0,15.833998491382577,3.75,14.43,19.62,0
132,2013-11-13,8.399999999999999,77.99999999999969,66.10948370268424,15.0,0.9379967692408814,14.29,19.47,25.34,0
133,2010-08-31,17.199999999999967,81.59999999999948,122.9432456024688,31.0,2.093966488382004,3.47,63.05,102.88,0
134,2015-08-18,25.79999999999994,91.99999999999888,23.6216715300309,908.0,25.445277333065324,25.52,49.35,73.33,0
135,2015-07-13,32.79999999999991,78.59999999999965,80.6758955794646,4652.0,6.594945520060762,3.15,29.29,58.79,0
136,2013-07-24,31.19999999999992,78.29999999999967,22.83621990011496,4617.0,39.74634073686738,13.91,21.36,81.91,0
137,2008-08-10,12.099999999999984,75.8999999999998,47.36933495491413,813.0,2.938804039026371,36.67,77.84,106.42,0
138,2015-02-05,32.89999999999991,74.59999999999988,16.838084825082344,462.0,13.3078467757862,0.01,9.59,18.040000000000003,0
139,2011-06-02,9.099999999999996,76.79999999999976,39.0120689971131,35.0,2.965683928718281,38.4,116.59,151.07,0
140,2014-08-22,11.999999999999986,77.49999999999972,36.0857955861008,445.0,1.896805978196754,3.33,7.75,26.190000000000005,0
141,2010-06-25,18.499999999999964,73.69999999999993,23.16757847483809,616.0,2.695303724034297,7.45,53.91,78.82000000000001,0
142,2016-06-18,14.699999999999976,75.19999999999985,66.98025397058197,555.0,1.334563763081149,33.09,57.650000000000006,116.66,0
143,2011-08-30,17.099999999999966,73.39999999999995,11.548419767642786,207.0,3.706887929602367,23.72,113.15,201.22,0
144,2015-04-08,34.49999999999991,73.99999999999991,18.27517346146733,2343.0,5.662320011132199,1.58,6.67,41.11999999999999,0
145,2007-07-26,25.89999999999993,90.99999999999896,20.092686945663225,64.0,1.3873493934442505,25.85,61.62,101.16,0
146,2011-09-23,26.099999999999937,90.59999999999896,31.85667628135094,40.0,6.336203369028353,9.95,28.93,106.02,0
147,2007-12-16,34.299999999999905,76.59999999999977,25.60594849614935,3894.0,35.18711348919869,0.0,0.07,2.82,0
148,2010-02-08,34.49999999999991,75.59999999999982,11.85842003660572,4632.0,20.664817837011523,23.96,45.33,48.46,0
149,2008-01-09,32.19999999999992,75.29999999999984,28.07270127022144,257.0,2.380265607226266,11.53,17.09,17.979999999999997,0
150,2007-07-30,23.89999999999994,92.39999999999888,18.98880650300612,116.0,16.735342619138066,3.2,31.42,172.36999999999998,0
151,2011-08-08,30.599999999999923,78.59999999999965,14.205783952353928,2072.0,29.948378084155745,0.67,11.079999999999998,57.89,0
152,2010-07-22,29.79999999999993,79.29999999999961,13.572091097657616,1216.0,20.153485331958937,20.39,69.77,139.66,0
153,2009-08-16,26.39999999999993,88.79999999999907,53.070559080793416,74.0,0.9279360212320218,75.47,96.09,134.93,0
154,2015-07-09,10.99999999999999,76.39999999999978,16.989780705102472,91.0,5.065027816280511,7.29,15.23,26.37,0
155,2010-09-19,31.19999999999992,79.09999999999962,29.4100126977275,4125.0,35.14747521498803,29.35,64.94,93.64,0
156,2015-07-11,30.199999999999925,79.99999999999957,21.93297039455017,3138.0,56.67813742574487,27.99,53.94,101.56,0
157,2010-04-21,27.59999999999993,96.8999999999986,31.62907875890086,3707.0,26.265107901795744,56.16,117.34,138.81,0
158,2011-06-28,25.39999999999994,94.29999999999876,11.36335333007659,1681.0,14.317101657264717,10.59,57.370000000000005,84.92,0
159,2015-08-01,25.69999999999994,93.4999999999988,25.06225598618599,222.0,2.9657876431775008,13.93,80.33000000000001,92.86,0
160,2013-08-28,29.99999999999992,79.69999999999959,19.12979522316917,2209.0,22.73050596094817,6.81,16.91,29.59,0
161,2011-06-23,26.69999999999993,89.39999999999904,85.47589900414813,117.0,1.0386671350979773,23.58,39.64,72.19,0
162,2013-06-24,30.79999999999992,79.69999999999959,19.58240598751736,4316.0,7.754588314013195,8.45,15.04,17.18,0
163,2010-10-09,24.79999999999994,93.29999999999882,11.741334186482844,809.0,6.70525326285847,31.14,154.03000000000003,172.87,0
164,2015-03-15,32.999999999999915,75.8999999999998,18.85903647538322,2084.0,27.68243372858813,17.53,19.700000000000003,23.48,0
165,2016-08-07,33.79999999999991,74.79999999999987,10.02584452408608,2048.0,13.823682164844469,9.99,15.420000000000002,22.28,0
166,2010-02-26,32.79999999999991,75.79999999999981,18.209811346029344,2268.0,25.834953165466,6.03,6.71,7.0600000000000005,0
167,2011-07-11,30.29999999999992,79.69999999999959,14.018334062745408,3419.0,30.91911614989316,5.44,21.66,46.38,0
168,2012-08-29,32.79999999999991,75.9999999999998,11.528117354010814,3154.0,27.71008249172615,0.03,2.0,21.290000000000003,0
169,2011-07-25,24.099999999999945,92.89999999999884,21.35003929816148,660.0,13.7373205407365,3.39,5.609999999999999,69.36,0
170,2007-05-08,32.29999999999991,75.39999999999984,13.79879246326664,266.0,1.0977706137386043,0.74,0.97,5.84,0
171,2010-10-12,32.19999999999992,75.8999999999998,36.08349128505754,539.0,5.118722656177003,0.0,0.0,0.09,0
172,2014-05-08,27.799999999999933,96.59999999999864,31.91533118642858,3266.0,24.650513632098956,32.28,54.34,62.190000000000005,0
173,2015-04-26,17.499999999999964,81.69999999999948,151.05706253077426,365.0,11.65956929090053,2.73,11.69,13.17,0
174,2011-07-07,25.69999999999994,94.29999999999876,17.547025382545307,1241.0,25.683313174886944,2.6,11.26,55.45,0
175,2016-08-07,33.19999999999991,74.59999999999988,16.881474938398167,1278.0,24.5002815214749,41.28,49.25,99.57,0
176,2008-05-05,33.59999999999991,75.69999999999982,30.14427789280293,2698.0,31.970969125532,0.94,5.289999999999999,5.289999999999999,0
177,2016-07-04,12.399999999999984,75.8999999999998,42.006731681985016,869.0,7.918283024246914,35.59,72.76,209.37,0
178,2012-08-24,31.79999999999992,77.99999999999969,19.84352851851545,4475.0,17.425018108318906,6.59,13.23,56.98,0
179,2007-08-25,26.599999999999937,88.3999999999991,14.748767198399936,100.0,3.468457799956008,8.73,30.47,41.13,0
180,2013-07-14,33.899999999999906,77.6999999999997,18.49347078842156,4237.0,33.992493042773816,0.39,0.4,8.35,0
181,2015-07-26,32.39999999999991,77.6999999999997,11.31024552907788,5202.0,26.298805748357623,9.21,13.46,24.47,0
182,2010-07-20,27.299999999999933,95.3999999999987,34.924686264505816,123.0,2.1286928328502377,14.45,72.61,146.85,0
183,2013-07-06,31.39999999999992,76.0999999999998,50.61967438115753,341.0,1.0871125641161117,6.75,16.33,20.85,0
184,2016-07-19,26.499999999999936,90.69999999999897,57.82291766133143,54.0,2.125092589258966,16.42,92.68,150.55,0
185,2008-10-29,26.799999999999933,93.89999999999878,28.16575328566858,81.0,0.9279360212320218,0.0,21.31,33.239999999999995,0
186,2010-09-04,26.299999999999933,88.19999999999911,52.38109517382003,63.0,2.267633363462304,8.37,25.77,48.24999999999999,0
187,2009-06-17,26.499999999999936,88.2999999999991,28.01776888486756,91.0,1.3913139966242567,0.1,5.19,30.380000000000003,0
188,2010-08-20,30.49999999999992,79.79999999999959,12.769242714589309,4238.0,41.086036545411694,4.12,33.47,41.74,0
189,2015-04-28,30.599999999999923,79.19999999999962,13.177380360618953,2324.0,35.45838743375222,1.06,2.35,2.76,0
190,2011-07-22,25.599999999999937,94.79999999999872,22.286692820383475,1219.0,18.052059171238994,14.75,41.31,142.55,0
191,2013-06-07,27.49999999999993,94.99999999999872,44.39304082476794,113.0,4.278608595754117,13.21,29.69,54.35,0
192,2009-08-16,26.69999999999993,88.19999999999911,15.07992502277276,162.0,2.9688730583319134,42.73,61.92999999999999,96.57,0
193,2010-07-25,32.89999999999991,76.39999999999978,45.48513503269855,4156.0,21.114377725136297,3.39,4.54,117.68999999999996,0
194,2012-08-18,33.99999999999991,78.19999999999968,18.59661807216317,4795.0,37.654078539667005,4.47,4.88,12.29,0
195,2007-08-02,26.19999999999994,88.2999999999991,60.18452133812164,60.0,2.0676636780842625,8.56,30.97,128.76000000000002,0
196,2015-07-04,26.39999999999993,89.59999999999903,81.06042580336087,43.0,2.071230768995057,8.33,20.72,59.47,0
197,2013-07-04,30.099999999999923,80.59999999999954,26.03042203051612,3325.0,40.23555490970436,0.51,7.649999999999999,21.500000000000004,0
198,2013-07-25,30.69999999999992,79.19999999999962,12.088409604298782,4335.0,54.364813769639,5.77,22.82,95.29,0
199,2007-08-29,27.899999999999928,88.19999999999911,35.65610266727679,5482.0,13.1899789340055,2.11,5.199999999999999,21.29,0
200,2014-07-30,18.79999999999996,73.89999999999992,45.27173231864377,604.0,1.9598709367661784,111.58,271.08,318.64,0
201,2015-06-21,19.89999999999996,73.39999999999995,26.96032903704989,490.0,15.815530736920152,91.69,167.45999999999998,258.9,0
202,2013-08-07,33.09999999999991,77.09999999999974,27.012342682906297,5246.0,33.042775069199415,4.23,47.5,72.31,0
203,2010-08-17,26.69999999999993,89.999999999999,108.97732287342636,140.0,7.454115746843003,69.17,82.73,104.82,0
204,2007-06-13,26.499999999999936,89.49999999999903,95.23659307314392,45.0,1.0368535336436908,1.7,5.69,168.3,0
205,2015-07-26,30.39999999999992,77.7999999999997,23.244710163093817,468.0,1.8553855108258317,9.77,43.63,66.11999999999999,0
206,2016-10-12,26.89999999999993,88.59999999999908,12.447255265044848,199.0,3.4717273910601247,22.91,53.46,86.71,0
207,2014-09-07,33.99999999999991,75.49999999999983,17.57855168649799,3659.0,61.008014049164906,0.81,38.1,147.63,0
208,2011-03-22,28.19999999999993,96.8999999999986,35.28705027441458,3774.0,41.87940540457984,7.52,55.56999999999999,103.27,0
209,2008-08-14,31.59999999999992,76.59999999999977,10.255115484146923,936.0,7.035382657347792,35.02,144.1,235.84,0
210,2015-04-03,34.299999999999905,74.1999999999999,13.334439632302866,2029.0,25.551262031296154,24.38,74.62,160.20000000000002,0
211,2014-08-20,21.59999999999995,72.6,132.3941420233842,-2.0,0.0,0.12,0.37,5.54,0
212,2011-07-21,31.39999999999992,78.69999999999965,33.20884874572607,4749.0,21.074977521735622,3.23,28.56,71.49000000000001,0
213,2015-08-07,18.99999999999996,73.19999999999996,12.1065449350909,79.0,8.233405436685024,3.16,20.57,29.11,0
214,2010-04-17,26.799999999999933,89.19999999999905,62.722036244499975,292.0,1.3933471251867793,3.77,8.15,18.92,0
215,2015-06-24,26.999999999999936,94.29999999999876,31.65591492905568,87.0,0.9279360212320218,19.29,61.73,144.37,0
216,2013-08-14,32.19999999999992,75.69999999999982,25.05187742231758,332.0,8.555727114022334,22.27,34.36,40.61,0
217,2015-08-11,32.29999999999991,76.69999999999976,33.247191939495494,2837.0,37.47373828386442,9.13,15.260000000000002,45.77,0
218,2011-08-09,24.999999999999943,72.6,46.4682665120414,218.0,0.0,34.53,45.56,45.83,0
219,2007-06-25,19.89999999999996,78.19999999999968,117.06095096725352,254.0,4.629981483311581,9.23,33.58,54.36,0
220,2011-07-03,34.19999999999991,76.39999999999978,21.43493184818443,4951.0,52.65654126521182,0.03,0.18,2.14,0
221,2016-07-16,30.89999999999992,79.29999999999961,17.13025931555899,5672.0,6.556762003427905,14.41,23.67,31.15,0
222,2010-06-16,26.69999999999993,89.999999999999,108.97732287342636,140.0,7.454115746843003,25.29,59.4,98.19,0
223,2014-10-01,26.39999999999993,93.09999999999884,22.54874932223748,522.0,11.71625740306478,0.0,0.0,57.7,0
224,2016-06-12,27.59999999999993,95.59999999999869,45.9053566554504,136.0,3.64394050925092,8.03,18.009999999999998,41.85,0
225,2010-07-30,15.799999999999972,73.99999999999991,11.43326525918202,596.0,14.033001639822931,43.92,159.39,407.11000000000007,0
226,2012-06-25,27.69999999999993,95.99999999999866,27.99320573444383,252.0,4.746109064284544,40.48,85.61,137.70999999999998,0
227,2010-09-17,17.29999999999997,80.29999999999956,82.07894860511718,157.0,8.321563654084496,3.58,16.41,49.42999999999999,0
228,2012-04-08,28.699999999999925,94.79999999999872,20.406844574334475,1194.0,26.547637653849502,3.09,14.11,17.23,0
229,2010-07-29,12.499999999999984,75.19999999999985,20.62512003978663,214.0,11.932440871405277,167.34,274.42,485.97,0
230,2011-05-31,30.89999999999992,79.39999999999961,11.72299860499627,5477.0,39.19135305019056,6.03,18.17,39.370000000000005,0
231,2014-09-11,31.69999999999992,78.09999999999968,11.531896784153757,5096.0,30.29911608251812,0.9,3.2,29.6,0
232,2010-08-09,30.099999999999923,79.29999999999961,14.637758351167315,2354.0,24.70480876248841,16.31,45.03,85.44,0
233,2010-10-03,13.59999999999998,76.59999999999977,70.12261472339847,679.0,3.372108636935057,10.53,23.55,31.450000000000003,0
234,2010-08-27,25.099999999999937,92.59999999999886,16.153150441434793,735.0,16.979202935930157,13.98,24.3,62.010000000000005,0
235,2015-07-22,25.69999999999994,94.79999999999872,17.981342022560636,1854.0,52.02891334523353,22.64,47.42,123.11,0
236,2012-08-17,9.399999999999997,77.39999999999972,43.80793507956739,200.0,2.079874763299952,9.8,27.19,46.34,0
237,2013-08-04,27.19999999999993,95.3999999999987,24.45692061718873,181.0,9.059129601499915,30.64,31.27,57.77,0
238,2012-06-20,26.299999999999933,91.69999999999892,12.853619396143031,50.0,2.1242187415157465,31.77,33.89,102.57,0
239,2011-05-22,25.39999999999994,93.3999999999988,13.098972049912517,553.0,11.279666663734996,14.26,68.12,84.59,0
240,2013-06-18,30.29999999999992,78.19999999999968,10.176370990965358,1117.0,25.274050986737254,1.79,247.96,444.03,0
241,2008-08-10,25.19999999999994,75.49999999999983,25.85486399381319,408.0,0.9279360212320218,3.96,5.33,36.8,0
242,2015-08-01,24.599999999999945,94.19999999999877,19.312415270388392,937.0,22.08950691895827,3.7,100.7,118.29,0
243,2015-08-12,33.39999999999991,76.99999999999974,29.329665699397065,4818.0,34.18260904631162,1.54,7.470000000000001,11.81,0
244,2013-06-17,31.19999999999992,78.59999999999965,21.923164852903856,4957.0,5.486663942016925,70.77,276.97,366.27,0
245,2011-08-07,30.199999999999925,76.39999999999978,68.06067074865722,245.0,4.249822336068078,2.6,16.7,18.98,0
246,2016-06-17,31.39999999999992,78.29999999999967,10.608950007622775,3141.0,59.00643825512731,0.0,21.05,24.87,0
247,2009-11-09,10.89999999999999,77.7999999999997,23.476713220963912,198.0,2.081873685992193,15.73,61.510000000000005,91.1,0
248,2014-11-07,33.69999999999991,75.8999999999998,13.09549205452842,4025.0,41.48872768854793,7.17,7.229999999999999,7.229999999999999,0
249,2012-02-15,32.09999999999992,75.79999999999981,39.61886009308258,422.0,18.08962125087186,0.01,1.7000000000000002,10.05,0
250,2013-07-24,18.399999999999963,73.99999999999991,51.848675545657976,836.0,5.216011917332058,30.05,122.92,213.39,0
251,2013-07-25,11.099999999999987,76.69999999999976,22.05287336813587,788.0,11.127294401170266,8.25,17.73,60.43999999999999,0
252,2013-11-13,8.699999999999998,76.79999999999976,10.958778956528896,21.0,5.614872269658275,56.88,100.21,101.73,0
253,2013-06-01,27.09999999999993,94.29999999999876,23.42063694068038,84.0,5.001114116750454,6.29,16.78,42.81,0
254,2010-10-04,31.29999999999992,76.59999999999977,15.632674221345296,481.0,0.0,0.0,0.61,1.46,0
255,2016-06-24,12.399999999999984,75.59999999999982,27.192614142604512,1266.0,18.813725184447147,20.53,90.34,172.41,0
256,2012-06-02,26.599999999999937,91.69999999999892,12.032694662813991,70.0,2.074835486339849,28.1,54.46,126.49,0
257,2008-01-16,32.29999999999991,75.29999999999984,22.255348202213906,283.0,3.5412593223072717,1.11,1.11,7.890000000000001,0
258,2013-09-01,24.29999999999994,93.6999999999988,37.90873684287377,816.0,5.161029113717381,4.82,7.52,50.88999999999999,0
259,2015-07-22,25.29999999999994,93.7999999999988,16.760185845660097,1332.0,5.060750342876847,10.3,41.39,117.9,0
260,2016-07-26,26.89999999999993,89.09999999999906,48.71819286730983,425.0,3.627056382785098,34.69,109.93,234.79,0
261,2013-07-01,26.799999999999933,94.19999999999877,44.966684957220494,88.0,0.9279360212320218,15.91,38.81,146.51,0
262,2011-02-13,32.79999999999991,75.39999999999984,20.676069137103006,1112.0,18.896707398547417,21.13,22.68,39.22,0
263,2010-09-19,31.89999999999992,76.69999999999976,12.074801049625844,1046.0,15.059029520474398,26.44,33.52,50.84,0
264,2015-12-20,11.999999999999986,79.4999999999996,133.1065438335088,41.0,0.9279360212320218,0.03,0.42,0.6800000000000002,0
265,2007-09-10,26.599999999999937,89.69999999999902,99.5173417204191,70.0,3.1105548092687205,3.62,44.3,197.66,0
266,2016-05-18,24.89999999999994,93.29999999999882,18.46024102667648,214.0,21.75887594049199,68.15,195.05,237.72,0
267,2016-05-09,10.79999999999999,77.19999999999973,46.7469241290264,370.0,0.9279360212320218,0.75,19.52,26.66,0
268,2015-09-16,19.29999999999996,83.0999999999994,14.944917206441446,917.0,15.423250149143202,42.04,115.14,159.8,0
269,2015-07-24,25.29999999999994,93.89999999999878,12.51100920024212,1665.0,22.274319230369628,14.67,40.24,99.28,0
270,2011-02-13,32.79999999999991,75.29999999999984,14.685557717730628,761.0,33.53434218551111,24.39,26.2,41.63,0
271,2010-06-11,26.099999999999937,89.19999999999905,81.83126023181043,46.0,1.8553855108258317,22.75,24.35,38.62,0
272,2013-08-05,10.499999999999991,76.49999999999977,21.06434932918184,292.0,21.17800538487376,33.85,104.08,139.33,0
273,2011-03-05,33.99999999999991,76.39999999999978,42.5951864913732,4111.0,31.23443145404644,0.02,7.47,10.94,0
274,2016-07-31,18.899999999999963,73.59999999999994,18.833191510157416,875.0,58.58867918029875,51.22,113.1,160.89,0
275,2013-08-14,33.19999999999991,75.9999999999998,12.317684536660988,4014.0,35.11255656828881,20.43,41.59,44.58,0
276,2016-08-04,30.99999999999992,78.19999999999968,14.783468786778483,2482.0,30.24592215889752,3.27,10.26,84.33999999999999,0
277,2011-07-02,13.59999999999998,77.49999999999972,70.47256260782552,699.0,2.78186346598435,4.02,11.21,15.5,0
278,2016-07-31,30.099999999999923,79.99999999999957,11.971317676123814,2362.0,45.14658443764603,6.19,26.110000000000003,48.55,0
279,2013-07-24,30.199999999999925,79.39999999999961,11.785433604603316,2136.0,32.35609661746765,19.49,46.37,137.07,0
280,2009-09-03,18.59999999999996,73.79999999999993,37.23822382694893,562.0,0.0,33.28,46.5,60.54,0
281,2011-06-16,11.099999999999987,76.49999999999977,15.991310051314873,1447.0,14.556847113743345,14.54,49.88,64.61,0
282,2014-09-22,26.599999999999937,91.59999999999891,16.91247671268108,66.0,0.0,139.52,211.1,252.22,0
283,2013-07-12,25.29999999999994,94.59999999999874,11.84948238793327,2211.0,29.695736035833377,18.68,107.07,129.82,0
284,2013-08-05,10.99999999999999,76.89999999999975,33.50401832538645,431.0,2.833846660739933,12.06,34.7,56.3,0
285,2013-09-25,21.89999999999995,75.59999999999982,149.11717655167132,247.0,2.78186346598435,3.97,17.8,88.68,0
286,2011-08-13,30.29999999999992,76.69999999999976,37.18390996558016,261.0,0.9279360212320218,14.8,34.91,53.93000000000001,0
287,2015-03-30,33.39999999999991,74.99999999999986,16.8039473643748,3433.0,23.12883468080189,15.94,101.05,107.84,0
288,2012-08-17,31.09999999999992,78.49999999999966,12.261997539758765,5946.0,32.188543860601285,27.79,61.3,110.32999999999998,0
289,2010-09-19,30.99999999999992,78.19999999999968,14.783468786778483,2482.0,30.24592215889752,53.57,112.12,162.06,0
290,2013-08-21,31.69999999999992,76.19999999999979,29.362962458574188,614.0,4.936180823785325,14.4,21.33,204.91000000000005,0
291,2008-06-15,32.69999999999991,75.69999999999982,12.101014174437042,1983.0,28.06400530055993,23.8,34.46,58.63,0
292,2015-06-17,27.799999999999933,88.3999999999991,15.92770714370604,4558.0,32.89198562631425,2.88,6.029999999999999,30.4,0
293,2008-08-17,30.599999999999923,76.0999999999998,76.98644899442958,255.0,7.076537712492509,1.06,18.66,125.49000000000002,0
294,2007-09-11,25.39999999999994,94.69999999999874,10.219961502669412,1927.0,6.548191250775711,1.4,5.26,41.27000000000001,0
295,2014-10-26,33.29999999999991,74.89999999999986,20.5240186632051,1767.0,27.03128183002612,0.0,4.61,4.61,0
296,2016-07-31,25.79999999999994,82.09999999999945,58.31179094926979,95.0,2.2596069882281813,5.06,34.13,69.33,0
297,2013-08-07,10.99999999999999,76.79999999999976,27.386564341541405,479.0,1.3245174281114722,2.24,22.08,60.830000000000005,0
298,2010-08-09,30.599999999999923,78.69999999999965,14.605886130647262,1895.0,42.44492810164333,26.25,66.30000000000001,110.24,0
299,2010-07-20,28.09999999999993,80.19999999999956,57.53806857707052,152.0,0.9279360212320218,60.25,159.35,179.95999999999998,0
300,2013-08-16,27.09999999999993,95.19999999999872,31.71239759296689,114.0,2.127776829550683,36.7,45.85,83.15,0
301,2010-09-10,27.59999999999993,93.99999999999878,13.610539213747256,2245.0,21.886960065273307,20.89,93.47,170.13,0
302,2013-06-19,28.09999999999993,78.39999999999966,114.941613423431,183.0,1.402562189114914,0.2,29.19,81.89,0
303,2014-07-14,23.89999999999994,93.19999999999882,16.31327346957909,722.0,22.593231019693395,4.85,13.33,22.380000000000003,0
304,2011-05-31,9.199999999999996,77.59999999999971,72.96419748557284,130.0,2.935922268863427,8.67,12.97,18.86,0
305,2011-06-14,14.399999999999975,75.29999999999984,48.8639981911708,646.0,3.417458433246672,14.15,31.26,40.63,0
306,2014-04-15,34.299999999999905,74.49999999999989,15.91397448193306,1577.0,1.123229861509517,0.11,12.98,16.279999999999998,0
307,2011-08-07,30.99999999999992,77.7999999999997,19.33422997110636,2062.0,35.27845291832481,0.65,31.23,56.81999999999999,0
308,2015-04-03,34.299999999999905,74.59999999999988,18.4352161644325,1580.0,1.4568011145394837,24.38,74.62,160.20000000000002,0
309,2013-07-04,28.09999999999993,80.99999999999952,102.81525700301292,136.0,2.78186346598435,0.06,13.64,95.46,0
310,2013-06-08,26.69999999999993,89.39999999999904,85.47589900414813,117.0,1.0386671350979773,5.05,23.56,61.66,0
311,2012-02-22,33.49999999999991,75.8999999999998,22.429907340772115,2982.0,49.50589117238048,4.4,11.3,11.89,0
312,2015-07-19,18.29999999999996,73.59999999999994,14.536780008062715,724.0,5.635006261973033,5.0,10.42,12.77,0
313,2016-07-19,25.39999999999994,90.299999999999,14.534867152272248,247.0,8.611886660284798,18.99,136.53,200.42,0
314,2015-08-11,30.39999999999992,77.19999999999973,12.82753095458942,303.0,2.342163159493008,10.48,22.020000000000003,116.72,0
315,2015-03-22,33.49999999999991,75.59999999999982,23.848290350375976,2142.0,41.64767095941783,0.0,0.0,27.44,0
316,2010-08-19,27.59999999999993,95.79999999999868,47.36922868098947,149.0,2.971812670368795,16.03,31.01,145.46,0
317,2016-05-18,25.599999999999937,93.7999999999988,10.60045051978788,1068.0,37.19076938656501,36.09,99.22,122.81,0
318,2015-09-15,19.89999999999996,83.79999999999936,77.49968826239615,447.0,5.4874335175726685,43.3,58.36,97.48,0
319,2015-08-20,33.69999999999991,75.49999999999983,40.08208551450379,4164.0,37.95058849715842,0.95,2.9400000000000004,15.4,0
320,2009-10-02,14.799999999999976,75.09999999999985,56.55801699397445,586.0,2.088619458247517,36.95,171.19,235.77,0
321,2010-09-13,22.39999999999995,93.09999999999884,16.248449299776105,1243.0,25.45006572616037,5.13,13.96,29.88,0
322,2011-06-09,33.49999999999991,74.59999999999988,15.94294006600339,4080.0,24.89618649693689,0.9,0.91,1.49,0
323,2010-11-08,15.899999999999972,75.19999999999985,107.10024106265992,599.0,4.748146082881559,19.02,31.62,55.39,0
324,2010-08-14,27.99999999999993,95.3999999999987,24.26117150051548,135.0,2.2965929163325187,17.44,113.17,120.3,0
325,2016-07-10,24.69999999999994,94.49999999999876,19.727102384008457,523.0,27.476014646447773,6.29,10.76,37.12,0
326,2010-08-19,24.39999999999994,93.5999999999988,34.29453944209724,1229.0,16.756870062003678,6.99,12.830000000000002,42.690000000000005,0
327,2012-09-14,26.099999999999937,89.49999999999903,58.10424531558125,34.0,1.3886560245535318,65.4,93.76,111.65,0
328,2011-02-13,32.39999999999991,75.09999999999985,14.376947713647867,296.0,1.0989845557640323,17.45,18.09,30.08,0
329,2010-06-25,19.19999999999996,73.99999999999991,27.66512869450756,645.0,0.9825808994123754,7.05,57.00999999999999,84.55999999999999,0
330,2011-08-07,30.99999999999992,77.59999999999971,10.271678530652254,2185.0,30.946276433421417,0.65,31.23,56.81999999999999,0
331,2011-07-08,30.79999999999992,78.09999999999968,11.7986108516606,1700.0,35.36027372118318,1.84,27.86,57.11,0
332,2015-04-07,34.299999999999905,74.59999999999988,18.4352161644325,1580.0,1.4568011145394837,5.17,5.24,80.83000000000001,0
333,2014-05-09,25.79999999999994,92.99999999999883,30.679713881877564,88.0,4.153625582384207,28.6,84.05000000000001,111.5,0
334,2007-08-28,24.999999999999943,92.59999999999886,14.699796221306393,31.0,3.4519519590329204,9.62,53.73,86.87,0
335,2012-09-14,29.599999999999923,78.19999999999968,34.806848210433806,249.0,3.3299365793605253,20.88,53.52,78.74,0
336,2013-09-16,27.899999999999928,88.19999999999911,35.65610266727679,5482.0,13.1899789340055,2.61,4.3,17.150000000000002,0
337,2007-03-23,32.79999999999991,75.69999999999982,20.39789886327036,3602.0,17.937567106958173,0.0,15.97,49.09,0
338,2011-02-25,32.499999999999915,77.6999999999997,15.581027418669018,5281.0,58.75293419417859,1.96,2.22,2.32,0
339,2015-08-26,23.999999999999943,92.99999999999883,18.041597450658315,291.0,22.57503553518938,3.95,11.510000000000002,44.23,0
340,2010-08-19,25.599999999999937,94.29999999999876,11.428476757810197,2203.0,25.718402120372115,10.84,27.29,62.5,0
341,2010-06-17,26.999999999999936,94.79999999999872,18.976799720978526,102.0,6.292338395437769,1.71,53.27,97.17,0
342,2015-06-25,31.19999999999992,78.49999999999966,21.788174205407525,5184.0,59.5841255533914,14.53,18.6,32.39,0
343,2013-08-05,9.199999999999996,76.99999999999974,25.81415012381201,449.0,13.060744781145305,31.7,94.81,112.22,0
344,2007-09-11,27.59999999999993,88.3999999999991,13.17147695444925,2654.0,30.210233241178493,3.37,12.09,72.28,0
345,2009-10-03,11.399999999999988,75.69999999999982,15.016971052459024,-2.0,0.0,30.25,117.83,156.14999999999998,0
346,2010-08-20,31.999999999999915,78.49999999999966,17.018969360081318,4377.0,28.66372929165834,3.33,22.57,35.0,0
347,2014-09-22,26.799999999999933,91.59999999999891,36.15410746871247,165.0,5.265783483998225,108.9,188.82,239.8,0
348,2014-09-06,32.499999999999915,74.89999999999986,19.64236246762558,290.0,1.1002045395460858,77.87,254.47,332.05,0
349,2013-12-10,14.499999999999975,74.49999999999989,31.26824164490773,49.0,12.196881711262012,0.0,0.0,0.0,0
350,2010-09-20,31.09999999999992,78.19999999999968,12.90552398726563,2074.0,19.376386609630003,0.58,93.17,154.25,0
351,2016-07-11,26.39999999999993,94.19999999999877,26.20380909862075,391.0,18.46380319642872,5.94,36.63,68.09,0
352,2008-10-29,26.999999999999936,94.99999999999872,14.29891054429046,116.0,2.969835404174002,0.09,18.66,28.74,0
353,2007-09-29,24.89999999999994,92.99999999999883,11.356048328815188,94.0,3.4509708390456866,0.44,1.85,2.09,0
354,2011-06-28,25.999999999999936,94.99999999999872,21.663162463321736,1165.0,22.982670005924525,7.58,37.03,70.96000000000001,0
355,2015-07-26,31.999999999999915,78.49999999999966,17.018969360081318,4377.0,28.66372929165834,4.45,6.220000000000001,10.52,0
356,2013-08-14,32.39999999999991,75.29999999999984,21.20873686880883,297.0,1.8553855108258317,19.62,34.44,38.61,0
357,2013-08-15,25.89999999999993,94.99999999999872,21.44042713065117,2776.0,28.452709122101083,5.91,51.99,80.22999999999999,0
358,2010-09-19,30.199999999999925,79.4999999999996,17.314834001922037,2373.0,16.753270157707878,68.83,157.79000000000002,227.03,0
359,2015-09-23,26.69999999999993,90.79999999999896,60.55840890330301,137.0,0.9279360212320218,51.62,123.92,143.88,0
360,2013-08-18,31.59999999999992,78.69999999999965,24.77624156363602,4349.0,36.43438784997779,3.0,23.65,60.110000000000014,0
361,2014-11-06,33.899999999999906,74.49999999999989,11.067098650305004,3409.0,38.08056244439591,0.0,0.0,0.0,0
362,2013-06-07,26.89999999999993,94.39999999999876,35.92417697352569,92.0,1.0404997890433374,10.62,30.92,51.41,0
363,2009-08-08,29.89999999999992,80.09999999999957,12.768720828111448,1781.0,47.78265683366361,2.03,33.92,37.3,0
364,2010-11-23,10.399999999999991,77.09999999999974,13.405925592781909,1624.0,10.14435316463087,4.8,44.85,89.02,0
365,2007-10-30,11.099999999999987,77.59999999999971,15.266927201432155,240.0,1.8553855108258317,4.22,20.88,58.41,0
366,2011-08-07,9.099999999999996,77.49999999999972,70.46154352510342,162.0,0.9397619655782192,2.42,11.02,15.87,0
367,2013-06-12,30.599999999999923,79.99999999999957,18.23586616608572,4841.0,26.15123552256615,1.93,16.04,20.79,0
368,2016-07-25,24.29999999999994,94.19999999999877,10.172629320321194,571.0,17.97114465820681,15.39,33.870000000000005,45.79,0
369,2015-03-30,34.49999999999991,75.19999999999985,25.399430729816658,3540.0,24.665887509059843,8.12,87.22,97.04,0
370,2011-06-08,32.89999999999991,74.39999999999989,17.29614762434409,332.0,2.78186346598435,0.0,0.14,1.08,0
371,2013-07-15,25.599999999999937,94.69999999999874,15.47004486806743,1245.0,21.27992090477139,8.03,35.76,151.32999999999998,0
372,2015-07-22,24.79999999999994,93.6999999999988,11.209488262084692,687.0,38.41183879654881,13.13,48.39000000000001,147.95,0
373,2009-08-16,26.499999999999936,88.19999999999911,33.152146914081136,74.0,2.78098910844063,42.73,61.92999999999999,96.57,0
374,2015-08-15,31.79999999999992,78.09999999999968,21.18270850188416,5062.0,21.30016716660984,9.03,15.169999999999998,36.12,0
375,2011-06-29,28.19999999999993,79.39999999999961,75.91113801021845,160.0,0.9279360212320218,39.96,74.91,80.4,0
376,2015-03-23,34.49999999999991,74.89999999999986,13.192725697765972,4126.0,24.33820676440518,0.0,0.0,8.8,0
377,2012-04-16,33.69999999999991,75.09999999999985,22.50733806497634,1600.0,2.2298070849917324,0.63,8.88,49.540000000000006,0
378,2013-09-30,30.79999999999992,78.89999999999964,10.579625119694462,5135.0,58.331160863565344,5.54,11.91,22.790000000000003,0
379,2014-09-22,26.299999999999933,90.79999999999896,45.00431314577316,39.0,3.2377581080223825,153.08,243.17,280.43,0
380,2010-09-19,30.099999999999923,76.19999999999979,90.02400202691096,240.0,1.4180984743189955,8.7,10.43,24.7,0
381,2015-09-03,33.899999999999906,75.79999999999981,32.144078925375,3559.0,2.997435387966549,0.25,0.48,1.34,0
382,2010-09-20,31.89999999999992,78.39999999999966,20.542753327884952,5184.0,31.716126083958628,0.44,31.9,52.88,0
383,2016-06-02,16.59999999999997,81.59999999999948,101.42242929200695,10.0,1.3410116163886798,5.89,18.91,33.12,0
384,2015-07-01,26.099999999999937,89.39999999999904,65.44304099721664,39.0,2.1233551687560546,4.28,15.52,82.47999999999999,0
385,2009-10-03,10.99999999999999,75.9999999999998,35.79246299396601,67.0,4.1585527359345225,21.96,86.97,120.79000000000002,0
386,2011-09-28,26.099999999999937,89.999999999999,42.93732923070167,29.0,1.0332829155806476,1.28,50.81,82.2,0
387,2015-03-15,34.49999999999991,75.69999999999982,13.62064735891913,4237.0,30.47110812161494,14.39,15.23,26.54,0
388,2008-06-19,25.89999999999993,93.09999999999884,42.58052831214946,118.0,1.3873493934442505,4.74,19.380000000000003,49.82,0
389,2011-06-29,30.29999999999992,79.4999999999996,13.172333675184788,2174.0,14.709626552251406,19.4,29.92,84.65,0
390,2013-08-16,27.69999999999993,94.29999999999876,20.35154590392544,518.0,15.90253899199594,32.2,41.57000000000001,112.29,0
391,2014-07-30,18.399999999999963,73.89999999999992,41.29772901350672,951.0,4.038001850685792,111.15,245.79,289.23,0
392,2011-08-05,26.69999999999993,93.09999999999884,16.091653205837826,70.0,2.1259768158641013,23.72,50.02,54.69,0
393,2011-08-15,27.19999999999993,92.19999999999888,26.72544979391993,2933.0,29.13337813010949,16.77,40.71,59.06,0
394,2013-07-25,19.59999999999996,73.09999999999997,20.24713352827733,51.0,1.3531257322037558,17.32,202.78,368.47,0
395,2015-03-15,33.79999999999991,75.9999999999998,12.63056386809113,4902.0,23.616829842981723,9.6,10.33,17.79,0
396,2010-10-27,8.299999999999999,77.7999999999997,41.58078426346693,15.0,4.647606755603334,3.36,4.33,6.32,0
397,2015-08-01,23.499999999999943,93.19999999999882,18.70727591856156,1140.0,11.031673993655614,7.9,78.32000000000001,123.74,0
398,2010-08-06,34.299999999999905,77.19999999999973,10.884528216415797,4058.0,43.4715082484248,7.21,9.31,17.45,0
399,2008-06-03,30.49999999999992,77.19999999999973,10.74229412128397,340.0,1.0769225514271012,0.36,12.44,16.669999999999998,0
400,2014-02-12,31.999999999999915,77.99999999999969,25.27832149112893,5271.0,38.946000660287815,0.0,0.12,10.31,0
401,2016-07-07,25.79999999999994,94.39999999999876,13.04015581156721,1829.0,26.94659590117133,11.9,35.160000000000004,119.1,0
402,2016-08-05,32.79999999999991,75.79999999999981,18.209811346029344,2268.0,25.834953165466,0.43,2.62,92.22,0
403,2013-02-18,29.199999999999925,95.69999999999868,46.589806486866735,3754.0,31.34360836259988,0.33,1.32,1.45,0
404,2010-09-13,33.09999999999991,77.19999999999973,22.25687752139244,4430.0,29.491075596371505,1.21,13.87,25.6,0
405,2015-08-11,25.099999999999937,93.19999999999882,11.12756029630189,479.0,22.924178020504897,5.63,34.46,86.02,0
406,2010-09-23,33.09999999999991,74.39999999999989,10.884919899498763,542.0,6.457012205792348,4.9,6.19,12.97,0
407,2015-07-27,32.39999999999991,75.19999999999985,16.114712534518034,289.0,2.156046134086923,0.02,46.92,91.8,0
408,2015-03-23,33.899999999999906,75.79999999999981,32.144078925375,3559.0,2.997435387966549,0.0,0.0,2.87,0
409,2015-09-21,18.09999999999997,73.29999999999995,22.06095449655005,133.0,8.81507008632296,9.86,33.480000000000004,79.55,0
410,2013-06-25,10.499999999999991,77.19999999999973,22.26436167925387,394.0,0.9279360212320218,2.78,7.959999999999999,19.91,0
411,2011-07-20,26.299999999999933,89.69999999999902,67.21139853341742,36.0,4.242613893222695,11.05,47.620000000000005,86.57000000000001,0
412,2010-07-21,26.39999999999993,88.49999999999909,38.05552518892525,84.0,0.0,25.14,94.38,192.28000000000003,0
413,2010-07-06,26.599999999999937,95.09999999999872,15.093930813073635,1410.0,14.667815888079248,13.18,37.16,73.13,0
414,2015-08-19,24.29999999999994,94.19999999999877,10.172629320321194,571.0,17.97114465820681,1.54,4.51,17.9,0
415,2010-09-19,31.29999999999992,78.09999999999968,17.837528471889797,4015.0,59.89577625658595,30.5,65.25,91.89,0
416,2011-07-10,31.999999999999915,78.19999999999968,27.172568320319847,5015.0,24.679803469545966,3.57,9.52,28.72000000000001,0
417,2010-09-13,22.49999999999995,92.79999999999885,10.810929739968582,591.0,18.04520767118797,8.26,23.56,43.63999999999999,0
418,2014-08-14,23.499999999999943,91.29999999999892,64.47578715290231,20.0,2.78186346598435,61.95,142.82999999999998,165.91000000000005,0
419,2008-12-20,33.29999999999991,74.59999999999988,10.157472502664332,1392.0,23.59944453879583,14.94,18.33,21.78,0
420,2013-06-27,27.69999999999993,88.19999999999911,33.711850483582765,5387.0,13.692879511826227,10.78,43.1,98.61,0
421,2012-03-19,34.49999999999991,74.59999999999988,20.88776575970313,2828.0,25.95626753782579,8.41,8.41,9.59,0
422,2011-08-06,9.599999999999994,77.19999999999973,21.63731487638487,1056.0,5.628910152357929,7.06,11.5,13.99,0
423,2010-08-14,27.39999999999993,95.69999999999868,27.043263735157225,195.0,3.2667369534053785,20.1,110.72,123.94,0
424,2013-08-04,27.19999999999993,94.99999999999872,36.524846194703024,105.0,1.396111711548549,7.48,8.99,45.14,0
425,2014-05-07,18.499999999999964,73.39999999999995,16.135810891549088,624.0,13.241513733268036,1.04,1.05,1.31,0
426,2014-09-11,25.79999999999994,72.99999999999997,76.89377992766184,182.0,1.0306539112056314,3.82,28.3,34.12,0
427,2014-06-26,26.69999999999993,91.59999999999891,25.940939982495223,81.0,6.276171879231921,11.74,21.83,182.28,0
428,2011-09-06,24.099999999999945,92.89999999999884,21.35003929816148,660.0,13.7373205407365,16.75,22.46,35.41,0
429,2008-10-22,33.59999999999991,75.69999999999982,30.14427789280293,2698.0,31.970969125532,0.0,0.0,0.07,0
430,2016-05-20,8.399999999999999,77.8999999999997,56.08199421023316,58.0,1.8553855108258317,4.1,11.62,54.34,0
431,2014-08-09,25.499999999999936,85.99999999999923,96.5321156462404,45.0,1.3847801862000229,13.4,35.61,47.16,0
432,2016-07-12,15.999999999999972,73.69999999999993,12.118938376815343,21.0,4.629981483311581,61.29,220.06,326.71000000000004,0
433,2011-08-08,30.199999999999925,79.99999999999957,21.93297039455017,3138.0,56.67813742574487,2.55,7.48,43.78,0
434,2009-08-16,26.499999999999936,89.19999999999905,75.30958289134507,64.0,2.125092589258966,116.05,139.57999999999998,184.68,0
435,2009-08-20,26.19999999999994,89.49999999999903,66.54813484614301,39.0,2.776997971883973,17.44,137.54,393.47,0
436,2015-06-30,25.29999999999994,88.59999999999908,35.49691284889472,32.0,1.383517353923722,4.91,9.02,108.87,0
437,2015-06-16,25.999999999999936,90.59999999999896,20.78454565142683,320.0,8.20358707649646,25.92,53.64,206.09,0
438,2010-07-06,24.599999999999945,94.09999999999876,13.963965889917638,831.0,1.3792096155525964,1.9,6.65,63.63,0
439,2010-10-10,25.19999999999994,94.09999999999876,11.46489731635834,1073.0,29.771785921000877,0.63,93.34,156.42999999999998,0
440,2016-07-07,25.999999999999936,91.49999999999892,13.8758739323438,50.0,0.0,24.29,49.8,151.20000000000002,0
441,2013-08-04,8.899999999999997,76.69999999999976,27.302709051146607,42.0,4.1530948226524105,54.38,70.5,81.13,0
442,2015-06-22,16.39999999999997,73.59999999999994,19.73165315080367,101.0,13.93795763450458,30.98,182.0,310.11,0
443,2010-03-27,25.099999999999937,92.19999999999888,15.788593712494734,36.0,13.797304730541445,8.18,9.42,14.66,0
444,2013-08-13,30.99999999999992,79.29999999999961,24.713659250340115,5930.0,29.83393945821598,9.53,21.76,39.02,0
445,2012-08-17,11.499999999999988,76.19999999999979,20.611317066367107,555.0,52.34308994769702,13.33,21.53,52.02,0
446,2013-07-18,30.599999999999923,79.99999999999957,18.23586616608572,4841.0,26.15123552256615,4.07,30.950000000000003,41.98,0
447,2010-04-20,26.799999999999933,91.8999999999989,38.428655083429845,171.0,2.275879354830937,29.03,113.85,160.84,0
448,2008-08-12,13.29999999999998,74.99999999999986,45.65615981059671,49.0,6.788301516223679,82.44,234.36,343.85,0
449,2015-07-31,24.79999999999994,94.49999999999876,10.81227246173914,983.0,23.868974281252623,79.86,103.04,118.66,0
450,2011-02-23,31.999999999999915,78.09999999999968,24.49410619800204,4508.0,40.04236321391731,0.0,0.0,0.45,0
451,2011-08-12,29.79999999999993,79.4999999999996,15.130894058206886,1572.0,47.83798099053964,10.5,20.99,33.98,0
452,2015-06-13,25.099999999999937,93.19999999999882,11.12756029630189,479.0,22.924178020504897,24.56,73.55,182.7,0
453,2015-08-01,24.29999999999994,94.19999999999877,10.172629320321194,571.0,17.97114465820681,3.7,100.7,118.29,0
454,2011-08-07,15.899999999999972,73.69999999999993,13.54676085293958,39.0,0.9648430707504952,5.44,28.44,213.29,0
455,2012-09-19,27.39999999999993,94.99999999999872,54.31346201190058,110.0,2.79337382656549,53.34,101.08,187.16,0
456,2008-02-03,32.39999999999991,75.29999999999984,21.20873686880883,297.0,1.8553855108258317,1.33,5.93,5.949999999999999,0
457,2013-08-25,19.39999999999996,82.09999999999945,100.10159360227895,595.0,1.3522407018057625,1.61,2.4400000000000004,24.3,0
458,2010-08-17,19.79999999999996,73.29999999999995,25.260766387640217,343.0,35.7398268283409,46.33,81.96000000000001,115.0,0
459,2010-06-03,23.299999999999947,91.49999999999892,38.82625113949955,38.0,11.871456679785297,35.69,73.43,192.26,0
460,2010-09-20,31.39999999999992,77.19999999999973,18.005908908219403,1594.0,21.242444005519644,0.57,70.11999999999999,117.82999999999998,0
461,2014-09-03,32.39999999999991,75.09999999999985,14.376947713647867,296.0,1.0989845557640323,43.62,77.57,78.16999999999999,0
462,2016-08-07,33.69999999999991,75.19999999999985,28.576868852424173,1632.0,2.164409639235206,22.91,34.97,57.94,0
463,2014-05-12,34.299999999999905,75.8999999999998,27.51583454735799,3402.0,35.65247488639326,11.48,13.17,15.56,0
464,2010-10-09,24.099999999999945,92.19999999999888,48.39236514914168,67.0,3.1846773796408008,29.88,201.15,235.64,0
465,2013-06-24,31.999999999999915,78.19999999999968,27.172568320319847,5015.0,24.679803469545966,13.83,23.72,26.200000000000003,0
466,2010-09-06,32.499999999999915,76.29999999999978,17.525977188396528,2490.0,39.183379047472165,0.21,1.2799999999999998,12.330000000000002,0
467,2015-11-14,13.49999999999998,80.19999999999956,58.43609267841076,1.0,0.0,11.19,63.82,369.24,0
468,2011-06-30,30.29999999999992,79.89999999999958,25.813867616315736,5054.0,25.126107403736903,34.75,55.65,76.97999999999999,0
469,2015-04-03,33.899999999999906,75.79999999999981,32.144078925375,3559.0,2.997435387966549,11.75,52.69,134.6,0
470,2015-07-25,26.69999999999993,90.59999999999896,76.45431985696449,112.0,2.076652043696068,5.96,40.98,104.68,0
471,2010-09-04,31.39999999999992,78.89999999999964,40.69558947246311,4873.0,28.9910032447107,5.37,26.860000000000003,64.0,0
472,2010-06-25,13.099999999999982,75.69999999999982,19.22736072797369,948.0,10.406004148237258,79.02,160.97,211.44,0
473,2016-07-31,30.89999999999992,76.0999999999998,68.51902003924963,257.0,0.9279360212320218,13.48,46.83,65.04,0
474,2010-07-25,31.19999999999992,76.89999999999975,18.993424373663764,1720.0,26.52198374933476,3.31,8.24,111.25,0
475,2011-05-31,31.39999999999992,78.59999999999965,26.877799493207696,4553.0,27.313243392127944,8.26,20.22,42.74,0
476,2010-10-09,25.89999999999993,94.29999999999876,12.845289903526968,929.0,25.93097333453967,22.34,74.17,85.13000000000001,0
477,2015-08-06,32.09999999999992,75.39999999999984,31.97769179746374,252.0,1.0953607456608705,12.2,19.87,37.22,0
478,2011-07-12,31.29999999999992,76.59999999999977,15.632674221345296,481.0,0.0,0.21,14.51,56.51,0
479,2015-12-07,30.199999999999925,76.99999999999974,24.03891712919912,271.0,1.4189209432710364,0.0,0.0,0.0,0
480,2011-08-11,32.79999999999991,74.69999999999987,16.360729788295043,279.0,1.1039010182751994,14.77,63.95,101.09,0
481,2009-08-19,26.999999999999936,88.89999999999907,26.086940623336872,469.0,26.776488048401934,46.55,105.61,165.01,0
482,2015-03-15,32.69999999999991,75.19999999999985,10.975421222442726,600.0,10.167146382762525,20.15,20.82,21.33,0
483,2016-10-04,29.199999999999925,80.09999999999957,14.455360430367572,741.0,27.153216314669493,2.64,3.22,4.28,0
484,2009-07-22,26.499999999999936,89.59999999999903,91.46475222051755,46.0,3.107848619958056,6.46,16.61,39.190000000000005,0
485,2014-10-20,25.29999999999994,91.49999999999892,31.442023317812623,546.0,14.310325722726304,0.0,0.34,17.82,0
486,2013-07-24,30.69999999999992,79.19999999999962,12.088409604298782,4335.0,54.364813769639,15.7,26.23,96.52,0
487,2010-09-18,28.99999999999993,79.09999999999962,18.19208871329556,208.0,1.0609309256765318,56.01,129.98,182.55,0
488,2013-05-11,26.69999999999993,90.99999999999896,47.76353407000016,70.0,1.0386671350979773,45.18,113.26,239.94,0
489,2011-06-14,15.899999999999972,73.69999999999993,13.54676085293958,39.0,0.9648430707504952,18.21,31.9,46.22,0
490,2013-08-04,25.999999999999936,94.29999999999876,15.399863403290484,762.0,18.649763704509223,5.78,14.93,47.43,0
491,2013-08-04,27.799999999999933,95.99999999999866,20.519813137611088,159.0,2.7990810531410406,26.84,29.06,53.64,0
492,2016-06-05,25.599999999999937,84.49999999999932,16.432922681155414,59.0,1.3854170213852868,0.0,0.0,1.5399999999999998,0
493,2014-09-22,26.599999999999937,90.59999999999896,71.1741323574992,70.0,1.0377579618378767,153.08,243.17,280.43,0
494,2007-08-06,32.79999999999991,74.99999999999986,12.510151373254097,599.0,31.31354585411625,20.53,46.83,110.86,0
495,2010-09-19,30.79999999999992,76.19999999999979,60.34024897181296,267.0,0.9279360212320218,8.84,10.67,17.21,0
496,2010-12-09,8.499999999999998,77.6999999999997,45.84393762686404,83.0,0.9382399651976404,5.18,82.98000000000002,95.97,0
497,2010-08-05,30.79999999999992,78.09999999999968,11.7986108516606,1700.0,35.36027372118318,9.92,26.620000000000005,173.4,0
498,2014-09-04,33.899999999999906,75.59999999999982,30.468383507644365,3776.0,42.12644280985755,47.73,106.2,120.47,0
499,2012-06-07,26.499999999999936,88.99999999999906,58.34406058567682,68.0,0.0,0.17,22.74,62.03,0
500,2014-07-15,26.19999999999994,89.29999999999905,80.25196222787994,46.0,7.260092883347992,2.85,29.370000000000005,75.86,0
501,2013-07-03,15.399999999999974,75.69999999999982,132.46913783602406,683.0,2.6722130122177,2.58,5.99,10.0,0
502,2016-07-28,25.999999999999936,94.89999999999873,13.26048169970566,1063.0,29.891187490124352,28.36,51.51,114.4,0
503,2015-08-19,27.799999999999933,95.99999999999866,20.519813137611088,159.0,2.7990810531410406,23.57,62.32,136.97,0
504,2011-06-27,12.699999999999983,75.39999999999984,15.773699865994072,99.0,2.084701250562225,33.54,104.84,174.44,0
505,2013-07-28,28.29999999999993,81.1999999999995,131.66096850306172,142.0,4.260974997341704,21.58,45.38,116.7,0
506,2015-08-11,25.19999999999994,92.89999999999884,10.130359897563194,711.0,7.20097919921648,5.63,34.46,86.02,0
507,2015-03-15,32.69999999999991,75.19999999999985,10.975421222442726,600.0,10.167146382762525,20.15,20.82,21.33,0
508,2009-08-16,26.39999999999993,88.2999999999991,38.515396556725925,76.0,2.77965122679813,42.73,61.92999999999999,96.57,0
509,2015-10-25,32.69999999999991,74.59999999999988,24.18744430990265,249.0,3.4319780815978373,11.11,12.86,27.08,0
510,2015-06-22,19.99999999999996,73.99999999999991,21.765558129260555,539.0,1.3549302732614883,51.34,128.63,187.66,0
511,2015-08-19,25.69999999999994,92.39999999999888,32.39816669154517,857.0,1.8553855108258317,35.06,81.02,115.26,0
512,2014-10-12,19.89999999999996,85.69999999999925,131.6951517961472,7.0,2.180115594642659,35.92,73.03,73.77000000000001,0
513,2015-06-25,34.799999999999905,77.29999999999973,38.06127890425327,5395.0,39.15227753398681,23.82,31.94,31.98,0
514,2015-08-16,27.99999999999993,96.69999999999862,18.8862116776404,2519.0,16.89974484671139,7.42,24.99,52.36000000000001,0
515,2015-07-18,32.29999999999991,76.99999999999974,10.9321204887126,4979.0,20.64771529070913,17.68,62.83,109.91,0
516,2016-05-01,29.099999999999923,96.19999999999864,30.89362903455199,4797.0,22.589886620320083,3.5,8.98,21.42,0
517,2009-11-08,10.199999999999992,77.8999999999997,21.53208066778214,241.0,2.1008676818147225,36.76,77.81,131.04,0
518,2014-09-22,26.499999999999936,90.39999999999898,78.25048274943408,56.0,2.125092589258966,153.08,243.17,280.43,0
519,2014-08-08,33.29999999999991,76.59999999999977,63.71121492003864,5369.0,45.152229607118,1.51,2.13,2.61,0
520,2010-08-20,26.39999999999993,89.89999999999901,75.19079266371386,46.0,1.3906438732530946,20.06,78.42,173.64,0
521,2013-06-16,30.29999999999992,78.69999999999965,16.17377354103354,1164.0,13.776901127433725,159.16,301.04,402.74,0
522,2015-09-16,18.499999999999964,82.49999999999943,44.10346611173765,863.0,13.944459446383924,25.55,116.02,175.87,0
523,2015-12-24,29.699999999999925,77.19999999999973,79.81005496120714,251.0,5.086931726787173,0.0,0.0,0.0,0
524,2011-04-17,34.299999999999905,74.69999999999987,18.120705051568542,2526.0,33.51474474947107,30.17,34.7,63.36,0
525,2010-08-09,30.599999999999923,79.69999999999959,10.669016101706791,5483.0,60.52911721022779,7.89,19.15,43.290000000000006,0
526,2010-08-26,31.89999999999992,78.09999999999968,31.80749022327379,4567.0,28.964894639021505,4.68,24.94,55.83,0
527,2007-07-30,30.29999999999992,78.69999999999965,16.17377354103354,1164.0,13.776901127433725,58.29,83.93,119.33,0
528,2010-10-11,17.899999999999963,80.89999999999952,144.99476958712717,59.0,1.345960585196949,0.01,0.34,8.8,0
529,2010-08-21,25.999999999999936,94.19999999999877,13.792723144819885,1005.0,23.2391938469915,9.34,40.11,89.35000000000001,0
530,2013-08-04,27.49999999999993,94.19999999999877,30.7754389137474,164.0,6.319849129470927,3.05,4.25,58.22,0
531,2013-06-17,30.29999999999992,79.69999999999959,14.018334062745408,3419.0,30.91911614989316,25.24,92.46,126.04,0
532,2009-08-26,26.19999999999994,89.999999999999,53.82816365069273,35.0,2.967307139017436,14.54,16.95,67.59,0
533,2014-08-20,30.599999999999923,78.69999999999965,14.605886130647262,1895.0,42.44492810164333,0.0,5.09,155.35,0
534,2007-07-20,11.799999999999986,75.69999999999982,23.653603823670704,714.0,12.173036516721318,33.12,72.41999999999999,216.43,0
535,2012-12-11,32.39999999999991,75.39999999999984,12.0521199521261,323.0,0.0,0.14,0.14,0.14,0
536,2016-07-14,26.499999999999936,90.099999999999,88.51808618681332,50.0,4.242642270919119,4.11,10.2,34.14,0
537,2015-03-05,34.09999999999991,75.9999999999998,44.73758712201133,3821.0,25.7395098747131,3.17,5.39,33.220000000000006,0
538,2010-07-21,26.599999999999937,88.99999999999906,52.53696309961309,78.0,0.9279360212320218,25.14,94.38,192.28000000000003,0
539,2010-09-19,30.099999999999923,79.29999999999961,14.637758351167315,2354.0,24.70480876248841,68.83,157.79000000000002,227.03,0
540,2009-09-03,33.49999999999991,76.99999999999974,35.53165869870855,4264.0,15.080721130244314,8.87,14.22,20.91,0
541,2010-10-08,24.499999999999943,94.39999999999876,17.369284712352542,608.0,31.4709153968862,81.19,144.74,150.78,0
542,2014-10-12,18.499999999999964,82.59999999999943,37.47660787325538,992.0,7.092246887671555,46.03,64.55,69.78,0
543,2007-09-07,26.299999999999933,88.2999999999991,49.28653822691984,69.0,4.163407361593557,55.57,135.71,171.54999999999998,0
544,2016-05-23,31.69999999999992,77.39999999999972,15.362504925617682,3023.0,21.242444005519644,4.27,6.289999999999999,6.379999999999999,0
545,2015-01-05,28.19999999999993,76.0999999999998,116.49412490283366,291.0,3.658929001749303,0.0,0.07,6.57,0
546,2010-09-15,30.79999999999992,76.59999999999977,24.37200085753184,303.0,0.9279360212320218,1.03,12.2,103.71,0
547,2011-02-16,33.39999999999991,75.59999999999982,16.797348996298524,2235.0,42.73921519280118,3.22,18.61,43.92999999999999,0
548,2012-08-17,9.199999999999996,76.99999999999974,25.81415012381201,449.0,13.060744781145305,22.39,41.81,66.57,0
549,2014-08-17,34.49999999999991,74.49999999999989,23.0395878266228,2431.0,44.87290445332066,1.43,38.43,46.7,0
550,2013-07-12,29.49999999999992,79.99999999999957,13.6991866604812,686.0,7.478464860739163,3.17,29.31,185.11,0
551,2011-07-17,26.499999999999936,88.49999999999909,27.382718295325592,90.0,2.2709051588943243,6.22,28.4,82.78999999999999,0
552,2008-03-17,33.69999999999991,77.49999999999972,24.08803599208454,5126.0,25.856259855776493,0.0,0.0,1.02,0
553,2013-07-25,30.599999999999923,79.99999999999957,18.23586616608572,4841.0,26.15123552256615,6.72,15.73,63.56,0
554,2011-06-17,15.999999999999972,73.79999999999993,14.930429070298878,44.0,0.9653243801871292,58.72,137.12,169.01999999999998,0
555,2010-08-26,33.29999999999991,74.59999999999988,10.157472502664332,1392.0,23.59944453879583,2.25,38.07,68.44,0
556,2016-07-02,33.69999999999991,74.39999999999989,10.96419360524147,2395.0,25.51257491864016,7.84,11.43,13.21,0
557,2010-09-19,31.79999999999992,77.09999999999974,10.96462163231672,2300.0,18.03501434293297,26.44,33.52,50.84,0
558,2015-08-15,19.69999999999996,73.39999999999995,11.118755440131332,195.0,13.990207050154224,4.41,11.86,25.0,0
559,2013-07-06,31.79999999999992,76.0999999999998,36.721600908722486,846.0,11.873985657037032,12.19,26.67,29.950000000000003,0
560,2015-11-07,11.199999999999989,76.29999999999978,11.436740486485132,39.0,3.3622703104586846,10.07,49.330000000000005,78.25,0
561,2013-08-22,18.09999999999997,73.79999999999993,40.46579560186135,690.0,18.80692407884276,5.83,14.34,41.67,0
562,2013-07-12,28.899999999999928,79.79999999999959,22.874099842313235,206.0,3.854629129690256,1.72,36.0,215.79,0
563,2013-07-27,30.29999999999992,79.89999999999958,25.813867616315736,5054.0,25.126107403736903,1.77,9.54,43.77,0
564,2016-08-07,33.899999999999906,74.1999999999999,12.472953112331286,2366.0,40.02125483754509,14.54,18.11,26.57,0
565,2013-08-05,8.699999999999998,77.99999999999969,84.56810729076209,17.0,1.3198413331627996,0.69,3.67,4.42,0
566,2010-07-25,16.699999999999967,73.39999999999995,13.467865941924062,185.0,4.920366354044426,92.06,259.72,539.49,0
567,2013-08-18,30.49999999999992,79.89999999999958,15.36343293800267,5415.0,4.257269345953565,1.94,11.12,42.4,0
568,2014-09-22,26.599999999999937,91.19999999999894,30.07047098885997,48.0,1.0377579618378767,163.71,240.34,273.62,0
569,2008-10-29,26.599999999999937,90.099999999999,99.38914810392924,70.0,2.7823345378056263,0.59,31.02,50.64000000000001,0
570,2014-09-06,33.99999999999991,74.09999999999991,10.009175011038732,2546.0,36.55997880207136,23.52,99.47,155.78,0
571,2013-07-01,27.19999999999993,94.89999999999873,36.49592609263156,99.0,1.396111711548549,14.22,37.67,118.62,0
572,2011-07-29,24.79999999999994,94.49999999999876,10.81227246173914,983.0,23.868974281252623,1.06,3.3400000000000003,20.43,0
573,2016-10-11,14.199999999999978,75.09999999999985,31.18929218303185,649.0,3.3749042315627404,25.09,59.370000000000005,70.75,0
574,2013-09-07,26.099999999999937,88.19999999999911,73.33237751114963,59.0,3.097164657034936,14.88,39.84,103.74,0
575,2009-05-26,26.499999999999936,88.19999999999911,33.152146914081136,74.0,2.78098910844063,88.48,111.11,113.73,0
576,2009-08-27,25.89999999999993,93.99999999999878,15.158322768710244,787.0,2.261194903564097,6.49,12.71,57.48,0
577,2007-08-31,22.89999999999995,88.49999999999909,32.636827085785846,14.0,4.023040546811676,0.19,1.09,19.11,0
578,2013-06-12,33.899999999999906,76.0999999999998,23.79070629696904,4809.0,45.81557596793503,0.54,2.5,2.5,0
579,2013-06-25,10.399999999999991,76.29999999999978,16.788123679489846,18.0,2.101940021560432,31.52,92.34,200.89,0
580,2009-08-20,26.19999999999994,88.3999999999991,59.20688906635499,69.0,1.3893149039597654,36.98,152.61,295.03000000000003,0
581,2010-08-05,26.999999999999936,88.99999999999906,35.46888288704204,1103.0,29.78881688552435,1.56,6.49,43.75000000000001,0
582,2013-06-16,30.199999999999925,76.99999999999974,24.03891712919912,271.0,1.4189209432710364,72.76,122.63,189.5,0
583,2008-07-18,28.09999999999993,80.49999999999955,67.699374463122,166.0,6.411138059180107,32.61,116.44,218.38,0
584,2010-07-24,17.099999999999966,73.29999999999995,12.362546954785152,129.0,1.342862138167158,115.41,286.13,519.52,0
585,2015-08-08,31.89999999999992,76.69999999999976,12.074801049625844,1046.0,15.059029520474398,11.06,43.88,60.77,0
586,2010-06-08,19.49999999999996,73.49999999999994,18.92779881452533,236.0,4.73258290298148,2.9,8.77,26.599999999999994,0
587,2011-06-29,30.199999999999925,79.5999999999996,25.40151171973921,3392.0,22.04765281965332,26.66,38.94,101.15,0
588,2013-10-13,25.89999999999993,94.29999999999876,12.845289903526968,929.0,25.93097333453967,0.0,0.0,13.54,0
589,2015-07-21,34.49999999999991,75.79999999999981,19.964627274213942,4810.0,38.8257468604424,10.93,26.45,34.33,0
590,2013-07-07,31.59999999999992,77.6999999999997,10.53858988859016,3152.0,26.677953996414598,30.63,41.94,60.11,0
591,2010-07-06,27.899999999999928,95.3999999999987,18.199014093040017,130.0,1.4011007392355936,13.86,22.99,51.78,0
592,2013-09-02,26.499999999999936,92.39999999999888,60.77868611844103,60.0,0.9279360212320218,19.5,29.72,66.66,0
593,2016-06-26,19.99999999999996,73.49999999999994,30.479756737768163,738.0,5.011505087127019,36.48,76.88,125.51,0
594,2015-09-01,26.299999999999933,91.8999999999989,14.77316831843921,54.0,3.465244538670621,10.67,74.71,148.2,0
595,2011-06-21,25.79999999999994,94.89999999999873,13.95647048763905,1659.0,8.235075555872518,6.67,16.240000000000002,45.16,0
596,2013-07-23,31.09999999999992,79.29999999999961,31.27245431141033,4917.0,55.13741131864968,0.69,20.31,52.82999999999999,0
597,2010-07-21,13.69999999999998,75.19999999999985,41.85198350735708,652.0,6.90554449816956,79.89,263.3,465.64,0
598,2010-06-19,17.499999999999964,73.59999999999994,12.320944619733002,61.0,4.7117373674916845,8.67,69.17,268.71000000000004,0
599,2013-07-24,31.19999999999992,78.79999999999964,19.069289919872368,5002.0,9.860682430893716,15.35,21.5,86.54,0
600,2016-06-23,15.899999999999972,73.69999999999993,13.54676085293958,39.0,0.9648430707504952,31.79,119.93,167.82,0
601,2015-07-26,31.59999999999992,76.59999999999977,10.255115484146923,936.0,7.035382657347792,13.68,24.55,36.6,0
602,2013-04-26,34.49999999999991,74.99999999999986,13.199081036144976,3015.0,1.4588732609510444,8.74,15.63,32.86,0
603,2015-06-17,26.19999999999994,89.69999999999902,56.714206107899365,28.0,0.0,20.3,68.55,185.65000000000003,0
604,2012-01-13,33.79999999999991,74.99999999999986,10.329804380804608,1631.0,10.656367082206112,0.0,0.14,8.46,0
605,2014-07-20,31.09999999999992,78.29999999999967,14.041876256387754,2467.0,23.346434195288957,4.45,27.64,68.17,0
606,2016-05-22,30.69999999999992,78.19999999999968,13.003768515129083,2156.0,6.70560284429085,1.53,1.88,1.88,0
607,2013-08-05,11.099999999999987,77.39999999999972,26.158971908453253,302.0,2.648079745543931,6.06,14.079999999999998,16.7,0
608,2013-08-18,31.999999999999915,78.19999999999968,27.172568320319847,5015.0,24.679803469545966,3.25,17.82,46.260000000000005,0
609,2012-06-07,27.39999999999993,88.09999999999911,15.464820159727903,3424.0,27.3282937562371,0.04,9.249999999999998,15.88,0
610,2016-07-17,31.499999999999915,78.69999999999965,27.10538793547118,4780.0,13.655677006485698,13.27,30.48,43.46,0
611,2013-08-07,33.19999999999991,74.59999999999988,16.881474938398167,1278.0,24.5002815214749,4.12,48.23,77.42,0
612,2010-08-22,31.59999999999992,76.69999999999976,12.260471209920182,773.0,3.862808306149693,10.92,34.32,108.68,0
613,2011-07-24,26.69999999999993,93.7999999999988,34.24885684763789,84.0,4.246115597034001,2.31,50.0,149.33,0
614,2007-08-31,25.599999999999937,92.49999999999886,32.65762758637347,878.0,8.959016880318755,14.85,23.14,71.61,0
615,2013-09-30,15.999999999999972,73.59999999999994,17.297257892525767,44.0,6.4000614826608935,6.9,31.35,60.46,0
616,2007-08-26,25.29999999999994,91.69999999999892,20.158270943581748,1487.0,2.7654231996648546,40.07,55.66,69.77000000000001,0
617,2014-05-22,15.799999999999972,73.99999999999991,11.43326525918202,596.0,14.033001639822931,1.46,28.67,45.690000000000005,0
618,2008-08-12,14.199999999999978,75.49999999999983,24.35232970892661,674.0,4.247387267990436,53.35,154.98,246.72,0
619,2015-07-31,24.599999999999945,94.49999999999876,28.412063375451098,369.0,16.293196791034532,76.06,100.44,116.44,0
620,2010-08-20,30.89999999999992,78.99999999999963,19.40773707579616,6192.0,34.85470243302123,6.11,63.47,78.99,0
621,2014-08-15,30.99999999999992,78.59999999999965,12.489494736174311,4762.0,9.33958725477088,64.15,96.31,121.9,0
622,2010-10-08,24.29999999999994,93.3999999999988,27.879276236791853,1432.0,18.258006217506605,101.95,164.63,170.37,0
623,2010-10-31,18.899999999999963,83.29999999999939,44.42503908351146,228.0,2.0983546673141693,45.8,89.09,94.49,0
624,2007-07-16,26.69999999999993,88.19999999999911,15.07992502277276,162.0,2.9688730583319134,19.95,68.77,172.52999999999997,0
625,2009-09-17,26.299999999999933,89.69999999999902,67.21139853341742,36.0,4.242613893222695,3.87,13.5,15.010000000000002,0
626,2011-07-19,26.69999999999993,92.09999999999889,44.09665134600556,90.0,2.2742123746268543,14.89,47.46,79.98,0
627,2010-08-17,18.79999999999996,73.89999999999992,45.27173231864377,604.0,1.9598709367661784,54.15,79.67,99.11,0
628,2010-08-06,26.599999999999937,88.3999999999991,14.748767198399936,100.0,3.468457799956008,3.21,5.53,25.27,0
629,2013-07-25,30.69999999999992,79.99999999999957,20.4937239221206,3348.0,45.50848179787449,6.72,15.73,63.56,0
630,2010-06-28,25.79999999999994,91.09999999999894,13.636219465506056,584.0,10.825021801758927,21.99,99.8,124.62999999999998,0
631,2010-09-03,30.69999999999992,78.89999999999964,11.80044021717714,4170.0,36.06263947943167,20.33,86.83,149.99,0
632,2011-08-23,26.499999999999936,89.19999999999905,75.30958289134507,64.0,2.125092589258966,11.86,28.34,93.53,0
633,2007-03-12,34.299999999999905,75.59999999999982,10.74615502382692,4629.0,38.19421370977621,45.36,60.96,61.64,0
634,2011-06-02,8.599999999999998,77.99999999999969,77.31355086300648,10.0,2.935431101477133,12.17,18.88,19.56,0
635,2008-08-14,27.59999999999993,94.59999999999874,46.25280503211464,120.0,1.0470662401014994,11.38,30.1,69.28999999999999,0
636,2013-07-24,30.49999999999992,78.89999999999964,14.178091569878667,2076.0,12.029911220112975,21.3,39.16,126.64,0
637,2014-06-27,26.299999999999933,91.49999999999892,21.42992949474626,48.0,2.267633363462304,11.51,27.47,167.85,0
638,2012-09-17,33.79999999999991,74.39999999999989,10.620242350447649,3168.0,31.342868576111098,11.2,14.38,22.29,0
639,2007-09-08,25.999999999999936,92.59999999999886,65.84389551078867,78.0,3.2301437505728794,40.97,118.51,183.19000000000003,0
640,2013-10-11,33.39999999999991,77.6999999999997,20.492918548541663,5162.0,19.296831892707527,3.88,3.88,4.68,0
641,2012-06-13,25.89999999999993,93.6999999999988,17.855874530384487,163.0,3.6040255058126944,26.11,35.41,44.63,0
642,2013-07-18,31.69999999999992,78.09999999999968,11.531896784153757,5096.0,30.29911608251812,2.91,23.62,48.60000000000001,0
643,2010-09-18,30.99999999999992,78.59999999999965,12.489494736174311,4762.0,9.33958725477088,38.38,91.16,130.91,0
644,2013-08-10,21.59999999999995,82.69999999999942,124.13785448782303,257.0,6.037676337537942,0.84,33.230000000000004,72.2,0
645,2011-07-16,26.599999999999937,93.7999999999988,45.18024269692476,86.0,1.8553855108258317,9.02,63.28,93.23,0
646,2016-10-15,26.499999999999936,89.59999999999903,91.46475222051755,46.0,3.107848619958056,0.0,24.55,105.1,0
647,2010-06-27,13.29999999999998,75.29999999999984,50.95531235549136,1112.0,5.307259279573481,13.13,175.62,307.65,0
648,2008-09-19,31.999999999999915,78.09999999999968,24.49410619800204,4508.0,40.04236321391731,16.78,25.44,26.85,0
649,2010-10-21,34.49999999999991,75.79999999999981,19.964627274213942,4810.0,38.8257468604424,3.93,3.93,3.93,0
650,2014-09-23,25.19999999999994,88.69999999999908,49.50304888089717,25.0,2.78186346598435,4.75,82.72,121.28,0
651,2012-07-19,26.69999999999993,89.19999999999905,68.02243792324057,90.0,0.0,12.43,33.72,136.01999999999998,0
652,2012-08-17,10.59999999999999,76.29999999999978,34.03075166609183,71.0,12.990528808887444,24.01,50.57000000000001,77.63000000000001,0
653,2008-05-20,25.79999999999994,92.29999999999887,35.767194858956294,781.0,17.027875409965237,5.16,19.4,30.840000000000003,0
654,2012-08-20,33.39999999999991,74.39999999999989,11.603107581945553,1431.0,15.833998491382577,14.32,21.73,40.31,0
655,2011-08-06,30.99999999999992,76.59999999999977,22.87696862361729,292.0,1.8553855108258317,10.33,33.48,54.34,0
656,2015-07-22,25.69999999999994,92.99999999999883,19.567105265926795,258.0,18.923862547536768,11.47,38.87,102.54,0
657,2010-07-07,31.19999999999992,76.89999999999975,18.993424373663764,1720.0,26.52198374933476,4.11,107.82,183.05,0
658,2014-06-22,8.399999999999999,77.59999999999971,30.368770896155866,114.0,2.9606663528729062,0.37,4.13,12.2,0
659,2010-09-16,24.499999999999943,93.5999999999988,23.535093574183087,773.0,14.7646896955861,11.64,27.74,40.12,0
660,2015-08-20,24.69999999999994,94.19999999999877,20.50261257914287,1328.0,35.553873546269,3.66,7.17,11.2,0
661,2015-07-11,31.29999999999992,78.89999999999964,29.650844651116987,5690.0,25.79379580695572,19.29,37.63,74.31,0
662,2010-07-07,30.099999999999923,76.99999999999974,34.88410098452,264.0,1.0725391413104794,8.55,90.12,152.33,0
663,2015-08-01,18.499999999999964,73.49999999999994,11.400285114014403,624.0,3.833162193372988,2.84,15.8,57.760000000000005,0
664,2010-06-05,34.399999999999906,75.49999999999983,11.32604129281607,4030.0,29.78274127031361,1.43,9.5,12.16,0
665,2015-08-18,28.79999999999993,95.79999999999868,34.30432918869359,2080.0,41.21575411466216,39.08,89.88,115.78,0
666,2008-04-05,33.29999999999991,74.59999999999988,10.157472502664332,1392.0,23.59944453879583,49.6,52.88,67.92,0
667,2014-08-17,27.69999999999993,93.4999999999988,26.6767348531208,1314.0,27.6536346776632,3.84,44.34,169.17000000000002,0
668,2011-12-10,29.79999999999993,79.29999999999961,13.572091097657616,1216.0,20.153485331958937,0.0,3.48,3.62,0
669,2016-10-15,26.19999999999994,89.59999999999903,61.01336925778391,34.0,3.2352064417753827,0.0,14.78,121.47,0
670,2009-09-19,11.999999999999986,76.39999999999978,47.97921833461128,690.0,3.789463343323095,5.63,27.18,60.3,0
671,2016-08-03,19.39999999999996,73.19999999999996,20.501668122532266,24.0,1.3522407018057625,67.14,279.38,503.38,0
672,2015-08-26,23.499999999999943,93.09999999999884,17.546960461823545,603.0,8.407213352924948,2.27,5.33,41.57,0
673,2011-08-12,28.19999999999993,79.39999999999961,75.91113801021845,160.0,0.9279360212320218,11.27,26.27,51.78,0
674,2010-08-06,34.59999999999991,76.79999999999976,37.898921056960376,5324.0,6.718563891238704,7.4,8.34,15.78,0
675,2014-03-10,33.59999999999991,75.8999999999998,16.57736385826887,3910.0,35.726257059371505,38.84,42.5,42.720000000000006,0
676,2014-09-26,33.39999999999991,75.39999999999984,18.294479495379008,2784.0,42.4419390448718,0.0,3.78,5.46,0
677,2014-09-23,25.19999999999994,91.29999999999892,32.566201748011935,18.0,0.9279360212320218,48.47,193.27,333.49,0
678,2011-10-17,9.199999999999996,77.19999999999973,38.091158506526526,1514.0,36.11996772784842,17.23,50.42,63.43000000000001,0
679,2010-07-26,17.999999999999964,73.29999999999995,11.404959924423252,263.0,8.328452214081171,85.39,258.28,475.1,0
680,2012-06-13,25.599999999999937,93.6999999999988,18.66619611117544,471.0,14.550241112236318,19.37,26.57,34.53,0
681,2009-08-20,26.19999999999994,89.69999999999902,56.714206107899365,28.0,0.0,18.92,131.81,354.0,0
682,2012-06-10,25.999999999999936,92.89999999999884,53.6925343054056,72.0,3.606272203315682,5.82,8.24,52.34,0
683,2013-09-01,27.899999999999928,88.19999999999911,35.65610266727679,5482.0,13.1899789340055,3.97,10.64,34.050000000000004,0
684,2015-11-07,10.499999999999991,77.09999999999974,23.37046588959901,348.0,2.645392661048706,16.74,49.84,84.08999999999999,0
685,2010-09-19,29.49999999999992,79.89999999999958,12.242066103532377,1210.0,32.10939537379301,34.05,145.59,208.77000000000004,0
686,2010-07-17,30.69999999999992,77.6999999999997,14.86792406710818,1846.0,26.62055403885808,8.04,21.14,56.22,0
687,2010-07-25,25.39999999999994,92.09999999999889,13.258826039574124,1034.0,12.294603576837062,8.46,29.43,101.13,0
688,2010-08-13,25.19999999999994,94.59999999999874,15.297454609194295,2076.0,22.76308323499469,9.98,12.73,14.79,0
689,2016-07-20,26.89999999999993,88.89999999999907,31.954168929072623,188.0,3.8493673357567135,31.9,73.12,194.39,0
690,2012-08-24,31.999999999999915,77.99999999999969,25.27832149112893,5271.0,38.946000660287815,6.59,13.23,56.98,0
691,2012-02-16,33.69999999999991,76.29999999999978,23.960313875950423,5699.0,42.80673375074191,0.0,3.7,20.9,0
692,2015-02-26,33.899999999999906,75.69999999999982,34.494580877825555,3840.0,18.06424596253553,1.04,42.82,49.8,0
693,2016-06-14,27.99999999999993,94.59999999999874,24.86338448570395,1229.0,25.44661265658255,14.51,72.69000000000001,119.24,0
694,2015-09-07,10.299999999999992,78.79999999999964,60.00271402881539,85.0,1.8857529340648056,0.42,8.36,22.94,0
695,2014-03-11,34.299999999999905,74.1999999999999,13.334439632302866,2029.0,25.551262031296154,55.22,95.97,96.25,0
696,2013-06-12,33.49999999999991,77.49999999999972,27.75339970421343,4584.0,31.280741652205933,2.56,4.35,4.41,0
697,2014-06-26,26.599999999999937,90.39999999999898,89.11879890239445,73.0,1.3919879016772103,9.37,19.65,186.59,0
698,2011-08-28,18.09999999999997,73.99999999999991,60.50179535905125,671.0,7.535893145338491,41.9,105.85,137.79,0
699,2015-05-30,34.09999999999991,75.8999999999998,37.78128849238891,3873.0,41.785513343834495,0.1,0.76,12.53,0
700,2015-07-24,30.99999999999992,79.4999999999996,11.396427770438669,5755.0,12.7758330299871,3.18,5.960000000000001,11.11,0
701,2013-06-16,31.19999999999992,76.39999999999978,37.07318157577626,335.0,2.1688394436940546,45.86,68.12,132.93,0
702,2007-09-10,24.69999999999994,94.09999999999876,13.081736758895952,842.0,14.870465426687918,1.42,16.560000000000002,75.15,0
703,2011-08-27,32.39999999999991,75.8999999999998,20.24417193182364,640.0,16.007557824582094,34.97,69.15,91.07,0
704,2012-06-20,20.299999999999955,77.19999999999973,82.60019044358206,465.0,1.8553855108258317,0.24,18.21,96.85,0
705,2010-08-06,34.49999999999991,77.6999999999997,11.51123860276803,3491.0,12.667146975830782,7.21,9.31,17.45,0
706,2012-07-05,30.099999999999923,76.29999999999978,81.22568022149655,241.0,4.247366966743851,0.14,0.6900000000000001,3.9,0
707,2015-08-12,25.499999999999936,94.39999999999876,16.743372177253107,1420.0,20.9659831308612,3.35,14.73,69.02,0
708,2010-02-06,33.19999999999991,74.89999999999986,10.62632270446099,1767.0,43.73623989483369,4.78,5.71,5.71,0
709,2015-07-01,26.499999999999936,89.69999999999902,88.66212357684901,50.0,1.8553855108258317,4.99,15.39,90.58,0
710,2007-06-25,15.399999999999974,79.09999999999962,79.1761449419687,467.0,25.869009804382788,0.51,16.9,190.99,0
711,2014-08-02,9.199999999999996,77.19999999999973,38.091158506526526,1514.0,36.11996772784842,3.08,31.87,36.39,0
712,2010-05-20,17.499999999999964,81.89999999999947,139.28497614462853,251.0,7.629551236796638,43.86,118.85,119.7,0
713,2012-09-16,26.89999999999993,88.59999999999908,12.447255265044848,199.0,3.4717273910601247,35.81,92.48,154.16,0
714,2016-06-21,33.899999999999906,75.49999999999983,23.084468681233435,2829.0,33.48153613896651,1.58,2.37,4.4,0
715,2012-08-17,31.39999999999992,78.79999999999964,40.78010990421841,5317.0,14.799701642451842,16.26,36.74,69.11,0
716,2011-03-19,33.29999999999991,74.79999999999987,19.6096784453483,2011.0,32.673847851564034,25.59,27.54,27.54,0
717,2008-08-08,30.89999999999992,76.69999999999976,11.366507374575486,415.0,7.714869486535942,39.24,51.75,122.25,0
718,2011-06-14,32.59999999999992,77.29999999999973,20.34139185355288,4230.0,38.42614497864805,4.71,4.72,25.89,0
719,2015-08-01,25.499999999999936,94.69999999999874,12.795183350770923,1652.0,31.622511420038585,0.53,72.81,88.15,0
720,2013-07-10,30.29999999999992,78.19999999999968,10.176370990965358,1117.0,25.274050986737254,1.09,29.28,107.85,0
721,2010-09-16,23.999999999999943,92.39999999999888,28.05775416102296,170.0,26.467794024493973,7.76,34.33,58.77,0
722,2010-10-22,33.79999999999991,75.39999999999984,27.84260089227061,3017.0,36.12046495190489,30.88,35.09,35.09,0
723,2013-06-16,30.199999999999925,79.89999999999958,20.90034713007225,4421.0,52.31670664482888,54.04,75.95,122.98,0
724,2008-08-19,27.69999999999993,95.2999999999987,17.800294088108675,116.0,2.1305573860290434,20.68,61.23,127.15,0
725,2010-08-11,30.199999999999925,77.29999999999973,32.23427895424237,289.0,1.4189209432710364,6.63,42.86000000000001,106.26999999999998,0
726,2014-10-09,11.599999999999987,76.19999999999979,18.34494775423877,827.0,8.346173123530923,25.53,36.34,51.46,0
727,2015-08-01,22.89999999999995,92.99999999999883,25.980113403585342,845.0,30.145634895972616,6.34,87.59,155.78,0
728,2015-09-01,26.499999999999936,90.59999999999896,67.33149044116314,55.0,2.125092589258966,15.33,84.13,147.75000000000003,0
729,2015-10-31,11.399999999999988,77.99999999999969,11.377268618292378,202.0,4.209581899718213,2.97,4.220000000000001,19.28,0
730,2016-07-17,29.399999999999928,78.89999999999964,35.94773086528002,286.0,0.0,102.17,137.32,150.32,0
731,2012-09-16,32.999999999999915,76.39999999999978,52.96577865204783,3991.0,38.27767832231528,5.37,27.180000000000003,32.32,0
732,2011-07-25,33.899999999999906,77.09999999999974,37.48127669293991,3891.0,53.861450865379815,0.88,1.82,1.93,0
733,2012-08-17,9.599999999999994,77.39999999999972,36.98583880718323,966.0,6.732202589514204,9.8,27.19,46.34,0
734,2008-08-29,24.69999999999994,94.39999999999876,13.987349615029734,502.0,27.888941592312587,3.49,11.77,16.950000000000003,0
735,2010-08-31,17.399999999999967,81.79999999999947,151.76051153937496,134.0,1.8553855108258317,4.97,56.38,101.29,0
736,2010-01-03,33.59999999999991,75.9999999999998,10.88647481154136,4678.0,29.563071241410537,3.31,3.31,3.31,0
737,2009-09-10,30.69999999999992,79.19999999999962,12.088409604298782,4335.0,54.364813769639,28.47,56.73,67.69,0
738,2013-08-05,11.599999999999987,76.79999999999976,24.10277847866264,791.0,14.556945931678731,8.53,25.3,49.85,0
739,2010-08-06,34.899999999999906,77.49999999999972,38.59468691427988,3567.0,56.92924744151644,4.61,5.550000000000001,13.39,0
740,2012-10-21,11.699999999999989,77.8999999999997,34.18474976008495,277.0,2.9880351710350146,12.83,48.84,104.47,0
741,2010-07-31,25.69999999999994,92.89999999999884,21.5897632155066,135.0,6.180863283231274,7.37,47.67,75.72,0
742,2010-09-19,31.19999999999992,76.89999999999975,18.993424373663764,1720.0,26.52198374933476,35.98,56.2,82.43,0
743,2011-06-20,26.39999999999993,88.2999999999991,38.515396556725925,76.0,2.77965122679813,4.56,21.22,42.43000000000001,0
744,2013-06-18,19.69999999999996,73.69999999999993,20.058422964026505,599.0,2.950787675961827,18.2,112.3,171.24999999999997,0
745,2016-10-03,30.599999999999923,76.99999999999974,11.869736276396104,333.0,2.145456849454641,0.0,0.0,0.24,0
746,2013-06-25,17.29999999999997,73.79999999999993,27.420851202376824,857.0,13.390229846665726,35.32,74.52000000000001,118.23,0
747,2010-07-07,32.79999999999991,76.49999999999977,36.51491133643586,5023.0,59.06753022470927,0.32,3.98,6.63,0
748,2015-08-15,30.599999999999923,79.99999999999957,18.23586616608572,4841.0,26.15123552256615,3.32,6.85,17.43,0
749,2013-07-02,30.29999999999992,76.59999999999977,46.3654394403516,260.0,1.8553855108258317,11.78,12.38,34.25,0
750,2013-08-14,33.99999999999991,75.09999999999985,11.914999466131626,2487.0,37.605236696877,19.79,45.96,47.73,0
751,2010-06-07,24.29999999999994,92.59999999999886,10.797809571524397,319.0,13.539658376283766,15.38,47.88,189.72,0
752,2011-08-29,18.199999999999964,73.79999999999993,37.57196056688858,616.0,3.464728799481741,53.58,139.12,184.87,0
753,2010-08-04,33.899999999999906,77.59999999999971,22.863905264836003,4755.0,20.276745759052023,2.5,3.8,15.07,0
754,2015-08-09,33.39999999999991,74.69999999999987,18.085242386396985,2223.0,17.59414937980461,0.39,2.76,7.5,0
755,2008-12-21,30.79999999999992,76.79999999999976,12.803174124850088,388.0,1.4239511833436695,0.0,1.2,1.2999999999999998,0
756,2015-06-19,23.699999999999942,92.39999999999888,14.65985933456916,768.0,24.64408694152729,4.32,6.93,47.01,0
757,2008-09-19,30.69999999999992,76.29999999999978,54.9017340484897,267.0,1.0791474913109966,92.11,139.64,141.39,0
758,2013-08-16,26.599999999999937,94.99999999999872,13.6510623900499,532.0,16.451394443761753,39.28,53.14,98.45,0
759,2013-07-27,31.29999999999992,78.79999999999964,29.888031283605827,5469.0,5.4922781527666285,0.65,2.15,30.630000000000003,0
760,2013-07-04,30.199999999999925,80.09999999999957,19.404380645955754,3869.0,43.70846628322899,0.72,9.99,28.86,0
761,2010-07-22,17.399999999999967,73.29999999999995,22.50241623953905,274.0,7.787004030960979,76.79,212.29,337.19,0
762,2010-08-18,17.999999999999964,73.39999999999995,11.431493026593731,52.0,2.924781844478109,39.07,153.72,188.65,0
763,2015-07-26,31.89999999999992,77.59999999999971,14.851256096606797,5439.0,41.58696941659,12.02,17.240000000000002,27.15,0
764,2015-08-20,32.89999999999991,74.79999999999987,16.297959152274522,405.0,11.811499777102298,2.7,6.88,21.07,0
765,2015-08-19,25.69999999999994,93.3999999999988,21.20714801834149,277.0,10.68724186931734,16.18,42.63,65.62,0
766,2015-08-01,31.19999999999992,78.39999999999966,20.18594286724264,4609.0,23.717108229405508,17.6,35.61,61.38,0
767,2015-07-19,30.29999999999992,80.29999999999956,26.089463266450124,4137.0,37.80115054556481,0.53,3.3200000000000003,13.009999999999998,0
768,2009-10-05,22.599999999999948,92.49999999999886,37.41214004130915,111.0,13.246642877995091,11.55,57.69,74.6,0
769,2016-06-22,26.39999999999993,90.69999999999897,55.29474062518285,45.0,2.967927867986476,17.55,49.13,107.97,0
770,2015-08-19,25.499999999999936,92.49999999999886,26.58053125352002,1059.0,15.394799155421085,35.06,81.02,115.26,0
771,2011-07-10,31.999999999999915,77.6999999999997,29.169684380397754,4727.0,37.91778194402311,7.6,22.26,57.63,0
772,2016-01-14,26.099999999999937,88.09999999999911,76.75374154334517,50.0,1.3886560245535318,0.0,0.0,0.01,0
773,2015-07-12,33.59999999999991,75.79999999999981,24.545409604883407,2949.0,46.00594944378263,8.25,27.83,52.9,0
774,2012-09-01,15.999999999999972,73.69999999999993,12.118938376815343,21.0,4.629981483311581,18.44,56.52,199.94,0
775,2010-08-14,31.89999999999992,77.99999999999969,30.932738815389296,4825.0,31.40432800461783,1.0,20.36,39.23,0
776,2014-05-14,32.999999999999915,75.9999999999998,24.9476186052219,2865.0,20.084930830248663,3.45,24.46,26.03,0
777,2016-10-15,26.19999999999994,89.39999999999904,73.03813957247668,42.0,1.0341685411627342,0.0,14.78,121.47,0
778,2012-06-08,34.299999999999905,77.09999999999974,17.755718565512755,3931.0,18.172071825645983,2.35,3.03,4.58,0
779,2015-07-18,25.79999999999994,84.29999999999933,44.86362967633936,57.0,3.0892980574274502,1.39,51.64,62.17,0
780,2012-09-14,31.69999999999992,78.59999999999965,16.734324628541703,3756.0,29.06584863357883,12.79,35.34,49.67,0
781,2011-04-17,33.49999999999991,75.09999999999985,10.585870209849556,3638.0,19.313037187831327,32.4,37.72,61.34,0
782,2016-08-29,30.199999999999925,77.39999999999972,39.51484814572112,279.0,2.836103577175637,5.43,8.09,17.55,0
783,2014-05-04,10.399999999999991,77.29999999999973,17.8335721103475,665.0,13.65789287035141,6.47,8.5,16.71,0
784,2015-07-24,34.399999999999906,74.59999999999988,29.268658945122063,1578.0,1.4578343788367207,2.05,28.77,61.94,0
785,2013-10-18,31.19999999999992,78.09999999999968,13.44936257440078,2850.0,26.31749651899583,0.0,0.44,1.28,0
786,2013-08-01,34.09999999999991,76.49999999999977,30.50075050148108,4541.0,58.710121461085706,5.46,7.539999999999999,7.72,0
787,2010-08-26,17.499999999999964,80.29999999999956,102.7994124933645,192.0,1.3443899894791966,14.34,53.84,78.1,0
788,2015-09-14,23.399999999999945,92.39999999999888,39.86637952998278,151.0,33.16935424915344,13.58,44.56,78.74999999999999,0
789,2010-09-24,8.1,77.6999999999997,29.37803396648893,-13.0,0.0,3.87,6.49,12.84,0
790,2008-06-29,26.19999999999994,88.3999999999991,59.20688906635499,69.0,1.3893149039597654,28.01,46.120000000000005,63.82000000000001,0
791,2010-09-11,30.79999999999992,77.6999999999997,19.20238970940895,1960.0,42.46111290146427,33.04,38.38,116.2,0
792,2008-05-18,19.49999999999996,83.59999999999937,39.077785104184,382.0,8.640730643222938,0.12,0.9,5.15,0
793,2016-04-04,34.49999999999991,75.59999999999982,11.85842003660572,4632.0,20.664817837011523,10.14,19.25,22.1,0
794,2007-09-07,26.499999999999936,89.09999999999906,66.62599433419071,67.0,1.3913139966242567,65.67,141.91,170.66,0
795,2013-07-31,30.599999999999923,78.79999999999964,17.025740702912092,2908.0,21.150404873141454,25.04,51.81,86.66,0
796,2015-03-15,34.6999999999999,74.2999999999999,18.57992280365692,3209.0,26.98889964652873,26.67,27.9,34.61,0
797,2011-08-07,30.79999999999992,77.7999999999997,12.640890615836067,1760.0,45.40406278452224,0.65,31.23,56.81999999999999,0
798,2014-08-18,30.599999999999923,79.99999999999957,18.23586616608572,4841.0,26.15123552256615,0.8,5.22,41.39,0
799,2009-10-02,14.999999999999975,75.79999999999981,118.8129482627634,516.0,2.132886133975654,16.3,128.77,180.81,0
800,2013-07-25,18.09999999999997,73.29999999999995,22.06095449655005,133.0,8.81507008632296,19.67,161.97000000000003,339.02000000000004,0
801,2012-03-04,24.599999999999945,92.19999999999888,18.34005469889047,34.0,4.228625533720672,0.79,7.83,13.37,0
802,2008-06-25,11.099999999999987,77.49999999999972,18.42740048442337,259.0,3.889020944978701,0.09,0.2,4.050000000000001,0
803,2013-07-07,31.89999999999992,76.49999999999977,23.193096536859056,654.0,26.552096478918077,17.89,44.48,47.72,0
804,2008-08-28,26.799999999999933,89.19999999999905,62.722036244499975,292.0,1.3933471251867793,8.57,19.81,46.38,0
805,2010-04-17,26.89999999999993,88.89999999999907,31.954168929072623,188.0,3.8493673357567135,1.42,4.12,9.660000000000002,0
806,2010-05-31,28.699999999999925,94.79999999999872,20.406844574334475,1194.0,26.547637653849502,11.21,15.61,37.32,0
807,2016-06-21,18.29999999999996,73.29999999999995,16.841435787444635,67.0,1.347574480402346,29.21,65.61,75.44,0
808,2016-05-18,24.79999999999994,92.49999999999886,16.181339216110974,19.0,0.0,95.25,271.6,358.76,0
809,2016-07-01,27.99999999999993,93.89999999999878,36.978106104973136,2541.0,31.03990118766965,24.02,75.19,89.44,0
810,2011-07-08,32.19999999999992,76.49999999999977,12.808386587269611,2012.0,16.2537900442643,10.81,32.34,38.54,0
811,2013-08-13,34.49999999999991,75.9999999999998,12.7375555719193,4084.0,24.98703787426337,8.26,9.48,9.85,0
812,2015-06-12,19.49999999999996,73.39999999999995,22.189563575880168,171.0,11.040914375806173,25.97,62.74,95.95,0
813,2012-06-03,26.39999999999993,88.69999999999908,46.95006120096694,75.0,2.269264851456046,3.63,38.82,97.72,0
814,2013-06-18,13.69999999999998,75.19999999999985,41.85198350735708,652.0,6.90554449816956,69.29,204.82,324.44,0
815,2011-06-02,9.699999999999994,77.39999999999972,30.650071424067868,1487.0,30.53496126230425,13.24,51.4,64.64,0
816,2008-06-14,26.099999999999937,93.5999999999988,41.98932651486314,781.0,14.420555104879853,18.6,41.03,71.1,0
817,2010-07-06,30.199999999999925,79.69999999999959,25.02609649387622,3169.0,24.34149597040686,18.21,86.18,104.58,0
818,2014-07-22,33.49999999999991,75.79999999999981,18.780222844390583,2755.0,41.67230710352594,0.93,0.93,16.04,0
819,2013-05-11,27.799999999999933,91.99999999999888,25.091598928888214,4263.0,47.93599966547526,3.17,10.24,23.22,0
820,2014-10-12,18.69999999999996,84.09999999999934,44.87385510687152,142.0,26.38204374851861,76.93,137.13,146.85000000000002,0
821,2010-10-03,13.49999999999998,75.49999999999983,54.2889355144088,811.0,5.631102072540767,21.34,54.24,100.99,0
822,2015-08-08,32.39999999999991,75.09999999999985,14.376947713647867,296.0,1.0989845557640323,4.23,13.89,24.58,0
823,2012-06-25,27.49999999999993,95.59999999999869,41.33535008391914,137.0,3.1355553914575536,47.51,107.66,159.31,0
824,2011-08-13,25.39999999999994,93.29999999999882,13.941449746427606,373.0,3.592976146666873,11.69,18.06,97.56,0
825,2015-06-30,26.19999999999994,88.3999999999991,59.20688906635499,69.0,1.3893149039597654,11.95,20.24,83.67,0
826,2007-07-30,31.29999999999992,78.09999999999968,17.837528471889797,4015.0,59.89577625658595,15.53,29.39,37.21,0
827,2013-08-19,34.59999999999991,74.39999999999989,15.41496414877308,2315.0,28.66861571559894,0.89,4.17,48.13,0
828,2015-08-09,31.79999999999992,76.39999999999978,15.933402316064605,558.0,34.28245493553731,2.13,14.98,37.330000000000005,0
829,2013-08-01,26.099999999999937,93.09999999999884,54.62171246686172,92.0,1.3886560245535318,12.11,25.8,45.23,0
830,2007-08-11,30.49999999999992,79.89999999999958,15.36343293800267,5415.0,4.257269345953565,6.33,12.32,29.91,0
831,2011-07-19,26.299999999999933,89.79999999999902,64.89527821518718,36.0,2.267633363462304,22.6,40.56,79.73,0
832,2010-09-19,28.29999999999993,81.1999999999995,131.66096850306172,142.0,4.260974997341704,6.05,80.61,203.34,0
833,2015-03-30,32.39999999999991,75.19999999999985,16.114712534518034,289.0,2.156046134086923,42.9,77.67,79.37,0
834,2010-09-22,31.79999999999992,76.19999999999979,31.71229858973219,784.0,6.105271993336535,10.33,25.98,34.18,0
835,2011-06-29,33.59999999999991,77.39999999999972,33.86724199427373,4603.0,36.46899792827555,0.98,3.57,6.789999999999999,0
836,2015-12-29,31.69999999999992,76.19999999999979,29.362962458574188,614.0,4.936180823785325,0.0,0.0,0.13,0
837,2015-12-07,10.59999999999999,76.0999999999998,47.6150589053866,11.0,11.228844962850127,6.67,14.97,20.12,0
838,2011-07-06,24.099999999999945,92.49999999999886,18.653398797198765,496.0,22.75837754400361,5.1,22.53,99.51999999999998,0
839,2007-09-07,15.999999999999972,73.79999999999993,14.930429070298878,44.0,0.9653243801871292,9.63,24.72,170.46,0
840,2011-06-19,14.699999999999976,75.59999999999982,80.97838274679408,618.0,9.113986971303966,0.51,12.67,86.44000000000001,0
841,2008-09-22,31.29999999999992,76.39999999999978,33.0939717744329,322.0,1.4282705577456996,0.53,21.48,123.17,0
842,2011-08-07,33.899999999999906,75.29999999999984,15.67793032145829,2358.0,34.76664585902739,2.83,6.82,8.88,0
843,2010-09-13,22.299999999999947,92.59999999999886,40.19811128449626,220.0,3.427415006663922,8.26,23.56,43.63999999999999,0
844,2009-08-12,26.099999999999937,92.19999999999888,31.89521557041391,250.0,10.289992706117484,13.73,21.07,59.55,0
845,2015-07-22,24.099999999999945,92.19999999999888,48.39236514914168,67.0,3.1846773796408008,16.55,46.88,215.49000000000004,0
846,2015-07-27,11.099999999999987,75.9999999999998,26.973149251819912,174.0,24.82084659734152,1.29,6.319999999999999,32.89,0
847,2007-06-25,10.199999999999992,76.99999999999974,14.999551837666004,1282.0,7.529024444811094,0.42,37.89000000000001,174.91000000000005,0
848,2009-08-30,25.79999999999994,94.99999999999872,22.946067077437625,2459.0,16.74999874473138,3.1,6.119999999999999,20.46,0
849,2010-09-19,29.099999999999923,79.99999999999957,27.354369214607555,517.0,12.572942550775846,21.77,154.02,229.16000000000005,0
850,2012-09-04,19.99999999999996,73.49999999999994,30.479756737768163,738.0,5.011505087127019,25.08,73.22,121.17,0
851,2010-07-29,25.79999999999994,92.29999999999887,35.767194858956294,781.0,17.027875409965237,10.59,21.84,62.870000000000005,0
852,2007-08-26,25.999999999999936,92.99999999999883,52.91362832198774,80.0,3.094528602970568,14.03,17.45,51.71,0
853,2013-08-14,32.69999999999991,74.59999999999988,24.18744430990265,249.0,3.4319780815978373,15.96,29.17,33.83,0
854,2015-07-25,15.799999999999972,73.99999999999991,11.43326525918202,596.0,14.033001639822931,26.18,91.62,151.35,0
855,2013-08-02,33.79999999999991,75.49999999999983,31.68700428085339,4162.0,15.390110042494245,3.58,14.76,14.9,0
856,2010-05-17,34.299999999999905,74.09999999999991,16.68339947002621,2866.0,38.19421370977621,6.0,6.54,20.78,0
857,2016-07-23,16.19999999999997,78.49999999999966,42.2153202104647,512.0,18.77453053491424,2.38,8.27,20.7,0
858,2013-10-06,15.499999999999972,74.2999999999999,10.395442436018865,605.0,5.632556641196339,4.34,40.53,57.3,0
859,2007-08-12,33.69999999999991,76.49999999999977,42.45527124430381,4595.0,32.61676421080414,2.96,2.97,15.849999999999998,0
860,2012-06-22,27.69999999999993,91.7999999999989,14.479135717786672,4145.0,24.391790918406663,11.43,40.48,47.27,0
861,2015-09-23,25.999999999999936,90.59999999999896,20.78454565142683,320.0,8.20358707649646,49.46,119.22,143.6,0
862,2016-07-17,30.199999999999925,79.89999999999958,20.90034713007225,4421.0,52.31670664482888,41.92,71.87,100.29,0
863,2011-07-22,17.699999999999967,73.59999999999994,28.480271813703485,562.0,28.416753993603542,10.23,42.46000000000001,258.7,0
864,2015-08-15,31.59999999999992,78.69999999999965,24.77624156363602,4349.0,36.43438784997779,5.46,8.96,20.7,0
865,2013-07-07,31.39999999999992,76.19999999999979,43.76568998937545,520.0,9.262112046538236,18.33,34.5,39.18,0
866,2010-06-03,25.79999999999994,92.79999999999885,36.17328852925515,244.0,1.8553855108258317,42.12,86.66,116.9,0
867,2011-04-06,34.49999999999991,75.69999999999982,13.62064735891913,4237.0,30.47110812161494,1.45,12.05,19.46,0
868,2014-07-19,30.89999999999992,79.19999999999962,22.326956945364813,5108.0,18.374811276589583,12.9,25.07,55.2,0
869,2013-07-19,30.099999999999923,80.39999999999955,15.855799425061395,2877.0,45.94590207834764,13.03,31.51,52.24,0
870,2007-07-30,30.89999999999992,79.29999999999961,17.13025931555899,5672.0,6.556762003427905,15.81,31.27,44.03,0
871,2016-04-22,26.19999999999994,91.49999999999892,15.808219020731272,51.0,2.123785677190883,13.66,55.56,218.82,0
872,2007-09-05,32.29999999999991,75.59999999999982,10.500240524975425,319.0,0.9279360212320218,9.43,16.32,31.34,0
873,2013-08-04,8.499999999999998,77.7999999999997,53.31465602448889,53.0,1.8553855108258317,21.01,25.57,30.22,0
874,2016-08-05,26.599999999999937,91.99999999999888,30.13972090850804,73.0,0.9279360212320218,6.0,22.36,41.72,0
875,2007-06-25,17.099999999999966,81.49999999999949,108.16943290171834,95.0,0.0,3.01,23.79,116.54,0
876,2011-08-12,26.999999999999936,93.29999999999882,32.05401919295181,526.0,31.105573701633308,6.17,9.0,23.300000000000004,0
877,2013-07-25,31.29999999999992,78.99999999999963,32.34346593290765,5411.0,41.75356058913761,1.27,9.79,52.59,0
878,2013-08-04,27.39999999999993,94.79999999999872,59.97523836688068,103.0,0.9279360212320218,4.39,4.73,42.440000000000005,0
879,2015-03-15,34.399999999999906,75.8999999999998,25.3934084332256,3970.0,37.15175928135162,14.39,15.23,26.54,0
880,2016-07-16,12.299999999999985,75.29999999999984,42.19676283305947,62.0,16.27865508052747,24.07,54.31,150.74,0
881,2008-06-09,25.79999999999994,93.5999999999988,20.94005790966525,182.0,4.238351664125168,5.94,12.990000000000002,21.880000000000003,0
882,2013-07-10,18.99999999999996,73.19999999999996,12.1065449350909,79.0,8.233405436685024,27.74,57.33,88.0,0
883,2013-10-05,24.69999999999994,94.09999999999876,13.081736758895952,842.0,14.870465426687918,11.43,23.62,27.86,0
884,2010-07-20,29.599999999999923,78.39999999999966,19.733396879144824,269.0,2.8263854008378315,46.44,90.81,111.9,0
885,2013-07-05,33.69999999999991,74.39999999999989,10.96419360524147,2395.0,25.51257491864016,4.73,4.75,7.130000000000001,0
886,2016-07-14,26.099999999999937,90.89999999999895,38.4667178760538,39.0,4.742903855732507,5.19,13.25,35.77,0
887,2010-04-02,26.39999999999993,92.79999999999885,28.77759936480256,73.0,1.3906438732530946,6.02,37.13,86.14999999999999,0
888,2015-07-07,26.099999999999937,88.2999999999991,71.15108605520236,59.0,2.1233551687560546,7.63,38.71,72.57,0
889,2013-08-17,15.799999999999972,73.99999999999991,11.43326525918202,596.0,14.033001639822931,37.59,52.21000000000001,84.13,0
890,2013-08-14,32.29999999999991,75.29999999999984,22.255348202213906,283.0,3.5412593223072717,19.62,34.44,38.61,0
891,2012-08-17,9.499999999999996,77.19999999999973,19.895548991936632,1126.0,15.172167896427087,9.8,27.19,46.34,0
892,2011-04-19,33.29999999999991,74.89999999999986,20.5240186632051,1767.0,27.03128183002612,3.88,40.86,46.18,0
893,2014-12-31,33.99999999999991,77.19999999999973,25.109556869093456,3507.0,31.23443145404644,0.0,0.0,0.0,0
894,2010-10-14,31.39999999999992,78.09999999999968,11.26263293527499,4341.0,26.309520473224502,0.0,0.0,0.0,0
895,2016-07-13,27.299999999999933,80.39999999999955,41.46718247667708,137.0,5.28844690195337,1.44,3.59,47.01,0
896,2011-02-07,33.29999999999991,74.69999999999987,18.440035352028456,2148.0,9.22804488284202,19.34,25.38,26.28,0
897,2012-10-22,10.199999999999992,77.09999999999974,13.34245734331329,1805.0,37.68618640534494,12.12,45.94,89.81,0
898,2013-05-11,22.299999999999947,93.09999999999884,24.14842852970991,1566.0,32.90368498765844,1.27,16.62,115.99000000000002,0
899,2010-10-03,31.19999999999992,76.39999999999978,37.07318157577626,335.0,2.1688394436940546,0.0,0.36,0.36,0
900,2013-11-20,20.09999999999996,72.99999999999997,51.516256705875975,72.0,0.0,0.0,0.0,0.0,0
901,2015-06-19,24.099999999999945,93.3999999999988,36.1548686341135,792.0,26.612107126769075,5.24,8.83,40.370000000000005,0
902,2014-07-23,28.399999999999928,79.79999999999959,56.5910350286039,176.0,2.974561461825178,12.4,22.36,191.29,0
903,2013-08-14,33.899999999999906,74.09999999999991,13.912745732569345,1750.0,40.43082795638102,13.98,40.98,45.7,0
904,2010-08-13,30.79999999999992,77.7999999999997,12.640890615836067,1760.0,45.40406278452224,25.49,30.09,93.13,0
905,2010-05-11,25.599999999999937,93.29999999999882,11.509963925195986,453.0,2.12124052295632,11.0,22.05,35.129999999999995,0
906,2010-11-22,26.39999999999993,91.49999999999892,24.368424018190023,52.0,1.3906438732530946,0.0,0.88,2.0,0
907,2012-08-22,32.39999999999991,75.9999999999998,20.85878030497848,923.0,27.089235382634808,15.85,26.84,35.97,0
908,2016-04-13,10.79999999999999,77.99999999999969,47.81618947261529,163.0,0.9279360212320218,0.0,0.09,9.590000000000002,0
909,2015-01-29,28.19999999999993,77.59999999999971,52.1581072867174,195.0,2.8049164512640776,0.0,0.0,8.09,0
910,2013-05-11,26.69999999999993,91.09999999999894,43.42078564016632,58.0,2.78186346598435,45.18,113.26,239.94,0
911,2013-05-07,24.29999999999994,93.89999999999878,18.19551274318604,849.0,12.840545243094883,15.27,54.16,146.23000000000002,0
912,2015-06-30,26.499999999999936,88.19999999999911,33.152146914081136,74.0,2.78098910844063,20.95,36.86,91.81,0
913,2010-04-20,27.69999999999993,91.8999999999989,14.013153038022532,4064.0,19.82597990587524,12.37,59.09,81.53,0
914,2015-09-05,25.19999999999994,85.89999999999924,62.00016799490457,44.0,3.4539316330937093,0.18,1.57,13.079999999999998,0
915,2013-06-16,30.89999999999992,79.29999999999961,17.13025931555899,5672.0,6.556762003427905,83.93,130.23000000000002,170.0,0
916,2007-06-25,15.099999999999977,79.69999999999959,117.66644892878496,70.0,3.026448074062428,0.89,12.99,108.36,0
917,2014-07-28,29.099999999999923,80.19999999999956,27.354369214578643,715.0,28.76623451500503,29.12,67.49,112.87,0
918,2008-03-30,34.299999999999905,76.89999999999975,18.106215475556823,3614.0,22.394425940148285,0.8,0.8,0.8,0
919,2011-08-27,29.29999999999993,77.8999999999997,72.97613326711847,242.0,0.0,6.47,22.08,65.8,0
920,2010-08-20,31.69999999999992,78.29999999999967,12.645022719629072,3998.0,19.83119126203188,3.73,35.15,46.16,0
921,2015-08-22,26.599999999999937,90.099999999999,99.38914810392924,70.0,2.7823345378056263,14.42,157.95,241.42,0
922,2011-04-17,33.19999999999991,74.2999999999999,20.99186328595204,802.0,25.62140075853221,24.68,29.26,40.52,0
923,2007-06-25,16.39999999999997,73.69999999999993,19.09925056093576,81.0,1.340289645642677,18.88,289.23,401.12,0
924,2013-08-06,32.69999999999991,75.19999999999985,10.975421222442726,600.0,10.167146382762525,56.18,82.4,131.24,0
925,2016-07-10,19.99999999999996,72.89999999999998,41.80746689688504,122.0,13.922767611028302,89.03,129.55,195.04,0
926,2013-08-15,33.19999999999991,76.69999999999976,55.284523338177685,4321.0,10.251665125010636,17.44,52.24,58.66,0
927,2015-07-26,30.49999999999992,76.89999999999975,18.9409991116791,296.0,1.4214154781104795,5.93,24.59,38.81,0
928,2013-08-17,30.79999999999992,79.79999999999959,20.649725722871977,4192.0,22.040897735492585,2.42,6.890000000000001,21.92,0
929,2011-08-11,33.39999999999991,75.39999999999984,18.294479495379008,2784.0,42.4419390448718,13.17,36.7,50.620000000000005,0
930,2015-07-14,13.29999999999998,75.39999999999984,53.260773270159234,868.0,13.388390372604496,3.45,18.56,119.55,0
931,2011-07-19,33.49999999999991,76.69999999999976,59.27532634659968,4926.0,11.769726623019643,0.09,0.18,18.81,0
932,2015-09-06,10.69999999999999,76.19999999999979,48.429619694945735,115.0,14.262748265749742,6.58,19.51,22.33,0
933,2013-07-11,26.299999999999933,87.69999999999914,76.79879568725664,60.0,1.0350588410066683,10.32,105.27,233.86,0
934,2010-07-31,13.099999999999982,75.8999999999998,21.56367008181213,972.0,3.9164979304354905,69.65,326.39,491.55,0
935,2016-03-26,33.899999999999906,75.8999999999998,26.584158137135063,4675.0,23.75777359219877,12.02,22.59,29.5,0
936,2015-07-31,32.39999999999991,77.7999999999997,20.69553343683877,5377.0,36.51588623126211,11.87,12.89,29.32,0
937,2013-08-04,26.69999999999993,94.39999999999876,29.12738493488496,112.0,2.1259768158641013,5.53,15.66,54.81,0
938,2010-08-06,34.49999999999991,76.0999999999998,12.478118753778466,3102.0,48.40740274375446,9.73,10.65,18.52,0
939,2015-08-27,25.19999999999994,92.09999999999889,24.854623425182847,455.0,6.305091694156849,22.95,27.37,60.00999999999999,0
940,2011-06-29,31.29999999999992,78.29999999999967,19.49844922504584,4999.0,32.97241565779775,6.57,12.11,55.09,0
941,2009-11-20,22.799999999999947,73.99999999999991,123.70984328768266,229.0,8.897329284559154,0.0,0.0,16.04,0
942,2008-02-13,11.899999999999986,77.09999999999974,56.66213105366203,788.0,3.8256119473253234,0.17,2.39,16.07,0
943,2010-09-04,30.99999999999992,78.59999999999965,12.489494736174311,4762.0,9.33958725477088,11.7,44.92,108.09,0
944,2011-07-15,26.299999999999933,92.59999999999886,51.095571744170016,73.0,5.645172325191004,7.64,32.39,41.78,0
945,2013-04-07,28.09999999999993,96.9999999999986,25.1406435265988,1240.0,6.945165977852489,0.0,6.720000000000001,29.01,0
946,2007-07-02,33.99999999999991,75.49999999999983,17.57855168649799,3659.0,61.008014049164906,0.11,9.66,30.930000000000003,0
947,2010-07-25,30.199999999999925,77.6999999999997,20.539062963119964,338.0,3.5116621701670936,4.52,15.13,120.43,0
948,2015-08-01,25.999999999999936,94.29999999999876,15.399863403290484,762.0,18.649763704509223,8.64,54.22,63.040000000000006,0
949,2013-08-30,26.999999999999936,94.39999999999876,38.19891010612718,90.0,4.158832826136174,12.32,72.84,101.86,0
950,2014-09-06,32.19999999999992,75.8999999999998,36.08349128505754,539.0,5.118722656177003,68.33,287.27,344.31,0
951,2012-08-24,32.79999999999991,76.19999999999979,25.176270409773338,2053.0,15.430657391185903,10.25,20.49,29.67,0
952,2008-02-13,33.49999999999991,74.59999999999988,15.94294006600339,4080.0,24.89618649693689,0.0,0.0,14.76,0
953,2009-09-10,32.999999999999915,76.69999999999976,40.43963143314125,4034.0,19.43680388702085,3.46,11.12,13.37,0
954,2015-07-13,31.59999999999992,76.79999999999976,11.026387297803565,1212.0,32.78933257482507,33.27,145.83,204.18,0
955,2014-02-23,33.49999999999991,74.49999999999989,12.665734315131385,3529.0,18.94556701290291,0.28,2.95,2.95,0
956,2010-08-27,25.19999999999994,94.09999999999876,11.46489731635834,1073.0,29.771785921000877,9.47,13.420000000000002,26.85,0
957,2013-10-25,17.399999999999967,80.39999999999955,89.07562832292965,171.0,17.344610875254677,66.95,181.55,226.54,0
958,2011-06-17,27.899999999999928,88.3999999999991,16.790263095757737,4813.0,27.64758596704239,3.55,9.51,13.7,0
959,2010-08-06,34.399999999999906,77.39999999999972,12.431615889285824,4806.0,8.528546563298459,7.21,9.31,17.45,0
960,2011-07-01,24.69999999999994,94.09999999999876,13.081736758895952,842.0,14.870465426687918,4.92,23.31,95.24,0
961,2016-10-15,26.499999999999936,88.69999999999908,38.52470158796936,79.0,2.968241041983797,0.3,23.77,103.8,0
962,2014-08-26,31.69999999999992,77.6999999999997,20.168343373364085,4988.0,19.68599438852267,0.98,0.98,1.42,0
963,2015-03-19,24.39999999999994,93.09999999999884,10.657531931231818,622.0,31.36698504102342,0.07,0.07,0.07,0
964,2010-02-23,31.89999999999992,78.49999999999966,11.173044352655335,4541.0,22.357788312952717,1.46,2.45,2.45,0
965,2010-07-07,33.19999999999991,78.69999999999965,76.4075578611554,4192.0,4.330050419515206,0.13,3.06,3.99,0
966,2015-04-30,31.19999999999992,78.29999999999967,22.83621990011496,4617.0,39.74634073686738,7.58,8.27,10.73,0
967,2013-09-02,28.399999999999928,95.59999999999869,20.73680710089308,1342.0,40.80605692263094,19.77,48.41,106.19,0
968,2016-07-28,23.999999999999943,92.29999999999887,34.04872577743236,151.0,7.30921254929226,7.33,22.25,69.34,0
969,2012-09-15,32.09999999999992,75.69999999999982,34.16843763343561,266.0,1.0953607456608705,15.51,54.85999999999999,58.60999999999999,0
970,2012-06-25,26.299999999999933,91.59999999999891,14.586331608442892,49.0,3.1024785849661494,105.64,158.81,236.06,0
971,2009-08-16,26.499999999999936,88.89999999999907,50.66115635891293,77.0,2.0730284066732945,75.47,96.09,134.93,0
972,2010-07-29,30.99999999999992,78.59999999999965,12.489494736174311,4762.0,9.33958725477088,12.77,26.83,44.260000000000005,0
973,2008-06-18,33.09999999999991,76.29999999999978,42.21408945907294,4261.0,26.93179165063479,3.64,5.6,28.92,0
974,2012-06-02,28.19999999999993,96.19999999999864,33.10117857438936,3340.0,23.370374339199465,5.76,10.85,14.62,0
975,2015-07-15,26.39999999999993,93.89999999999878,42.951446193745525,107.0,4.243481582233396,51.08,61.97,71.72999999999999,0
976,2010-09-19,30.199999999999925,76.69999999999976,42.13796045546091,259.0,2.338144076935036,31.83,52.12,83.33,0
977,2015-03-05,33.39999999999991,74.99999999999986,16.8039473643748,3433.0,23.12883468080189,7.22,13.11,72.02,0
978,2013-10-06,26.39999999999993,90.299999999999,70.72934029988444,48.0,0.9279360212320218,22.09,75.4,106.16,0
979,2010-09-09,28.699999999999925,95.19999999999872,23.38133718189367,2445.0,36.607094663314655,46.4,90.53,195.3,0
980,2008-09-10,15.899999999999972,73.69999999999993,13.54676085293958,39.0,0.9648430707504952,52.35,102.6,136.48000000000002,0
981,2011-05-31,25.599999999999937,92.89999999999884,12.45396512417414,159.0,4.741964424068231,12.06,34.690000000000005,43.720000000000006,0
982,2012-08-17,9.199999999999996,77.6999999999997,82.71001787336135,130.0,0.9400261401672838,7.95,18.95,31.3,0
983,2013-08-18,31.19999999999992,78.89999999999964,18.69494742092623,4651.0,28.67704785192434,2.05,30.04,78.69999999999999,0
984,2010-10-08,25.499999999999936,94.49999999999876,13.167858537240717,1348.0,7.218385510883914,52.1,92.98,96.35,0
985,2010-09-13,23.599999999999945,92.19999999999888,37.848886480672526,185.0,18.939917413024148,9.93,17.18,36.45,0
986,2011-05-24,25.39999999999994,92.89999999999884,13.471415718539342,513.0,2.1204121180698765,11.78,44.85,108.06,0
987,2010-08-27,26.39999999999993,89.19999999999905,81.0227784581262,52.0,0.0,19.98,46.6,128.17,0
988,2016-10-17,16.49999999999997,79.89999999999958,74.90815567049735,88.0,2.9448984820169466,0.0,0.0,0.0,0
989,2013-06-17,31.39999999999992,78.69999999999965,33.20884874572607,4749.0,21.074977521735622,48.54,189.71,245.94,0
990,2015-09-05,26.39999999999993,90.199999999999,75.18826148377217,45.0,1.3906438732530946,10.96,64.99,159.27,0
991,2013-07-27,25.19999999999994,84.19999999999933,43.81093798600662,87.0,1.0255197999912589,10.91,25.09,27.98,0
992,2010-09-13,22.799999999999947,92.49999999999886,36.20538656278272,66.0,12.050197904207147,8.74,18.950000000000003,36.32,0
993,2015-06-16,25.499999999999936,90.99999999999896,27.09499526053302,690.0,19.16886195900636,22.94,49.41,288.22,0
994,2010-07-06,31.09999999999992,78.19999999999968,12.90552398726563,2074.0,19.376386609630003,21.86,54.44,82.9,0
995,2013-08-11,27.49999999999993,94.89999999999873,50.04680454556847,103.0,1.3982260800137254,6.95,10.61,166.11,0
996,2010-11-11,13.29999999999998,75.09999999999985,47.20140035114294,739.0,18.94552207681176,44.59,61.38,131.35,0
997,2014-10-15,30.599999999999923,76.89999999999975,14.277451499086991,309.0,1.42225610803532,0.07,8.76,8.76,0
998,2010-05-31,27.899999999999928,88.19999999999911,35.65610266727679,5482.0,13.1899789340055,2.48,4.92,11.53,0
999,2010-10-08,25.19999999999994,92.29999999999887,10.398356668859536,685.0,16.19870471049391,110.58,150.11,153.78,0
1000,2011-03-03,33.79999999999991,74.69999999999987,13.378302793168396,2319.0,8.096055428503304,8.73,14.510000000000002,23.9,0
1001,2011-04-17,33.69999999999991,74.39999999999989,10.96419360524147,2395.0,25.51257491864016,29.2,34.22,54.99,0
1002,2012-07-07,34.49999999999991,77.49999999999972,11.525808759648942,4617.0,17.707348940570686,0.0,0.35,0.49,0
1003,2015-06-21,31.79999999999992,78.09999999999968,21.18270850188416,5062.0,21.30016716660984,9.15,18.07,20.07,0
1004,2014-09-02,18.29999999999996,73.79999999999993,32.62087784106911,846.0,18.29112647351119,11.32,61.84,131.94,0
1005,2009-09-01,29.79999999999993,79.39999999999961,13.351016289269074,1567.0,7.372022511709415,1.75,19.39,44.89,0
1006,2014-09-04,33.79999999999991,75.49999999999983,31.68700428085339,4162.0,15.390110042494245,47.73,106.2,120.47,0
1007,2011-03-01,33.29999999999991,74.59999999999988,10.157472502664332,1392.0,23.59944453879583,0.45,1.26,11.98,0
1008,2013-10-16,31.29999999999992,78.89999999999964,29.650844651116987,5690.0,25.79379580695572,0.28,0.28,4.37,0
1009,2015-08-02,25.39999999999994,94.39999999999876,12.984269641396756,1294.0,24.814434298539105,0.7,71.33,99.02,0
1010,2013-07-26,30.599999999999923,78.49999999999966,14.845372041505106,1701.0,24.130308277645035,1.18,27.55,101.97,0
1011,2016-07-26,27.69999999999993,95.69999999999868,49.43744561694185,131.0,4.25523899013677,4.5,133.87,286.93,0
1012,2013-07-24,30.49999999999992,79.89999999999958,15.36343293800267,5415.0,4.257269345953565,7.72,17.619999999999997,60.91,0
1013,2015-06-22,18.69999999999996,73.69999999999993,24.325216921858534,595.0,1.3492322483332482,39.46,170.3,293.84,0
1014,2013-05-26,29.099999999999923,77.29999999999973,40.73431366751712,229.0,4.240565379086304,0.0,0.0,0.0,0
1015,2015-07-08,13.79999999999998,74.99999999999986,44.8645516720339,586.0,2.0866681981651896,27.69,58.55,117.67,0
1016,2007-08-12,32.89999999999991,77.19999999999973,25.525611529772853,4964.0,10.956192985982012,4.75,10.35,22.56,0
1017,2016-07-16,30.99999999999992,79.09999999999962,23.42119323878935,6018.0,44.2286043209223,14.41,23.67,31.15,0
1018,2007-09-20,26.099999999999937,89.49999999999903,58.10424531558125,34.0,1.3886560245535318,0.05,2.83,25.49,0
1019,2010-10-09,24.599999999999945,94.29999999999876,22.20672233901623,976.0,16.938760794632632,15.73,133.66,166.51,0
1020,2013-07-14,30.099999999999923,77.59999999999971,32.05992318428761,292.0,2.142705838994332,6.17,22.4,84.60000000000001,0
1021,2015-09-14,22.299999999999947,93.09999999999884,24.14842852970991,1566.0,32.90368498765844,2.21,34.02,72.14999999999999,0
1022,2010-06-09,31.79999999999992,76.49999999999977,12.092074118089794,609.0,9.794731163128503,0.45,31.67,49.49,0
1023,2007-08-13,17.699999999999967,79.79999999999959,106.49010752718657,239.0,0.9740372386064436,0.22,9.81,15.36,0
1024,2008-10-12,27.69999999999993,78.99999999999963,112.083325177468,159.0,2.2912899736397,0.0,0.0,0.64,0
1025,2013-07-25,30.099999999999923,79.79999999999959,15.492402475402368,2274.0,43.28983135176311,17.82,32.85,116.12,0
1026,2013-08-17,30.199999999999925,79.29999999999961,10.215824536593438,1049.0,26.388979644116123,18.97,50.58,110.97,0
1027,2015-08-19,25.39999999999994,90.299999999999,14.534867152272248,247.0,8.611886660284798,27.07,53.61,84.81,0
1028,2016-07-28,26.499999999999936,91.99999999999888,27.73682649176424,66.0,4.534697852459396,6.19,24.790000000000003,100.79,0
1029,2009-10-02,14.799999999999976,75.49999999999983,90.6603157493448,573.0,2.78186346598435,16.3,128.77,180.81,0
1030,2015-07-01,26.499999999999936,89.999999999999,86.84907853293132,54.0,0.9279360212320218,4.99,15.39,90.58,0
1031,2013-08-09,24.69999999999994,94.19999999999877,20.50261257914287,1328.0,35.553873546269,0.67,9.44,76.73,0
1032,2013-07-07,31.39999999999992,77.59999999999971,10.61119693590796,911.0,29.561243798997648,30.63,41.94,60.11,0
1033,2015-08-11,24.599999999999945,92.99999999999883,22.007073870130377,139.0,14.263947828321124,5.97,40.38,84.21000000000001,0
1034,2007-09-23,20.19999999999996,82.69999999999942,91.01507940434404,302.0,3.49495322194572,12.11,27.4,38.33,0
1035,2007-07-21,23.299999999999947,88.49999999999909,74.52591189486007,11.0,1.8553855108258317,39.95,120.89,188.85,0
1036,2015-10-02,17.999999999999964,82.59999999999943,52.56151238200876,1137.0,7.75843022309678,5.89,22.79,30.8,0
1037,2012-02-04,32.09999999999992,75.29999999999984,36.44363618773194,253.0,3.768919562687892,4.02,4.069999999999999,4.069999999999999,0
1038,2011-07-06,30.89999999999992,78.99999999999963,19.40773707579616,6192.0,34.85470243302123,20.6,51.71,73.03,0
1039,2016-08-07,33.79999999999991,74.99999999999986,10.329804380804608,1631.0,10.656367082206112,9.99,15.420000000000002,22.28,0
1040,2013-07-23,31.29999999999992,78.49999999999966,32.347786078854995,4122.0,40.99005523528607,0.35,20.31,56.430000000000014,0
1041,2015-08-13,31.79999999999992,76.19999999999979,31.71229858973219,784.0,6.105271993336535,10.76,33.82,50.24999999999999,0
1042,2016-07-26,30.79999999999992,76.19999999999979,60.34024897181296,267.0,0.9279360212320218,2.81,10.29,42.67,0
1043,2010-06-16,24.69999999999994,93.09999999999884,12.13113853228551,115.0,3.5780136536027154,4.25,33.27,87.93,0
1044,2011-07-11,25.69999999999994,94.29999999999876,17.547025382545307,1241.0,25.683313174886944,0.1,1.79,14.8,0
1045,2013-11-24,10.499999999999991,76.49999999999977,21.06434932918184,292.0,21.17800538487376,5.0,13.14,34.17,0
1046,2011-10-15,10.59999999999999,77.49999999999972,16.863675475769632,272.0,0.9279360212320218,5.4,22.22,45.18,0
1047,2012-08-05,31.19999999999992,78.29999999999967,22.83621990011496,4617.0,39.74634073686738,1.22,82.87,103.27,0
1048,2015-03-10,33.39999999999991,77.59999999999971,28.4862797065794,5521.0,29.074682925367892,0.0,8.370000000000001,12.13,0
1049,2013-06-17,28.29999999999993,78.29999999999967,95.97902036265673,179.0,3.291723525489471,34.71,91.39,116.81,0
1050,2016-10-12,26.599999999999937,88.49999999999909,17.282658250894116,97.0,1.3919879016772103,32.99,67.16,117.99,0
1051,2010-09-18,28.699999999999925,78.89999999999964,56.3407212899644,186.0,0.9279360212320218,24.32,53.38,94.6,0
1052,2010-07-31,30.89999999999992,77.6999999999997,19.44117157719288,1758.0,33.86422091745071,69.38,157.7,189.18,0
1053,2009-09-12,9.899999999999991,77.8999999999997,22.29801959067369,153.0,1.8834110200704723,2.86,2.86,3.27,0
1054,2012-08-17,10.299999999999992,76.29999999999978,14.650780093837868,11.0,7.723525416977735,24.01,50.57000000000001,77.63000000000001,0
1055,2008-08-12,13.99999999999998,75.9999999999998,59.14715396237984,695.0,0.956338313097961,13.78,46.52,68.73,0
1056,2011-08-27,33.19999999999991,74.2999999999999,20.99186328595204,802.0,25.62140075853221,17.31,45.69,63.64,0
1057,2015-07-07,26.89999999999993,88.79999999999907,25.28601621397141,193.0,1.0404997890433374,9.06,26.94,83.13,0
1058,2013-08-19,30.89999999999992,78.89999999999964,11.870405214283064,4888.0,32.20127134450985,4.88,27.65,73.77,0
1059,2008-08-07,24.89999999999994,94.29999999999876,10.41561882992115,974.0,21.0136666334983,0.43,9.7,32.0,0
1060,2011-06-20,27.69999999999993,94.89999999999873,35.8767904681326,117.0,0.9279360212320218,3.3,21.88,36.34,0
1061,2008-08-09,15.499999999999972,74.89999999999986,68.60185947678991,766.0,4.629981483311581,26.84,48.73,71.19,0
1062,2015-08-01,24.599999999999945,94.49999999999876,28.412063375451098,369.0,16.293196791034532,3.7,100.7,118.29,0
1063,2012-07-05,28.79999999999993,95.99999999999866,14.970882502700396,2716.0,44.53563999110244,3.2,22.42,48.45,0
1064,2010-08-26,26.799999999999933,89.49999999999903,89.5981502115484,570.0,31.006223173750243,21.59,43.900000000000006,102.45,0
1065,2011-07-29,26.799999999999933,81.59999999999948,124.29105366772026,112.0,0.0,8.42,35.82,37.93,0
1066,2015-04-03,33.899999999999906,77.29999999999973,31.922615465455067,4997.0,45.37328221128173,2.86,11.22,32.31,0
1067,2008-01-06,33.49999999999991,75.29999999999984,11.41136783104554,2070.0,27.61139974874638,3.82,7.220000000000001,7.220000000000001,0
1068,2011-02-13,32.79999999999991,75.9999999999998,11.528117354010814,3154.0,27.71008249172615,16.3,17.630000000000003,33.230000000000004,0
1069,2010-07-19,26.099999999999937,95.09999999999872,22.89551017575789,2302.0,28.36377316661259,13.38,40.0,102.6,0
1070,2010-08-20,31.29999999999992,78.09999999999968,17.837528471889797,4015.0,59.89577625658595,3.73,35.15,46.16,0
1072,2007-09-18,26.299999999999933,89.29999999999905,87.96869867380785,51.0,4.235672986678226,2.81,7.58,55.53000000000001,0
1073,2010-07-25,31.499999999999915,76.99999999999974,10.94689679999599,1731.0,19.83803263585153,2.92,6.73,137.35,0
1074,2010-08-22,30.99999999999992,79.4999999999996,11.396427770438669,5755.0,12.7758330299871,6.9,28.9,62.26,0
1075,2010-08-06,23.199999999999942,92.99999999999883,17.731643324593023,813.0,16.610769197453017,0.07,8.790000000000001,17.300000000000004,0
1076,2012-11-11,22.599999999999948,92.99999999999883,12.769395639718372,769.0,21.957072262334343,0.0,0.0,12.73,0
1077,2016-07-03,19.49999999999996,73.89999999999992,22.00578925840789,782.0,22.376413604605453,62.72,167.31,253.55,0
1078,2011-02-24,32.39999999999991,75.79999999999981,20.09588081372821,692.0,4.761208619886141,0.32,1.05,2.03,0
1079,2010-04-20,34.399999999999906,77.49999999999972,19.04462575191502,5406.0,48.979241057806895,4.26,9.32,9.57,0
1080,2015-06-25,34.49999999999991,75.69999999999982,13.62064735891913,4237.0,30.47110812161494,35.06,81.64000000000001,82.07000000000001,0
1081,2013-06-15,31.89999999999992,78.09999999999968,31.80749022327379,4567.0,28.964894639021505,18.18,48.63,64.09,0
1082,2010-09-03,31.999999999999915,78.49999999999966,17.018969360081318,4377.0,28.66372929165834,8.65,24.58,37.09,0
1083,2013-08-04,27.99999999999993,94.89999999999873,23.72247410488383,707.0,59.06689899012227,3.18,3.27,40.57999999999999,0
1084,2010-09-17,31.09999999999992,78.99999999999963,15.31000709905456,4048.0,23.346434195288957,21.5,56.24,108.89,0
1085,2016-08-07,32.499999999999915,75.49999999999983,10.874427966868732,654.0,12.581814777652664,30.08,55.04,150.92000000000002,0
1086,2016-07-21,27.09999999999993,88.79999999999907,14.36197750263783,1675.0,16.499254656391557,27.8,83.7,204.18,0
1087,2011-08-07,33.79999999999991,74.59999999999988,13.903250323007216,2937.0,28.48828896338404,4.62,12.46,20.07,0
1088,2009-05-26,27.99999999999993,88.59999999999908,18.471041402957727,4859.0,29.715099250126716,71.97,99.19,99.25,0
1089,2007-10-25,11.399999999999988,78.59999999999965,60.367268689000014,551.0,14.849728000138988,13.82,79.13999999999999,128.39,0
1090,2012-03-04,28.09999999999993,81.2999999999995,128.3888321200477,151.0,4.200982898467882,0.0,0.0,0.0,0
1091,2010-08-14,27.299999999999933,95.49999999999868,32.90075819757157,174.0,3.264032534498416,20.1,110.72,123.94,0
1092,2010-07-30,15.899999999999972,73.59999999999994,23.73862558698888,9.0,3.8297200944611607,43.92,159.39,407.11000000000007,0
1093,2010-07-31,19.79999999999996,73.39999999999995,17.366625836645294,344.0,16.11439528962378,60.34,88.29,265.54999999999995,0
1094,2015-06-17,26.499999999999936,88.49999999999909,27.382718295325592,90.0,2.2709051588943243,11.53,29.67,100.12,0
1095,2009-09-09,30.599999999999923,76.0999999999998,76.98644899442958,255.0,7.076537712492509,11.39,11.93,21.5,0
1096,2011-08-16,25.19999999999994,91.19999999999894,33.17450205256439,13.0,4.741233271626775,106.97,142.19,245.4,0
1097,2015-04-22,13.79999999999998,74.99999999999986,44.8645516720339,586.0,2.0866681981651896,4.36,6.75,6.8500000000000005,0
1098,2010-09-20,29.49999999999992,78.09999999999968,46.35247973639931,234.0,2.139508095141959,11.21,121.5,201.36,0
1099,2015-08-15,30.099999999999923,79.5999999999996,31.57736607978677,1700.0,40.11830491288227,12.82,20.84,45.4,0
1100,2011-08-07,30.79999999999992,76.69999999999976,16.96586808923609,336.0,1.0802683536467106,2.97,29.17,47.84,0
1101,2010-07-20,28.899999999999928,79.09999999999962,29.095790016784203,195.0,2.8154441507688475,66.49,152.83999999999995,175.27999999999997,0
1102,2012-07-22,10.99999999999999,77.8999999999997,33.58196682861372,160.0,2.647620711285447,0.01,0.16,3.11,0
1103,2015-03-28,33.899999999999906,75.49999999999983,23.084468681233435,2829.0,33.48153613896651,13.7,13.7,20.47,0
1104,2007-09-11,25.29999999999994,90.299999999999,24.55645580597076,230.0,8.490611996518268,16.08,31.37,210.3,0
1105,2007-10-26,10.69999999999999,77.7999999999997,36.83284639592872,247.0,0.9443527786854105,12.48,33.28,99.51,0
1106,2014-06-28,26.19999999999994,91.19999999999894,15.638339341981473,31.0,7.701880222505727,12.64,35.42,114.51,0
1107,2015-04-03,34.299999999999905,74.09999999999991,16.68339947002621,2866.0,38.19421370977621,24.38,74.62,160.20000000000002,0
1108,2013-06-24,31.79999999999992,78.39999999999966,17.557451615990143,3522.0,37.53296716469976,13.83,23.72,26.200000000000003,0
1109,2013-07-07,31.89999999999992,77.6999999999997,23.26552132574051,4735.0,51.84672316418472,18.97,30.01,43.13,0
1110,2010-07-07,30.099999999999923,79.69999999999959,23.795903961070177,2386.0,58.478521451591504,3.36,56.31,107.44,0
1111,2015-07-01,26.69999999999993,88.79999999999907,29.81054998169568,108.0,2.783687548908092,17.23,51.08,114.21,0
1112,2007-09-05,26.299999999999933,89.69999999999902,67.21139853341742,36.0,4.242613893222695,47.81,72.55000000000001,105.61,0
1113,2010-05-25,34.19999999999991,75.69999999999982,19.283100732478264,4921.0,18.162454108310357,0.0,6.46,10.05,0
1114,2015-08-05,14.699999999999976,75.69999999999982,83.7679638654409,540.0,2.0884172017918083,6.68,13.17,23.28,0
1115,2010-08-18,30.39999999999992,79.79999999999959,12.519189878037167,5097.0,25.008244293564275,22.23,25.84,43.3,0
1116,2015-08-01,25.29999999999994,94.59999999999874,11.84948238793327,2211.0,29.695736035833377,6.56,85.46,99.61,0
1117,2013-08-07,9.999999999999991,77.7999999999997,25.88179257129269,215.0,2.936632303217729,1.42,14.19,34.52,0
1118,2010-09-19,31.09999999999992,76.69999999999976,23.53234135626604,396.0,4.290553810071151,35.98,56.2,82.43,0
1119,2009-10-01,17.599999999999966,73.89999999999992,45.48602352545683,1002.0,9.486685889144889,19.89,98.05,103.59,0
1120,2014-08-16,33.29999999999991,74.2999999999999,10.310549724421053,863.0,19.477053229070037,48.27,57.1,59.97,0
1121,2013-06-11,30.099999999999923,76.39999999999978,72.6320097644479,246.0,1.4180984743189955,5.7,5.83,6.86,0
1122,2015-07-01,26.19999999999994,88.19999999999911,62.74603843968141,60.0,3.2352064417753827,14.36,28.84,84.17,0
1123,2009-08-20,26.39999999999993,88.2999999999991,38.515396556725925,76.0,2.77965122679813,61.43,171.55,269.15,0
1124,2010-09-13,22.89999999999995,92.39999999999888,49.60025658556592,136.0,5.108277405239123,8.74,18.950000000000003,36.32,0
1125,2007-09-13,26.799999999999933,90.099999999999,119.44546316608118,746.0,33.16303013803268,15.54,27.34,109.15,0
1126,2010-07-04,27.19999999999993,88.79999999999907,15.507174878648774,2503.0,48.84136500908637,22.78,52.52,117.6,0
1127,2007-09-09,27.299999999999933,88.3999999999991,11.536580617586438,1955.0,30.25822671076241,4.38,28.03,84.75999999999999,0
1128,2012-05-30,27.299999999999933,75.69999999999982,48.39023068655842,485.0,2.2843494411234624,0.0,0.0,0.0,0
1129,2011-06-29,31.09999999999992,78.99999999999963,15.31000709905456,4048.0,23.346434195288957,13.13,22.12,92.85,0
1130,2014-10-05,25.69999999999994,91.49999999999892,30.536445445180647,1134.0,16.906321605900473,0.0,0.01,0.23,0
1131,2010-08-16,30.79999999999992,79.5999999999996,10.860451805473822,5065.0,9.005592365204466,3.05,6.74,29.12,0
1132,2013-07-07,31.29999999999992,76.99999999999974,20.75046186585496,683.0,44.74073524256179,21.83,35.69,48.29,0
1133,2015-08-18,33.69999999999991,76.29999999999978,23.960313875950423,5699.0,42.80673375074191,1.86,9.77,15.650000000000002,0
1134,2011-08-25,26.89999999999993,88.59999999999908,12.447255265044848,199.0,3.4717273910601247,10.7,78.34,116.28,0
1135,2012-06-14,26.69999999999993,88.2999999999991,11.108125823275492,150.0,2.2742123746268543,0.46,1.81,4.97,0
1136,2015-07-24,30.099999999999923,79.79999999999959,15.492402475402368,2274.0,43.28983135176311,18.63,26.49,32.52,0
1137,2010-09-19,31.39999999999992,77.19999999999973,18.005908908219403,1594.0,21.242444005519644,51.49,87.75,124.75,0
1138,2007-09-09,25.099999999999937,94.19999999999877,14.820186359038155,1142.0,19.559682689272872,5.57,28.61,88.07000000000002,0
1139,2011-11-03,11.599999999999987,76.99999999999974,31.840062224453867,854.0,5.665662304734231,11.86,32.83,58.1,0
1140,2011-06-07,31.09999999999992,78.29999999999967,14.041876256387754,2467.0,23.346434195288957,1.48,15.07,32.52,0
1141,2015-07-28,31.69999999999992,78.59999999999965,16.734324628541703,3756.0,29.06584863357883,0.95,11.009999999999998,19.97,0
1142,2015-03-02,32.89999999999991,74.39999999999989,17.29614762434409,332.0,2.78186346598435,30.63,51.02,71.41,0
1143,2016-06-26,19.99999999999996,85.09999999999928,88.45996201870108,103.0,0.9874774513501962,13.85,15.99,23.34,0
1144,2007-07-27,25.89999999999993,90.79999999999896,24.328051952406167,214.0,26.78312290225104,34.43,93.24,143.44,0
1145,2015-07-10,34.299999999999905,74.79999999999987,22.044042188172416,2021.0,24.41512047626103,14.22,22.59,38.65,0
1146,2015-08-01,24.499999999999943,94.29999999999876,13.705308504745052,500.0,18.83398742161878,3.7,100.7,118.29,0
1147,2007-08-26,25.19999999999994,92.89999999999884,10.130359897563194,711.0,7.20097919921648,13.44,17.799999999999997,42.61000000000001,0
1148,2010-07-07,33.59999999999991,77.09999999999974,38.81905222907408,4549.0,19.316264704981243,0.09,1.1900000000000002,1.96,0
1149,2010-08-19,19.49999999999996,73.49999999999994,18.92779881452533,236.0,4.73258290298148,12.21,75.55000000000001,107.96,0
1150,2016-07-07,11.799999999999986,78.49999999999966,29.9199099209394,489.0,33.84009910380617,1.34,2.16,2.43,0
1151,2012-06-03,24.69999999999994,92.99999999999883,10.889164073033328,38.0,5.910004368452522,21.4,63.13,101.4,0
1152,2014-09-09,30.89999999999992,77.7999999999997,22.998958198644576,1555.0,53.70787415680822,0.14,1.59,107.51999999999998,0
1153,2015-03-28,33.09999999999991,74.39999999999989,10.884919899498763,542.0,6.457012205792348,6.24,6.24,9.93,0
1154,2013-07-29,33.899999999999906,75.29999999999984,15.67793032145829,2358.0,34.76664585902739,0.03,0.03,20.72,0
1155,2015-06-29,26.39999999999993,88.99999999999906,65.5378420684755,63.0,3.2403233911170104,10.04,45.71,114.33,0
1156,2013-08-07,11.299999999999988,76.0999999999998,13.51278017055271,496.0,16.794451837801297,9.62,61.33,170.83,0
1157,2012-06-03,24.199999999999942,93.7999999999988,27.74514825115786,814.0,15.666379672802162,9.7,32.61,61.34,0
1158,2008-05-01,33.79999999999991,75.49999999999983,31.68700428085339,4162.0,15.390110042494245,0.0,0.0,0.14,0
1159,2011-09-04,16.999999999999968,73.89999999999992,33.80157048319795,699.0,12.53952719301456,18.26,146.36,284.48,0
1160,2015-10-31,10.79999999999999,76.99999999999974,52.2743695807165,338.0,2.9796274045313824,7.04,10.47,22.92,0
1161,2012-04-24,33.39999999999991,75.49999999999983,24.974311067201903,3667.0,43.379260469897744,0.02,2.95,14.12,0
1162,2008-06-06,15.899999999999972,73.59999999999994,23.73862558698888,9.0,3.8297200944611607,35.49,58.510000000000005,77.22999999999999,0
1163,2014-09-11,33.79999999999991,75.39999999999984,27.84260089227061,3017.0,36.12046495190489,0.36,0.48,38.58,0
1164,2015-08-01,25.39999999999994,94.49999999999876,10.151619864527124,1707.0,16.72718984637046,6.56,85.46,99.61,0
1165,2013-08-05,9.199999999999996,76.99999999999974,25.81415012381201,449.0,13.060744781145305,31.7,94.81,112.22,0
1166,2013-11-13,18.29999999999996,73.19999999999996,24.06927515993388,66.0,12.118774928869842,0.0,0.01,0.01,0
1167,2010-11-16,10.099999999999993,77.7999999999997,23.466276819600427,212.0,3.358455432338658,22.11,25.69,64.80000000000001,0
1168,2010-07-29,25.19999999999994,94.09999999999876,11.46489731635834,1073.0,29.771785921000877,16.97,36.01,57.34,0
1169,2015-06-13,27.99999999999993,88.69999999999908,22.861920887161503,5389.0,29.089237273498934,3.3,16.71,21.32,0
1170,2015-07-19,15.899999999999972,75.19999999999985,107.10024106265992,599.0,4.748146082881559,4.21,7.6,11.08,0
1171,2011-08-18,25.599999999999937,94.29999999999876,11.428476757810197,2203.0,25.718402120372115,1.76,23.2,61.02,0
1172,2016-06-15,9.399999999999997,76.49999999999977,22.331643308981096,5.0,0.9405635329609184,4.21,23.68,109.75,0
1173,2015-07-28,24.79999999999994,73.99999999999991,73.52785208058144,506.0,7.17820056681424,45.14,98.18,125.31,0
1174,2015-07-24,28.19999999999993,80.09999999999957,68.31775928431593,166.0,2.132950279089796,9.78,14.32,21.72,0
1175,2013-05-12,24.099999999999945,92.29999999999887,38.35425198287135,112.0,24.77887708900005,14.34,96.98,260.91,0
1176,2009-08-16,26.39999999999993,89.59999999999903,81.06042580336087,43.0,2.071230768995057,116.05,139.57999999999998,184.68,0
1177,2015-08-28,22.999999999999947,92.59999999999886,39.98571120224812,118.0,18.66659276297948,17.64,24.4,44.65,0
1178,2011-07-22,24.39999999999994,92.29999999999887,20.910717630674167,34.0,2.75442841103602,6.62,37.69,117.8,0
1179,2013-10-06,26.299999999999933,90.79999999999896,45.00431314577316,39.0,3.2377581080223825,41.52,106.34,152.67000000000002,0
1180,2010-08-30,18.09999999999997,73.49999999999994,16.651962603160307,14.0,9.39817372634861,34.98,127.26,190.41,0
1181,2015-03-15,33.49999999999991,74.49999999999989,12.665734315131385,3529.0,18.94556701290291,37.1,38.07,39.25,0
1182,2011-03-19,33.899999999999906,75.69999999999982,34.494580877825555,3840.0,18.06424596253553,31.02,32.91,32.91,0
1183,2010-06-15,27.59999999999993,94.69999999999874,53.98315183794362,115.0,1.8553855108258317,23.06,54.900000000000006,120.38,0
1184,2013-08-04,10.99999999999999,77.09999999999974,30.98603340566858,383.0,0.9279360212320218,17.23,29.08,44.97,0
1185,2015-08-01,25.19999999999994,94.19999999999877,18.754647060039304,925.0,7.656402427741766,4.9,104.34,121.77,0
1186,2013-07-23,10.69999999999999,77.7999999999997,36.83284639592872,247.0,0.9443527786854105,0.76,3.51,14.38,0
1187,2010-10-09,24.29999999999994,92.49999999999886,18.22290035692048,97.0,16.258307684159355,36.07,193.02,216.62,0
1188,2007-10-19,25.499999999999936,94.69999999999874,12.795183350770923,1652.0,31.622511420038585,2.52,3.09,33.26,0
1189,2015-07-21,33.19999999999991,77.6999999999997,20.86849139940192,4524.0,8.98998073942689,3.09,6.74,24.95,0
1190,2011-07-29,30.099999999999923,78.89999999999964,12.061109647087449,1341.0,30.168180464271902,9.03,90.09,127.21,0
1191,2010-07-11,32.999999999999915,76.29999999999978,46.03445237048938,3928.0,35.68891715138883,7.14,15.829999999999998,19.82,0
1192,2007-10-16,24.79999999999994,94.49999999999876,10.81227246173914,983.0,23.868974281252623,12.39,37.05,41.77,0
1193,2010-09-19,30.29999999999992,79.69999999999959,14.018334062745408,3419.0,30.91911614989316,24.51,67.3,95.69,0
1194,2016-07-16,27.39999999999993,93.19999999999882,16.55495877310127,2572.0,21.105261172451133,23.26,87.57000000000001,154.64,0
1195,2010-10-03,28.699999999999925,94.39999999999876,57.73140152769469,2317.0,47.71207719948629,1.04,10.009999999999998,32.72,0
1196,2009-06-29,19.39999999999996,73.49999999999994,29.4037509231769,84.0,0.9837825170715392,4.62,17.04,42.39,0
1197,2014-09-08,25.69999999999994,94.79999999999872,17.981342022560636,1854.0,52.02891334523353,3.09,11.22,13.18,0
1198,2013-09-08,27.899999999999928,88.69999999999908,15.72029733618049,4985.0,35.671342323322,1.06,6.460000000000001,21.94,0
1199,2013-02-22,33.79999999999991,74.59999999999988,13.903250323007216,2937.0,28.48828896338404,27.89,34.120000000000005,35.36,0
1200,2007-06-15,26.69999999999993,88.59999999999908,14.230543544520296,106.0,0.9279360212320218,15.71,23.29,138.10000000000002,0
1201,2010-06-08,19.79999999999996,73.99999999999991,31.23839516383176,689.0,2.100892036227492,5.96,13.2,30.47,0
1202,2007-06-25,18.99999999999996,73.89999999999992,28.706957817705725,696.0,0.9813941543112942,16.66,197.55,291.19000000000005,0
1203,2010-02-10,34.6999999999999,74.39999999999989,22.668448888081933,2649.0,22.29389701488921,0.39,67.82,107.46,0
1204,2010-04-20,34.6999999999999,77.59999999999971,15.255967751598805,4023.0,37.42057457769164,4.26,9.32,9.57,0
1205,2007-08-07,15.399999999999974,75.69999999999982,132.46913783602406,683.0,2.6722130122177,7.62,23.98,54.07,0
1206,2010-06-15,25.89999999999993,93.3999999999988,43.14536440354508,196.0,7.546229063036312,18.41,37.36,97.27,0
1207,2014-08-04,30.99999999999992,76.19999999999979,59.69880394977245,251.0,1.8553855108258317,4.53,16.12,41.28,0
1208,2013-07-08,33.59999999999991,75.79999999999981,24.545409604883407,2949.0,46.00594944378263,14.03,26.89,34.370000000000005,0
1209,2013-07-10,18.59999999999996,73.99999999999991,56.48546065585922,597.0,1.348813661238698,12.58,25.97,44.25,0
1210,2010-07-06,27.99999999999993,94.99999999999872,20.893190280743053,767.0,15.602965934745434,20.54,33.08,66.15,0
1211,2015-08-01,25.499999999999936,94.79999999999872,21.47666075921201,2562.0,19.16886195900636,0.53,72.81,88.15,0
1212,2016-08-05,29.099999999999923,80.19999999999956,27.354369214578643,715.0,28.76623451500503,5.69,7.83,66.65,0
1213,2011-07-08,30.79999999999992,77.8999999999997,11.553874442483222,2081.0,44.96324141446525,1.84,27.86,57.11,0
1214,2015-02-14,26.799999999999933,90.49999999999898,90.86690870210072,159.0,0.9279360212320218,0.1,2.52,2.52,0
1215,2010-04-21,24.199999999999942,92.29999999999887,35.32678391148306,83.0,2.115644786896812,8.95,26.95,92.78,0
1216,2015-02-19,24.199999999999942,93.5999999999988,44.43456016296268,1213.0,7.144939615855585,0.06,2.39,2.42,0
1217,2014-09-21,25.599999999999937,90.79999999999896,32.7129725211538,418.0,18.376258776423803,58.74,149.12,181.87,0
1218,2014-09-24,25.79999999999994,90.99999999999896,22.05450882640952,574.0,13.382011058655502,5.36,227.44000000000003,330.6,0
1219,2010-09-12,25.79999999999994,94.89999999999873,13.95647048763905,1659.0,8.235075555872518,5.78,16.47,85.09,0
1220,2014-03-20,33.09999999999991,75.9999999999998,19.551854180430546,2360.0,35.26851652233437,0.0,4.2,21.1,0
1221,2016-05-18,25.499999999999936,92.39999999999888,19.30462444969827,1275.0,16.838342124234874,65.6,209.94,270.99,0
1222,2015-03-21,33.39999999999991,74.39999999999989,11.603107581945553,1431.0,15.833998491382577,0.0,0.0,55.85,0
1223,2016-10-12,27.899999999999928,88.19999999999911,35.65610266727679,5482.0,13.1899789340055,7.02,17.69,27.45,0
1224,2013-07-29,33.49999999999991,75.49999999999983,28.44722227450891,3245.0,28.070121948343928,0.87,0.87,20.39,0
1225,2009-09-18,26.499999999999936,88.89999999999907,50.66115635891293,77.0,2.0730284066732945,3.21,22.99,23.02,0
1226,2011-06-07,31.999999999999915,78.19999999999968,27.172568320319847,5015.0,24.679803469545966,2.09,7.390000000000001,18.29,0
1227,2008-09-19,30.199999999999925,76.99999999999974,24.03891712919912,271.0,1.4189209432710364,100.14,152.82,158.06,0
1228,2015-08-27,23.999999999999943,93.5999999999988,38.75537981996307,1416.0,13.111127069158682,6.81,13.15,42.18000000000001,0
1229,2015-07-22,24.69999999999994,94.09999999999876,13.081736758895952,842.0,14.870465426687918,10.84,38.36,128.61,0
1230,2013-05-08,25.39999999999994,90.39999999999898,21.58945383958808,492.0,6.548191250775711,33.54,77.89,164.34,0
1231,2010-07-22,19.79999999999996,72.99999999999997,21.783111983572784,38.0,5.005423645157531,75.84,132.31,189.13,0
1232,2011-06-17,26.799999999999933,89.09999999999906,54.428734880144845,187.0,4.151500157150817,9.35,20.12,38.0,0
1233,2010-09-20,31.999999999999915,76.49999999999977,24.38099708751695,766.0,16.01051393671611,1.86,7.370000000000001,10.84,0
1234,2013-07-31,29.399999999999928,79.89999999999958,20.886159455333985,1456.0,24.97370402976945,11.21,24.72,78.91,0
1235,2016-07-20,26.599999999999937,91.09999999999894,33.20243107854843,55.0,2.2725543213430552,14.45,45.81,141.76,0
1236,2015-12-19,17.499999999999964,82.89999999999941,37.95560479132212,8.0,3.8862414213895233,0.78,1.32,1.7200000000000002,0
1237,2007-09-01,16.099999999999973,73.59999999999994,12.497405188559243,29.0,1.931069681332848,50.13,143.43,264.25,0
1238,2011-06-29,32.39999999999991,76.0999999999998,17.414824446602463,2198.0,31.114953036097564,6.88,35.59,54.4,0
1239,2012-08-14,30.599999999999923,79.19999999999962,13.177380360618953,2324.0,35.45838743375222,14.17,29.54,68.44,0
1240,2010-10-09,24.099999999999945,93.3999999999988,36.1548686341135,792.0,26.612107126769075,19.67,151.56,180.83,0
1241,2016-07-02,30.89999999999992,77.8999999999997,18.196520277071645,2037.0,37.388319218334296,17.16,33.27,53.19,0
1242,2014-09-22,26.69999999999993,91.19999999999894,41.077600768238085,53.0,3.469541364276995,163.71,240.34,273.62,0
1243,2010-08-17,27.99999999999993,94.99999999999872,20.893190280743053,767.0,15.602965934745434,4.25,42.21,151.93,0
1244,2011-07-17,15.899999999999972,73.59999999999994,23.73862558698888,9.0,3.8297200944611607,57.65,157.6,296.51,0
1245,2008-06-30,27.49999999999993,88.19999999999911,18.0108988943266,4274.0,39.13967410719235,4.98,18.49,28.97,0
1246,2015-07-19,31.999999999999915,78.49999999999966,17.018969360081318,4377.0,28.66372929165834,0.25,5.0,18.48,0
1247,2012-02-19,33.79999999999991,75.69999999999982,33.76758301760835,3909.0,34.53191624477548,0.2,0.75,22.01,0
1248,2013-06-16,30.79999999999992,77.99999999999969,14.601397537045166,1940.0,36.86570677129888,121.65,229.57,299.88,0
1249,2008-01-07,32.79999999999991,75.8999999999998,12.032933562048214,2388.0,51.39088748445843,0.11,4.15,4.32,0
1250,2014-09-22,27.69999999999993,91.8999999999989,14.013153038022532,4064.0,19.82597990587524,52.74,100.87,132.97,0
1251,2016-07-19,28.399999999999928,94.09999999999876,59.921376060708695,2175.0,41.55027160658149,10.9,55.48,141.73000000000002,0
1252,2011-08-06,8.999999999999996,77.6999999999997,92.86770095094566,108.0,0.9395007999809286,6.92,9.25,13.48,0
1253,2011-06-17,16.29999999999997,73.49999999999994,31.49842181560698,52.0,9.394403640246557,65.22,143.43,175.24,0
1254,2007-08-09,13.69999999999998,75.49999999999983,32.22127584553453,674.0,3.815124531091955,32.86,79.37,287.92,0
1255,2010-08-19,26.69999999999993,89.09999999999906,58.28121237850365,104.0,3.469541364276995,12.82,146.01,185.49,0
1256,2016-06-29,30.199999999999925,79.39999999999961,11.785433604603316,2136.0,32.35609661746765,0.3,0.98,3.6,0
1257,2008-08-15,32.59999999999992,74.89999999999986,15.329741339446336,297.0,3.428430572044911,16.88,62.89999999999999,132.6,0
1258,2007-08-14,27.19999999999993,72.79999999999998,135.41763442162832,267.0,2.9704866345622483,0.0,0.0,0.52,0
1259,2013-11-17,13.099999999999982,79.5999999999996,67.43362338756219,94.0,1.3298246343690574,14.84,46.11,46.11,0
1260,2009-05-26,26.89999999999993,89.29999999999905,67.16556981972987,871.0,35.98862354122468,164.91,204.1,205.4,0
1261,2013-06-11,30.39999999999992,77.7999999999997,23.244710163093817,468.0,1.8553855108258317,25.9,38.31,42.97,0
1262,2015-07-24,31.89999999999992,78.09999999999968,31.80749022327379,4567.0,28.964894639021505,1.19,7.17,25.68,0
1263,2011-06-02,10.99999999999999,76.99999999999974,33.694872771566544,404.0,2.647620711285447,23.23,65.77,110.24,0
1264,2007-07-19,26.69999999999993,91.8999999999989,29.029696393102626,90.0,0.0,36.01,56.06,99.1,0
