srtm_elevation_m,srtm_slope_deg,rainfall_24h_mm,rainfall_3day_mm,rainfall_7day_mm,label
438.0,21.055864654289834,68.41,201.62,276.0,1
831.0,1.3792096155525964,1.9,6.65,63.63,0
3656.0,18.635071071562965,26.44,39.23,67.05,1
3597.0,3.4093232763232195,0.85,26.76,42.07,1
60.0,0.9279360212320218,19.5,29.72,66.66,0
691.0,15.52239143788513,2.22,2.7,4.96,1
518.0,15.90253899199594,32.2,41.57000000000001,112.29,0
4921.0,18.16245410831036,0.0,6.46,10.05,0
344.0,16.11439528962378,60.34,88.29,265.54999999999995,0
362.0,26.603613591712616,19.84,67.37,124.36,1
4595.0,32.61676421080414,2.96,2.97,15.849999999999998,0
251.0,5.086931726787173,0.0,0.0,0.0,0
2324.0,35.45838743375222,1.06,2.35,2.76,0
70.0,2.074835486339849,28.1,54.46,126.49,0
1781.0,47.78265683366361,2.03,33.92,37.3,0
2023.0,5.541356985555456,8.69,18.26,60.98,1
2061.0,51.13570638267471,4.46,8.68,14.510000000000002,1
80.0,3.094528602970568,14.03,17.45,51.71,0
562.0,0.0,33.28,46.5,60.54,0
969.0,22.717560039379222,11.41,19.1,46.34,1
2829.0,33.48153613896651,1.58,2.37,4.4,0
2223.0,17.59414937980461,0.39,2.76,7.5,0
315.0,11.56504348955916,15.22,43.75,59.02,1
1240.0,6.945165977852489,0.0,6.720000000000001,29.01,0
29.0,1.931069681332848,50.13,143.43,264.25,0
592.0,2.662795768463507,12.91,42.63,97.02,0
4902.0,23.616829842981723,9.6,10.33,17.79,0
516.0,1.852254273911334,5.14,10.92,31.46,1
22.0,3.820037031602483,6.88,13.71,14.96,1
772.0,16.192818291654365,8.91,9.84,56.2,1
2280.0,25.95984415887085,8.65,130.37,227.29,1
915.0,32.14047651591544,0.0,16.83,27.92,1
77.0,2.0730284066732945,75.47,96.09,134.93,0
1629.0,33.58757394207549,21.73,26.54,84.49000000000001,1
47.0,4.806912083386269,0.0,0.07,8.69,1
949.0,36.44619065843627,11.86,53.09,65.68,1
765.0,3.788974062717371,1.84,21.62,27.790000000000003,1
854.0,5.665662304734231,11.86,32.83,58.1,0
1469.0,27.37773118563808,3.05,19.37,49.59,1
38.0,11.871456679785297,35.69,73.43,192.26,0
140.0,7.454115746843003,69.17,82.73,104.82,0
689.0,28.20544447745285,23.54,27.44,31.17,0
283.0,3.541259322307272,19.62,34.44,38.61,0
4567.0,28.964894639021505,18.18,48.63,64.09,0
6018.0,44.2286043209223,14.41,23.67,31.15,0
48.0,0.9279360212320218,22.09,75.4,106.16,0
31.0,2.093966488382004,3.47,63.05,102.88,0
714.0,17.944030962640117,1.23,1.38,5.76,1
272.0,0.0,1.69,5.47,15.8,1
4609.0,23.717108229405508,17.6,35.61,61.38,0
1721.0,32.036867678851394,9.1,18.79,35.94,1
1880.0,16.62353858181991,11.7,44.92,108.09,1
1665.0,2.7771727466475022,19.15,33.55,40.58,1
1.0,0.0,11.19,63.82,369.24,0
1624.0,10.14435316463087,4.8,44.85,89.02,0
3634.0,19.60937106827232,0.26,1.65,17.970000000000002,1
1940.0,36.86570677129888,121.65,229.57,299.88,0
462.0,17.05316578885703,12.35,93.39,115.49,1
614.0,48.99498819683531,14.2,33.71,54.64,1
4125.0,32.08742819767972,29.35,64.94,93.64,1
3961.0,41.18657624288336,1.03,3.17,8.33,0
54.0,4.170201739982462,5.1,17.97,68.63,1
2070.0,3.843242343997,99.34,122.1,123.02,1
516.0,2.132886133975654,16.3,128.77,180.81,0
259.0,1.1039010182751994,0.26,8.22,39.32999999999999,0
3048.0,43.30146987216884,30.5,65.25,91.89,1
1172.0,4.792573942710484,38.12,50.58,50.91,1
778.0,33.72093083946527,9.52,47.05,81.86999999999999,1
792.0,26.612107126769075,5.24,8.83,40.370000000000005,0
68.0,26.339834805368906,80.23,186.85,316.27,1
4988.0,19.68599438852267,0.98,0.98,1.42,0
1616.0,20.91052344416806,8.92,33.58,105.54,1
56.0,3.700645055238003,25.06,40.56,86.2,1
246.0,1.074719831270563,1.28,3.37,76.58,0
465.0,1.416250048925187,5.37,70.18,162.89,1
3102.0,48.40740274375446,9.73,10.65,18.52,0
3409.0,38.08056244439591,0.0,0.0,0.0,0
59.0,3.097164657034936,14.88,39.84,103.74,0
54.0,2.125092589258966,16.42,92.68,150.55,0
252.0,23.119881010719286,9.06,26.94,83.13,1
97.0,1.3919879016772103,32.99,67.16,117.99,0
199.0,3.4717273910601247,16.27,44.53,179.88,0
95.0,2.2596069882281813,5.06,34.13,69.33,0
235.0,13.777425286985055,62.76,151.09,174.79,1
17.0,1.3198413331627996,0.69,3.67,4.42,0
1704.0,30.86093898912052,5.78,14.93,47.43,1
107.0,8.517835654237123,62.76,151.09,174.79,1
827.0,8.346173123530923,25.53,36.34,51.46,0
94.0,1.3298246343690574,14.84,46.11,46.11,0
1103.0,29.78881688552435,1.56,6.49,43.75000000000001,0
4979.0,20.64771529070913,17.68,62.83,109.91,0
4558.0,32.89198562631425,2.88,6.029999999999999,30.4,0
108.0,2.783687548908092,17.23,51.08,114.21,0
131.0,17.83550082323129,31.68,55.28,62.83,1
652.0,6.90554449816956,69.29,204.82,324.44,0
89.0,17.429220646877386,54.42,121.7,190.57,1
89.0,2.2509988259497087,8.42,36.03,73.39,1
1846.0,26.62055403885808,8.04,21.14,56.22,0
1704.0,16.072160878428527,18.3,31.65,48.82,1
229.0,4.240565379086304,0.0,0.0,0.0,0
83.0,10.286118871948458,126.76,191.59,231.7,1
116.0,2.1305573860290434,20.68,61.23,127.15,0
4508.0,40.04236321391731,16.78,25.44,26.85,0
4294.0,10.988236381541263,3.08,8.81,16.060000000000002,1
906.0,5.467414961578641,57.83,88.25,155.86,1
849.0,34.43147599934835,0.0,0.0,0.29,1
120.0,1.0470662401014994,11.38,30.1,69.28999999999999,0
1073.0,29.77178592100088,9.47,13.420000000000002,26.85,0
63.0,6.774041654801501,126.76,191.59,231.7,1
3133.0,53.19816870906616,4.24,5.78,5.79,1
67.0,3.1846773796408008,29.88,201.15,235.64,0
939.0,31.47977191414952,0.36,25.39,201.05,1
251.0,1.855385510825832,4.53,16.12,41.28,0
1023.0,15.739908627193008,0.0,3.48,3.62,1
652.0,7.370669485322712,20.33,86.83,149.99,1
253.0,3.768919562687892,4.02,4.069999999999999,4.069999999999999,0
5405.0,46.46578905738842,6.7,11.07,19.97,0
155.0,3.700645055238003,18.37,38.08,104.67000000000002,1
842.0,14.870465426687918,10.84,38.36,128.61,0
1392.0,23.59944453879583,2.25,38.07,68.44,0
251.0,7.629551236796638,43.86,118.85,119.7,0
1864.0,37.96614139999003,0.0,1.47,1.71,1
911.0,29.561243798997648,30.63,41.94,60.11,0
31.0,7.701880222505727,12.64,35.42,114.51,0
1194.0,26.547637653849502,11.21,15.61,37.32,0
1032.0,9.491804969269264,0.57,4.21,19.48,1
383.0,0.9279360212320218,17.23,29.08,44.97,0
356.0,8.421078548876993,66.02,138.38,171.2,0
162.0,2.9688730583319134,42.73,61.92999999999999,96.57,0
29.0,6.848278705535517,0.78,4.07,4.8500000000000005,1
3234.0,28.1715694870577,10.43,22.36,59.61,0
735.0,16.979202935930157,13.98,24.3,62.010000000000005,0
33.0,8.502598277572446,31.02,74.65,111.39,1
813.0,31.709175409289443,5.02,60.11999999999999,93.61,1
3482.0,3.700645055238003,5.71,10.72,23.81,1
249.0,3.3299365793605253,20.88,53.52,78.74,0
4038.0,14.259553236615396,7.21,9.31,17.45,1
1692.0,35.37507822488846,40.59,51.03,121.26,1
3340.0,23.370374339199465,5.76,10.85,14.62,0
70.0,2.7823345378056263,0.59,31.02,50.64000000000001,0
3433.0,32.0694204020097,1.11,3.82,40.96,1
1480.0,19.5555435277917,18.81,42.35,96.7,1
302.0,2.648079745543931,6.06,14.079999999999998,16.7,0
91.0,1.3913139966242567,0.1,5.19,30.380000000000003,0
1014.0,37.48835437901496,15.7,26.23,96.52,1
193.0,1.0404997890433374,9.06,26.94,83.13,0
453.0,2.12124052295632,11.0,22.05,35.129999999999995,0
935.0,37.723480140093805,26.57,46.38,110.58,1
72.0,1.852254273911334,2.3,44.38,122.91,1
605.0,5.632556641196339,4.34,40.53,57.3,0
151.0,33.16935424915344,13.58,44.56,78.74999999999999,0
53.0,2.9534493983647088,0.0,0.0,0.17,1
782.0,22.376413604605453,62.72,167.31,253.55,0
1697.0,27.8363573766634,0.0,21.05,24.87,1
128.0,2.9407724359503926,80.11,164.95999999999998,194.72,1
181.0,9.059129601499915,30.64,31.27,57.77,0
3635.0,29.6227508074082,0.08,5.32,14.62,1
1097.0,44.430073425819,54.79,112.18,129.74,1
77.0,1.852254273911334,3.98,10.3,24.95,1
162.0,2.9688730583319134,19.95,68.77,172.52999999999997,0
245.0,5.658376909080228,1.56,29.91,77.23,0
31.0,3.4519519590329204,9.62,53.73,86.87,0
208.0,1.0609309256765318,56.01,129.98,182.55,0
90.0,0.0,36.01,56.06,99.1,0
741.0,24.34776694429573,15.38,39.59,55.84,1
160.0,0.9279360212320218,39.96,74.91,80.4,0
1457.0,16.358925180416595,8.65,30.54,97.12,1
3643.0,24.179845444978056,8.8,12.4,24.12,1
1117.0,25.27405098673725,1.09,29.28,107.85,0
444.0,34.250705009652044,13.28,123.86,174.28,1
803.0,23.54180341134965,63.91,90.54,94.09,1
122.0,13.922767611028302,89.03,129.55,195.04,0
4762.0,9.33958725477088,38.38,91.16,130.91,0
2002.0,38.827708461917176,9.84,16.630000000000003,31.94,1
296.0,1.0989845557640323,17.45,18.09,30.08,0
51.0,2.123785677190883,13.66,55.56,218.82,0
52.0,14.26025698439723,2.37,35.21999999999999,57.54999999999999,1
794.0,8.356664545951155,1.35,40.62,102.63,1
1892.0,19.907674782092712,10.51,48.53,115.02,1
447.0,5.4874335175726685,43.3,58.36,97.48,0
49.0,5.541356985555456,41.64,105.28,124.0,1
1767.0,27.03128183002612,0.0,4.61,4.61,0
1475.0,21.996448262013043,46.34,65.57000000000001,77.47,1
4377.0,28.66372929165834,0.25,5.0,18.48,0
1348.0,7.218385510883914,52.1,92.98,96.35,0
1597.0,23.571858814592737,15.93,28.57,61.51,1
3286.0,41.50394072850535,9.65,93.78,116.73,1
3971.0,7.509765746244407,5.16,12.36,79.16000000000001,1
2246.0,17.444184049818062,1.31,2.38,14.27,1
640.0,16.007557824582094,34.97,69.15,91.07,0
1171.0,7.440685346262844,9.26,32.72,75.34,1
939.0,13.089378757745736,2.09,71.58,85.55000000000001,1
3145.0,15.035980955680827,10.58,29.47,53.98,1
292.0,21.17800538487376,33.85,104.08,139.33,0
1167.0,1.387753790258008,6.05,35.82,62.330000000000005,1
1779.0,24.17357170238777,10.3,41.39,117.9,1
842.0,14.870465426687918,4.92,23.31,95.24,0
1359.0,9.939451079858264,18.4,27.8,41.91,1
883.0,11.02686865351432,6.05,15.81,128.41,1
210.0,4.208589971140298,0.0,0.0,0.0,1
4162.0,15.390110042494245,3.58,14.76,14.9,0
695.0,0.956338313097961,13.78,46.52,68.73,0
943.0,4.222562240497519,24.39,61.42,78.46,1
24.0,1.3522407018057625,67.14,279.38,503.38,0
53.0,1.855385510825832,21.01,25.57,30.22,0
740.0,48.95219701632973,39.81,124.73,205.07,1
2070.0,27.61139974874638,3.82,7.220000000000001,7.220000000000001,0
1002.0,23.248847186308105,26.82,107.81,120.26,1
886.0,2.69311681836279,43.2,136.69,196.2,1
1371.0,27.026628812346573,26.82,107.81,120.26,1
917.0,15.423250149143202,42.04,115.14,159.8,0
725.0,7.055762708565462,6.76,7.0,7.0,1
346.0,1.4149856813620445,8.04,86.88,122.43,1
433.0,2.9644296324227457,0.0,0.0,0.0,1
25.0,2.78186346598435,4.75,82.72,121.28,0
188.0,1.4078065052355977,7.78,29.62,129.14,0
765.0,22.74785701497187,86.16,152.1,209.39,1
29.0,6.547291944286205,1.12,11.260000000000002,74.38000000000001,0
4421.0,52.31670664482888,54.04,75.95,122.98,0
188.0,3.8493673357567135,31.9,73.12,194.39,0
1448.0,7.21118022434726,48.8,118.09,140.11,1
2360.0,35.26851652233437,0.0,4.2,21.1,0
3223.0,24.175669733045574,26.63,29.99,49.56,0
1216.0,20.153485331958937,0.0,3.48,3.62,0
449.0,13.060744781145305,31.7,94.81,112.22,0
1711.0,14.964338094507506,1.68,31.23,61.28,1
1420.0,20.9659831308612,3.35,14.73,69.02,0
2156.0,6.70560284429085,1.53,1.88,1.88,0
5015.0,24.679803469545966,3.57,9.52,28.72000000000001,0
1009.0,6.350384387505836,3.7,100.7,118.29,1
257.0,0.9279360212320218,13.48,46.83,65.04,0
297.0,1.855385510825832,1.33,5.93,5.949999999999999,0
537.0,15.621730337348511,32.96,96.01,110.07,1
2012.0,16.2537900442643,10.81,32.34,38.54,0
3762.0,12.964867886244123,10.5,37.88,89.33000000000001,1
1518.0,29.65882754630845,14.03,26.89,34.370000000000005,1
260.0,3.706887929602367,7.02,22.18,70.55999999999999,0
73.0,1.3919879016772103,9.37,19.65,186.59,0
1472.0,35.44302015827086,85.19,152.0,178.39999999999998,1
1008.0,2.412438984569611,13.98,40.98,45.7,1
228.0,2.0983546673141693,45.8,89.09,94.49,0
106.0,0.9279360212320218,15.71,23.29,138.10000000000002,0
33.0,4.921340582296557,9.38,10.96,11.170000000000002,1
1572.0,20.520802199635945,35.98,56.2,82.43,1
2240.0,22.11867410862787,24.22,70.39,156.58,1
34.0,14.316083944889312,13.14,178.27999999999997,279.81999999999994,1
176.0,2.974561461825178,12.4,22.36,191.29,0
13.0,4.741233271626775,106.97,142.19,245.4,0
3748.0,6.500107243904632,5.78,16.5,52.290000000000006,1
981.0,12.803323355556538,5.31,82.66,101.37,1
49.0,12.196881711262012,0.0,0.0,0.0,0
1117.0,25.27405098673725,1.79,247.96,444.03,0
332.0,30.31463274274103,67.74,226.64,303.78,1
38.0,5.005423645157531,75.84,132.31,189.13,0
1514.0,36.11996772784842,17.23,50.42,63.43000000000001,0
3756.0,29.06584863357883,0.95,11.009999999999998,19.97,0
882.0,26.166571174780973,18.66,46.72,104.73,1
4957.0,5.486663942016925,70.77,276.97,366.27,0
97.0,16.258307684159355,36.07,193.02,216.62,0
46.0,1.3764031215077237,75.63,179.70999999999998,267.54999999999995,1
539.0,5.118722656177003,0.0,0.0,0.09,0
613.0,36.37239606977481,20.2,46.84,46.84,1
970.0,39.97154841221555,24.92,62.81,104.28,1
1068.0,37.19076938656501,36.09,99.22,122.81,0
2310.0,54.529517153990575,102.57,166.76999999999998,212.94,1
21.0,4.629981483311581,18.44,56.52,199.94,0
77.0,2.0730284066732945,3.21,22.99,23.02,0
267.0,1.0791474913109966,92.11,139.64,141.39,0
674.0,4.247387267990436,53.35,154.98,246.72,0
9.0,3.8297200944611607,43.92,159.39,407.11000000000007,0
732.0,28.13851561288479,5.53,15.66,54.81,1
1535.0,30.18256697884878,10.62,28.36,32.48,1
2866.0,38.19421370977621,6.0,6.54,20.78,0
218.0,0.0,34.53,45.56,45.83,0
1614.0,3.829358129912846,32.32,33.8,38.38,1
13.0,3.85383968584986,56.88,100.21,101.73,1
445.0,1.896805978196754,3.33,7.75,26.190000000000005,0
242.0,6.457665776341533,5.22,59.88,135.53,1
292.0,1.855385510825832,10.33,33.48,54.34,0
1609.0,21.407229002749872,6.11,63.47,78.99,1
3529.0,18.94556701290291,0.28,2.95,2.95,0
1336.0,8.923651616094908,43.62,81.55,82.08,1
51.0,1.3531257322037558,17.32,202.78,368.47,0
32.0,6.690831545688622,6.6,27.26,48.37,1
1650.0,15.451697691723986,10.3,41.39,117.9,1
51.0,3.352439961154928,6.29,25.44,52.27,1
2186.0,9.24914983966009,0.97,5.4,17.91,1
1309.0,14.977232971625735,3.09,41.16,49.120000000000005,1
3891.0,53.861450865379815,0.88,1.82,1.93,0
652.0,6.90554449816956,79.89,263.3,465.64,0
457.0,59.82470231796099,67.74,192.97,308.56,1
94.0,33.176892706415046,0.0,0.0,18.380000000000003,1
61.0,13.431710879642932,31.84,74.68,113.64,1
767.0,15.602965934745434,20.54,33.08,66.15,0
100.0,3.468457799956008,3.21,5.53,25.27,0
105.0,1.396111711548549,7.48,8.99,45.14,0
1134.0,16.906321605900473,0.0,0.01,0.23,0
1720.0,26.52198374933476,3.31,8.24,111.25,0
59.0,8.3307443459884,18.99,53.48,167.67000000000002,1
74.0,0.9279360212320218,75.47,96.09,134.93,0
913.0,22.010530178001503,8.09,33.209999999999994,61.89,1
2119.0,16.813128021329536,4.53,9.04,21.88,1
355.0,5.226876247386835,9.11,27.57,97.88,1
657.0,35.99026913099253,19.47,27.06,113.47,1
55.0,2.2725543213430552,14.45,45.81,141.76,0
1720.0,26.52198374933476,35.98,56.2,82.43,0
281.0,31.07865162206227,4.63,28.19,47.010000000000005,1
481.0,0.0,0.21,14.51,56.51,0
1039.0,31.923422990740328,32.69,37.96,52.49,1
1155.0,24.48993370133901,4.33,53.08,140.42000000000002,1
76.0,2.77965122679813,4.56,21.22,42.43000000000001,0
1614.0,3.346908774692193,18.91,18.91,28.0,1
2698.0,31.970969125532,0.0,0.0,0.07,0
345.0,7.521970156592409,13.82,23.91,48.37,1
73.0,8.336204940705555,22.99,145.2,203.48,1
292.0,2.142705838994332,6.17,22.4,84.60000000000001,0
28.0,3.700645055238003,24.01,51.69,79.93,1
1805.0,37.68618640534494,12.12,45.94,89.81,0
94.0,2.1395467846167944,0.0,0.0,0.0,0
1759.0,41.03613415413796,2.72,2.72,2.72,1
3424.0,27.3282937562371,0.04,9.249999999999998,15.88,0
4888.0,32.20127134450985,4.88,27.65,73.77,0
13.0,4.167614563356857,9.03,23.01,158.78999999999996,1
866.0,27.282090548675143,12.9,73.66000000000001,106.5,1
84.0,8.895692965992287,38.98,109.25,235.03,1
5690.0,25.79379580695572,19.29,37.63,74.31,0
2250.0,10.1278622695706,15.98,58.7,78.82,1
4632.0,20.664817837011523,23.96,45.33,48.46,0
506.0,7.17820056681424,45.14,98.18,125.31,0
131.0,4.25523899013677,4.5,133.87,286.93,0
665.0,13.65789287035141,6.47,8.5,16.71,0
234.0,2.139508095141959,11.21,121.5,201.36,0
1027.0,37.22257538990599,8.49,24.21,59.02,1
732.0,13.153197791915655,0.0,10.84,13.89,1
1420.0,16.481219276974137,13.93,65.93,118.33,1
2084.0,29.49963218486065,5.11,6.74,6.99,1
986.0,23.3426946121037,9.93,17.18,36.45,1
5672.0,6.556762003427905,14.41,23.67,31.15,0
858.0,35.58523851286944,153.7,286.17,391.94,1
1061.0,43.53284034519977,0.0,0.0,45.6,1
3015.0,1.4588732609510444,8.74,15.63,32.86,0
1356.0,17.146467004017005,37.1,38.07,39.25,1
1993.0,41.86004587307679,18.73,20.43,44.75,1
333.0,2.154485725419373,19.84,67.37,124.36,1
90.0,2.78186346598435,12.35,22.5,23.02,0
2113.0,18.4576783483465,1.48,5.92,44.28999999999999,1
1607.0,33.42494578296137,3.35,14.73,69.02,1
1590.0,1.852254273911334,4.78,5.75,77.34,1
87.0,0.9279360212320218,19.29,61.73,144.37,0
2274.0,43.28983135176311,18.63,26.49,32.52,0
948.0,11.881195099762618,15.7,26.23,96.52,1
379.0,27.24629211014172,26.52,159.77,289.23,1
3008.0,55.95781002444957,3.46,14.59,112.61,1
3840.0,18.06424596253553,31.02,32.91,32.91,0
826.0,12.81474088364528,4.42,4.61,5.8100000000000005,1
11.0,11.228844962850127,6.67,14.97,20.12,0
560.0,24.638327529773587,7.48,55.41,102.32,1
1561.0,31.20257453975428,61.51,118.73,171.84,1
1530.0,12.468805697210712,8.1,17.36,37.6,1
325.0,2.9820322857956048,76.25,149.22,217.19,0
2883.0,18.143904536644406,53.57,112.12,162.06,0
117.0,1.0386671350979773,5.05,23.56,61.66,0
1657.0,31.579415431363547,5.78,14.93,47.43,1
4048.0,23.34643419528896,13.13,22.12,92.85,0
2198.0,31.114953036097564,6.88,35.59,54.4,0
599.0,2.950787675961827,18.2,112.3,171.24999999999997,0
159.0,2.7990810531410406,26.84,29.06,53.64,0
382.0,8.640730643222938,0.12,0.9,5.15,0
19.0,3.870121403677967,24.01,51.69,79.93,1
2315.0,20.64670763005255,2.51,7.39,40.940000000000005,1
86.0,1.852254273911334,181.45,282.54999999999995,437.92,1
67.0,3.1846773796408008,16.55,46.88,215.49000000000004,0
1851.0,15.44343837315911,35.29,62.41,98.8,1
267.0,0.9279360212320218,8.84,10.67,17.21,0
3869.0,43.70846628322899,0.72,9.99,28.86,0
5946.0,32.188543860601285,27.79,61.3,110.32999999999998,0
4034.0,19.43680388702085,3.46,11.12,13.37,0
1157.0,31.920127751663443,0.0,0.0,26.62,1
81.0,12.910612429743768,10.84,31.92,109.1,1
3998.0,19.83119126203188,3.73,35.15,46.16,0
1330.0,33.16674984665996,0.97,118.95,150.67,1
1991.0,13.974327870776794,42.12,59.38,101.53,1
2062.0,35.27845291832481,18.02,71.02,112.88,0
1314.0,16.309259381852147,0.0,2.87,3.18,1
469.0,26.776488048401934,11.0,87.25999999999999,126.32999999999998,0
1650.0,59.19952289820587,3.8,17.04,39.18,1
1586.0,10.61870205713839,1.15,10.85,19.92,1
629.0,24.688533267095504,47.06,120.65,200.19,1
264.0,1.0725391413104794,8.55,90.12,152.33,0
39.0,3.3622703104586846,10.07,49.330000000000005,78.25,0
2691.0,47.88695496887106,4.66,9.21,49.19,1
1052.0,21.698187913453264,32.32,33.8,38.38,1
133.0,8.81507008632296,9.86,33.480000000000004,79.55,0
6192.0,34.85470243302123,6.11,63.47,78.99,0
923.0,27.089235382634808,15.85,26.84,35.97,0
1145.0,33.52557257129665,0.06,14.39,43.89,1
2081.0,44.96324141446525,1.84,27.86,57.11,0
157.0,6.022085386168779,32.83,61.37,70.14,1
1475.0,28.46229431350733,77.74,114.15,159.40999999999997,1
883.0,14.24689258589194,11.35,12.42,14.34,1
5246.0,33.042775069199415,4.23,47.5,72.31,0
3529.0,18.94556701290291,37.1,38.07,39.25,0
1031.0,22.676378516866617,15.7,26.23,96.52,1
738.0,5.011505087127019,36.48,76.88,125.51,0
182.0,5.635158792453883,24.29,49.8,151.20000000000002,1
319.0,13.539658376283766,15.38,47.88,189.72,0
1078.0,38.06918937058256,0.0,0.0,0.0,1
5202.0,26.298805748357623,9.21,13.46,24.47,0
724.0,10.969657803470264,2.42,2.42,2.75,1
166.0,6.411138059180107,32.61,116.44,218.38,0
1586.0,44.95634585071402,9.91,35.099999999999994,51.34,1
2226.0,35.94706692976556,0.18,13.58,58.16,1
809.0,25.94016421427548,22.99,44.26,150.11,1
54.0,0.9279360212320218,4.99,15.39,90.58,0
341.0,1.0871125641161117,6.75,16.33,20.85,0
2215.0,17.05160603959761,0.0,0.0,2.48,1
1049.0,26.388979644116123,18.97,50.58,110.97,0
3433.0,23.12883468080189,15.94,101.05,107.84,0
247.0,2.78186346598435,3.97,17.8,88.68,0
1895.0,42.44492810164333,0.0,5.09,155.35,0
2487.0,37.605236696877,19.79,45.96,47.73,0
1581.0,3.47925693349424,12.28,74.72,78.31,1
715.0,28.76623451500503,129.88,249.77,335.92,0
2386.0,58.478521451591504,3.36,56.31,107.44,0
75.0,12.284413866136306,3.69,63.5,156.6,1
892.0,38.02030465081848,14.85,20.87,25.39,1
5415.0,4.257269345953565,1.94,11.12,42.4,0
132.0,1.9128926003573103,0.02,9.58,122.05,1
36.0,2.267633363462304,22.6,40.56,79.73,0
5162.0,19.296831892707527,3.88,3.88,4.68,0
1905.0,21.546238483331965,51.49,87.75,124.75,1
2901.0,46.31111915005979,0.0,0.06,0.72,1
2270.0,22.208228642052827,4.11,107.82,183.05,1
91.0,5.065027816280511,7.29,15.23,26.37,0
56.0,1.852254273911334,6.85,21.91,150.57999999999998,1
160.0,16.865567463034814,26.53,110.95,121.17,1
1333.0,37.85071779074206,0.15,2.71,65.13000000000001,1
4421.0,52.31670664482888,41.92,71.87,100.29,0
5395.0,39.15227753398681,23.82,31.94,31.98,0
1681.0,14.317101657264717,10.59,57.370000000000005,84.92,0
4137.0,37.80115054556481,0.53,3.3200000000000003,13.009999999999998,0
1838.0,13.9074099893744,5.78,14.93,47.43,1
4795.0,37.654078539667005,4.47,4.88,12.29,0
1513.0,33.88948141819591,11.86,53.09,65.68,1
4164.0,37.95058849715842,0.95,2.9400000000000004,15.4,0
466.0,10.96582090777578,44.66,64.03999999999999,133.08999999999995,1
66.0,15.16340754793738,87.25,102.33,195.44,1
3638.0,19.313037187831327,32.4,37.72,61.34,0
40.0,6.336203369028353,9.95,28.93,106.02,0
297.0,1.855385510825832,19.62,34.44,38.61,0
1509.0,26.09338190957656,53.15,77.12,126.39,1
1048.0,18.071236741109864,3.3,20.39,42.46999999999999,1
70.0,4.791106806232782,1.88,32.96,115.58,1
784.0,1.3781307546716215,2.82,30.15,52.12,1
39.0,0.9648430707504952,52.35,102.6,136.48000000000002,0
2257.0,15.331837080732674,19.15,44.71,67.98,1
56.0,5.683751421055114,15.51,170.88,310.55,1
1823.0,43.87678538098061,14.38,45.31,70.6,1
931.0,20.94185253514824,4.9,104.34,121.77,1
1612.0,44.82498141581394,0.88,0.88,1.2000000000000002,1
247.0,8.611886660284798,18.99,136.53,200.42,0
1175.0,33.37106500187469,2.09,71.58,85.55000000000001,1
1555.0,53.70787415680822,0.14,1.59,107.51999999999998,0
1393.0,14.27107053574802,4.21,9.26,33.41,1
768.0,24.64408694152729,4.32,6.93,47.01,0
44.0,0.9653243801871292,9.63,24.72,170.46,0
2776.0,28.452709122101083,5.91,51.99,80.22999999999999,0
159.0,4.741964424068231,12.06,34.690000000000005,43.720000000000006,0
1447.0,14.556847113743345,14.54,49.88,64.61,0
145.0,5.55400861892472,126.76,191.59,231.7,1
5.0,0.9405635329609184,4.21,23.68,109.75,0
876.0,31.16083503860741,10.53,17.0,32.21,1
886.0,25.642243710447005,0.01,0.01,0.01,1
-2.0,0.0,30.25,117.83,156.14999999999998,0
2874.0,26.01911194432273,1.23,33.129999999999995,57.34999999999999,1
2.0,0.9279360212320218,102.59,218.57,323.16,0
4762.0,9.33958725477088,64.15,96.31,121.9,0
2576.0,26.67987836118141,1.96,15.71,26.090000000000003,1
245.0,4.249822336068078,2.6,16.7,18.98,0
784.0,6.105271993336535,10.76,33.82,50.24999999999999,0
5946.0,32.188543860601285,21.73,26.54,84.49000000000001,0
4430.0,29.491075596371505,1.21,13.87,25.6,0
762.0,18.649763704509223,8.64,54.22,63.040000000000006,0
4162.0,15.390110042494245,0.0,0.0,0.14,0
4567.0,28.964894639021505,0.12,5.62,25.56,0
1227.0,45.94346572713728,1.38,1.45,62.080000000000005,1
264.0,21.18318174459727,0.09,3.44,33.2,1
905.0,30.801972163904992,2.13,254.0,459.50999999999993,1
1342.0,40.80605692263094,19.77,48.41,106.19,0
2431.0,44.87290445332066,1.43,38.43,46.7,0
1866.0,5.171963055521419,41.28,61.510000000000005,108.54,1
1504.0,16.261579422291064,0.38,1.0499999999999998,3.53,1
163.0,3.656397240844048,11.22,27.32,54.54,0
388.0,1.4239511833436695,0.0,1.2,1.2999999999999998,0
1504.0,9.40412013238775,49.93,121.20000000000002,150.53,1
1800.0,28.935182060076347,32.54,40.53,43.44,1
1457.0,33.92056164961375,1.71,136.33,228.82,1
186.0,0.9279360212320218,24.32,53.38,94.6,0
2546.0,36.55997880207136,23.52,99.47,155.78,0
4126.0,24.33820676440518,0.0,0.0,8.8,0
596.0,14.033001639822931,37.59,52.21000000000001,84.13,0
2029.0,25.551262031296154,24.38,74.62,160.20000000000002,0
66.0,0.0,139.52,211.1,252.22,0
3116.0,1.1248638569671252,6.49,6.49,8.91,1
51.0,13.056624496455845,26.15,95.75,168.22,1
159.0,4.741964424068231,12.55,40.34,100.43,0
259.0,2.78186346598435,8.84,15.04,24.74,0
208.0,9.350473782917256,46.75,98.64,118.19,1
2829.0,33.48153613896651,13.7,13.7,20.47,0
11.0,4.647353034567217,33.72,151.98000000000002,174.70000000000002,1
739.0,18.94552207681176,44.59,61.38,131.35,0
3661.0,1.4343577071686464,19.01,94.54,153.76999999999998,1
2877.0,45.94590207834764,13.03,31.51,52.24,0
64.0,1.3873493934442505,25.85,61.62,101.16,0
1882.0,27.559472291712847,26.57,46.38,110.58,1
2076.0,22.76308323499469,9.98,12.73,14.79,0
3614.0,22.394425940148285,0.8,0.8,0.8,0
255.0,7.076537712492509,11.39,11.93,21.5,0
4335.0,54.364813769639,5.77,22.82,95.29,0
1189.0,21.6233918996014,2.33,42.41,108.1,1
100.0,3.468457799956008,8.73,30.47,41.13,0
57.0,14.533364593374769,8.49,30.68,42.63,1
441.0,30.799765869105936,6.67,12.6,23.64,1
279.0,1.1039010182751994,14.77,63.95,101.09,0
1204.0,13.634522928540594,16.3,27.11,43.52,1
1123.0,44.69966599062223,5.15,7.44,12.87,1
853.0,0.926369172997235,17.28,60.98,86.61,1
1328.0,35.553873546269,0.67,9.44,76.73,0
1173.0,30.25022032179324,3.7,100.7,118.29,1
1000.0,38.98494724811976,8.24,29.71,183.67,1
264.0,26.25407499537205,15.2,50.010000000000005,141.95999999999998,1
2495.0,40.39039020262883,25.46,29.94,48.35,1
5369.0,45.152229607118,1.51,2.13,2.61,0
1371.0,14.022839174857982,58.27,159.01000000000002,186.97,1
97.0,6.676900933553073,18.45,84.25,281.8,1
1385.0,17.145953483091994,13.45,13.45,13.45,1
1675.0,16.499254656391557,27.8,83.7,204.18,0
42.0,11.142253831272384,43.69,245.72,511.65,1
699.0,8.28618530638979,13.18,37.16,73.13,1
4269.0,27.00694030460338,0.05,0.26,2.0,1
5482.0,13.1899789340055,2.48,4.92,11.53,0
71.0,12.990528808887444,24.01,50.57000000000001,77.63000000000001,0
59.0,6.560776171339852,1.26,1.27,23.48,1
804.0,15.868646633497288,0.31,3.1700000000000004,25.87,1
17.0,9.550530602250408,25.6,68.31,94.99,1
43.0,0.0,75.63,179.70999999999998,267.54999999999995,1
823.0,8.33167688828823,32.96,96.01,110.07,1
3124.0,34.34674871291885,15.31,31.840000000000003,93.45,1
555.0,52.34308994769702,13.33,21.53,52.02,0
487.0,23.020756379733484,42.57,119.47,170.98999999999998,1
1457.0,33.92056242515854,18.9,30.58,111.59,1
60.0,4.157545021533345,95.01,194.55,259.45,1
1547.0,17.220047911934834,16.41,28.700000000000003,45.92,1
1487.0,30.53496126230425,13.24,51.4,64.64,0
115.0,1.855385510825832,23.06,54.900000000000006,120.38,0
3873.0,27.951190015400183,4.37,6.09,20.83,1
1229.0,16.756870062003678,6.99,12.830000000000002,42.690000000000005,0
2136.0,32.35609661746765,0.3,0.98,3.6,0
432.0,30.366501165531403,5.41,29.14,51.23,1
2535.0,19.127144656244745,8.29,30.72,49.94,1
1314.0,11.243730344787089,3.7,100.7,118.29,1
4895.0,19.01038346139193,0.0,0.01,24.24,1
683.0,44.74073524256179,21.83,35.69,48.29,0
272.0,0.0,1.69,5.47,15.8,1
3336.0,32.90337160444395,9.37,11.01,46.19,0
2104.0,29.898778377465227,16.15,20.83,25.61,1
1273.0,24.802602340897124,27.68,87.41,124.29,1
5023.0,59.06753022470927,0.32,3.98,6.63,0
57.0,3.0892980574274502,1.39,51.64,62.17,0
291.0,22.57503553518938,3.95,11.510000000000002,44.23,0
2136.0,32.35609661746765,19.49,46.37,137.07,0
5096.0,30.29911608251812,2.91,23.62,48.60000000000001,0
259.0,1.345836651490519,7.25,17.08,56.41,1
5755.0,12.7758330299871,3.18,5.960000000000001,11.11,0
-13.0,0.0,3.87,6.49,12.84,0
846.0,23.47891185858705,4.46,14.06,35.849999999999994,1
2526.0,33.51474474947107,30.17,34.7,63.36,0
3587.0,35.64366065916236,1.23,33.129999999999995,57.34999999999999,1
2055.0,19.57388706644332,8.16,14.53,30.93,1
5172.0,36.465595511582094,5.96,9.92,38.15,0
339.0,27.395035154208863,6.06,18.55,137.29999999999998,1
732.0,35.03531739180771,0.0,8.83,20.24,1
2206.0,0.0,3.33,7.32,7.82,1
129.0,1.342862138167158,115.41,286.13,519.52,0
-4.0,0.0,7.46,98.72,328.14000000000004,0
29.0,1.0332829155806476,1.28,50.81,82.2,0
1731.0,19.83803263585153,2.92,6.73,137.35,0
55.0,1.377415951892356,34.81,96.17,155.03,0
47.0,19.38360407112611,36.66,83.84,89.69,1
3496.0,22.50653371401405,4.66,42.6,65.15,1
435.0,36.91290188370729,33.17,47.52,85.74000000000001,1
1398.0,10.209837985587429,2.6,11.26,55.45,1
225.0,4.832634573500187,7.67,13.51,20.96,1
485.0,2.2843494411234624,0.0,0.0,0.0,0
200.0,2.079874763299952,9.8,27.19,46.34,0
3840.0,18.06424596253553,1.04,42.82,49.8,0
887.0,22.85532747272629,15.73,133.66,166.51,0
95.0,2.1247789427521147,1.5,64.37,149.51,1
1614.0,29.53602090910925,10.84,27.29,62.5,1
3402.0,35.65247488639326,11.48,13.17,15.56,0
63.0,2.267633363462304,8.37,25.77,48.24999999999999,0
4541.0,58.710121461085706,5.46,7.539999999999999,7.72,0
1307.0,2.9797348707669924,0.65,31.23,56.81999999999999,1
163.0,5.160670673439587,6.35,28.57,40.5,1
5755.0,40.02665625777252,3.9,10.66,12.48,0
692.0,4.761208619886141,0.32,1.05,2.03,0
689.0,7.677263322620482,20.73,25.77,27.35,1
46.0,6.222255748010374,48.65,139.51,449.78,1
440.0,24.64116768724888,26.18,90.89,143.5,1
39.0,3.2377581080223825,153.08,243.17,280.43,0
35.0,2.967307139017436,14.54,16.95,67.59,0
661.0,12.98485864215815,1.62,29.540000000000003,76.66,1
87.0,17.173727685970235,16.82,264.02,374.78,1
188.0,35.452827191558235,19.72,128.07,204.59,1
2908.0,21.15040487314145,25.04,51.81,86.66,0
3931.0,18.172071825645983,2.35,3.03,4.58,0
108.0,0.9395007999809286,6.92,9.25,13.48,0
2296.0,41.4377233787537,1.04,7.13,35.720000000000006,1
1141.0,4.479758474096997,10.44,45.62,108.43,1
274.0,7.787004030960979,76.79,212.29,337.19,0
532.0,16.451394443761753,39.28,53.14,98.45,0
3.0,1.3352244978385166,11.24,18.72,34.230000000000004,1
1655.0,33.42868060734366,0.0,1.2,1.2999999999999998,1
345.0,37.34437715269699,2.38,8.27,20.7,1
4964.0,10.956192985982012,4.75,10.35,22.56,0
1095.0,12.975482111654207,0.04,8.259999999999998,13.659999999999998,1
70.0,3.026448074062428,0.89,12.99,108.36,0
425.0,3.627056382785098,34.69,109.93,234.79,0
417.0,29.60069033435662,2.97,4.220000000000001,19.28,1
1130.0,14.248777296487733,35.55,58.52,89.49,1
88.0,4.153625582384207,28.6,84.05000000000001,111.5,0
330.0,0.9446765669695762,4.41,13.16,16.88,1
3659.0,61.008014049164906,0.11,9.66,30.930000000000003,0
885.0,27.45422498736285,36.49,61.06,62.790000000000006,0
1432.0,18.258006217506605,101.95,164.63,170.37,0
1555.0,53.70787415680822,5.8,17.099999999999998,85.14999999999999,0
2175.0,41.55027160658149,10.9,55.48,141.73000000000002,0
151.0,4.200982898467882,0.0,0.0,0.0,0
7.0,3.7530423719152894,23.14,99.71,112.83,1
1829.0,26.94659590117133,11.9,35.160000000000004,119.1,0
1995.0,41.16397255744176,6.34,39.66,79.73,1
872.0,2.083227848055236,8.53,25.86,48.84,0
39.0,2.776997971883973,17.44,137.54,393.47,0
129.0,23.637703131139475,12.46,44.68,65.97,1
2698.0,31.970969125532,0.94,5.289999999999999,5.289999999999999,0
160.0,1.3919779523139948,72.15,96.73,133.18,1
4873.0,28.9910032447107,5.37,26.860000000000003,64.0,0
4054.0,30.316394624804257,2.61,5.97,26.22,1
1571.0,13.286694596501158,18.68,107.07,129.82,1
2222.0,31.70516921255804,99.34,122.1,123.02,1
9.0,3.8297200944611607,37.54,83.33000000000001,185.03,0
114.0,2.127776829550683,36.7,45.85,83.15,0
813.0,31.709175409289443,17.37,39.59,42.98,1
3554.0,28.5035711533411,1.54,17.56,82.59,1
260.0,1.855385510825832,11.78,12.38,34.25,0
973.0,27.066809384175563,2.24,26.450000000000003,73.50999999999999,1
555.0,1.334563763081149,33.09,57.650000000000006,116.66,0
1392.0,23.59944453879583,14.94,18.33,21.78,0
809.0,31.778501700506148,0.0,0.0,10.37,1
1518.0,29.08374615553425,1.54,17.56,82.59,1
4080.0,24.89618649693689,0.9,0.91,1.49,0
5065.0,9.005592365204466,3.05,6.74,29.12,0
770.0,14.543823679248815,14.49,56.36000000000001,96.04,1
229.0,1.408190512504145,4.45,12.22,159.53,1
4030.0,29.78274127031361,1.43,9.5,12.16,0
1983.0,28.06400530055993,23.8,34.46,58.63,0
1763.0,28.42576702358958,11.86,53.09,65.68,1
1659.0,8.235075555872518,6.67,16.240000000000002,45.16,0
62.0,2.935837961339101,38.71,73.71000000000001,74.61,0
4841.0,26.15123552256615,1.93,16.04,20.79,0
12.0,12.563261936421144,28.45,54.78,83.9,1
767.0,2.7245670107829216,1.16,5.52,6.44,1
81.0,6.276171879231921,11.74,21.83,182.28,0
370.0,0.9279360212320218,0.75,19.52,26.66,0
5699.0,42.80673375074191,0.0,3.7,20.9,0
160.0,10.756185231515634,41.24,100.47,149.45000000000002,1
2258.0,22.83075810708887,10.01,30.78,68.93,1
4377.0,28.66372929165834,4.45,6.220000000000001,10.52,0
900.0,22.497546016791755,4.32,6.93,47.01,1
61.0,10.280713071431196,75.63,179.70999999999998,267.54999999999995,1
129.0,5.56896198426521,22.61,108.87,132.86,1
69.0,4.163407361593557,55.57,135.71,171.54999999999998,0
1532.0,22.309984332457063,0.09,0.09,0.09,1
129.0,2.0813195717380366,29.3,78.71,118.75,1
2850.0,26.31749651899583,0.0,0.44,1.28,0
1815.0,41.02266132186659,14.48,24.14,44.91,1
5015.0,24.679803469545966,13.83,23.72,26.200000000000003,0
1328.0,35.553873546269,3.66,7.17,11.2,0
296.0,1.0989845557640323,43.62,77.57,78.16999999999999,0
21.0,1.3202343481754246,5.22,59.88,135.53,1
206.0,20.654209471413434,9.97,57.34,317.12,1
21.0,5.614872269658275,56.88,100.21,101.73,0
1445.0,20.181443880962227,3.31,8.24,111.25,1
720.0,11.804445000532729,50.3,69.07,78.33,1
1197.0,36.03866838572641,17.13,44.55,46.81,1
1112.0,5.307259279573481,13.13,175.62,307.65,0
1627.0,11.162178370173905,5.7,25.64,59.56000000000001,1
4519.0,25.594622298660543,3.07,5.27,27.81,0
813.0,16.610769197453017,0.07,8.790000000000001,17.300000000000004,0
43.0,8.294524978876806,57.65,157.6,296.51,1
1555.0,19.90794840719584,13.91,21.36,81.91,1
171.0,17.344610875254677,66.95,181.55,226.54,0
2624.0,27.60616139709439,0.0,24.16,33.78,1
2084.0,27.68243372858813,17.53,19.700000000000003,23.48,0
113.0,4.278608595754117,13.21,29.69,54.35,0
3894.0,35.18711348919869,0.0,0.07,2.82,0
520.0,13.769058457431305,91.15,167.71,244.04,1
2366.0,40.02125483754509,14.54,18.11,26.57,0
802.0,8.522642338386635,35.06,81.02,115.26,1
2074.0,19.376386609630003,0.58,93.17,154.25,0
407.0,8.990014761339621,30.17,58.89,86.23,1
266.0,1.0977706137386043,0.74,0.97,5.84,0
322.0,1.4282705577456996,0.53,21.48,123.17,0
431.0,31.8740877844908,32.96,96.01,110.07,1
1818.0,35.33446050957917,2.62,4.8100000000000005,7.180000000000001,1
2154.0,19.61619358961495,15.67,54.33,89.61,1
972.0,30.300929896045943,0.75,12.03,59.14,1
3602.0,17.937567106958173,0.0,15.97,49.09,0
732.0,13.153199581115755,4.74,15.74,22.04,1
929.0,25.93097333453967,22.34,74.17,85.13000000000001,0
2037.0,37.388319218334296,17.16,33.27,53.19,0
115.0,3.5780136536027154,4.25,33.27,87.93,0
101.0,7.771480928143871,36.25,106.02,172.48,1
1435.0,12.47149620538789,10.59,57.370000000000005,84.92,1
2238.0,9.245780329496734,1.5,29.85,55.09,1
29.0,2.6842255998660445,16.8,31.59,39.59,1
38.0,5.910004368452522,21.4,63.13,101.4,0
683.0,2.6722130122177,2.58,5.99,10.0,0
1059.0,15.394799155421085,35.06,81.02,115.26,0
159.0,0.9279360212320218,0.1,2.52,2.52,0
679.0,3.372108636935057,10.53,23.55,31.450000000000003,0
1030.0,40.49418239802765,7.0,51.91,71.87,1
335.0,2.1688394436940546,45.86,68.12,132.93,0
691.0,13.153197791915655,2.25,6.26,6.8,1
1161.0,42.54038516410769,8.39,28.43,66.58000000000001,1
306.0,18.93759741973074,26.26,52.290000000000006,82.94,1
162.0,0.9279360212320218,3.58,38.69,83.69999999999999,0
1241.0,25.683313174886944,10.62,28.36,32.48,0
734.0,13.544985239645335,0.03,2.02,8.299999999999999,1
1584.0,6.468078925968187,0.12,10.989999999999998,13.589999999999998,1
2069.0,25.913200263065825,6.67,78.65,87.10000000000001,1
1369.0,18.7761436591747,7.78,15.33,20.29,1
2412.0,26.864068197615136,0.23,10.25,20.27,1
1496.0,11.383724956082276,47.18,124.26,152.18,1
4841.0,26.15123552256615,0.8,5.22,41.39,0
5002.0,9.860682430893716,15.35,21.5,86.54,0
75.0,2.269264851456046,0.4,5.16,51.63,0
654.0,12.581814777652664,30.08,55.04,150.92000000000002,0
353.0,1.105145446969854,9.52,47.05,81.86999999999999,0
4170.0,36.06263947943167,20.33,86.83,149.99,0
1282.0,7.529024444811094,0.42,37.89000000000001,174.91000000000005,0
671.0,7.535893145338491,41.9,105.85,137.79,0
84.0,0.0,25.14,94.38,192.28000000000003,0
690.0,19.16886195900636,22.94,49.41,288.22,0
92.0,1.0404997890433374,10.62,30.92,51.41,0
5439.0,41.58696941659,12.02,17.240000000000002,27.15,0
1935.0,13.781250633045415,5.16,19.03,89.34,1
802.0,25.62140075853221,24.68,29.26,40.52,0
81.0,0.9279360212320218,0.0,21.31,33.239999999999995,0
980.0,39.35204569756175,7.42,24.99,52.36000000000001,1
223.0,34.010140459782974,28.33,137.97,217.14,1
1653.0,2.7771727466475022,18.26,42.81,94.73,1
145.0,16.68948805959749,39.27,219.59,326.26,1
103.0,0.9874774513501962,13.85,15.99,23.34,0
777.0,3.8377078345156304,4.16,12.25,17.99,1
308.0,19.64468291951788,0.02,0.28,1.0,1
674.0,5.527812889706318,55.11,132.57,243.11,1
1753.0,21.066428791085,0.06,2.2100000000000004,17.319999999999997,1
2306.0,37.359437291630535,0.39,52.08,87.36,1
4567.0,28.964894639021505,1.19,7.17,25.68,0
479.0,22.924178020504897,5.63,34.46,86.02,0
4274.0,39.13967410719235,4.98,18.49,28.97,0
584.0,9.595541932517769,0.0,0.0,0.0,1
1450.0,21.554870104453816,0.1,1.79,14.8,1
1024.0,35.93984192404095,0.38,16.06,42.25,1
1417.0,25.581617973815035,35.98,56.2,82.43,1
908.0,25.445277333065324,25.52,49.35,73.33,0
242.0,0.0,6.47,22.08,65.8,0
919.0,32.90968809532685,22.77,87.13,125.41,1
1426.0,24.068265597337007,81.28,157.38,230.76,1
325.0,23.705749643396505,27.16,62.64,230.33999999999995,1
5156.0,45.10980580273492,56.47,116.35,168.45,1
259.0,3.889020944978701,0.09,0.2,4.050000000000001,0
600.0,10.167146382762525,20.15,20.82,21.33,0
3532.0,17.5487502524535,6.04,11.87,60.94,1
360.0,11.254445102000954,42.05,61.48,134.76999999999998,1
1885.0,32.421818019787125,13.74,29.82,94.99,1
723.0,23.0604855121385,33.07,79.44,123.39,1
62.0,2.96212250130175,14.23,20.69,180.1,1
1466.0,40.400046832606,13.81,44.47,118.09000000000002,1
761.0,33.53434218551111,24.39,26.2,41.63,0
2201.0,6.668760754450279,0.1,25.52,85.89999999999999,1
542.0,6.457012205792348,6.24,6.24,9.93,0
199.0,3.4717273910601247,10.7,78.34,116.28,0
449.0,13.060744781145305,22.39,41.81,66.57,0
5333.0,65.45207339539724,2.88,17.66,38.3,0
690.0,18.80692407884276,5.83,14.34,41.67,0
1659.0,26.28141042695994,16.97,36.01,57.34,0
1239.0,22.735108606468405,27.35,51.41,108.39,1
508.0,2.735166732910748,6.13,10.63,12.329999999999998,0
15.0,3.0804361216669345,38.14,233.32,374.17,1
495.0,1.3416947815509983,0.11,9.98,15.34,1
2467.0,23.34643419528896,1.48,15.07,32.52,0
586.0,2.0866681981651896,4.36,6.75,6.8500000000000005,0
83.0,0.9382399651976404,5.18,82.98000000000002,95.97,0
1681.0,14.317101657264717,3.66,25.34,116.75,0
1089.0,27.86746422818901,3.95,11.510000000000002,44.23,1
3154.0,27.71008249172615,16.3,17.630000000000003,33.230000000000004,0
743.0,10.516233126592311,11.69,13.13,13.13,1
92.0,1.3886560245535318,12.11,25.8,45.23,0
1540.0,12.142412914640923,1.14,10.420000000000002,32.27,1
1814.0,20.62758173058563,9.14,35.75,73.22,1
456.0,6.445657238728478,42.7,60.1,113.85,1
4617.0,39.74634073686738,1.22,82.87,103.27,0
512.0,24.05432434868892,86.18,138.20000000000002,141.73000000000002,1
314.0,43.508931111637935,14.48,89.14,199.95,1
1540.0,21.463359802652352,1.67,33.82,187.47,0
2363.0,37.78065482389293,0.0,0.0,0.7000000000000001,1
154.0,8.522096262869733,27.34,76.45,112.95,1
1650.0,34.4885263137034,23.86,41.38,178.99,1
4553.0,27.313243392127944,8.26,20.22,42.74,0
596.0,14.033001639822931,26.18,91.62,151.35,0
43.0,2.071230768995057,116.05,139.57999999999998,184.68,0
1140.0,11.031673993655614,7.9,78.32000000000001,123.74,0
4632.0,20.664817837011523,10.14,19.25,22.1,0
664.0,60.65216653319431,11.01,107.82,191.64,1
811.0,5.631102072540767,21.34,54.24,100.99,0
134.0,2.2732552939282327,36.7,45.85,83.15,1
317.0,36.64656800770521,9.23,19.65,70.66,1
401.0,29.153397402645293,48.76,109.89,146.28,1
303.0,0.9279360212320218,1.03,12.2,103.71,0
3433.0,23.12883468080189,7.22,13.11,72.02,0
780.0,34.68829168010815,20.53,46.83,110.86,1
374.0,2.103353655225412,4.22,27.3,70.59,1
976.0,16.938760794632632,15.73,133.66,166.51,0
4192.0,22.040897735492585,2.42,6.890000000000001,21.92,0
1716.0,27.984020297255647,0.0,2.65,5.7,1
1032.0,15.805360539732332,13.58,44.56,78.74999999999999,1
2053.0,36.913168479400426,5.18,98.47,124.03,1
4791.0,30.09690825195085,0.25,8.12,29.29,0
66.0,12.118774928869842,0.0,0.01,0.01,0
2697.0,48.88281365727918,0.39,32.27,33.11,1
664.0,60.65216653319431,11.01,107.82,191.64,1
2071.0,12.770989681735694,32.32,33.8,38.38,1
745.0,11.896949456504563,32.96,96.01,110.07,1
290.0,1.1002045395460858,77.87,254.47,332.05,0
3138.0,56.67813742574487,27.99,53.94,101.56,0
1182.0,10.760372368960368,7.31,24.75,51.36,1
110.0,2.79337382656549,53.34,101.08,187.16,0
1819.0,39.11774685252796,38.76,89.09,188.99,1
1479.0,11.687392758994248,73.98,252.28000000000003,349.11,1
1142.0,19.559682689272872,5.57,28.61,88.07000000000002,0
5324.0,6.718563891238704,7.4,8.34,15.78,0
320.0,8.20358707649646,49.46,119.22,143.6,0
142.0,4.260974997341704,6.05,80.61,203.34,0
443.0,31.89481057006413,32.96,96.01,110.07,1
766.0,13.08289560354797,34.97,69.15,91.07,1
757.0,6.457665776341533,13.68,24.55,36.6,1
880.0,6.681021928045628,24.01,51.69,79.93,1
1489.0,23.39441654010913,10.73,81.58000000000001,167.32,1
1382.0,13.5843605949331,31.3,36.61,53.97,1
2470.0,30.76340653151096,61.51,118.73,171.84,1
1144.0,9.43882163600886,1.46,12.25,61.19,1
4377.0,28.66372929165834,3.33,22.57,35.0,0
942.0,24.146988179976542,0.29,0.29,0.29,1
257.0,2.380265607226266,11.53,17.09,17.979999999999997,0
291.0,1.074719831270563,3.33,96.12,131.03,0
3507.0,31.23443145404644,0.0,0.0,0.0,0
1578.0,22.562386295603265,1.54,17.56,82.59,1
48.0,9.52245614476137,2.07,3.27,20.010000000000005,1
855.0,27.01248752836951,68.23,167.47000000000003,233.79,1
2203.0,25.718402120372115,6.56,85.46,99.61,0
773.0,37.855330444188986,21.83,35.69,48.29,1
1568.0,15.084887410481024,14.31,26.99,34.99,1
2007.0,14.679126462660124,24.22,70.39,156.58,1
1628.0,33.42376175422706,0.0,0.07,7.819999999999999,1
44.0,3.4539316330937093,0.18,1.57,13.079999999999998,0
18.0,2.93476529286658,8.76,53.33,256.8,1
584.0,42.21265858429932,151.84,290.59000000000003,402.81,1
1622.0,12.48681317030292,56.24,143.31,215.2,1
2982.0,49.50589117238048,4.4,11.3,11.89,0
1709.0,30.855741760645795,0.03,99.74,275.47,1
867.0,29.6360306360278,5.78,14.93,47.43,1
2388.0,51.39088748445843,0.11,4.15,4.32,0
1408.0,24.83790993999571,0.03,0.39,0.5700000000000001,1
869.0,28.60858993472378,6.55,31.34,52.03,1
3928.0,35.68891715138883,7.14,15.829999999999998,19.82,0
650.0,11.025613557382698,0.03,0.22,1.91,1
232.0,28.0786073315143,36.35,54.71,109.87,1
1134.0,30.45461605238972,43.31,82.44,84.38,1
4541.0,22.35778831295272,1.46,2.45,2.45,0
776.0,3.71092359098218,25.84,104.23,200.19,1
51.0,3.3515136411424824,26.26,52.290000000000006,82.94,1
467.0,25.869009804382788,0.51,16.9,190.99,0
54.0,0.0,12.72,43.71,113.79,1
767.0,5.048548813150623,5.97,40.38,84.21000000000001,1
333.0,2.145456849454641,0.0,0.0,0.24,0
3970.0,37.15175928135162,14.39,15.23,26.54,0
4749.0,21.074977521735622,48.54,189.71,245.94,0
600.0,10.167146382762525,56.18,82.4,131.24,0
4048.0,23.34643419528896,21.5,56.24,108.89,0
2784.0,42.4419390448718,0.0,3.78,5.46,0
343.0,35.7398268283409,46.33,81.96000000000001,115.0,0
1418.0,25.132660081730563,3.66,25.34,116.75,1
123.0,2.1286928328502377,14.45,72.61,146.85,0
1386.0,9.350342558119696,0.87,76.09,120.34,1
656.0,15.42307118570718,27.34,76.45,112.95,1
1261.0,1.852254273911334,1.52,2.31,4.82,1
1955.0,30.25822671076241,12.95,36.32,51.94,0
5062.0,21.30016716660984,6.03,6.46,13.72,0
1390.0,40.8408216659798,7.3,45.36,99.3,1
5690.0,25.79379580695572,0.28,0.28,4.37,0
68.0,4.154096764309844,2.25,9.52,143.47,1
3082.0,7.412309107042409,6.04,11.87,60.94,1
408.0,0.9279360212320218,3.96,5.33,36.8,0
112.0,0.0,8.42,35.82,37.93,0
4237.0,30.47110812161494,1.45,12.05,19.46,0
1398.0,29.25896401491808,16.72,36.68,39.65,1
196.0,2.8154441507688475,39.66,47.81999999999999,92.36,0
4025.0,41.48872768854793,7.17,7.229999999999999,7.229999999999999,0
323.0,0.0,0.14,0.14,0.14,0
83.0,30.11204693140904,7.89,16.48,48.2,1
1147.0,29.42258198499057,21.13,22.68,39.22,1
42.0,1.0341685411627342,0.0,14.78,121.47,0
785.0,2.7545823875732576,6.93,43.74,140.61,1
4263.0,47.93599966547526,3.17,10.24,23.22,0
159.0,2.2912899736397,0.0,0.0,0.64,0
240.0,1.4180984743189955,8.7,10.43,24.7,0
692.0,25.176293155000685,7.63,44.85,79.67999999999999,1
57.0,2.1305042784780253,58.12,121.87,174.93,1
3010.0,44.80476484476236,0.0,0.0,1.6,1
1767.0,27.03128183002612,3.88,40.86,46.18,0
1212.0,32.78933257482507,33.27,145.83,204.18,0
4192.0,4.330050419515206,0.13,3.06,3.99,0
21.0,1.3486525409181978,114.76,177.10000000000002,213.38,1
2280.0,8.385875303404381,11.81,31.21,47.27,1
213.0,14.236549622926058,44.35,137.97,228.36,1
3419.0,30.91911614989316,24.51,67.3,95.69,0
32.0,1.383517353923722,4.91,9.02,108.87,0
1458.0,20.481144682982453,4.78,5.08,14.580000000000002,1
2746.0,23.60412220046119,0.0,1.5,2.56,1
179.0,3.291723525489471,34.71,91.39,116.81,0
42.0,4.1530948226524105,54.38,70.5,81.13,0
846.0,18.29112647351119,11.32,61.84,131.94,0
1265.0,34.581106457593734,35.98,56.2,82.43,1
296.0,1.041280595140532,36.02,76.5,135.79,1
616.0,2.695303724034297,7.45,53.91,78.82000000000001,0
871.0,25.896232878736683,3.73,7.18,36.98,1
860.0,38.49899917375673,35.39,81.68,146.94,1
4749.0,21.074977521735622,20.02,28.19,60.650000000000006,0
1646.0,30.51450466098204,8.04,21.14,56.22,1
1126.0,15.172167896427087,9.8,27.19,46.34,0
255.0,7.076537712492509,1.06,18.66,125.49000000000002,0
214.0,13.756786064004658,17.2,37.86,103.67,1
1440.0,34.502925,28.03,111.29,208.01,1
4064.0,19.82597990587524,12.37,59.09,81.53,0
571.0,17.97114465820681,3.7,100.7,118.29,0
53.0,3.469541364276995,163.71,240.34,273.62,0
2209.0,5.6203757250275785,16.69,33.41,113.59,1
3017.0,36.12046495190489,30.88,35.09,35.09,0
1573.0,27.604522135703096,19.85,34.17,62.34,1
1249.0,18.75820714274923,71.02,152.91,189.43,1
479.0,1.3245174281114722,2.24,22.08,60.830000000000005,0
26.0,2.169461960157345,25.33,128.99,224.77,1
689.0,2.100892036227492,5.96,13.2,30.47,0
1553.0,3.0918835620363234,9.11,20.54,30.52,1
753.0,35.67829206318048,0.38,0.54,11.06,1
2937.0,28.48828896338404,4.62,12.46,20.07,0
1275.0,16.838342124234874,65.6,209.94,270.99,0
895.0,2.327318759179203,0.04,1.16,2.1900000000000004,1
711.0,7.20097919921648,13.44,17.799999999999997,42.61000000000001,0
2040.0,32.1995986900463,84.99,152.11,195.97,1
50.0,2.1242187415157465,31.77,33.89,102.57,0
974.0,10.352583515136056,9.6,32.7,70.63000000000001,1
184.0,15.23650810768833,22.91,53.46,86.71,1
1970.0,32.884274729789915,52.75,77.91,91.71,1
2467.0,23.34643419528896,4.45,27.64,68.17,0
690.0,8.43238623760218,14.44,33.33,111.85,1
283.0,45.6437171940248,13.06,61.35,107.98,1
139.0,14.263947828321124,21.4,63.13,101.4,0
2951.0,16.57940167214095,31.75,36.47,57.66,1
4818.0,34.18260904631162,1.54,7.470000000000001,11.81,0
720.0,13.349209109803413,11.06,43.88,60.77,1
60.0,2.260732414259265,126.76,191.59,231.7,1
103.0,0.9279360212320218,4.39,4.73,42.440000000000005,0
267.0,2.9704866345622483,0.0,0.0,0.52,0
449.0,13.060744781145305,31.7,94.81,112.22,0
3231.0,2.7771727466475022,8.8,12.4,24.12,1
1286.0,13.506342697367284,5.59,27.12,40.05,1
365.0,2.1532041141831297,18.56,42.39,49.49,1
92.0,18.979049044864023,33.21,123.36,189.67,1
273.0,4.622196164454146,26.68,58.96,87.68,1
573.0,10.091702587030868,13.1,47.8,129.23000000000002,1
1212.0,18.02619145960147,28.34,45.19,64.71,1
130.0,0.9400261401672838,7.95,18.95,31.3,0
513.0,2.1204121180698765,11.78,44.85,108.06,0
394.0,0.9279360212320218,2.78,7.959999999999999,19.91,0
5482.0,13.1899789340055,2.61,4.3,17.150000000000002,0
1063.0,29.891187490124352,28.36,51.51,114.4,0
3328.0,4.29870865194633,21.89,37.6,49.46,1
539.0,5.118722656177003,68.33,287.27,344.31,0
2395.0,25.51257491864016,29.2,34.22,54.99,0
1586.0,23.603277744846192,0.71,17.25,66.58999999999999,1
899.0,8.395047652311604,6.06,13.55,105.1,1
1847.0,50.98081968480692,2.35,13.64,31.43,1
543.0,1.9417073050222469,0.0,0.0,0.0,1
1339.0,11.959364186636996,0.02,0.04,17.24,1
171.0,11.040914375806173,25.97,62.74,95.95,0
670.0,15.263887116570793,3.82,3.83,14.24,1
4859.0,29.71509925012672,71.97,99.19,99.25,0
2933.0,29.13337813010949,16.77,40.71,59.06,0
3505.0,33.07621211989763,17.41,46.77,62.94,1
5411.0,41.75356058913761,1.27,9.79,52.59,0
3152.0,26.6779539964146,30.63,41.94,60.11,0
29.0,1.0256851645236214,3.86,8.25,90.3,1
1870.0,20.40279278071609,21.83,35.69,48.29,1
46.0,7.260092883347992,2.85,29.370000000000005,75.86,0
544.0,28.976817364678165,42.1,67.64,79.22,1
23.0,7.341897001953773,1.04,1.05,1.31,1
0.0,0.0,33.12,72.41999999999999,216.43,1
25.0,0.936547803205134,56.88,100.21,101.73,1
1010.0,30.89953326830285,1.04,25.6,94.52,1
5930.0,29.83393945821598,9.53,21.76,39.02,0
618.0,9.113986971303966,0.51,12.67,86.44000000000001,0
2142.0,41.64767095941783,0.0,0.0,27.44,0
50.0,4.242642270919119,4.11,10.2,34.14,0
200.0,0.0,40.55,91.91,148.01999999999998,0
1213.0,7.144939615855585,0.06,2.39,2.42,0
4111.0,31.23443145404644,0.02,7.47,10.94,0
4261.0,26.93179165063479,3.64,5.6,28.92,0
1219.0,18.052059171238994,14.75,41.31,142.55,0
3451.0,9.44161598827119,7.84,11.43,13.21,1
951.0,4.038001850685792,111.15,245.79,289.23,0
741.0,27.153216314669493,2.64,3.22,4.28,0
6192.0,34.85470243302123,20.6,51.71,73.03,0
1842.0,18.39367804757252,33.61,126.05,188.0,1
88.0,2.2793545475188526,0.0,19.84,31.21,1
808.0,14.408778587162091,5.92,10.64,23.16,1
520.0,9.262112046538236,18.33,34.5,39.18,0
170.0,10.15762847180036,13.25,63.16,82.91,0
952.0,24.77132131246416,3.06,33.09,92.28,1
28.0,0.0,18.92,131.81,354.0,0
2358.0,34.76664585902739,2.83,6.82,8.88,0
1503.0,28.73081541945014,33.61,126.05,188.0,1
1552.0,19.922829817324686,61.76,146.77,195.56,1
296.0,1.0989845557640323,4.23,13.89,24.58,0
4629.0,38.19421370977621,6.2,39.91,103.47,0
165.0,5.265783483998225,108.9,188.82,239.8,0
5699.0,42.80673375074191,1.86,9.77,15.650000000000002,0
1002.0,9.486685889144889,19.89,98.05,103.59,0
558.0,34.28245493553731,2.13,14.98,37.330000000000005,0
1833.0,25.70499440133583,4.9,104.34,121.77,1
95.0,2.7771727466475022,33.21,123.36,189.67,1
2081.0,44.96324141446525,53.57,112.12,162.06,0
1624.0,22.03053346953765,9.25,79.07000000000001,120.36,1
3601.0,22.241130168890976,4.69,12.46,14.98,1
1164.0,13.776901127433725,58.29,83.93,119.33,0
60.0,3.2352064417753827,14.36,28.84,84.17,0
1233.0,26.538027774421074,26.63,29.99,49.56,1
746.0,33.16303013803268,15.54,27.34,109.15,0
781.0,0.0,2.86,6.69,86.47,1
2300.0,18.03501434293297,26.44,33.52,50.84,0
229.0,8.897329284559154,0.0,0.0,16.04,0
4407.0,47.606464816277445,3.03,29.25,43.57,0
459.0,5.847234102513656,41.81,130.14,195.29,1
562.0,0.0,15.77,36.82,118.19,0
956.0,3.818832682871486,37.65,106.15,200.45,1
286.0,0.0,102.17,137.32,150.32,0
2222.0,16.53193700859359,3.88,40.86,46.18,1
647.0,9.7135271895659,22.52,77.03,105.32,1
1464.0,34.51751463643877,5.31,82.66,101.37,1
1241.0,25.683313174886944,0.1,1.79,14.8,0
693.0,6.536941433448177,31.14,154.03000000000003,172.87,1
1501.0,22.813765471271928,17.96,37.72,46.97,1
1715.0,25.061873673052496,68.23,167.47000000000003,233.79,1
4780.0,13.655677006485698,13.27,30.48,43.46,0
166.0,2.132950279089796,9.78,14.32,21.72,0
99.0,20.03237253917104,14.74,62.96,129.34000000000003,1
2755.0,41.67230710352594,0.25,17.919999999999998,70.86999999999999,0
34.0,2.75442841103602,6.62,37.69,117.8,0
2172.0,6.457665776341533,9.65,93.78,116.73,1
1897.0,10.523133627119554,0.3,0.56,1.4,1
523.0,27.476014646447773,6.29,10.76,37.12,0
2102.0,56.2724475482747,14.7,19.55,77.02,1
19.0,8.073405381454604,55.1,265.90000000000003,322.69000000000005,1
4125.0,35.14747521498803,29.35,64.94,93.64,0
3141.0,59.00643825512731,0.0,21.05,24.87,0
4335.0,54.364813769639,28.47,56.73,67.69,0
269.0,2.8263854008378315,46.44,90.81,111.9,0
19.0,0.0,95.25,271.6,358.76,0
771.0,2.982390692858045,14.11,34.86,66.52,1
160.0,2.647620711285447,0.01,0.16,3.11,0
103.0,1.3982260800137254,6.95,10.61,166.11,0
707.0,20.415952432601863,42.7,60.1,113.85,1
1315.0,14.544184479869594,16.94,48.02,130.70000000000002,1
431.0,31.77809372877459,1.19,12.32,12.41,1
596.0,14.033001639822931,43.92,159.39,407.11000000000007,0
3268.0,22.8681874929049,10.66,22.24,22.72,1
35.0,2.965683928718281,38.4,116.59,151.07,0
2663.0,44.77531453476731,1.77,14.76,28.51,1
83.0,17.3079457888422,0.01,0.01,0.01,1
1456.0,14.569286101009892,15.77,31.91,39.47,1
3785.0,1.852254273911334,8.8,12.4,24.12,1
35.0,13.584348044823018,110.63,266.32,454.62,1
1373.0,20.93503332609938,3.7,100.7,118.29,1
341.0,1.356650177471707,0.12,16.919999999999998,89.26,1
246.0,2.1134044646011327,40.18,73.38,93.2,1
234.0,29.012646985812747,7.45,14.99,67.36,1
78.0,3.2301437505728794,40.97,118.51,183.19000000000003,0
140.0,7.454115746843003,25.29,59.4,98.19,0
130.0,2.935922268863427,8.67,12.97,18.86,0
748.0,23.10715706639549,17.12,24.76,41.67,1
721.0,13.239755820989554,4.12,19.43,59.38999999999999,1
4080.0,24.89618649693689,0.0,0.0,14.76,0
1380.0,9.18427544441587,2.74,4.43,57.96999999999999,1
3522.0,37.53296716469976,13.83,23.72,26.200000000000003,0
604.0,47.647446127812906,111.05,160.68,228.19,1
2049.0,35.90869349353838,3.95,11.79,84.86,1
1292.0,42.21739755051885,0.0,0.0,1.9,1
164.0,26.20351477967944,5.36,5.510000000000001,13.900000000000002,1
987.0,4.294902317664399,17.95,39.74,40.03,1
5271.0,38.946000660287815,0.0,0.12,10.31,0
2734.0,21.859341430513844,92.71,364.97,481.23,1
2062.0,35.27845291832481,0.65,31.23,56.81999999999999,0
1646.0,14.637633427177526,23.12,99.99,119.47,1
277.0,2.9880351710350146,12.83,48.84,104.47,0
80.0,14.522249626853444,69.18,131.46,213.96,1
2654.0,30.210233241178493,3.37,12.09,72.28,0
1895.0,42.44492810164333,26.25,66.30000000000001,110.24,0
471.0,14.550241112236318,19.37,26.57,34.53,0
55.0,32.46563871770285,49.61,236.94,409.95,1
1563.0,14.352001947229548,9.26,32.72,75.34,1
1314.0,27.6536346776632,3.84,44.34,169.17000000000002,0
21.0,4.629981483311581,61.29,220.06,326.71000000000004,0
3165.0,38.00689623991378,10.3,15.09,35.18,1
4081.0,32.991468001990214,0.0,0.0,0.0,1
3062.0,22.1608377247042,3.6,12.12,49.38000000000001,1
247.0,0.9443527786854105,0.76,3.51,14.38,0
1854.0,26.929049138336847,119.62,239.74,312.27,1
795.0,30.34177918841917,7.76,34.33,58.77,1
2053.0,15.430657391185903,10.25,20.49,29.67,0
1379.0,42.92624892146026,15.72,45.38,50.95,1
562.0,28.416753993603542,10.23,42.46000000000001,258.7,0
14.0,9.39817372634861,34.98,127.26,190.41,0
1640.0,4.253695899835195,1.67,24.25,26.85,1
1767.0,43.73623989483369,4.78,5.71,5.71,0
284.0,10.501444158270422,14.6,56.11,123.67,1
950.0,30.27625293414386,9.93,17.18,36.45,1
3266.0,24.65051363209896,32.28,54.34,62.190000000000005,0
1476.0,19.07834882489798,40.32,126.46,210.07,1
144.0,22.781453377790587,12.63,22.96,84.1,1
710.0,4.434568759688013,20.73,25.77,27.35,1
374.0,22.189693531847333,0.09,2.89,21.41,1
1767.0,27.55044535407618,79.86,103.04,118.66,1
3659.0,61.008014049164906,0.81,38.1,147.63,0
1012.0,2.115746804158198,1.28,4.2700000000000005,19.590000000000003,1
56.0,2.125092589258966,153.08,243.17,280.43,0
905.0,41.49608223543513,26.59,71.1,108.08,1
35.0,9.185000505031308,77.96,367.18,547.24,1
1571.0,13.286694596501158,14.57,35.52,150.02999999999997,1
842.0,19.85129063459709,9.83,49.66,75.08,0
452.0,42.84009383996053,27.61,102.02,155.22000000000003,1
138.0,1.3222024613849448,26.9,43.31999999999999,59.32,1
3348.0,45.50848179787449,6.72,15.73,63.56,0
179.0,26.744232985272472,3.43,18.78,96.12,1
36.0,13.797304730541445,8.18,9.42,14.66,0
835.0,32.62054594340179,15.7,26.23,96.52,1
2072.0,15.559031534206374,4.53,8.01,28.300000000000004,1
466.0,20.935780187981493,3.08,14.24,39.03,1
816.0,5.161029113717381,4.82,7.52,50.88999999999999,0
1046.0,15.059029520474398,11.06,43.88,60.77,0
794.0,28.81496569893556,21.83,35.69,48.29,1
1594.0,21.242444005519644,0.57,70.11999999999999,117.82999999999998,0
983.0,23.868974281252623,1.06,3.3400000000000003,20.43,0
288.0,2.087267696651286,0.29,29.27,341.41,1
643.0,0.926369172997235,42.7,60.1,113.85,1
4238.0,41.086036545411694,4.12,33.47,41.74,0
522.0,11.71625740306478,0.0,0.0,57.7,0
117.0,0.9279360212320218,3.3,21.88,36.34,0
1730.0,4.255676589147069,41.6,67.11,113.85,1
740.0,40.45863686250207,39.59,80.54,82.83000000000001,1
118.0,1.3873493934442505,4.74,19.380000000000003,49.82,0
8.0,3.8862414213895233,0.78,1.32,1.7200000000000002,0
4762.0,9.33958725477088,11.7,44.92,108.09,0
1348.0,10.988566845299832,7.02,51.55,272.63,1
4316.0,7.754588314013195,8.45,15.04,17.18,0
2158.0,17.25973336775588,1.73,2.07,2.33,1
214.0,11.932440871405277,167.34,274.42,485.97,0
738.0,5.011505087127019,25.08,73.22,121.17,0
84.0,5.001114116750454,6.29,16.78,42.81,0
2519.0,16.89974484671139,7.42,24.99,52.36000000000001,0
512.0,18.77453053491424,2.38,8.27,20.7,0
407.0,7.160045497826495,42.4,85.43,148.59,1
1200.0,37.01312139096882,2.42,4.21,4.21,1
37.0,9.715203996924371,86.28,184.58,251.57,1
546.0,14.310325722726304,0.0,0.34,17.82,0
1279.0,13.874043948207497,17.96,37.72,46.97,1
2668.0,19.69202208804829,1.09,5.18,10.63,1
2562.0,19.16886195900636,0.53,72.81,88.15,0
1174.0,20.127806524132986,17.15,33.61,58.16,1
52.0,9.394403640246557,65.22,143.43,175.24,0
5184.0,31.716126083958628,0.44,31.9,52.88,0
261.0,0.9279360212320218,14.8,34.91,53.93000000000001,0
2136.0,32.35609661746765,26.66,38.94,101.15,0
983.0,23.868974281252623,79.86,103.04,118.66,0
68.0,0.0,0.17,22.74,62.03,0
496.0,22.75837754400361,5.1,22.53,99.51999999999998,0
67.0,1.3913139966242567,65.67,141.91,170.66,0
23.0,3.3812915253632303,85.4,133.73000000000002,133.9,1
2267.0,40.3183439251891,40.4,61.45,86.62,1
236.0,4.73258290298148,2.9,8.77,26.599999999999994,0
212.0,3.358455432338658,22.11,25.69,64.80000000000001,0
1272.0,16.193548481425445,40.68,60.27,78.52000000000001,1
49.0,6.788301516223679,82.44,234.36,343.85,0
3325.0,40.23555490970436,0.51,7.649999999999999,21.500000000000004,0
1018.0,8.821089630664796,4.67,37.16,91.83,1
1431.0,15.833998491382577,0.0,0.0,55.85,0
4749.0,21.074977521735622,3.23,28.56,71.49000000000001,0
1143.0,8.12959685248653,5.63,34.46,86.02,1
1883.0,15.294604616522555,114.48,164.66,168.24,1
462.0,13.3078467757862,0.01,9.59,18.040000000000003,0
2268.0,25.834953165466,0.43,2.62,92.22,0
130.0,2.2742123746268543,0.04,9.63,15.079999999999998,0
75.0,2.269264851456046,3.63,38.82,97.72,0
1169.0,13.75295210397399,3.47,18.74,40.27,1
519.0,15.81679952401605,10.46,13.68,31.61,1
4015.0,59.89577625658595,3.73,35.15,46.16,0
202.0,18.6701825222014,11.41,19.1,46.34,0
348.0,2.645392661048706,16.74,49.84,84.08999999999999,0
-2.0,0.0,0.12,0.37,5.54,0
1391.0,7.835978714982545,55.03,81.26,88.77,1
193.0,1.0404997890433374,8.05,19.31,53.24,0
5097.0,25.008244293564275,22.23,25.84,43.3,0
1209.0,30.985316294932705,0.42,41.91,48.59,1
739.0,6.61651880896836,0.0,0.0,29.64,1
992.0,7.092246887671555,46.03,64.55,69.78,0
814.0,15.666379672802162,9.7,32.61,61.34,0
3776.0,42.12644280985755,47.73,106.2,120.47,0
1501.0,23.03140253394507,153.7,286.17,391.94,1
76.0,2.77965122679813,61.43,171.55,269.15,0
137.0,15.471112076163267,4.42,70.45,153.52999999999997,1
1205.0,1.0249975202040136,12.85,28.61,56.39,1
20.0,6.768441128699534,5.52,24.42,203.05,1
492.0,6.548191250775711,33.54,77.89,164.34,0
18.0,2.101940021560432,31.52,92.34,200.89,0
147.0,1.386771132207247,24.86,59.05,102.7,1
1972.0,8.454243187734525,4.67,27.47,82.35,1
309.0,13.126517641736392,54.79,112.18,129.74,1
2373.0,16.753270157707878,68.83,157.79000000000002,227.03,0
964.0,31.20357853058817,116.18,191.89,260.12,1
1993.0,17.78473162735026,11.27,28.01,49.78,0
2245.0,21.886960065273307,20.89,93.47,170.13,0
1692.0,12.55658554957204,0.09,8.4,8.4,1
1254.0,2.2734130534104127,15.93,28.57,61.51,1
1698.0,10.301528895675055,1.8,58.58,156.95,1
44.0,6.4000614826608935,6.9,31.35,60.46,0
3120.0,31.301798557577385,16.26,48.760000000000005,60.24000000000001,0
3910.0,35.726257059371505,38.84,42.5,42.720000000000006,0
703.0,17.316499169094087,0.0,0.04,19.640000000000004,1
159.0,0.9279360212320218,46.19,51.98,94.07,0
3559.0,2.997435387966549,0.0,0.0,2.87,0
39.0,0.9648430707504952,18.21,31.9,46.22,0
69.0,1.3893149039597654,28.01,46.120000000000005,63.82000000000001,0
404.0,2.647620711285447,23.23,65.77,110.24,0
3891.0,19.464501331824604,0.05,2.27,4.79,1
756.0,1.852254273911334,21.83,35.69,48.29,1
1556.0,4.429499872931827,19.94,77.7,101.9,1
932.0,15.964081894221785,50.3,69.07,78.33,1
146.0,4.185920335827043,0.82,41.78,173.81999999999996,0
137.0,0.9279360212320218,51.62,123.92,143.88,0
69.0,2.7771727466475022,126.76,191.59,231.7,1
265.0,1.0326068747089236,0.29,0.6,5.38,1
34.0,3.2352064417753827,0.0,14.78,121.47,0
318.0,8.595181951069533,26.26,52.290000000000006,82.94,1
272.0,25.893203347040103,6.33,24.99,77.75999999999999,1
1486.0,23.74809153558515,5.94,55.21,177.09,1
4841.0,26.15123552256615,4.07,30.950000000000003,41.98,0
959.0,22.82890662811208,6.37,16.77,28.53,1
1948.0,11.543842645525167,7.1,33.68,96.99,1
1626.0,22.882048049163952,2.64,28.23,90.71999999999998,1
2029.0,25.551262031296154,55.22,95.97,96.25,0
266.0,1.0953607456608705,15.51,54.85999999999999,58.60999999999999,0
1818.0,35.33446571208436,25.59,27.54,27.54,1
1023.0,25.22907104855853,20.33,86.83,149.99,1
1082.0,20.77390810350394,17.53,19.700000000000003,23.48,1
182.0,1.0306539112056314,3.82,28.3,34.12,0
153.0,3.120743417851209,40.7,70.95,160.05,1
112.0,2.1259768158641013,5.53,15.66,54.81,0
811.0,6.1333100125265805,5.48,9.52,37.7,1
551.0,14.849728000138988,13.82,79.13999999999999,128.39,0
1703.0,35.25733641791404,0.34,7.3,7.56,1
1244.0,13.873253622142329,22.11,24.15,62.26,1
4518.0,28.147586656420607,102.57,166.76999999999998,212.94,0
502.0,27.888941592312587,3.49,11.77,16.950000000000003,0
9.0,3.8297200944611607,35.49,58.510000000000005,77.22999999999999,0
78.0,0.9279360212320218,25.14,94.38,192.28000000000003,0
604.0,1.9598709367661784,111.58,271.08,318.64,0
842.0,14.870465426687918,1.42,16.560000000000002,75.15,0
3873.0,41.785513343834495,0.1,0.76,12.53,0
2259.0,48.323826632875424,0.39,16.4,51.6,1
2063.0,25.01964016839012,2.39,91.58,101.28,1
1701.0,35.00018594391471,0.0,0.07,0.18,1
405.0,11.811499777102298,2.7,6.88,21.07,0
1600.0,2.2298070849917324,0.63,8.88,49.540000000000006,0
2834.0,39.54257357010036,42.7,59.21000000000001,59.48,1
1661.0,39.85500788432167,5.26,10.01,54.06999999999999,1
259.0,2.338144076935036,31.83,52.12,83.33,0
67.0,3.5881247832894467,0.0,0.9,10.02,1
2716.0,44.53563999110244,3.2,22.42,48.45,0
1631.0,10.656367082206112,0.0,0.14,8.46,0
447.0,19.352435158845225,0.31,3.1700000000000004,25.87,1
59.0,2.0863035944519472,17.13,62.47,190.09,1
17.0,0.9803838867349928,22.99,145.2,203.48,1
3840.0,31.08963542495159,13.13,22.12,92.85,1
2139.0,35.86871076930034,16.2,53.24,116.35,1
5062.0,21.30016716660984,9.03,15.169999999999998,36.12,0
1447.0,18.41213576563324,5.84,16.36,22.51,1
216.0,0.926369172997235,0.0,0.0,5.82,1
1619.0,27.370494967842337,46.98,71.25999999999999,146.92,1
842.0,23.93713683897829,20.79,35.84,71.81,1
1735.0,19.81102643219001,26.96,28.05,29.23,1
282.0,0.926369172997235,9.96,25.21,40.32,1
804.0,2.767591398229724,5.78,14.93,47.43,1
241.0,4.247366966743851,0.14,0.6900000000000001,3.9,0
68.0,0.982003790704956,6.5,8.9,17.32,1
5576.0,24.92237894622969,6.7,11.07,19.97,0
469.0,26.776488048401934,46.55,105.61,165.01,0
1087.0,19.08033698515497,18.11,51.09,114.57,1
214.0,26.78312290225104,34.43,93.24,143.44,0
538.0,11.968045764459823,59.13,278.29,353.44,0
70.0,3.1105548092687205,3.62,44.3,197.66,0
1700.0,35.36027372118318,9.92,26.620000000000005,173.4,0
1332.0,5.060750342876847,10.3,41.39,117.9,0
1927.0,6.548191250775711,1.4,5.26,41.27000000000001,0
48.0,2.267633363462304,11.51,27.47,167.85,0
674.0,3.815124531091955,32.86,79.37,287.92,0
766.0,4.629981483311581,26.84,48.73,71.19,0
1484.0,21.17647711915332,19.11,59.31,73.96000000000001,1
16.0,4.021483100860903,45.83,152.42000000000002,231.58,1
687.0,38.41183879654881,13.13,48.39000000000001,147.95,0
3707.0,26.265107901795744,56.16,117.34,138.81,0
1447.0,20.814186705036025,35.55,111.4,157.95999999999998,1
1034.0,12.294603576837062,8.46,29.43,101.13,0
263.0,8.328452214081171,85.39,258.28,475.1,0
725.0,15.217403605452784,0.77,7.549999999999999,43.89000000000001,0
593.0,15.311524247515871,64.69,184.9,277.97,1
4023.0,37.42057457769164,4.26,9.32,9.57,0
324.0,37.359591147855866,0.46,24.83,85.99,1
875.0,58.58867918029875,51.22,113.1,160.89,0
3760.0,19.865448543329524,0.02,0.23,2.95,1
624.0,3.833162193372988,2.84,15.8,57.760000000000005,0
112.0,1.9281842643278368,29.42,61.05,101.46,0
112.0,2.076652043696068,5.96,40.98,104.68,0
1165.0,22.982670005924525,7.58,37.03,70.96000000000001,0
1222.0,17.541103920308522,7.1,31.68,46.13,1
726.0,35.7589837841325,11.92,49.72,76.83,1
247.0,0.9443527786854105,12.48,33.28,99.51,0
1862.0,28.525829141462467,11.94,39.91,93.81,1
603.0,8.407213352924948,2.27,5.33,41.57,0
391.0,18.46380319642872,5.94,36.63,68.09,0
1717.0,46.91495762766459,0.7,71.33,99.02,1
1614.0,12.101766065965856,1.77,18.96,59.88,1
2213.0,8.659465032208466,10.33,34.63,45.31,1
988.0,23.248272553867388,16.64,63.8,74.72,1
272.0,0.0,1.69,5.47,15.8,1
1655.0,11.507947198629443,5.11,24.59,122.28,1
319.0,0.9279360212320218,9.43,16.32,31.34,0
1156.0,24.38107244188538,9.24,41.260000000000005,81.91,1
41.0,5.900698486822301,22.29,30.58,45.24,1
195.0,2.8049164512640776,0.0,0.0,8.09,0
857.0,1.855385510825832,35.06,81.02,115.26,0
1551.0,19.02627568606808,0.71,17.25,66.58999999999999,1
1593.0,29.56631726951452,18.68,107.07,129.82,1
3475.0,38.61141091472319,4.97,4.97,9.96,0
1444.0,41.89167208306319,19.97,21.21,21.21,1
761.0,19.189920244513715,9.32,43.62,67.19999999999999,1
686.0,7.478464860739163,3.17,29.31,185.11,0
1450.0,24.49385858982577,0.26,1.83,3.59,1
74.0,2.78098910844063,88.48,111.11,113.73,0
1726.0,13.629654547724757,4.9,104.34,121.77,1
1064.0,39.91619716692816,8.39,19.28,50.65,1
1212.0,62.225452150126266,3.59,20.97,54.67999999999999,1
189.0,36.35141951893995,27.8,83.7,204.18,1
596.0,14.033001639822931,1.46,28.67,45.690000000000005,0
556.0,27.021028298552192,2.62,54.18,97.49,1
4782.0,48.85493201387909,0.0,0.07,2.57,1
784.0,6.105271993336535,10.33,25.98,34.18,0
4841.0,26.15123552256615,3.32,6.85,17.43,0
1315.0,6.82773211983059,30.0,64.75,122.26,1
915.0,36.03357894696324,4.61,5.0600000000000005,15.64,1
1880.0,22.765182410152747,1.82,2.92,4.62,1
575.0,20.504325237480952,2.0,5.16,51.6,1
5775.0,56.60558788040934,29.35,64.94,93.64,1
171.0,2.275879354830937,29.03,113.85,160.84,0
67.0,4.1585527359345225,21.96,86.97,120.79000000000002,0
4902.0,17.28899745910263,0.0,0.27,0.5700000000000001,1
64.0,2.125092589258966,11.86,28.34,93.53,0
781.0,17.027875409965237,10.59,21.84,62.870000000000005,0
2076.0,12.029911220112975,21.3,39.16,126.64,0
1652.0,31.622511420038585,2.52,3.09,33.26,0
2211.0,29.695736035833377,6.56,85.46,99.61,0
1450.0,25.593136843753147,0.22,61.44,92.39,1
73.0,1.3906438732530946,6.02,37.13,86.14999999999999,0
4735.0,51.84672316418472,18.97,30.01,43.13,0
90.0,2.2742123746268543,14.89,47.46,79.98,0
118.0,18.66659276297948,17.64,24.4,44.65,0
781.0,17.027875409965237,5.16,19.4,30.840000000000003,0
45.0,2.967927867986476,17.55,49.13,107.97,0
5062.0,21.30016716660984,9.15,18.07,20.07,0
3755.0,4.321414913087966,8.8,12.4,24.12,1
1567.0,7.372022511709415,1.75,19.39,44.89,0
2428.0,53.50595226491404,5.92,60.66,74.91,1
220.0,3.427415006663922,8.26,23.56,43.63999999999999,0
2324.0,35.45838743375222,14.17,29.54,68.44,0
43.0,2.071230768995057,8.33,20.72,59.47,0
23.0,8.2625731888547,30.25,117.83,156.14999999999998,1
250.0,10.289992706117484,13.73,21.07,59.55,0
4755.0,20.276745759052023,2.5,3.8,15.07,0
959.0,8.878621520266725,16.56,24.51,54.39,1
70.0,1.0386671350979773,45.18,113.26,239.94,0
1589.0,17.788281998830723,2.98,3.13,32.57,1
52.0,1.3906438732530946,0.0,0.88,2.0,0
419.0,52.2920266170672,5.97,12.65,16.34,1
2649.0,22.29389701488921,0.39,67.82,107.46,0
183.0,1.402562189114914,0.2,29.19,81.89,0
731.0,9.64293943944466,41.93,52.05,123.21,0
1569.0,10.138358485391878,7.01,19.12,53.21999999999999,1
1515.0,16.03432433908622,8.68,20.24,33.33,1
1324.0,18.341059950896508,5.45,12.18,15.91,1
825.0,32.560075145928494,0.0,0.2,0.66,1
42.0,11.142253779480956,91.4,281.92,527.1899999999999,1
857.0,13.390229846665726,35.32,74.52000000000001,118.23,0
237.0,6.172125181758627,9.88,16.200000000000003,56.43,1
341.0,18.88013972907304,26.26,52.290000000000006,82.94,1
111.0,13.246642877995091,11.55,57.69,74.6,0
422.0,18.08962125087186,0.01,1.7000000000000002,10.05,0
163.0,0.9279360212320218,0.0,0.09,9.590000000000002,0
762.0,18.649763704509223,5.78,14.93,47.43,0
2660.0,13.387345965192656,0.37,5.510000000000001,34.31999999999999,1
2048.0,13.823682164844469,9.99,15.420000000000002,22.28,0
3417.0,5.970993286746105,1.84,2.4000000000000004,3.34,1
31.0,4.2287770338582815,8.73,27.61,49.06,0
152.0,0.9279360212320218,60.25,159.35,179.95999999999998,0
1861.0,34.93596019025975,48.47,82.52,115.52,1
39.0,0.9648430707504952,31.79,119.93,167.82,0
51.0,2.944470060742882,73.43,268.21000000000004,499.22,1
4617.0,39.74634073686738,13.91,21.36,81.91,0
4617.0,39.74634073686738,7.58,8.27,10.73,0
5415.0,4.257269345953565,6.33,12.32,29.91,0
2354.0,24.70480876248841,68.83,157.79000000000002,227.03,0
735.0,37.974740545343984,15.72,45.38,50.95,1
869.0,6.540767028653907,6.29,18.64,40.38,1
151.0,7.30921254929226,7.33,22.25,69.34,0
524.0,11.612943118911502,20.69,126.23,179.39,0
907.0,23.10244557174866,0.49,1.57,8.47,1
694.0,35.57957787396177,6.7,43.95,64.78,1
494.0,28.45079180335383,5.63,18.78,23.36,1
524.0,34.77802218832971,5.93,7.31,42.21000000000001,1
1294.0,12.299812397009497,1.96,7.74,61.35,1
34.0,1.3886560245535318,65.4,93.76,111.65,0
1077.0,13.95022570481308,53.95,91.32,93.44,1
1758.0,28.224968341696744,0.55,95.19,160.69,1
62.0,16.27865508052747,24.07,54.31,150.74,0
373.0,12.885837893458396,3.8,6.5,28.03,1
1133.0,20.595739801302663,6.5,10.08,43.120000000000005,1
67.0,1.347574480402346,29.21,65.61,75.44,0
320.0,8.20358707649646,25.92,53.64,206.09,0
2445.0,36.607094663314655,46.4,90.53,195.3,0
46.0,3.107848619958056,6.46,16.61,39.190000000000005,0
2274.0,43.28983135176311,17.82,32.85,116.12,0
9.0,5.323915212350906,24.46,70.21000000000001,127.04,1
13.0,2.967274671279056,35.22,151.10000000000002,176.20000000000002,1
312.0,17.86684892489941,26.59,84.45,114.11,1
198.0,2.081873685992193,15.73,61.510000000000005,91.1,0
2758.0,26.38739342709098,11.02,58.47,118.9,1
4727.0,37.91778194402311,7.6,22.26,57.63,0
1069.0,7.8868345734809875,3.31,49.89,109.60000000000002,1
4567.0,28.964894639021505,4.68,24.94,55.83,0
863.0,19.47705322907004,48.27,57.1,59.97,0
271.0,1.4189209432710364,0.0,0.0,0.0,0
3215.0,22.86733291416055,2.89,18.06,18.12,0
1092.0,24.355017350706785,0.88,3.96,9.61,1
146.0,0.926369172997235,58.61,136.8,253.15,1
7.0,2.180115594642659,35.92,73.03,73.77000000000001,0
937.0,22.08950691895827,3.7,100.7,118.29,0
1579.0,10.877271368290502,0.4,36.17,117.56,1
733.0,24.51559955702803,5.13,13.96,29.88,1
207.0,20.83664936226788,27.96,49.14,91.26,1
252.0,1.0953607456608705,12.2,19.87,37.22,0
252.0,4.746109064284544,40.48,85.61,137.70999999999998,0
1198.0,30.46506153380801,3.31,38.3,162.19,0
196.0,7.546229063036312,18.41,37.36,97.27,0
929.0,31.87676704467252,158.4,294.73,390.77,1
1905.0,26.68768078166677,3.31,8.24,111.25,1
1562.0,40.77036050242681,13.93,42.27,87.83000000000001,1
72.0,3.606272203315682,5.82,8.24,52.34,0
289.0,1.4189209432710364,6.63,42.86000000000001,106.26999999999998,0
1279.0,35.85086576240288,13.68,14.45,14.45,1
112.0,24.77887708900005,14.34,96.98,260.91,0
102.0,6.292338395437769,1.71,53.27,97.17,0
1552.0,25.029107663161327,9.84,16.630000000000003,31.94,1
585.0,31.735828847521173,6.31,22.57,39.760000000000005,1
69.0,13.906416938742945,83.33,271.16,476.63,1
1488.0,29.19381811236892,9.7,23.9,116.61,1
292.0,1.3933471251867793,23.0,44.89,149.61,0
3307.0,52.69460824196188,21.94,49.22,94.13,1
681.0,15.991342535881016,64.69,184.9,277.97,1
540.0,2.0884172017918083,6.68,13.17,23.28,0
1278.0,24.5002815214749,4.12,48.23,77.42,0
2021.0,24.41512047626103,14.22,22.59,38.65,0
1750.0,25.89524082248493,49.45,62.53,64.23,1
1720.0,26.52198374933476,4.11,107.82,183.05,0
1663.0,26.13868365734412,1.43,38.43,46.7,1
707.0,43.13513534238503,66.14,110.05,191.6,1
1211.0,10.979775861795456,9.43,11.94,14.73,1
1878.0,37.49780055602294,32.4,37.72,61.34,1
195.0,3.2667369534053785,20.1,110.72,123.94,0
1194.0,24.172199371091,5.33,7.85,23.26,1
4237.0,30.47110812161494,14.39,15.23,26.54,0
139.0,14.263947828321124,5.97,40.38,84.21000000000001,0
199.0,3.4717273910601247,22.91,53.46,86.71,0
3554.0,28.5035711533411,1.54,17.56,82.59,1
159.0,30.26194567930274,25.48,331.27000000000004,442.18,1
692.0,25.176293155000685,39.28,53.14,98.45,1
929.0,2.872624341539043,10.27,28.96,29.03,1
769.0,21.957072262334343,0.0,0.0,12.73,0
624.0,13.241513733268036,1.04,1.05,1.31,0
247.0,8.611886660284798,27.07,53.61,84.81,0
468.0,11.638782342375588,72.7,119.57,124.22,1
63.0,3.2403233911170104,10.04,45.71,114.33,0
1393.0,26.065085963608468,69.25,107.79,126.11,1
888.0,13.792360324925085,129.03,220.07,291.17,1
5317.0,14.799701642451842,16.26,36.74,69.11,0
1314.0,16.3092633618643,0.52,18.13,18.59,1
107.0,4.243481582233396,51.08,61.97,71.72999999999999,0
201.0,15.212959060626032,53.79,79.49000000000001,199.93,1
239.0,0.9740372386064436,0.22,9.81,15.36,0
622.0,31.36698504102342,0.07,0.07,0.07,0
2393.0,24.67996107486124,2.87,2.87,4.71,1
6.0,2.127206512798371,61.64,229.17,318.57,1
24.0,7.963599896002825,7.6,24.65,52.89,1
1636.0,17.89437560837668,0.26,0.41,2.3599999999999994,0
1515.0,36.98677716151981,0.0,2.56,2.56,1
1396.0,3.200508507855546,11.95,28.19,92.02,1
1669.0,16.981723743155463,5.76,6.26,9.2,1
1416.0,13.111127069158682,6.81,13.15,42.18000000000001,0
3245.0,28.070121948343928,0.87,0.87,20.39,0
2740.0,29.865215887538653,3.75,14.43,19.62,1
94.0,3.4509708390456866,0.44,1.85,2.09,0
5184.0,59.5841255533914,14.53,18.6,32.39,0
1572.0,47.83798099053964,10.5,20.99,33.98,0
813.0,2.938804039026371,36.67,77.84,106.42,0
4084.0,24.98703787426337,8.26,9.48,9.85,0
296.0,1.4214154781104795,5.93,24.59,38.81,0
1503.0,16.038678192026104,4.3,5.51,37.4,1
1019.0,12.074502330273894,29.74,62.14,110.29,1
2931.0,44.31064277884628,13.98,26.18,50.46,0
4841.0,26.15123552256615,6.72,15.73,63.56,0
1251.0,3.700645055238003,14.94,43.33,119.51,1
185.0,4.920366354044426,92.06,259.72,539.49,0
4015.0,59.89577625658595,15.53,29.39,37.21,0
4125.0,35.14747521498803,7.78,20.55,31.190000000000005,0
1559.0,10.170948748149192,34.95,65.07,109.57,1
70.0,2.1259768158641013,23.72,50.02,54.69,0
2373.0,23.88892133696707,0.03,0.43,4.4,0
1566.0,32.90368498765844,1.27,16.62,115.99000000000002,0
1350.0,18.0263173503138,12.67,20.58,85.78,1
871.0,35.98862354122468,164.91,204.1,205.4,0
104.0,3.469541364276995,12.82,146.01,185.49,0
1728.0,25.918399236700026,62.16,102.51,136.61,1
23.0,2.0413777681804106,43.71,124.37,171.03,1
14.0,4.023040546811676,0.19,1.09,19.11,0
36.0,4.242613893222695,47.81,72.55000000000001,105.61,0
1558.0,50.3322350931986,30.5,65.25,91.89,1
869.0,7.918283024246914,35.59,72.76,209.37,0
645.0,0.9825808994123754,7.05,57.00999999999999,84.55999999999999,0
115.0,39.5106853976653,38.98,109.25,235.03,1
739.0,6.616511307914441,2.7,23.33,25.67,1
2302.0,28.36377316661259,13.38,40.0,102.6,0
1858.0,27.567462344848003,24.39,26.2,41.63,1
523.0,31.91459069850886,9.47,26.480000000000004,126.28,0
5.0,2.085490515740529,105.7,288.19,370.45,1
4122.0,40.99005523528607,0.35,20.31,56.430000000000014,0
3827.0,18.14433292579047,1.38,6.43,37.52,1
-1.0,1.852254273911334,15.52,56.14,87.8,1
982.0,20.442712553007564,0.0,0.14,1.8200000000000005,1
1119.0,19.14945002140933,27.12,107.75,212.07,1
90.0,0.0,12.43,33.72,136.01999999999998,0
2041.0,21.74392182314659,40.66,74.53999999999999,164.04,1
1022.0,36.10655674778545,1.74,5.62,28.44,1
1251.0,32.47374462015055,5.42,8.29,54.14,1
2442.0,17.488372713621818,17.32,32.27,50.38999999999999,1
570.0,31.006223173750243,21.59,43.900000000000006,102.45,0
1142.0,1.1140303509421825,0.0,7.36,14.6,1
1580.0,1.4568011145394837,24.38,74.62,160.20000000000002,0
486.0,19.106708679621853,4.61,14.41,31.750000000000004,1
264.0,19.518165735735224,5.6,22.56,69.88,1
5482.0,13.1899789340055,3.97,10.64,34.050000000000004,0
936.0,7.035382657347792,13.68,24.55,36.6,0
377.0,53.7489740272928,4.2,12.59,27.42,1
96.0,17.440557981026373,40.32,126.46,210.07,1
2582.0,14.607887870160232,61.51,118.73,171.84,1
2470.0,8.843156500883552,45.33,176.34999999999997,228.39,1
777.0,12.19922578147437,10.04,18.74,64.65,1
3543.0,4.279209739887967,116.18,191.89,260.12,1
707.0,59.06689899012227,3.18,3.27,40.57999999999999,0
2148.0,9.22804488284202,19.34,25.38,26.28,0
3154.0,27.71008249172615,0.03,2.0,21.290000000000003,0
1288.0,12.456195843516292,14.38,23.03,75.36999999999999,1
1705.0,2.2298070849917324,25.59,27.54,27.54,0
845.0,30.145634895972616,6.34,87.59,155.78,0
4156.0,21.114377725136297,3.39,4.54,117.68999999999996,0
2490.0,39.183379047472165,0.21,1.2799999999999998,12.330000000000002,0
1294.0,24.814434298539105,0.7,71.33,99.02,0
833.0,31.19135818353492,8.47,11.78,26.12,1
23.0,7.604590508007037,15.99,44.870000000000005,116.35,1
1314.0,8.88367265326201,1.8,2.67,189.73,1
199.0,3.4717273910601247,35.81,92.48,154.16,0
26.0,17.078131676396392,19.96,72.34,88.61000000000001,1
836.0,38.37393347495164,1.26,7.51,56.8,1
1628.0,30.342707714734605,14.28,30.55,56.39,1
54.0,3.465244538670621,10.67,74.71,148.2,0
271.0,1.4189209432710364,72.76,122.63,189.5,0
640.0,13.108321654365652,2.2,79.4,131.24,1
1559.0,29.26304389553204,17.06,32.41,58.35,1
5054.0,25.126107403736903,1.77,9.54,43.77,0
3.0,2.653046302977528,17.51,82.14,361.1,1
663.0,4.82326278722797,6.1,45.89,82.07,0
2709.0,29.2204826237158,10.8,12.87,35.31,1
1120.0,7.672506039100357,0.64,11.66,57.370000000000005,1
217.0,0.0,0.92,12.14,32.629999999999995,1
1826.0,33.646841951002344,3.05,19.37,49.59,1
1066.0,27.396267400283048,3.12,12.66,15.87,1
588.0,9.700569437024638,4.3,30.75,65.95,1
1043.0,5.625579491786746,78.58,116.26,124.11,1
1392.0,19.94576616473369,2.09,71.58,85.55000000000001,1
1081.0,8.496937956006335,21.06,76.18,247.9,1
4264.0,15.080721130244314,8.87,14.22,20.91,0
432.0,24.23215048378429,2.97,4.220000000000001,19.28,1
609.0,9.794731163128503,0.45,31.67,49.49,0
517.0,12.572942550775846,21.77,154.02,229.16000000000005,0
948.0,10.406004148237258,79.02,160.97,211.44,0
4917.0,55.13741131864968,0.69,20.31,52.82999999999999,0
1693.0,12.628003113014977,7.47,11.56,13.5,1
51.0,0.0,0.0,0.8400000000000001,68.67,0
244.0,1.855385510825832,42.12,86.66,116.9,0
99.0,1.396111711548549,14.22,37.67,118.62,0
88.0,0.9279360212320218,15.91,38.81,146.51,0
2203.0,25.718402120372115,10.84,27.29,62.5,0
3118.0,1.852254273911334,1.03,4.11,40.26,1
902.0,40.36561891466498,39.29,84.47,157.45999999999998,1
84.0,4.246115597034001,2.31,50.0,149.33,0
95.0,0.0,3.01,23.79,116.54,0
246.0,1.4180984743189955,5.7,5.83,6.86,0
46.0,3.107848619958056,0.0,24.55,105.1,0
575.0,12.073815012386085,4.56,13.3,66.39,1
490.0,15.815530736920152,91.69,167.45999999999998,258.9,0
2226.0,20.06747813852725,20.27,83.38,135.76,0
4629.0,38.19421370977621,45.36,60.96,61.64,0
811.0,18.79277068458064,0.0,0.97,14.97,1
2482.0,30.24592215889752,3.27,10.26,84.33999999999999,0
301.0,0.926369172997235,14.75,36.39,121.84,1
1728.0,11.387211682153785,5.78,14.93,47.43,1
724.0,5.635006261973033,5.0,10.42,12.77,0
51.0,2.962264172036869,8.4,82.12,160.64,1
792.0,26.612107126769075,19.67,151.56,180.83,0
791.0,14.556945931678731,8.53,25.3,49.85,0
796.0,17.946031415771497,76.95,132.5,135.86,1
292.0,21.17800538487376,5.0,13.14,34.17,0
1194.0,26.547637653849502,3.09,14.11,17.23,0
289.0,2.156046134086923,0.02,46.92,91.8,0
122.0,31.46794275581712,3.63,23.38,112.64,1
4349.0,36.43438784997779,5.46,8.96,20.7,0
2189.0,8.564040360328832,8.35,48.05,74.47999999999999,1
1342.0,15.045251890468451,0.02,0.22,42.89000000000001,1
3017.0,36.12046495190489,0.36,0.48,38.58,0
14.0,2.132110917454951,67.94,142.76,319.89,1
1216.0,20.153485331958937,20.39,69.77,139.66,0
586.0,2.0866681981651896,27.69,58.55,117.67,0
1635.0,17.968376514048142,82.16,187.74,243.87,1
105.0,10.085476299962467,32.15,108.99,231.77,1
2315.0,28.66861571559894,0.89,4.17,48.13,0
2069.0,56.13187415408886,1.58,6.67,41.11999999999999,1
173.0,12.858314085836204,7.89,16.48,48.2,1
3397.0,26.259989871109457,12.02,13.76,14.64,1
1164.0,13.776901127433725,159.16,301.04,402.74,0
2354.0,24.70480876248841,16.31,45.03,85.44,0
218.0,7.53556819161701,6.73,15.81,62.870000000000005,1
46.0,2.7771727466475022,47.68,110.86,338.72,1
373.0,3.592976146666873,11.69,18.06,97.56,0
292.0,1.3933471251867793,8.57,19.81,46.38,0
5015.0,24.679803469545966,3.25,17.82,46.260000000000005,0
479.0,22.924178020504897,24.56,73.55,182.7,0
2080.0,12.322552288948472,7.51,17.96,50.82,1
2174.0,14.709626552251406,19.4,29.92,84.65,0
52.0,0.0,19.98,46.6,128.17,0
489.0,33.84009910380617,1.34,2.16,2.43,0
73.0,13.663519856208897,32.96,96.01,110.07,1
69.0,1.3893149039597654,11.95,20.24,83.67,0
271.0,1.4189209432710364,100.14,152.82,158.06,0
5015.0,24.679803469545966,2.09,7.390000000000001,18.29,0
59.0,1.345960585196949,0.01,0.34,8.8,0
1704.0,27.369455013928143,9.11,20.54,30.52,1
1976.0,15.440566054073996,9.53,11.54,34.7,1
48.0,1.0377579618378767,163.71,240.34,273.62,0
3559.0,2.997435387966549,0.25,0.48,1.34,0
1132.0,7.721564737075644,28.74,59.6,124.47,1
1502.0,32.128828687867404,29.1,61.03,116.62,1
258.0,18.923862547536768,11.47,38.87,102.54,0
5699.0,42.80673375074191,0.03,0.45,9.01,0
2755.0,41.67230710352594,0.93,0.93,16.04,0
711.0,7.20097919921648,5.63,34.46,86.02,0
568.0,22.113876912814764,25.29,66.25999999999999,138.52,1
1011.0,10.737012349477968,9.35,56.78,98.35,1
4806.0,8.528546563298459,7.21,9.31,17.45,0
1668.0,38.40706244256023,22.44,42.58,100.35,1
663.0,36.59719885359989,8.13,26.33,125.91,1
421.0,11.747058666883063,0.17,24.260000000000005,64.65,1
1061.0,49.907455767339066,27.42,60.77,95.28,1
839.0,26.754669237119703,24.92,62.81,104.28,1
1231.0,3.2722870185412583,0.48,12.84,65.81,1
1559.0,25.152958742802603,6.37,16.77,28.53,1
1586.0,3.700645055238003,9.01,10.33,16.689999999999998,1
1231.0,14.164304838851391,1.01,66.24,233.83,1
3969.0,2.8691983302594606,4.71,4.72,25.89,1
11.0,7.723525416977735,24.01,50.57000000000001,77.63000000000001,0
773.0,14.7646896955861,11.64,27.74,40.12,0
1107.0,30.203926293037487,15.14,46.44,126.22,1
1411.0,12.030367282308,8.67,16.28,68.05,1
4749.0,21.074977521735622,102.57,166.76999999999998,212.94,0
766.0,26.42366303774005,21.83,35.69,48.29,1
1600.0,17.03898374535643,58.3,193.41000000000005,253.36,1
1239.0,14.290231661849331,2.88,5.66,21.290000000000003,1
1700.0,35.36027372118318,1.84,27.86,57.11,0
256.0,26.701404884610746,21.72,69.05,217.88,1
74.0,2.78098910844063,20.95,36.86,91.81,0
3711.0,28.66152395757852,3.08,8.81,16.060000000000002,1
752.0,2.1351274294166025,0.0,0.0,0.0,1
3260.0,25.57150447344835,10.66,22.24,22.72,1
54.0,1.852254273911334,32.69,36.57,116.34999999999998,1
425.0,36.29709404353894,3.16,20.57,29.11,1
581.0,20.309247989722795,34.65,104.6,170.2,1
1514.0,36.11996772784842,3.08,31.87,36.39,0
2235.0,42.73921519280118,3.22,18.61,43.92999999999999,0
1607.0,2.1655225485426595,13.06,37.94,43.66,1
317.0,13.589593958391731,136.4,164.09,246.72,1
28.0,0.0,20.3,68.55,185.65000000000003,0
5483.0,60.52911721022779,7.89,19.15,43.290000000000006,0
4651.0,28.67704785192434,2.05,30.04,78.69999999999999,0
45.0,1.3234073041152994,25.59,91.43,114.73,1
199.0,6.787802599791424,0.0,0.0,0.0,1
2051.0,26.57255806740217,15.79,41.11,75.5,1
204.0,2.198921738407341,4.37,102.82,131.01,1
3491.0,12.667146975830782,7.21,9.31,17.45,0
868.0,13.388390372604496,3.45,18.56,119.55,0
809.0,6.70525326285847,31.14,154.03000000000003,172.87,0
1911.0,40.92553631506085,0.0,1.89,56.63000000000001,1
4926.0,11.769726623019643,0.09,0.18,18.81,0
296.0,41.96958163064336,7.45,14.99,67.36,1
136.0,3.64394050925092,8.03,18.009999999999998,41.85,0
86.0,1.855385510825832,9.02,63.28,93.23,0
117.0,1.0386671350979773,23.58,39.64,72.19,0
5022.0,40.0458864429252,11.6,55.96,116.67999999999998,1
34.0,4.228625533720672,0.79,7.83,13.37,0
842.0,43.38425366680169,1.45,22.92,79.8,1
55.0,2.125092589258966,15.33,84.13,147.75000000000003,0
1157.0,41.67538598512718,15.11,110.23,146.31,1
1590.0,0.926369172997235,19.62,22.8,40.21,1
99.0,2.084701250562225,33.54,104.84,174.44,0
1392.0,23.59944453879583,0.45,1.26,11.98,0
20.0,0.0,72.57,104.67,139.81,1
39.0,0.9648430707504952,5.44,28.44,213.29,0
249.0,3.4319780815978373,11.11,12.86,27.08,0
236.0,17.151823509523624,61.13,106.92000000000002,116.73,1
309.0,1.42225610803532,0.07,8.76,8.76,0
2362.0,45.14658443764603,6.19,26.110000000000003,48.55,0
15.0,0.9379967692408814,14.29,19.47,25.34,0
4810.0,38.8257468604424,10.93,26.45,34.33,0
740.0,13.0479773943411,4.11,67.84,232.73,1
396.0,2.9593941376249964,23.82,45.04,129.3,1
79.0,2.968241041983797,0.3,23.77,103.8,0
3235.0,35.242275673497765,0.51,7.649999999999999,21.500000000000004,1
359.0,1.852254273911334,14.61,52.91,154.40000000000003,1
539.0,1.3549302732614883,51.34,128.63,187.66,0
282.0,3.2128253404789087,12.55,40.34,100.43,1
142.0,4.260974997341704,21.58,45.38,116.7,0
1949.0,6.925033699907076,36.45,61.82,134.01,1
120.0,2.1225336851439054,4.7,6.86,86.85,1
3774.0,41.87940540457984,7.52,55.56999999999999,103.27,0
470.0,22.45952250962254,2.38,19.51,65.78,1
205.0,4.862811096960644,0.0,10.12,14.04,1
767.0,7.469170817215433,9.58,37.17,98.19,1
3023.0,21.242444005519644,4.27,6.289999999999999,6.379999999999999,0
3567.0,56.92924744151644,4.61,5.550000000000001,13.39,0
4813.0,27.64758596704239,3.55,9.51,13.7,0
4584.0,31.280741652205933,2.56,4.35,4.41,0
222.0,2.9657876431775008,13.93,80.33000000000001,92.86,0
1472.0,30.107544333341195,7.01,14.36,37.34,1
166.0,10.49371821509502,47.46,103.84,138.71,1
430.0,3.515403050966418,0.0,1.71,1.71,1
2698.0,10.695696777464434,32.32,33.8,38.38,1
6.0,7.451519953024006,56.88,100.21,101.73,1
577.0,23.257702468808013,40.47,104.47,158.73,1
1243.0,25.45006572616037,5.13,13.96,29.88,0
1073.0,29.77178592100088,16.97,36.01,57.34,0
525.0,5.15715117338214,39.28,53.14,98.45,1
1452.0,8.217939368508873,52.1,92.98,96.35,1
1442.0,4.9508487656938565,23.12,99.99,119.47,1
5126.0,25.856259855776493,0.0,0.0,1.02,0
876.0,25.94490322722067,2.62,41.26,100.51,1
66.0,12.050197904207147,8.74,18.950000000000003,36.32,0
516.0,23.59459270643892,30.08,55.04,150.92000000000002,1
702.0,8.899411654391821,4.96,4.96,4.96,1
44.0,0.9653243801871292,74.61,148.98000000000002,298.72,0
1125.0,39.5106853976653,8.45,64.93,96.46,1
4825.0,31.40432800461783,1.0,20.36,39.23,0
344.0,18.66334470623999,4.34,40.53,57.3,1
5077.0,8.627056077198322,11.09,38.03,60.49,0
4810.0,38.8257468604424,3.93,3.93,3.93,0
18.0,4.66943512608206,47.23,63.38,67.03,1
69.0,1.3893149039597654,36.98,152.61,295.03000000000003,0
1510.0,32.9637078729091,0.26,1.83,3.59,1
3296.0,29.37686223412349,13.7,42.13,46.97,1
1652.0,31.622511420038585,0.53,72.81,88.15,0
160.0,0.9279360212320218,11.27,26.27,51.78,0
192.0,1.3443899894791966,14.34,53.84,78.1,0
1311.0,31.44272371697256,5.42,8.29,54.14,1
127.0,0.926369172997235,42.73,61.92999999999999,96.57,1
700.0,15.584319140976891,10.83,37.9,68.11,1
10.0,0.926369172997235,0.0,1.2,13.079999999999998,1
187.0,4.151500157150817,9.35,20.12,38.0,0
4230.0,38.42614497864805,4.71,4.72,25.89,0
110.0,7.483527022769613,45.59,126.29,207.05,1
3377.0,0.926369172997235,1.03,1.03,1.03,1
508.0,4.345266979704283,18.33,34.5,39.18,0
2317.0,47.71207719948629,1.04,10.009999999999998,32.72,0
5521.0,29.07468292536789,0.0,8.370000000000001,12.13,0
4162.0,15.390110042494245,47.73,106.2,120.47,0
166.0,7.910790505988174,35.72,97.5,135.95,1
574.0,13.382011058655502,5.36,227.44000000000003,330.6,0
622.0,5.652381512875881,87.77,352.92,463.42,1
1033.0,16.02045964527659,6.03,24.82,47.27,1
1328.0,24.119907126086968,10.3,41.39,117.9,1
2784.0,42.4419390448718,13.17,36.7,50.620000000000005,0
1118.0,23.195504298327688,0.9,14.07,26.29,1
74.0,2.2709051588943243,10.49,23.29,50.94,0
878.0,8.959016880318755,14.85,23.14,71.61,0
1223.0,11.982789615605451,5.16,18.51,97.14999999999998,1
307.0,8.213794389737659,27.16,62.64,230.33999999999995,1
208.0,1.057776620942137,16.85,31.87,47.64,1
320.0,0.926369172997235,0.02,5.329999999999999,16.23,1
59.0,2.1233551687560546,7.63,38.71,72.57,0
136.0,2.78186346598435,0.06,13.64,95.46,0
468.0,1.855385510825832,25.9,38.31,42.97,0
1904.0,47.50145543703492,12.86,43.03,103.13,1
1210.0,32.10939537379301,34.05,145.59,208.77000000000004,0
1790.0,25.308890134408312,23.44,70.77,112.07,1
455.0,6.305091694156849,22.95,27.37,60.00999999999999,0
4341.0,26.309520473224502,0.0,0.0,0.0,0
272.0,0.9279360212320218,5.4,22.22,45.18,0
693.0,2.0834977221007343,53.35,154.98,246.72,1
45.0,1.0368535336436908,1.7,5.69,168.3,0
164.0,6.319849129470927,3.05,4.25,58.22,0
1219.0,33.67193744558453,25.59,27.54,27.54,1
202.0,4.209581899718213,2.97,4.220000000000001,19.28,0
5377.0,36.51588623126211,11.87,12.89,29.32,0
1548.0,18.257830124319,7.51,17.96,50.82,1
1488.0,40.75542866830437,2.34,3.69,3.91,1
1031.0,37.94197273023927,33.57,82.86000000000001,111.06,1
838.0,41.60505554204544,39.59,80.54,82.83000000000001,1
690.0,3.789463343323095,5.63,27.18,60.3,0
1.0,2.9445484274152403,22.99,145.2,203.48,1
332.0,8.555727114022334,22.27,34.36,40.61,0
277.0,10.68724186931734,16.18,42.63,65.62,0
626.0,14.54370811916454,0.02,1.97,6.079999999999999,1
599.0,4.748146082881559,19.02,31.62,55.39,0
39.0,4.742903855732507,5.19,13.25,35.77,0
329.0,1.321058439450427,5.4,22.22,45.18,1
60.0,2.0676636780842625,8.56,30.97,128.76000000000002,0
133.0,10.024134913751013,41.24,100.47,149.45000000000002,1
3754.0,31.34360836259988,0.33,1.32,1.45,0
1701.0,24.130308277645035,1.18,27.55,101.97,0
616.0,3.464728799481741,53.58,139.12,184.87,0
1213.0,30.387353371754784,24.04,71.53,95.06,1
830.0,27.77932543433156,3.45,10.5,19.57,1
3388.0,30.748384523180444,2.67,33.96,60.260000000000005,1
2170.0,3.466954947796808,29.1,61.03,116.62,1
3756.0,29.06584863357883,12.79,35.34,49.67,0
289.0,2.156046134086923,42.9,77.67,79.37,0
318.0,8.604664913794034,20.83,75.22999999999999,123.36,1
571.0,17.97114465820681,15.39,33.870000000000005,45.79,0
4549.0,19.316264704981243,0.09,1.1900000000000002,1.96,0
1018.0,9.356034364378676,10.61,13.72,16.799999999999997,1
1703.0,19.18002744721545,42.18,104.01,140.79,1
1342.0,42.249059636180085,35.29,62.41,98.8,1
773.0,3.862808306149693,10.92,34.32,108.68,0
151.0,3.5885571438036794,26.53,110.95,121.17,1
228.0,2.9642097379008097,27.13,40.16,56.59,1
576.0,0.9279360212320218,71.03,168.1,248.59,0
889.0,17.07308516773084,13.28,16.62,43.01,1
802.0,25.62140075853221,17.31,45.69,63.64,0
1596.0,5.56672068900385,1.09,7.359999999999999,7.359999999999999,1
2063.0,28.51018015838988,1.04,7.13,35.720000000000006,1
158.0,30.203926293037487,0.0,0.01,81.07,1
1307.0,40.39713922078188,34.95,113.14,176.0,1
1564.0,22.0009164260441,99.34,122.1,123.02,1
162.0,2.7802349866361302,15.93,28.57,61.51,1
846.0,11.873985657037032,12.19,26.67,29.950000000000003,0
5108.0,18.374811276589583,12.9,25.07,55.2,0
1174.0,37.03880994976716,32.12,58.88,100.82,1
496.0,16.794451837801297,9.62,61.33,170.83,0
81.0,1.340289645642677,18.88,289.23,401.12,0
2373.0,16.753270157707878,6.24,16.29,67.22999999999999,0
60.0,2.0676636780842625,4.22,13.88,29.41,0
2074.0,19.376386609630003,21.86,54.44,82.9,0
4678.0,29.563071241410537,3.31,3.31,3.31,0
3295.0,54.48224435300498,7.4,13.85,64.38000000000001,1
1602.0,26.681266321362195,79.86,103.04,118.66,1
649.0,3.3749042315627404,25.09,59.370000000000005,70.75,0
1134.0,35.28218833340786,5.36,6.24,6.24,1
20.0,2.7771727466475022,48.83,177.5,346.48,1
5.0,2.9444647786649147,27.74,57.33,88.0,1
116.0,2.969835404174002,0.09,18.66,28.74,0
2178.0,19.61553662580004,19.47,27.06,113.47,1
2689.0,34.88498111627058,18.16,56.74,122.13,0
699.0,12.53952719301456,18.26,146.36,284.48,0
149.0,2.971812670368795,16.03,31.01,145.46,0
1800.0,7.256219400387159,0.1,0.12,9.239999999999998,1
588.0,9.868020302798934,26.31,55.13,92.29,1
407.0,16.099431076325118,7.71,43.91,88.83999999999999,1
18.0,0.9279360212320218,48.47,193.27,333.49,0
1347.0,24.17434336832449,1.53,29.71,48.36,1
600.0,10.167146382762525,20.15,20.82,21.33,0
134.0,1.855385510825832,4.97,56.38,101.29,0
857.0,25.86669971816631,1.94,1.94,30.42,1
1406.0,22.47272827882763,17.06,32.41,58.35,1
1918.0,25.676361340977152,5.51,14.22,23.32,1
467.0,29.010057439499533,32.69,88.62,133.62,1
1632.0,2.164409639235206,22.91,34.97,57.94,0
3563.0,23.3455450179556,8.8,12.4,24.12,1
497.0,30.6031595904574,97.34,179.49,253.28,1
1508.0,27.04173410665788,19.59,47.41,133.06,1
4897.0,20.501187033173416,0.45,1.81,4.819999999999999,1
700.0,38.48065434258285,91.15,167.71,244.04,1
12.0,1.852254273911334,4.49,19.07,37.8,1
120.0,1.0470662401014994,21.14,32.78,70.47999999999999,0
63.0,4.818259994255743,14.23,20.69,180.1,1
542.0,6.457012205792348,4.9,6.19,12.97,0
174.0,24.82084659734152,1.29,6.319999999999999,32.89,0
4603.0,36.46899792827555,0.98,3.57,6.789999999999999,0
4302.0,15.373025654864438,3.08,8.81,16.060000000000002,0
2542.0,38.73902438595464,8.66,18.92,32.52,1
998.0,6.125906246428548,1.71,17.09,68.88,1
28.0,0.926369172997235,18.11,52.6,152.60000000000002,1
317.0,9.327683683775282,4.65,43.69,146.25000000000003,1
2268.0,25.834953165466,6.03,6.71,7.0600000000000005,0
73.0,5.645172325191004,7.64,32.39,41.78,0
1684.0,28.08554177882928,4.08,74.99,91.33,1
1668.0,32.48339327835614,24.66,57.5,122.63,1
1195.0,25.728887952082264,4.45,25.11,34.84,1
117.0,31.1647931256136,1.76,43.86,87.48,1
226.0,2.1211348279605264,9.62,16.96,28.11,0
21.0,4.151536785295535,32.34,93.86,166.0,1
158.0,16.672500924387776,100.21,151.86,234.0,1
248.0,6.166308477023598,11.76,44.78,112.45,1
918.0,15.998551483834897,8.95,35.47,54.13,1
215.0,2.936632303217729,1.42,14.19,34.52,0
257.0,6.037676337537942,0.84,33.230000000000004,72.2,0
90.0,2.2709051588943243,11.53,29.67,100.12,0
1431.0,15.833998491382577,3.75,14.43,19.62,0
46.0,1.855385510825832,22.75,24.35,38.62,0
50.0,1.3886560245535318,0.0,0.0,0.01,0
788.0,3.8256119473253234,0.17,2.39,16.07,0
431.0,2.833846660739933,12.06,34.7,56.3,0
5015.0,24.679803469545966,0.06,12.65,12.74,0
926.0,36.41131657948219,0.31,0.64,1.35,1
70.0,2.7823345378056263,14.42,157.95,241.42,0
2209.0,22.73050596094817,6.81,16.91,29.59,0
5482.0,13.1899789340055,2.11,5.199999999999999,21.29,0
614.0,4.936180823785325,14.4,21.33,204.91000000000005,0
5672.0,6.556762003427905,83.93,130.23000000000002,170.0,0
86.0,24.925661978622223,126.76,191.59,231.7,1
64.0,2.125092589258966,116.05,139.57999999999998,184.68,0
106.0,4.986081130841307,31.68,55.28,62.83,1
4524.0,8.98998073942689,3.09,6.74,24.95,0
4377.0,28.66372929165834,8.65,24.58,37.09,0
22.0,2.9420469443372586,0.78,1.32,1.7200000000000002,1
802.0,28.63524412342432,2.3,2.31,4.09,1
1957.0,14.642214753431064,0.01,8.45,9.91,1
938.0,5.444531508911997,1.75,6.8500000000000005,66.28,1
62.0,8.052208331477186,74.81,239.59,401.8,1
3392.0,22.04765281965332,26.66,38.94,101.15,0
5469.0,5.4922781527666285,0.65,2.15,30.630000000000003,0
808.0,21.16476553988907,92.52,264.91,377.54,1
338.0,3.5116621701670936,4.52,15.13,120.43,0
683.0,2.6722130122177,7.62,23.98,54.07,0
1027.0,4.777855837867803,57.69,107.85,160.98,1
121.0,33.99330408731827,1.76,43.86,87.48,1
766.0,34.34235326041044,2.17,16.47,42.510000000000005,1
1075.0,15.627861497598468,4.92,78.91,190.12,1
2487.0,38.17760363820586,20.72,41.8,88.17,1
642.0,31.568430941138818,36.02,76.5,135.79,1
3419.0,30.91911614989316,5.44,21.66,46.38,0
3455.0,4.816346968287688,10.68,15.33,41.98,0
214.0,21.75887594049199,68.15,195.05,237.72,0
61.0,8.894608374531636,0.26,0.26,0.26,1
28.0,2.081551404631642,44.07,118.01,189.8,1
1456.0,24.97370402976945,11.21,24.72,78.91,0
76.0,7.148839105606214,126.76,191.59,231.7,1
3991.0,38.27767832231528,5.37,27.180000000000003,32.32,0
788.0,38.419313040845296,0.81,43.97,77.12,1
168.0,0.0,0.0,0.0,0.41,1
1229.0,25.44661265658255,14.51,72.69000000000001,119.24,0
824.0,1.327683002773203,1.89,1.89,1.92,0
1903.0,42.28117871468224,0.0,0.0,0.0,1
834.0,24.075050587869868,2.81,18.91,39.86,1
4985.0,35.671342323322,1.06,6.460000000000001,21.94,0
2430.0,46.9489142738443,9.92,26.67,58.150000000000006,1
20.0,2.78186346598435,61.95,142.82999999999998,165.91000000000005,0
72.0,0.0,0.0,0.0,0.0,0
174.0,3.264032534498416,20.1,110.72,123.94,0
2395.0,25.51257491864016,4.73,4.75,7.130000000000001,0
2459.0,16.74999874473138,3.1,6.119999999999999,20.46,0
39.0,1.3201234439694864,24.01,51.69,79.93,1
209.0,0.926369172997235,33.77,55.080000000000005,62.540000000000006,1
936.0,7.035382657347792,35.02,144.1,235.84,0
147.0,24.052508338262687,28.43,197.07,272.76,1
1610.0,4.310578144832906,0.59,11.27,31.37,1
2482.0,30.24592215889752,53.57,112.12,162.06,0
236.0,4.73258290298148,12.21,75.55000000000001,107.96,0
1511.0,20.42254604983192,36.17,98.58,150.96,1
44.0,7.569649161668175,7.46,98.72,328.14000000000004,1
1400.0,29.26804176607994,6.03,7.31,7.68,1
23.0,7.950200361511269,60.06,191.72,426.11,1
23.0,2.7771727466475022,3.4,12.17,132.63000000000002,1
1659.0,20.546917142592864,23.95,51.88,102.11,1
849.0,12.840545243094883,15.27,54.16,146.23000000000002,0
153.0,1.8834110200704723,2.86,2.86,3.27,0
1854.0,52.02891334523353,3.09,11.22,13.18,0
26.0,3.700645055238003,59.65,111.35,329.11,1
206.0,3.854629129690256,1.72,36.0,215.79,0
2193.0,17.49791922651136,13.67,43.7,87.71,1
171.0,11.040914375806173,119.5,287.27,458.55,0
1008.0,2.4124365866013897,13.98,40.98,45.7,1
630.0,7.468865384507843,15.71,24.97,92.78,0
527.0,30.38317683491392,73.43,268.21000000000004,499.22,1
4015.0,59.89577625658595,30.5,65.25,91.89,0
947.0,16.7960962530793,0.08,19.22,36.78,1
1341.0,30.168180464271902,9.03,90.09,127.21,0
130.0,1.4011007392355936,13.86,22.99,51.78,0
129.0,2.0795129067042195,0.69,4.55,13.589999999999998,0
481.0,0.0,0.0,0.61,1.46,0
66.0,4.534697852459396,6.19,24.790000000000003,100.79,0
4014.0,35.11255656828881,20.43,41.59,44.58,0
341.0,5.210697816005832,58.74,149.12,181.87,1
2072.0,29.948378084155745,0.67,11.079999999999998,57.89,0
249.0,3.4319780815978373,15.96,29.17,33.83,0
36.0,4.242613893222695,11.05,47.620000000000005,86.57000000000001,0
1395.0,24.37247781848961,3.11,20.52,21.92,1
699.0,2.78186346598435,4.02,11.21,15.5,0
4373.0,4.622196164454146,13.6,49.11,54.22,1
795.0,13.133665075977136,15.49,37.62,42.41,1
788.0,10.96796618678514,8.73,15.13,35.379999999999995,1
1747.0,46.47729520450555,2.78,24.24,47.52,1
297.0,3.428430572044911,16.88,62.89999999999999,132.6,0
910.0,31.57757003120463,3.03,39.23,93.28,1
335.0,2.1688394436940546,0.0,0.36,0.36,0
7.0,6.475866383668564,27.74,57.33,88.0,1
145.0,2.089638445926117,7.77,29.51,33.540000000000006,1
1853.0,17.243893132265686,4.9,104.34,121.77,1
1169.0,4.9878390566402775,18.18,21.79,59.46000000000001,1
157.0,8.321563654084496,3.58,16.41,49.42999999999999,0
781.0,14.420555104879853,18.6,41.03,71.1,0
1338.0,4.343258728209363,65.62,141.84,167.69,1
105.0,4.019682868208766,23.1,112.07999999999998,195.69,1
418.0,18.376258776423803,58.74,149.12,181.87,0
10.0,2.0968400837997545,62.64,158.55,221.48,1
1684.0,27.15301547816716,39.24,51.75,122.25,1
150.0,2.2742123746268543,0.46,1.81,4.97,0
72.0,2.827470857391502,0.17,2.2,4.24,1
5.0,5.136854423899152,56.6,104.11,241.82,1
1638.0,15.4528868014368,29.26,30.790000000000003,39.36,1
79.0,8.233405436685024,27.74,57.33,88.0,0
5482.0,13.1899789340055,7.02,17.69,27.45,0
124.0,11.219261609722672,12.04,17.97,64.46,1
783.0,3.973587647191488,7.53,26.0,48.94,0
302.0,3.49495322194572,12.11,27.4,38.33,0
3168.0,31.342868576111098,11.2,14.38,22.29,0
1649.0,20.17083508931048,8.32,18.31,51.05,1
523.0,27.476014646447773,20.46,137.07,157.06000000000003,0
2395.0,25.51257491864016,7.84,11.43,13.21,0
946.0,28.815442535947128,6.92,13.39,24.49,1
2211.0,29.695736035833377,18.68,107.07,129.82,0
1678.0,19.73007978274894,52.1,92.98,96.35,1
4145.0,24.391790918406663,11.43,40.48,47.27,0
842.0,14.870465426687918,11.43,23.62,27.86,0
2296.0,19.839824232664423,6.89,12.27,75.89,1
1577.0,1.123229861509517,0.11,12.98,16.279999999999998,0
1002.0,16.25754980601367,29.1,61.03,116.62,1
604.0,1.9598709367661784,54.15,79.67,99.11,0
731.0,36.9721192518271,25.27,29.07,29.13,1
62.0,1.388921568190823,10.67,74.71,148.2,1
1480.0,34.577439865993604,7.3,45.36,99.3,1
788.0,11.127294401170266,8.25,17.73,60.43999999999999,0
39.0,2.1233551687560546,4.28,15.52,82.47999999999999,0
2180.0,19.214871795259143,17.87,48.48,107.9,1
1686.0,4.807840935153697,40.07,55.66,69.77000000000001,1
1501.0,23.03140253394507,5.66,22.02,88.8,1
931.0,14.765472017333682,9.93,17.18,36.45,1
4349.0,36.43438784997779,3.0,23.65,60.110000000000014,0
83.0,2.115644786896812,8.95,26.95,92.78,0
299.0,10.768510295209571,47.06,120.65,200.19,1
3169.0,24.34149597040686,18.21,86.18,104.58,0
4888.0,8.061448560809282,7.51,13.18,54.41,1
240.0,1.855385510825832,4.22,20.88,58.41,0
1688.0,18.182347827825776,14.44,69.09,128.49,1
39.0,10.457583720168415,33.85,104.08,139.33,1
2149.0,8.889789672168755,8.72,16.68,52.09,1
3088.0,18.636242039275896,11.24,15.23,54.14,1
1278.0,24.5002815214749,41.28,49.25,99.57,0
195.0,2.8154441507688475,66.49,152.83999999999995,175.27999999999997,0
336.0,1.0802683536467106,2.97,29.17,47.84,0
34.0,1.3886560245535318,0.05,2.83,25.49,0
722.0,22.593231019693395,4.85,13.33,22.380000000000003,0
1750.0,40.43082795638102,13.98,40.98,45.7,0
1056.0,5.628910152357929,7.06,11.5,13.99,0
1315.0,18.801212904229484,19.68,36.42,58.59,1
125.0,2.9626822416069367,8.68,12.45,51.98,1
32.0,4.1448363137207975,5.18,82.98000000000002,95.97,1
241.0,2.1008676818147225,36.76,77.81,131.04,0
879.0,1.4135986845265094,10.09,28.12,39.13,1
1476.0,20.400209394842538,32.47,106.08,170.29,1
4780.0,13.655677006485698,7.42,11.41,42.35,0
903.0,8.05436638167055,18.4,28.94,55.56,1
2866.0,38.19421370977621,24.38,74.62,160.20000000000002,0
4797.0,22.589886620320083,3.5,8.98,21.42,0
46.0,1.3906438732530946,20.06,78.42,173.64,0
188.0,3.8493673357567135,1.42,4.12,9.660000000000002,0
1006.0,19.371628439488457,17.13,44.55,46.81,1
332.0,2.78186346598435,30.63,51.02,71.41,0
31.0,2.122927203482888,5.12,22.06,143.04999999999998,0
332.0,2.78186346598435,0.0,0.14,1.08,0
1946.0,5.541356985555456,4.75,27.56,173.69,1
897.0,6.545169727150817,66.0,94.15,100.54,1
87.0,1.0255197999912589,10.91,25.09,27.98,0
28.0,2.9399624450634234,56.19,187.04,247.48,1
76.0,2.77965122679813,42.73,61.92999999999999,96.57,0
526.0,31.105573701633308,6.17,9.0,23.300000000000004,0
1408.0,24.83790993999571,0.36,0.36,5.430000000000001,1
703.0,34.84667986006248,43.92,159.39,407.11000000000007,1
185.0,18.939917413024148,9.93,17.18,36.45,0
18.0,3.906655221211935,38.54,58.08,117.73000000000002,1
571.0,17.97114465820681,1.54,4.51,17.9,0
802.0,32.67640342029832,33.17,47.52,85.74000000000001,1
1159.0,11.913971851564176,47.06,120.65,200.19,1
468.0,1.855385510825832,9.77,43.63,66.11999999999999,0
790.0,12.997828770756552,34.97,69.15,91.07,1
1602.0,19.680594235339864,6.51,9.22,52.2,1
1330.0,41.58765380700268,19.34,25.38,26.28,1
488.0,1.0617004186454315,56.01,129.98,182.55,1
1217.0,15.048703646603933,3.04,20.0,29.14,1
3587.0,43.09809611015396,2.94,12.659999999999998,43.17,1
99.0,5.855172056541048,33.9,125.06,135.21,1
1216.0,24.7342113149844,69.54,122.47,126.65,1
1964.0,17.37111651345607,64.91,91.34,91.99,1
58.0,2.78186346598435,45.18,113.26,239.94,0
340.0,1.0769225514271012,0.36,12.44,16.669999999999998,0
2524.0,39.62962992393063,15.7,26.23,96.52,1
1392.0,23.59944453879583,49.6,52.88,67.92,0
185.0,4.148947903133957,0.3,2.23,3.12,1
230.0,8.490611996518268,16.08,31.37,210.3,0
559.0,11.347892470673976,9.38,21.01,44.2,1
378.0,0.0,4.46,32.9,54.7,1
4997.0,45.37328221128173,2.86,11.22,32.31,0
50.0,1.855385510825832,4.99,15.39,90.58,0
1693.0,11.768708382418277,46.03,90.81,112.13,1
291.0,3.658929001749303,0.0,0.07,6.57,0
468.0,4.274174935335535,8.81,24.85,83.8,1
919.0,3.820139922279508,0.64,0.64,0.8200000000000001,1
1435.0,19.35012885428996,10.3,41.39,117.9,1
1631.0,10.656367082206112,9.99,15.420000000000002,22.28,0
2319.0,8.096055428503304,8.73,14.510000000000002,23.9,0
597.0,1.348813661238698,12.58,25.97,44.25,0
94.0,2.085187,10.32,32.41,71.72999999999999,1
1820.0,31.568430941138818,6.67,78.65,87.10000000000001,1
586.0,5.622690631281091,42.04,115.14,159.8,1
3187.0,8.916202299212847,8.8,12.4,24.12,1
364.0,2.956941781823201,19.57,44.45,51.57,1
2615.0,1.0437789193849585,6.41,9.64,28.55,1
711.0,7.805858322302541,9.43,37.36,65.9,1
1502.0,15.08396081807822,4.38,6.8,35.08,1
1146.0,19.925329193856744,24.76,60.25,122.95,1
1579.0,31.05982401684881,8.12,46.77,147.49,1
2185.0,30.946276433421417,0.65,31.23,56.81999999999999,0
669.0,48.70480934160253,62.72,167.31,253.55,1
2183.0,17.5715573578488,11.86,22.15,34.03,1
1628.0,19.313990848755303,61.76,146.77,195.56,1
4508.0,40.04236321391731,0.0,0.0,0.45,0
115.0,14.262748265749742,6.58,19.51,22.33,0
3948.0,7.78183659187649,1.98,37.87,56.29,1
3426.0,30.731772287991458,5.47,27.37,61.63999999999999,1
2735.0,20.073136778726536,3.46,14.65,14.73,1
1661.0,19.24805104341493,17.13,44.55,46.81,1
415.0,7.714869486535942,39.24,51.75,122.25,0
195.0,13.990207050154224,4.41,11.86,25.0,0
1623.0,2.162399622069942,8.66,95.64,104.73,1
1702.0,22.270143115026368,34.17,38.52,59.11,1
460.0,11.581192121510606,0.0,0.0,0.0,1
163.0,3.6040255058126944,26.11,35.41,44.63,0
1876.0,14.250419477603126,15.93,28.57,61.51,1
863.0,27.974086584596247,0.25,5.85,14.94,1
813.0,44.2276920510005,5.65,24.17,83.82000000000001,1
325.0,3.8852997790355777,3.59,20.97,54.67999999999999,1
1977.0,32.96497152447033,13.16,31.52,59.16,1
2503.0,48.84136500908637,22.78,52.52,117.6,0
1586.0,2.422364634048608,29.99,36.81,63.27,1
1985.0,33.37042463954668,9.65,93.78,116.73,1
787.0,2.261194903564097,6.49,12.71,57.48,0
36.0,4.242613893222695,3.87,13.5,15.010000000000002,0
1633.0,44.22548563967982,7.28,15.489999999999998,62.2,1
50.0,0.0,24.29,49.8,151.20000000000002,0
2949.0,46.00594944378263,14.03,26.89,34.370000000000005,0
1307.0,2.7771727466475022,0.65,31.23,56.81999999999999,1
2899.0,19.211514229169296,0.53,15.3,43.290000000000006,1
2343.0,5.662320011132199,1.58,6.67,41.11999999999999,0
1477.0,27.926491096069576,0.24,0.61,1.31,1
2828.0,25.95626753782579,8.41,8.41,9.59,0
474.0,7.161187087203872,4.39,10.489999999999998,13.419999999999998,1
338.0,2.9796274045313824,7.04,10.47,22.92,0
4326.0,4.415747413140075,2.3,5.02,21.790000000000003,0
42.0,1.3878521111919373,0.03,26.540000000000003,52.6,1
70.0,1.0377579618378767,153.08,243.17,280.43,0
90.0,2.2709051588943243,6.22,28.4,82.78999999999999,0
133.0,8.81507008632296,19.67,161.97000000000003,339.02000000000004,0
3971.0,7.509753273065751,12.31,33.47,83.37,1
9.0,3.8297200944611607,57.65,157.6,296.51,0
135.0,6.180863283231274,7.37,47.67,75.72,0
33.0,2.1319248189398,29.28,76.03999999999999,111.7,1
288.0,13.266819111186058,5.5,39.36,128.39999999999998,1
1715.0,20.825210462567107,10.34,27.68,74.35,1
1334.0,36.63368662586392,5.92,10.64,23.16,1
3349.0,12.069001859607054,0.03,0.67,12.21,1
650.0,4.66489858530668,1.53,1.88,1.88,1
1621.0,10.494582759496003,4.28,7.78,113.59,1
106.0,2.27541360631844,15.17,73.01,134.57999999999998,1
1256.0,14.80546141353928,3.79,13.89,32.67,1
396.0,4.290553810071151,35.98,56.2,82.43,0
3667.0,43.379260469897744,0.02,2.95,14.12,0
724.0,13.369645277910749,13.18,50.87,108.57,1
4999.0,32.97241565779775,6.57,12.11,55.09,0
1152.0,30.949579012722428,17.35,49.71,103.86,1
741.0,32.28120160928111,16.06,20.82,42.92999999999999,1
3909.0,34.53191624477548,0.2,0.75,22.01,0
3838.0,54.02562116758771,0.99,11.34,37.1,1
41.0,4.782913703761298,1.54,6.63,31.4,1
5415.0,4.257269345953565,7.72,17.619999999999997,60.91,0
267.0,0.9279360212320218,2.81,10.29,42.67,0
553.0,11.279666663734996,14.26,68.12,84.59,0
3317.0,42.56801587443952,8.8,12.4,24.12,1
766.0,5.105178347687375,6.55,31.34,52.03,1
132.0,2.671426147803496,43.92,159.39,407.11000000000007,1
2541.0,31.03990118766965,24.02,75.19,89.44,0
714.0,12.173036516721318,33.12,72.41999999999999,216.43,0
766.0,16.01051393671611,1.86,7.370000000000001,10.84,0
142.0,26.38204374851861,76.93,137.13,146.85000000000002,0
660.0,13.7373205407365,16.75,22.46,35.41,0
715.0,30.393592818008244,7.95,14.06,23.01,1
1130.0,5.961398525332251,13.29,39.54,133.79000000000002,1
1807.0,36.13675382262674,36.99,144.96,198.09,1
767.0,15.602965934745434,4.25,42.21,151.93,0
1525.0,37.35514278400912,19.36,74.28999999999999,123.8,1
4237.0,30.47110812161494,35.06,81.64000000000001,82.07000000000001,0
61.0,2.2560210150566906,9.55,193.47000000000003,324.36,1
1250.0,34.24381962636699,0.0,0.0,0.05,1
116.0,16.735342619138066,3.2,31.42,172.36999999999998,0
1566.0,32.90368498765844,2.21,34.02,72.14999999999999,0
1112.0,18.896707398547417,21.13,22.68,39.22,0
2937.0,28.48828896338404,27.89,34.120000000000005,35.36,0
29.0,2.2643967048270053,7.66,25.1,41.66,0
2358.0,34.76664585902739,0.03,0.03,20.72,0
5281.0,58.75293419417859,1.96,2.22,2.32,0
306.0,5.088642958624404,7.07,24.06,39.190000000000005,1
1073.0,29.77178592100088,0.63,93.34,156.42999999999998,0
1755.0,9.58752644399106,14.5,22.07,36.87,1
2572.0,21.105261172451133,23.26,87.57000000000001,154.64,0
1096.0,25.55342084299832,5.77,22.82,95.29,1
1431.0,15.833998491382577,14.32,21.73,40.31,0
369.0,16.293196791034532,76.06,100.44,116.44,0
4675.0,23.75777359219877,12.02,22.59,29.5,0
1078.0,48.918758070801935,4.74,12.69,83.61,1
136.0,5.108277405239123,8.74,18.950000000000003,36.32,0
953.0,42.26732210621416,10.89,21.72,51.05,1
10.0,3.822780159148287,0.0,0.0,0.0,1
4237.0,33.992493042773816,0.39,0.4,8.35,0
4475.0,17.425018108318906,6.59,13.23,56.98,0
10.0,1.3410116163886798,5.89,18.91,33.12,0
26.0,2.095543051336284,4.49,19.07,37.8,1
157.0,22.439180535830968,114.76,177.10000000000002,213.38,1
45.0,1.3847801862000229,13.4,35.61,47.16,0
614.0,4.936180823785325,0.0,0.0,0.13,0
972.0,3.9164979304354905,69.65,326.39,491.55,0
777.0,38.50868136980543,2.93,5.34,5.34,1
857.0,25.86669971816631,1.94,1.94,30.42,1
45.0,1.3906438732530946,10.96,64.99,159.27,0
591.0,18.04520767118797,8.26,23.56,43.63999999999999,0
1960.0,42.46111290146427,33.04,38.38,116.2,0
1594.0,21.242444005519644,51.49,87.75,124.75,0
1385.0,2.117093818638704,32.26,105.13,265.65000000000003,1
1137.0,7.75843022309678,5.89,22.79,30.8,0
46.0,1.035953832621517,25.29,59.4,98.19,0
1578.0,1.4578343788367207,2.05,28.77,61.94,0
59.0,6.769203978713265,22.74,55.98,165.38,1
84.0,0.9837825170715392,4.62,17.04,42.39,0
686.0,38.83825425444807,81.72,141.65,151.26,1
5755.0,12.7758330299871,6.9,28.9,62.26,0
863.0,13.944459446383924,25.55,116.02,175.87,0
1124.0,12.601577561879632,26.63,29.99,49.56,1
3540.0,24.665887509059843,8.12,87.22,97.04,0
365.0,11.65956929090053,2.73,11.69,13.17,0
60.0,1.0350588410066683,10.32,105.27,233.86,0
465.0,1.855385510825832,0.24,18.21,96.85,0
3821.0,25.7395098747131,3.17,5.39,33.220000000000006,0
3684.0,7.509472660862632,14.39,14.39,15.33,1
4064.0,19.82597990587524,52.74,100.87,132.97,0
85.0,1.8857529340648056,0.42,8.36,22.94,0
143.0,21.637205845777142,38.98,109.25,235.03,1
4809.0,45.81557596793503,0.54,2.5,2.5,0
3559.0,2.997435387966549,11.75,52.69,134.6,0
57.0,1.852254273911334,10.55,36.67,79.84,1
1665.0,22.274319230369628,14.67,40.24,99.28,0
170.0,26.467794024493973,7.76,34.33,58.77,0
812.0,12.263458579470166,31.27,228.35,306.41,0
715.0,28.76623451500503,5.69,7.83,66.65,0
753.0,29.11681749159973,11.4,30.379999999999995,48.75,1
1005.0,23.2391938469915,9.34,40.11,89.35000000000001,0
3523.0,13.824212020761683,2.0,17.97,46.09,1
571.0,22.8550987968422,5.9,7.74,30.56,1
2238.0,24.519869216039385,1.9,28.05,72.06,1
4321.0,10.251665125010636,17.44,52.24,58.66,0
2080.0,41.21575411466216,39.08,89.88,115.78,0
2126.0,18.771807042696203,0.72,9.99,28.86,1
369.0,16.293196791034532,3.7,100.7,118.29,0
1962.0,14.652317781408607,7.29,41.42,182.94,1
2734.0,53.34283523739924,14.8,30.04,47.78,1
3706.0,39.04598231354456,0.0,0.05,14.98,1
1716.0,22.83439297298996,23.76,42.42,87.79,1
1636.0,7.135472389420399,11.97,129.07000000000002,184.92,1
3576.0,54.0126368429095,5.91,18.59,55.28,1
573.0,2.78186346598435,16.3,128.77,180.81,0
1241.0,25.683313174886944,2.6,11.26,55.45,0
5054.0,25.126107403736903,34.75,55.65,76.97999999999999,0
58.0,1.855385510825832,4.1,11.62,54.34,0
101.0,13.93795763450458,30.98,182.0,310.11,0
983.0,23.868974281252623,12.39,37.05,41.77,0
1013.0,18.03958801412993,9.96,9.96,13.96,1
15.0,4.647606755603334,3.36,4.33,6.32,0
599.0,31.31354585411625,20.53,46.83,110.86,0
18.0,10.259498999372042,33.52,125.18,198.88,1
135.0,2.2965929163325187,17.44,113.17,120.3,0
4617.0,17.707348940570686,0.0,0.35,0.49,0
236.0,23.072954772058488,38.73,97.96,142.77,1
1082.0,17.264255579481528,7.51,17.96,50.82,1
137.0,5.28844690195337,1.44,3.59,47.01,0
5.0,5.626380456421899,140.99,320.49,370.32,1
1245.0,21.27992090477139,8.03,35.76,151.32999999999998,0
5065.0,9.005592365204466,83.93,130.23000000000002,170.0,0
500.0,18.83398742161878,3.7,100.7,118.29,0
1266.0,18.813725184447147,20.53,90.34,172.41,0
929.0,25.93097333453967,0.0,0.0,13.54,0
2324.0,20.898028196432065,1.04,7.13,35.720000000000006,1
39.0,3.2377581080223825,41.52,106.34,152.67000000000002,0
162.0,0.9397619655782192,2.42,11.02,15.87,0
966.0,6.732202589514204,9.8,27.19,46.34,0
527.0,30.38319053401972,3.13,18.77,89.8,1
1388.0,28.364376855574704,4.12,12.85,49.71999999999999,1
966.0,27.296473,8.56,27.97,81.06,1
97.0,12.93328300405803,75.63,179.70999999999998,267.54999999999995,1
2792.0,25.399368932711766,19.21,28.32,30.56,1
660.0,13.7373205407365,3.39,5.609999999999999,69.36,0
292.0,1.3933471251867793,3.77,8.15,18.92,0
1512.0,21.888527625301027,29.1,61.03,116.62,1
730.0,13.105560534800324,2.78,7.959999999999999,19.91,0
159.0,2.7990810531410406,23.57,62.32,136.97,0
1064.0,24.997625678610166,16.81,33.27,48.44,1
1763.0,5.976630753510828,0.0,0.09,20.33,0
4652.0,6.594945520060762,3.15,29.29,58.79,0
207.0,3.706887929602367,23.72,113.15,201.22,0
4762.0,9.33958725477088,12.77,26.83,44.260000000000005,0
5096.0,30.29911608251812,0.9,3.2,29.6,0
2949.0,46.00594944378263,8.25,27.83,52.9,0
41.0,0.9279360212320218,0.03,0.42,0.6800000000000002,0
4058.0,43.4715082484248,7.21,9.31,17.45,0
1103.0,29.78881688552435,47.06,120.65,200.19,0
696.0,0.9813941543112942,16.66,197.55,291.19000000000005,0
1659.0,8.235075555872518,5.78,16.47,85.09,0
5135.0,58.331160863565344,5.54,11.91,22.790000000000003,0
1788.0,7.417123201587883,53.49,131.47,184.77,1
832.0,14.703539362452256,24.14,49.02,82.37,1
1580.0,1.4568011145394837,5.17,5.24,80.83000000000001,0
44.0,0.9653243801871292,58.72,137.12,169.01999999999998,0
595.0,1.3522407018057625,1.61,2.4400000000000004,24.3,0
1378.0,7.704690069377326,40.07,75.47,135.07,1
1040.0,16.860785495741176,0.82,12.78,35.980000000000004,1
3277.0,10.959328818628554,8.86,14.38,48.24,1
1410.0,14.667815888079248,13.18,37.16,73.13,0
599.0,4.748146082881559,4.21,7.6,11.08,0
59.0,1.3854170213852868,0.0,0.0,1.5399999999999998,0
114.0,2.9606663528729062,0.37,4.13,12.2,0
1516.0,14.993125541982852,0.09,2.4,28.81,1
749.0,3.856543958160415,3.21,4.16,109.38,1
2031.0,17.19752257693776,2.09,8.34,82.42000000000002,1
21.0,5.863212773471741,14.8,41.120000000000005,227.51000000000005,1
254.0,4.629981483311581,9.23,33.58,54.36,0
1487.0,2.7654231996648546,40.07,55.66,69.77000000000001,0
656.0,2.7771727466475022,33.56,71.18,103.01,1
1460.0,10.62906603201805,20.4,41.55,76.21000000000001,1
146.0,2.2771438387407703,21.34,48.21,57.1,1
1452.0,37.26757762713439,58.29,83.93,119.33,1
263.0,13.342372695937204,2.09,71.58,85.55000000000001,1
1707.0,16.72718984637046,6.56,85.46,99.61,0
2689.0,11.67372935280908,14.04,27.35,78.71000000000001,1
4951.0,52.65654126521182,0.03,0.18,2.14,0
1354.0,23.36421636275217,19.89,41.75,91.78,1
646.0,3.417458433246672,14.15,31.26,40.63,0
584.0,10.825021801758927,21.99,99.8,124.62999999999998,0
182.0,4.238351664125168,5.94,12.990000000000002,21.880000000000003,0
1542.0,12.90169639827804,3.56,14.14,30.97,1
4335.0,54.364813769639,15.7,26.23,96.52,0
1148.0,7.675353195263384,28.36,51.51,114.4,1
234.0,4.731245536029114,30.89,248.64,306.98,1
61.0,4.7117373674916845,8.67,69.17,268.71000000000004,0
351.0,20.97137573888273,116.09,294.37,338.24,1
715.0,28.76623451500503,29.12,67.49,112.87,0
137.0,3.1355553914575536,47.51,107.66,159.31,0
595.0,1.3492322483332482,39.46,170.3,293.84,0
3419.0,30.91911614989316,25.24,92.46,126.04,0
906.0,20.1883526450412,7.21,16.05,31.8,1
51.0,4.235672986678226,2.81,7.58,55.53000000000001,0
29.0,4.124319018386397,85.53,181.53,205.82,1
3138.0,56.67813742574487,2.55,7.48,43.78,0
838.0,29.947245121321657,111.58,271.08,318.64,1
283.0,3.541259322307272,1.11,1.11,7.890000000000001,0
43.0,0.9608277973845576,30.87,56.120000000000005,76.89,1
5477.0,39.19135305019056,6.03,18.17,39.370000000000005,0
52.0,2.924781844478109,39.07,153.72,188.65,0
986.0,24.53648584320032,0.02,0.54,271.3,1
781.0,17.027875409965237,4.24,14.04,60.400000000000006,0
1845.0,31.364113895216203,0.21,9.490000000000002,26.270000000000003,1
1760.0,45.40406278452224,0.65,31.23,56.81999999999999,0
13.0,2.944842024016299,89.3,236.24,315.58,1
239.0,28.90864007084912,0.0,0.07,8.1,1
53.0,2.119791324560513,126.76,191.59,231.7,1
49.0,3.1024785849661494,105.64,158.81,236.06,0
2128.0,30.58126224535296,9.91,22.71,34.19,1
685.0,16.19870471049391,110.58,150.11,153.78,0
767.0,10.803454381655332,58.79,65.14,119.14,1
78.0,9.728201491806368,0.0,0.09,28.72,1
1482.0,7.149705606575251,5.78,14.93,47.43,1
3663.0,32.760031264586985,0.0,16.4,71.13000000000001,1
5406.0,48.979241057806895,4.26,9.32,9.57,0
5761.0,15.470684888734588,12.5,22.24,43.86,1
2074.0,19.376386609630003,3.12,49.21,110.95,0
133.0,0.926369172997235,62.91,108.4,203.85,1
723.0,35.94574906185483,40.32,126.46,210.07,1
1758.0,33.86422091745071,69.38,157.7,189.18,0
690.0,12.53647418327811,6.1,12.29,114.0,1
2011.0,32.673847851564034,25.59,27.54,27.54,0
778.0,22.72934862342645,95.45,169.87,266.51,1
1506.0,29.24212567336217,19.64,35.42,52.2,1
303.0,2.342163159493008,10.48,22.020000000000003,116.72,0
925.0,7.656402427741766,4.9,104.34,121.77,0
1285.0,25.95439328643043,0.73,10.16,46.05,1
1854.0,52.02891334523353,22.64,47.42,123.11,0
2514.0,32.2871177597605,20.91,31.69,122.73,1
1044.0,18.14421799352956,13.58,44.56,78.74999999999999,1
586.0,2.088619458247517,36.95,171.19,235.77,0
5271.0,38.946000660287815,6.59,13.23,56.98,0
88.0,2.9448984820169466,0.0,0.0,0.0,0
1752.0,30.091147615478945,19.65,21.44,44.48,1
1404.0,15.394215523888366,5.36,28.25,61.27,1
79.0,8.233405436685024,3.16,20.57,29.11,0
224.0,2.78186346598435,41.98,48.51,98.06,0
73.0,0.9279360212320218,6.0,22.36,41.72,0
1033.0,21.57427864840042,6.03,10.31,122.99,0
2865.0,20.084930830248663,3.45,24.46,26.03,0
352.0,35.266555641072095,3.96,5.33,36.8,1
3209.0,26.98889964652873,26.67,27.9,34.61,0
1700.0,40.11830491288227,12.82,20.84,45.4,0
63.0,4.167052616455466,36.24,169.24,241.57,1
2203.0,25.718402120372115,1.76,23.2,61.02,0
253.0,0.9279360212320218,10.43,12.9,31.070000000000004,0
90.0,4.158832826136174,12.32,72.84,101.86,0
654.0,26.55209647891808,17.89,44.48,47.72,0
269.0,24.876573447742093,0.46,24.83,85.99,1
1046.0,15.059029520474398,26.44,33.52,50.84,0
90.0,0.0,76.32,96.86,126.57,0
10.0,2.935431101477133,12.17,18.88,19.56,0
1946.0,5.541356985555456,4.75,27.56,173.69,1
1454.0,18.4139806156486,1.06,2.35,2.76,1
608.0,31.4709153968862,81.19,144.74,150.78,0
406.0,6.4993257467495305,40.53,70.31,77.28,1
279.0,2.836103577175637,5.43,8.09,17.55,0
371.0,3.5048866350382544,22.13,90.44,149.93,1
2199.0,20.87660037029097,3.31,8.24,111.25,1
3669.0,26.157220396817227,2.28,33.99,52.760000000000005,1
11.0,1.855385510825832,39.95,120.89,188.85,0
1650.0,0.926369172997235,4.64,53.71,132.36,1
190.0,9.238837475306015,40.65,82.28999999999999,196.52,1
39.0,10.457583720168415,57.09,81.75,109.13,1
974.0,21.0136666334983,0.43,9.7,32.0,0
731.0,36.9721192518271,0.48,2.85,2.85,1
1227.0,3.586080799213583,22.82,90.58,192.15,1
5389.0,29.08923727349893,3.3,16.71,21.32,0
836.0,5.216011917332058,30.05,122.92,213.39,0
1955.0,30.25822671076241,4.38,28.03,84.75999999999999,0
124.0,12.523591942861296,19.78,46.18,154.10000000000002,1
5387.0,13.692879511826227,10.78,43.1,98.61,0
289.0,11.565823006032677,0.87,29.570000000000004,121.4,1
5672.0,6.556762003427905,15.81,31.27,44.03,0
2837.0,37.47373828386442,9.13,15.260000000000002,45.77,0
1938.0,9.02774863515962,0.14,23.85,45.03,1
1815.0,10.414054447686908,7.89,23.08,87.81,1
1591.0,6.345281846258718,2.78,12.99,45.38,1
1760.0,45.40406278452224,25.49,30.09,93.13,0
74.0,2.78098910844063,42.73,61.92999999999999,96.57,0
861.0,1.852254273911334,33.46,38.77,60.21000000000001,1
286.0,9.707649981037308,0.0,0.0,0.02,1
2360.0,35.26851652233437,0.0,20.97,29.5,0
74.0,15.288279133132818,43.46,79.72999999999999,89.47999999999999,1
