positive_event_index,event_date,background_latitude,background_longitude,nearest_event_distance_km,srtm_elevation_m,srtm_slope_deg,rainfall_24h_mm,rainfall_3day_mm,rainfall_7day_mm,label
0,2009-07-22 00:00:00,26.8826,88.2788,0.0,1548.0,18.257830124319,7.51,17.96,50.82,1
1,2009-07-22 00:00:00,26.8572,88.3143,0.0,1082.0,17.264255579481528,7.51,17.96,50.82,1
2,2009-07-01 05:40:00,27.478,88.527,0.0,748.0,23.10715706639549,17.12,24.76,41.67,1
3,2010-07-29 23:00:00,25.3098633,94.48214677,0.0,1559.0,29.26304389553204,17.06,32.41,58.35,1
4,2011-07-21 00:00:00,29.7334,79.6367,0.0,1579.0,31.05982401684881,8.12,46.77,147.49,1
5,2007-03-19 00:00:00,33.8778,74.3333,0.0,2709.0,29.2204826237158,10.8,12.87,35.31,1
6,2011-06-29 00:00:00,30.7666,78.7963,0.0,3840.0,31.08963542495159,13.13,22.12,92.85,1
7,2011-07-09 00:00:00,30.7652,78.5925,0.0,1411.0,12.030367282308,8.67,16.28,68.05,1
8,2011-07-09 00:00:00,30.7331,79.0685,0.0,3532.0,17.5487502524535,6.04,11.87,60.94,1
9,2011-07-09 00:00:00,31.0188,78.4129,0.0,3295.0,54.48224435300498,7.4,13.85,64.38000000000001,1
10,2011-07-21 00:00:00,30.4043,79.3318,0.0,1069.0,7.8868345734809875,3.31,49.89,109.60000000000002,1
11,2012-09-18 00:00:00,31.0226,77.1029,0.0,1688.0,18.182347827825776,14.44,69.09,128.49,1
12,2012-09-19 00:00:00,27.8385,88.556,0.0,3827.0,18.14433292579047,1.38,6.43,37.52,1
13,2012-09-19 00:00:00,27.6558,88.605,0.0,1935.0,13.781250633045415,5.16,19.03,89.34,1
14,2013-06-16 00:00:00,30.4954,78.3881,0.0,929.0,31.87676704467252,158.4,294.73,390.77,1
15,2013-06-16 00:00:00,30.885,78.6695,0.0,1854.0,26.929049138336847,119.62,239.74,312.27,1
16,2013-06-16 00:00:00,29.7986,80.417,0.0,741.0,32.28120160928111,16.06,20.82,42.92999999999999,1
17,2013-06-25 08:00:00,10.9628,77.5947,0.0,272.0,0.0,1.69,5.47,15.8,1
18,2013-06-25 08:00:00,10.9628,77.5947,0.0,272.0,0.0,1.69,5.47,15.8,1
19,2013-07-17 00:00:00,25.7658,93.9413,0.0,813.0,44.2276920510005,5.65,24.17,83.82000000000001,1
20,2013-07-17 00:00:00,25.7131,94.0885,0.0,1418.0,25.132660081730563,3.66,25.34,116.75,1
21,2015-04-02 00:00:00,34.1587,74.4725,0.0,1650.0,0.926369172997235,4.64,53.71,132.36,1
22,2007-07-28 00:00:00,15.4014,73.8277,0.0,9.0,5.323915212350906,24.46,70.21000000000001,127.04,1
23,2011-06-27 00:00:00,12.6771,75.2565,0.0,101.0,7.771480928143871,36.25,106.02,172.48,1
24,2009-08-17 18:00:00,29.4085,80.1327,0.0,1635.0,17.968376514048142,82.16,187.74,243.87,1
25,2015-08-01 00:00:00,24.1419,94.1078,0.0,1175.0,33.37106500187469,2.09,71.58,85.55000000000001,1
26,2013-06-16 00:00:00,30.4619,79.0765,0.0,964.0,31.20357853058817,116.18,191.89,260.12,1
27,2012-07-05 00:00:00,30.1281,78.3221,0.0,421.0,11.747058666883063,0.17,24.260000000000005,64.65,1
28,2010-07-22 05:00:00,33.3893,75.203,0.0,1556.0,4.429499872931827,19.94,77.7,101.9,1
29,2010-09-25 00:00:00,33.241,75.2382,0.0,732.0,13.153197791915655,0.0,10.84,13.89,1
30,2013-11-13 23:00:00,8.4557,77.009,0.0,25.0,0.936547803205134,56.88,100.21,101.73,1
31,2013-07-12 23:00:00,25.616,94.1167,0.0,1593.0,29.56631726951452,18.68,107.07,129.82,1
32,2011-06-17 00:00:00,31.5639,77.9798,0.0,1458.0,20.481144682982453,4.78,5.08,14.580000000000002,1
33,2015-08-22 04:30:00,31.0365,77.1213,0.0,1790.0,25.308890134408312,23.44,70.77,112.07,1
34,2013-07-28 00:00:00,30.819,78.6149,0.0,1752.0,30.091147615478945,19.65,21.44,44.48,1
35,2011-09-25 00:00:00,27.0605,88.255,0.0,1977.0,32.96497152447033,13.16,31.52,59.16,1
36,2010-10-08 00:00:00,25.4769,94.1351,0.0,1678.0,19.73007978274894,52.1,92.98,96.35,1
37,2009-07-03 00:00:00,26.87324244,88.29184021,0.0,1624.0,22.03053346953765,9.25,79.07000000000001,120.36,1
38,2010-08-09 18:00:00,33.334,75.7627,0.0,1610.0,4.310578144832906,0.59,11.27,31.37,1
39,2011-02-13 00:00:00,33.33875958,75.1921061,0.0,1233.0,26.538027774421074,26.63,29.99,49.56,1
40,2010-06-15 00:00:00,18.7624,73.3747,0.0,497.0,30.6031595904574,97.34,179.49,253.28,1
41,2012-01-12 22:00:00,33.2407,75.2373,0.0,703.0,17.316499169094087,0.0,0.04,19.640000000000004,1
42,2009-08-20 00:00:00,25.5215,93.1645,0.0,282.0,3.2128253404789087,12.55,40.34,100.43,1
43,2015-07-12 00:00:00,33.2049,75.2845,0.0,778.0,33.72093083946527,9.52,47.05,81.86999999999999,1
44,2011-02-16 18:00:00,33.2609,75.244,0.0,1469.0,27.37773118563808,3.05,19.37,49.59,1
45,2011-07-15 18:00:00,32.3491,77.2181,0.0,3328.0,4.29870865194633,21.89,37.6,49.46,1
46,2010-08-06 00:30:00,34.1416,77.4871,0.0,3187.0,8.916202299212847,8.8,12.4,24.12,1
47,2010-06-09 14:15:00,25.8833,91.2,0.0,256.0,26.701404884610746,21.72,69.05,217.88,1
48,2008-06-20 00:00:00,26.885,88.2778,0.0,1509.0,26.09338190957656,53.15,77.12,126.39,1
49,2016-08-07 00:00:00,32.6987,75.0582,0.0,466.0,10.96582090777578,44.66,64.03999999999999,133.08999999999995,1
50,2016-06-08 22:00:00,34.2952,75.3226,0.0,2735.0,20.073136778726536,3.46,14.65,14.73,1
51,2010-10-09 00:00:00,25.3179,94.0462,0.0,1002.0,23.248847186308105,26.82,107.81,120.26,1
52,2007-10-21 00:00:00,24.75,93.4333,0.0,470.0,22.45952250962254,2.38,19.51,65.78,1
53,2013-09-24 00:00:00,25.0985,94.3619,0.0,1897.0,10.523133627119554,0.3,0.56,1.4,1
54,2011-07-03 00:00:00,34.1601,75.496,0.0,3760.0,19.865448543329524,0.02,0.23,2.95,1
55,2011-06-17 00:00:00,26.88,88.28,0.0,1559.0,25.152958742802603,6.37,16.77,28.53,1
56,2010-08-13 00:00:00,30.80200029,78.61786282,0.0,1629.0,33.58757394207549,21.73,26.54,84.49000000000001,1
57,2011-06-01 23:00:00,9.6326,76.9792,0.0,1027.0,4.777855837867803,57.69,107.85,160.98,1
58,2011-03-19 00:00:00,33.3308,75.1773,0.0,1818.0,35.33446571208436,25.59,27.54,27.54,1
59,2016-08-02 22:30:00,19.3421,73.7735,0.0,584.0,42.21265858429932,151.84,290.59000000000003,402.81,1
60,2013-07-26 00:00:00,30.2835,79.2498,0.0,842.0,43.38425366680169,1.45,22.92,79.8,1
61,2013-07-07 00:00:00,31.9671,76.8521,0.0,1501.0,22.813765471271928,17.96,37.72,46.97,1
62,2010-06-16 00:00:00,26.8073,88.3162,0.0,228.0,2.9642097379008097,27.13,40.16,56.59,1
63,2015-03-31 00:00:00,30.6145,79.8102,0.0,2697.0,48.88281365727918,0.39,32.27,33.11,1
64,2015-05-24 00:00:00,27.6163,88.6586,0.0,1845.0,31.364113895216203,0.21,9.490000000000002,26.270000000000003,1
65,2016-03-07 00:00:00,22.1337,78.8979,0.0,767.0,2.7245670107829216,1.16,5.52,6.44,1
66,2016-06-28 00:00:00,15.3455,73.8976,0.0,14.0,2.132110917454951,67.94,142.76,319.89,1
67,2012-09-03 00:00:00,19.0397,72.907,0.0,66.0,15.16340754793738,87.25,102.33,195.44,1
68,2012-08-24 00:00:00,31.709,76.9312,0.0,767.0,7.469170817215433,9.58,37.17,98.19,1
69,2015-07-06 00:00:00,29.393,79.4525,0.0,1991.0,13.974327870776794,42.12,59.38,101.53,1
70,2012-08-18 00:00:00,32.1797,77.1947,0.0,1866.0,5.171963055521419,41.28,61.510000000000005,108.54,1
71,2009-09-12 23:00:00,31.1032,77.1625,0.0,2053.0,36.913168479400426,5.18,98.47,124.03,1
72,2010-09-19 00:00:00,31.9843,77.1889,0.0,2267.0,40.3183439251891,40.4,61.45,86.62,1
73,2010-06-28 00:00:00,25.5728,91.885,0.0,1504.0,9.40412013238775,49.93,121.20000000000002,150.53,1
74,2016-04-19 00:00:00,26.7223,95.0243,0.0,700.0,15.584319140976891,10.83,37.9,68.11,1
75,2015-06-18 22:00:00,15.4465,73.927,0.0,5.0,5.136854423899152,56.6,104.11,241.82,1
76,2010-05-27 09:45:00,34.5628,77.6001,0.0,3116.0,1.1248638569671252,6.49,6.49,8.91,1
77,2013-08-17 23:00:00,24.7625,93.4341,0.0,663.0,36.59719885359989,8.13,26.33,125.91,1
78,2015-06-09 00:00:00,27.0987,93.816,0.0,213.0,14.236549622926058,44.35,137.97,228.36,1
79,2007-04-11 00:00:00,27.4459,88.6193,0.0,1957.0,14.642214753431064,0.01,8.45,9.91,1
80,2010-04-01 00:00:00,25.1553,93.028,0.0,577.0,23.257702468808013,40.47,104.47,158.73,1
81,2011-08-10 00:00:00,30.2828,78.3041,0.0,1661.0,39.85500788432167,5.26,10.01,54.06999999999999,1
82,2010-06-25 00:00:00,19.069,72.8703,0.0,1.0,2.9445484274152403,22.99,145.2,203.48,1
83,2011-07-09 00:00:00,30.7412,79.4929,0.0,3082.0,7.412309107042409,6.04,11.87,60.94,1
84,2007-07-30 00:00:00,22.533,92.899,0.0,804.0,15.868646633497288,0.31,3.1700000000000004,25.87,1
85,2014-08-03 09:00:00,19.1497,83.6299,0.0,218.0,7.53556819161701,6.73,15.81,62.870000000000005,1
86,2014-09-06 00:00:00,32.8468,75.137,0.0,593.0,15.311524247515871,64.69,184.9,277.97,1
87,2012-06-03 00:00:00,25.1175,92.8573,0.0,154.0,8.522096262869733,27.34,76.45,112.95,1
88,2016-06-30 22:00:00,29.8002,80.2565,0.0,1669.0,16.981723743155463,5.76,6.26,9.2,1
89,2009-08-20 00:00:00,27.1761,88.5287,0.0,299.0,10.768510295209571,47.06,120.65,200.19,1
90,2007-06-25 00:00:00,11.2738,75.8275,0.0,44.0,7.569649161668175,7.46,98.72,328.14000000000004,1
91,2010-09-13 00:00:00,23.591,92.9296,0.0,808.0,14.408778587162091,5.92,10.64,23.16,1
92,2016-07-18 00:00:00,30.7313,78.4358,0.0,1157.0,41.67538598512718,15.11,110.23,146.31,1
93,2010-09-03 00:00:00,30.2851,78.9829,0.0,652.0,7.370669485322712,20.33,86.83,149.99,1
94,2010-09-04 00:00:00,30.8987,78.3399,0.0,1904.0,47.50145543703492,12.86,43.03,103.13,1
95,2007-05-23 00:00:00,27.3383,88.6069,0.0,1516.0,14.993125541982852,0.09,2.4,28.81,1
96,2008-08-10 00:00:00,18.72,73.47,0.0,765.0,22.74785701497187,86.16,152.1,209.39,1
97,2013-11-13 00:00:00,8.1747,77.444,0.0,18.0,4.66943512608206,47.23,63.38,67.03,1
98,2013-07-14 00:00:00,31.4711,77.6746,0.0,1078.0,48.918758070801935,4.74,12.69,83.61,1
99,2010-07-25 00:00:00,30.904,77.0969,0.0,1445.0,20.181443880962227,3.31,8.24,111.25,1
100,2014-10-27 09:00:00,10.2379,77.6377,0.0,913.0,22.010530178001503,8.09,33.209999999999994,61.89,1
101,2012-08-21 00:00:00,34.6113,74.9499,0.0,2668.0,19.69202208804829,1.09,5.18,10.63,1
102,2013-09-01 00:00:00,24.9829,93.5063,0.0,1311.0,31.44272371697256,5.42,8.29,54.14,1
103,2011-01-11 00:00:00,15.4838,73.8164,0.0,10.0,3.822780159148287,0.0,0.0,0.0,1
104,2011-06-29 00:00:00,25.5125,93.3613,0.0,318.0,8.604664913794034,20.83,75.22999999999999,123.36,1
105,2010-09-12 00:00:00,30.7333,78.4403,0.0,1466.0,40.400046832606,13.81,44.47,118.09000000000002,1
106,2015-07-21 00:00:00,33.7403,77.7559,0.0,3711.0,28.66152395757852,3.08,8.81,16.060000000000002,1
107,2010-07-29 00:00:00,30.7467,78.4517,0.0,1174.0,20.127806524132986,17.15,33.61,58.16,1
108,2011-09-30 00:00:00,27.5161,88.5575,0.0,1342.0,15.045251890468451,0.02,0.22,42.89000000000001,1
109,2010-08-15 23:00:00,25.31006064,94.48265093,0.0,1535.0,30.18256697884878,10.62,28.36,32.48,1
110,2011-07-12 17:15:00,19.6699,73.5111,0.0,359.0,1.852254273911334,14.61,52.91,154.40000000000003,1
111,2010-08-06 00:30:00,34.1619,77.5528,0.0,3643.0,24.179845444978056,8.8,12.4,24.12,1
112,2010-09-19 00:00:00,30.9544,77.5063,0.0,2582.0,14.607887870160232,61.51,118.73,171.84,1
113,2015-07-11 00:00:00,32.9262,75.1447,0.0,726.0,35.7589837841325,11.92,49.72,76.83,1
114,2013-07-14 00:00:00,30.6738,77.3544,0.0,1501.0,23.03140253394507,5.66,22.02,88.8,1
115,2010-08-21 00:00:00,31.5304,77.7755,0.0,1239.0,22.735108606468405,27.35,51.41,108.39,1
116,2013-08-05 00:00:00,29.5659,80.3657,0.0,559.0,11.347892470673976,9.38,21.01,44.2,1
117,2009-08-20 00:00:00,24.9925,93.5,0.0,1223.0,11.982789615605451,5.16,18.51,97.14999999999998,1
118,2010-09-19 00:00:00,30.7198,77.1695,0.0,1130.0,14.248777296487733,35.55,58.52,89.49,1
119,2008-02-08 00:00:00,12.9752,77.6092,0.0,919.0,3.820139922279508,0.64,0.64,0.8200000000000001,1
120,2014-06-26 23:00:00,28.9205,95.3429,0.0,4054.0,30.316394624804257,2.61,5.97,26.22,1
121,2015-04-05 00:00:00,33.9243,74.6163,0.0,2201.0,6.668760754450279,0.1,25.52,85.89999999999999,1
122,2016-06-12 23:00:00,27.6438,93.871,0.0,1716.0,22.83439297298996,23.76,42.42,87.79,1
123,2008-05-28 00:00:00,9.7327,76.8403,0.0,441.0,30.799765869105936,6.67,12.6,23.64,1
124,2015-06-27 23:00:00,27.0076,88.251,0.0,2257.0,15.331837080732674,19.15,44.71,67.98,1
125,2015-07-10 00:00:00,29.3908,79.4552,0.0,1949.0,6.925033699907076,36.45,61.82,134.01,1
126,2011-05-31 14:30:00,24.8286,93.5935,0.0,735.0,37.974740545343984,15.72,45.38,50.95,1
127,2010-08-06 01:00:00,32.371,77.2468,0.0,3971.0,7.509753273065751,12.31,33.47,83.37,1
128,2008-06-15 00:00:00,27.2298,94.0989,0.0,95.0,2.1247789427521147,1.5,64.37,149.51,1
129,2007-09-06 00:00:00,29.5833,80.2167,0.0,1579.0,10.877271368290502,0.4,36.17,117.56,1
130,2015-09-06 15:00:00,25.9703,91.8584,0.0,289.0,11.565823006032677,0.87,29.570000000000004,121.4,1
131,2015-05-14 09:00:00,33.6303,74.4838,0.0,2740.0,29.865215887538653,3.75,14.43,19.62,1
132,2013-11-13 04:00:00,8.4951,76.921,0.0,6.0,7.451519953024006,56.88,100.21,101.73,1
133,2010-08-31 00:00:00,16.5332,80.6103,0.0,121.0,33.99330408731827,1.76,43.86,87.48,1
134,2015-08-18 09:00:00,25.5145,90.2023,0.0,315.0,11.56504348955916,15.22,43.75,59.02,1
135,2015-07-13 23:00:00,32.2473,78.037,0.0,3661.0,1.4343577071686464,19.01,94.54,153.76999999999998,1
136,2013-07-24 00:00:00,30.262,79.2191,0.0,835.0,32.62054594340179,15.7,26.23,96.52,1
137,2008-08-10 00:00:00,12.6445,75.605,0.0,166.0,10.49371821509502,47.46,103.84,138.71,1
138,2015-02-05 00:00:00,33.7453,74.1794,0.0,1142.0,1.1140303509421825,0.0,7.36,14.6,1
139,2011-06-02 00:00:00,9.8721,76.7046,0.0,96.0,17.440557981026373,40.32,126.46,210.07,1
140,2014-08-22 22:30:00,11.683,77.571,0.0,373.0,12.885837893458396,3.8,6.5,28.03,1
141,2010-06-25 00:00:00,19.153,72.9266,0.0,73.0,8.336204940705555,22.99,145.2,203.48,1
142,2016-06-18 00:00:00,15.0275,74.1623,0.0,201.0,15.212959060626032,53.79,79.49000000000001,199.93,1
143,2011-08-30 00:00:00,17.4303,73.5097,0.0,105.0,4.019682868208766,23.1,112.07999999999998,195.69,1
144,2015-04-08 00:00:00,34.6609,73.9593,0.0,2069.0,56.13187415408886,1.58,6.67,41.11999999999999,1
145,2007-07-26 00:00:00,25.38,91.88,0.0,1307.0,40.39713922078188,34.95,113.14,176.0,1
146,2011-09-23 00:00:00,26.1548,91.7351,0.0,57.0,1.852254273911334,10.55,36.67,79.84,1
147,2007-12-16 00:00:00,34.93977198,76.83270934,0.0,4782.0,48.85493201387909,0.0,0.07,2.57,1
148,2010-02-08 18:00:00,34.0876,74.0225,0.0,1391.0,7.835978714982545,55.03,81.26,88.77,1
149,2008-01-09 00:00:00,33.23738085,75.24528226,0.0,892.0,38.02030465081848,14.85,20.87,25.39,1
150,2007-07-30 00:00:00,22.479,92.967,0.0,447.0,19.352435158845225,0.31,3.1700000000000004,25.87,1
151,2011-08-08 00:00:00,30.2258,78.3755,0.0,972.0,30.300929896045943,0.75,12.03,59.14,1
152,2010-07-22 00:00:00,29.6095,79.6628,0.0,1489.0,23.39441654010913,10.73,81.58000000000001,167.32,1
153,2009-08-16 21:30:00,27.15977181,88.63411246,0.0,802.0,32.67640342029832,33.17,47.52,85.74000000000001,1
154,2015-07-09 00:00:00,10.3448,77.5666,0.0,1477.0,27.926491096069576,0.24,0.61,1.31,1
155,2010-09-19 18:00:00,30.9013,79.5322,0.0,5775.0,56.60558788040934,29.35,64.94,93.64,1
156,2015-07-11 00:00:00,30.241,78.9,0.0,707.0,43.13513534238503,66.14,110.05,191.6,1
157,2010-04-21 00:00:00,27.8965,96.1779,0.0,208.0,9.350473782917256,46.75,98.64,118.19,1
158,2011-06-28 00:00:00,25.6682,94.1099,0.0,1435.0,12.47149620538789,10.59,57.370000000000005,84.92,1
159,2015-08-01 00:00:00,24.004,93.9815,0.0,1464.0,34.51751463643877,5.31,82.66,101.37,1
160,2013-08-28 18:00:00,29.9531,78.1514,0.0,306.0,5.088642958624404,7.07,24.06,39.190000000000005,1
161,2011-06-23 23:30:00,27.2879,88.2579,0.0,1506.0,29.24212567336217,19.64,35.42,52.2,1
162,2013-06-24 00:00:00,30.4542,78.3911,0.0,1134.0,30.45461605238972,43.31,82.44,84.38,1
163,2010-10-09 00:00:00,25.5242,92.9914,0.0,160.0,16.865567463034814,26.53,110.95,121.17,1
164,2015-03-15 23:00:00,33.0809,75.2966,0.0,1735.0,19.81102643219001,26.96,28.05,29.23,1
165,2016-08-07 00:00:00,32.4298,75.5807,0.0,516.0,23.59459270643892,30.08,55.04,150.92000000000002,1
166,2010-02-26 23:00:00,33.0097,74.9402,0.0,1400.0,29.26804176607994,6.03,7.31,7.68,1
167,2011-07-11 00:00:00,30.506,79.1127,0.0,1972.0,8.454243187734525,4.67,27.47,82.35,1
168,2012-08-29 00:00:00,33.775,74.0934,0.0,1032.0,9.491804969269264,0.57,4.21,19.48,1
169,2011-07-25 00:00:00,24.6869,93.9157,0.0,781.0,0.0,2.86,6.69,86.47,1
170,2007-05-08 00:00:00,33.242,75.231,0.0,691.0,15.52239143788513,2.22,2.7,4.96,1
171,2010-10-12 18:00:00,33.1847,75.8062,0.0,982.0,20.442712553007564,0.0,0.14,1.8200000000000005,1
172,2014-05-08 00:00:00,27.9032,96.174,0.0,209.0,0.926369172997235,33.77,55.080000000000005,62.540000000000006,1
173,2015-04-26 00:00:00,16.5172,80.6024,0.0,29.0,6.848278705535517,0.78,4.07,4.8500000000000005,1
174,2011-07-07 00:00:00,25.4191,94.1079,0.0,1398.0,10.209837985587429,2.6,11.26,55.45,1
175,2016-08-07 00:00:00,33.1457,75.7964,0.0,935.0,37.723480140093805,26.57,46.38,110.58,1
176,2008-05-05 00:00:00,33.9513,74.9845,0.0,1596.0,5.56672068900385,1.09,7.359999999999999,7.359999999999999,1
177,2016-07-04 08:00:00,12.8041,74.8678,0.0,46.0,6.222255748010374,48.65,139.51,449.78,1
178,2012-08-24 00:00:00,30.9044,77.0969,0.0,1457.0,16.358925180416595,8.65,30.54,97.12,1
179,2007-08-25 00:00:00,27.0713,88.4308,0.0,281.0,31.07865162206227,4.63,28.19,47.010000000000005,1
180,2013-07-14 00:00:00,32.17,77.1788,0.0,1621.0,10.494582759496003,4.28,7.78,113.59,1
181,2015-07-26 00:00:00,32.5606,76.1206,0.0,842.0,23.93713683897829,20.79,35.84,71.81,1
182,2010-07-20 00:00:00,26.8716,94.9921,0.0,284.0,10.501444158270422,14.6,56.11,123.67,1
183,2013-07-06 00:00:00,31.1628,77.7241,0.0,1472.0,30.107544333341195,7.01,14.36,37.34,1
184,2016-07-19 09:00:00,26.09748244,91.8744337,0.0,188.0,35.452827191558235,19.72,128.07,204.59,1
185,2008-10-29 00:00:00,27.4,92.35,0.0,2624.0,27.60616139709439,0.0,24.16,33.78,1
186,2010-09-04 00:00:00,27.3702,88.7334,0.0,3523.0,13.824212020761683,2.0,17.97,46.09,1
187,2009-06-17 04:00:00,26.89,88.47,0.0,374.0,22.189693531847333,0.09,2.89,21.41,1
188,2010-08-20 00:00:00,30.7221,78.6437,0.0,3286.0,41.50394072850535,9.65,93.78,116.73,1
189,2015-04-28 00:00:00,30.5631,79.5765,0.0,1454.0,18.4139806156486,1.06,2.35,2.76,1
190,2011-07-22 00:00:00,24.3527,94.3429,0.0,288.0,13.266819111186058,5.5,39.36,128.39999999999998,1
191,2013-06-07 00:00:00,26.0977,94.7499,0.0,1553.0,3.0918835620363234,9.11,20.54,30.52,1
192,2009-08-16 09:00:00,27.02459801,88.43849551,0.0,435.0,36.91290188370729,33.17,47.52,85.74000000000001,1
193,2010-07-25 00:00:00,32.2067,76.3641,0.0,1314.0,8.88367265326201,1.8,2.67,189.73,1
194,2012-08-18 00:00:00,32.2278,78.071,0.0,3656.0,18.635071071562965,26.44,39.23,67.05,1
195,2007-08-02 00:00:00,26.8905,88.2789,0.0,1488.0,29.19381811236892,9.7,23.9,116.61,1
196,2015-07-04 18:00:00,26.9282,88.4553,0.0,155.0,3.700645055238003,18.37,38.08,104.67000000000002,1
197,2013-07-04 00:00:00,30.0712,80.2386,0.0,2126.0,18.771807042696203,0.72,9.99,28.86,1
198,2013-07-25 00:00:00,30.8203,78.6185,0.0,1578.0,22.562386295603265,1.54,17.56,82.59,1
199,2007-08-29 00:00:00,27.0096,88.2548,0.0,2315.0,20.64670763005255,2.51,7.39,40.940000000000005,1
200,2014-07-30 00:00:00,19.678,73.5036,0.0,351.0,20.97137573888273,116.09,294.37,338.24,1
201,2015-06-21 00:00:00,18.7833,73.4703,0.0,778.0,22.72934862342645,95.45,169.87,266.51,1
202,2013-08-07 03:30:00,32.2322,76.3037,0.0,1636.0,7.135472389420399,11.97,129.07000000000002,184.92,1
203,2010-08-17 08:00:00,26.9435,88.4445,0.0,160.0,1.3919779523139948,72.15,96.73,133.18,1
204,2007-06-13 00:00:00,26.7324,88.4089,0.0,120.0,2.1225336851439054,4.7,6.86,86.85,1
205,2015-07-26 00:00:00,31.7085,76.9297,0.0,757.0,6.457665776341533,13.68,24.55,36.6,1
206,2016-10-12 00:00:00,26.8861,88.1704,0.0,1460.0,10.62906603201805,20.4,41.55,76.21000000000001,1
207,2014-09-07 00:00:00,33.0677,75.1466,0.0,1709.0,30.855741760645795,0.03,99.74,275.47,1
208,2011-03-22 00:00:00,28.0791,96.5242,0.0,560.0,24.638327529773587,7.48,55.41,102.32,1
209,2008-08-14 00:00:00,31.0,77.12,0.0,1440.0,34.502925,28.03,111.29,208.01,1
210,2015-04-03 00:00:00,34.0604,74.4203,0.0,2240.0,22.11867410862787,24.22,70.39,156.58,1
211,2014-08-20 18:00:00,20.5349,73.1703,0.0,77.0,1.852254273911334,3.98,10.3,24.95,1
212,2011-07-21 00:00:00,30.1665,78.1123,0.0,465.0,1.416250048925187,5.37,70.18,162.89,1
213,2015-08-07 03:30:00,18.7631,73.347,0.0,425.0,36.29709404353894,3.16,20.57,29.11,1
214,2010-04-17 15:00:00,27.3341,88.6083,0.0,1450.0,24.49385858982577,0.26,1.83,3.59,1
215,2015-06-24 00:00:00,26.0319,94.5466,0.0,1562.0,40.77036050242681,13.93,42.27,87.83000000000001,1
216,2013-08-14 00:00:00,33.7705,74.0967,0.0,1008.0,2.4124365866013897,13.98,40.98,45.7,1
217,2015-08-11 23:00:00,32.1967,76.3194,0.0,1133.0,20.595739801302663,6.5,10.08,43.120000000000005,1
218,2011-08-09 00:00:00,24.5958,72.7169,0.0,1172.0,4.792573942710484,38.12,50.58,50.91,1
219,2007-06-25 00:00:00,18.431,79.1492,0.0,259.0,1.345836651490519,7.25,17.08,56.41,1
220,2011-07-03 00:00:00,34.1491,76.826,0.0,4269.0,27.00694030460338,0.05,0.26,2.0,1
221,2016-07-16 15:00:00,30.4554,78.0973,0.0,1970.0,32.884274729789915,52.75,77.91,91.71,1
222,2010-06-16 00:00:00,27.0765,88.4808,0.0,1212.0,18.02619145960147,28.34,45.19,64.71,1
223,2014-10-01 11:00:00,27.1249,93.7706,0.0,158.0,30.203926293037487,0.0,0.01,81.07,1
224,2016-06-12 00:00:00,26.1677,94.2442,0.0,777.0,12.19922578147437,10.04,18.74,64.65,1
225,2010-07-30 00:00:00,15.949,73.9667,0.0,132.0,2.671426147803496,43.92,159.39,407.11000000000007,1
226,2012-06-25 00:00:00,27.174,95.8011,0.0,296.0,1.041280595140532,36.02,76.5,135.79,1
227,2010-09-17 09:00:00,16.5141,80.6055,0.0,122.0,31.46794275581712,3.63,23.38,112.64,1
228,2012-04-08 00:00:00,28.4659,95.86,0.0,1066.0,27.396267400283048,3.12,12.66,15.87,1
229,2010-07-29 00:00:00,12.896,74.8735,0.0,86.0,1.852254273911334,181.45,282.54999999999995,437.92,1
230,2011-05-31 18:00:00,30.4783,78.2741,0.0,2258.0,22.83075810708887,10.01,30.78,68.93,1
231,2014-09-11 00:00:00,30.688,79.0478,0.0,2691.0,47.88695496887106,4.66,9.21,49.19,1
232,2010-08-09 00:00:00,30.6463,79.5306,0.0,2051.0,26.57255806740217,15.79,41.11,75.5,1
233,2010-10-03 00:00:00,12.9711,76.2728,0.0,943.0,4.222562240497519,24.39,61.42,78.46,1
234,2010-08-27 16:30:00,24.7505,93.4221,0.0,788.0,10.96796618678514,8.73,15.13,35.379999999999995,1
235,2015-07-22 00:00:00,25.4477,94.0489,0.0,1328.0,24.119907126086968,10.3,41.39,117.9,1
236,2012-08-17 00:00:00,9.7285,76.803,0.0,318.0,8.595181951069533,26.26,52.290000000000006,82.94,1
237,2013-08-04 00:00:00,26.284,94.5808,0.0,732.0,28.13851561288479,5.53,15.66,54.81,1
238,2012-06-20 00:00:00,26.149,91.7351,0.0,54.0,1.852254273911334,32.69,36.57,116.34999999999998,1
239,2011-05-22 00:00:00,25.0672,93.4093,0.0,462.0,17.05316578885703,12.35,93.39,115.49,1
240,2013-06-18 15:00:00,30.3797,78.5017,0.0,905.0,30.801972163904992,2.13,254.0,459.50999999999993,1
241,2008-08-10 00:00:00,25.08,75.72,0.0,352.0,35.266555641072095,3.96,5.33,36.8,1
242,2015-08-01 00:00:00,24.1988,94.1016,0.0,1392.0,19.94576616473369,2.09,71.58,85.55000000000001,1
243,2015-08-12 09:00:00,32.1764,76.3075,0.0,959.0,8.878621520266725,16.56,24.51,54.39,1
244,2013-06-17 00:00:00,30.6945,79.0544,0.0,2734.0,21.859341430513844,92.71,364.97,481.23,1
245,2011-08-07 00:00:00,31.0766,77.3913,0.0,1307.0,2.7771727466475022,0.65,31.23,56.81999999999999,1
246,2016-06-17 00:00:00,31.5124,78.1181,0.0,1697.0,27.8363573766634,0.0,21.05,24.87,1
247,2009-11-09 00:00:00,11.4098,76.6939,0.0,2250.0,10.1278622695706,15.98,58.7,78.82,1
248,2014-11-07 00:00:00,32.9411,75.0922,0.0,702.0,8.899411654391821,4.96,4.96,4.96,1
249,2012-02-15 00:00:00,32.3682,75.5227,0.0,320.0,0.926369172997235,0.02,5.329999999999999,16.23,1
250,2013-07-24 00:00:00,19.1711,73.0207,0.0,55.0,32.46563871770285,49.61,236.94,409.95,1
251,2013-07-25 00:00:00,11.3192,76.5959,0.0,2023.0,5.541356985555456,8.69,18.26,60.98,1
252,2013-11-13 00:00:00,8.4863,76.9517,0.0,13.0,3.85383968584986,56.88,100.21,101.73,1
253,2013-06-01 00:00:00,27.8776,94.25,0.0,953.0,42.26732210621416,10.89,21.72,51.05,1
254,2010-10-04 00:00:00,30.9546,77.1792,0.0,1864.0,37.96614139999003,0.0,1.47,1.71,1
255,2016-06-24 23:00:00,12.8157,74.8586,0.0,20.0,2.7771727466475022,48.83,177.5,346.48,1
256,2012-06-02 00:00:00,26.1475,91.7356,0.0,54.0,0.0,12.72,43.71,113.79,1
257,2008-01-16 00:00:00,33.2537,75.2006,0.0,670.0,15.263887116570793,3.82,3.83,14.24,1
258,2013-09-01 00:00:00,24.9037,93.487,0.0,1251.0,32.47374462015055,5.42,8.29,54.14,1
259,2015-07-22 00:00:00,25.4538,93.9827,0.0,1779.0,24.17357170238777,10.3,41.39,117.9,1
260,2016-07-26 23:00:00,27.1027,88.1218,0.0,1119.0,19.14945002140933,27.12,107.75,212.07,1
261,2013-07-01 00:00:00,26.1147,94.3864,0.0,355.0,5.226876247386835,9.11,27.57,97.88,1
262,2011-02-13 00:00:00,33.3037,75.1827,0.0,1124.0,12.601577561879632,26.63,29.99,49.56,1
263,2010-09-19 00:00:00,30.9035,77.0965,0.0,1417.0,25.581617973815035,35.98,56.2,82.43,1
264,2015-12-20 09:00:00,10.8319,78.7075,0.0,72.0,2.827470857391502,0.17,2.2,4.24,1
265,2007-09-10 00:00:00,27.3425,88.6236,0.0,2049.0,35.90869349353838,3.95,11.79,84.86,1
266,2016-05-18 08:00:00,24.5202,92.7239,0.0,43.0,0.0,75.63,179.70999999999998,267.54999999999995,1
267,2016-05-09 12:10:00,10.3316,76.9592,0.0,1118.0,23.195504298327688,0.9,14.07,26.29,1
268,2015-09-16 00:00:00,19.316,83.2414,0.0,586.0,5.622690631281091,42.04,115.14,159.8,1
269,2015-07-24 00:00:00,24.9818,93.5142,0.0,1251.0,3.700645055238003,14.94,43.33,119.51,1
270,2011-02-13 00:00:00,33.1804,75.8101,0.0,1147.0,29.42258198499057,21.13,22.68,39.22,1
271,2010-06-11 00:00:00,26.944,88.4441,0.0,164.0,26.20351477967944,5.36,5.510000000000001,13.900000000000002,1
272,2013-08-05 09:30:00,10.0539,76.8298,0.0,443.0,31.89481057006413,32.96,96.01,110.07,1
273,2011-03-05 00:00:00,32.0996,77.1586,0.0,1716.0,27.984020297255647,0.0,2.65,5.7,1
274,2016-07-31 11:00:00,19.1869,73.02,0.0,37.0,9.715203996924371,86.28,184.58,251.57,1
275,2013-08-14 00:00:00,32.9913,75.1915,0.0,813.0,31.709175409289443,17.37,39.59,42.98,1
276,2016-08-04 00:00:00,30.7386,79.4954,0.0,3118.0,1.852254273911334,1.03,4.11,40.26,1
277,2011-07-02 18:00:00,13.1819,76.1147,0.0,974.0,10.352583515136056,9.6,32.7,70.63000000000001,1
278,2016-07-31 00:00:00,30.9753,78.4375,0.0,2535.0,19.127144656244745,8.29,30.72,49.94,1
279,2013-07-24 00:00:00,30.301,79.3628,0.0,1031.0,22.676378516866617,15.7,26.23,96.52,1
280,2009-09-03 23:30:00,19.0949,72.8899,0.0,20.0,0.0,72.57,104.67,139.81,1
281,2011-06-16 00:00:00,11.2993,76.9354,0.0,330.0,0.9446765669695762,4.41,13.16,16.88,1
282,2014-09-22 00:00:00,26.1985,91.7998,0.0,83.0,10.286118871948458,126.76,191.59,231.7,1
283,2013-07-12 00:00:00,25.6269,94.1139,0.0,1571.0,13.286694596501158,18.68,107.07,129.82,1
284,2013-08-05 00:00:00,10.3228,76.4319,0.0,39.0,10.457583720168415,33.85,104.08,139.33,1
285,2013-09-25 07:00:00,21.6989,74.172,0.0,1156.0,24.38107244188538,9.24,41.260000000000005,81.91,1
286,2011-08-13 09:00:00,31.7077,76.9313,0.0,770.0,14.543823679248815,14.49,56.36000000000001,96.04,1
287,2015-03-30 00:00:00,33.9344,74.6566,0.0,2069.0,25.913200263065825,6.67,78.65,87.10000000000001,1
288,2012-08-17 00:00:00,30.6594,79.5605,0.0,3307.0,52.69460824196188,21.94,49.22,94.13,1
289,2010-09-19 00:00:00,31.4582,78.2114,0.0,3048.0,43.30146987216884,30.5,65.25,91.89,1
290,2013-08-21 00:00:00,31.5375,77.3737,0.0,3124.0,34.34674871291885,15.31,31.840000000000003,93.45,1
291,2008-06-15 00:00:00,32.5659,75.0944,0.0,345.0,7.521970156592409,13.82,23.91,48.37,1
292,2015-06-17 00:00:00,26.9974,88.4314,0.0,234.0,29.012646985812747,7.45,14.99,67.36,1
293,2008-08-17 00:00:00,31.1,77.16,0.0,1962.0,14.652317781408607,7.29,41.42,182.94,1
294,2007-09-11 00:00:00,24.4279,94.0564,0.0,899.0,8.395047652311604,6.06,13.55,105.1,1
295,2014-10-26 00:00:00,33.1206,75.3142,0.0,1515.0,36.98677716151981,0.0,2.56,2.56,1
296,2016-07-31 00:00:00,25.4941,82.5725,0.0,89.0,2.2509988259497087,8.42,36.03,73.39,1
297,2013-08-07 08:00:00,10.0606,76.6331,0.0,21.0,1.3202343481754246,5.22,59.88,135.53,1
298,2010-08-09 00:00:00,30.6785,78.3475,0.0,970.0,39.97154841221555,24.92,62.81,104.28,1
299,2010-07-20 00:00:00,29.36,80.126,0.0,1371.0,14.022839174857982,58.27,159.01000000000002,186.97,1
300,2013-08-16 00:00:00,26.8727,94.9275,0.0,134.0,2.2732552939282327,36.7,45.85,83.15,1
301,2010-09-10 00:00:00,27.0011,93.7273,0.0,106.0,2.27541360631844,15.17,73.01,134.57999999999998,1
302,2013-06-19 00:00:00,29.5935,79.6805,0.0,1231.0,14.164304838851391,1.01,66.24,233.83,1
303,2014-07-14 18:00:00,23.7327,92.7463,0.0,846.0,23.47891185858705,4.46,14.06,35.849999999999994,1
304,2011-05-31 00:00:00,9.8012,76.9006,0.0,723.0,23.0604855121385,33.07,79.44,123.39,1
305,2011-06-14 00:00:00,14.0354,74.6624,0.0,214.0,13.756786064004658,17.2,37.86,103.67,1
306,2014-04-15 00:00:00,34.209,74.3524,0.0,1584.0,6.468078925968187,0.12,10.989999999999998,13.589999999999998,1
307,2011-08-07 00:00:00,31.0766,77.3916,0.0,1307.0,2.9797348707669924,0.65,31.23,56.81999999999999,1
308,2015-04-03 15:00:00,34.0978,74.4016,0.0,2007.0,14.679126462660124,24.22,70.39,156.58,1
309,2013-07-04 00:00:00,29.58,80.2214,0.0,1540.0,12.142412914640923,1.14,10.420000000000002,32.27,1
310,2013-06-08 17:00:00,27.3721,88.708,0.0,3165.0,38.00689623991378,10.3,15.09,35.18,1
311,2012-02-22 00:00:00,33.241,75.234,0.0,691.0,13.153197791915655,2.25,6.26,6.8,1
312,2015-07-19 15:00:00,18.7632,73.347,0.0,419.0,52.2920266170672,5.97,12.65,16.34,1
313,2016-07-19 00:00:00,25.203,90.5573,0.0,145.0,16.68948805959749,39.27,219.59,326.26,1
314,2015-08-11 00:00:00,31.3237,76.7622,0.0,575.0,12.073815012386085,4.56,13.3,66.39,1
315,2015-03-22 23:00:00,33.3343,75.1969,0.0,1157.0,31.920127751663443,0.0,0.0,26.62,1
316,2010-08-19 06:30:00,26.1984,94.8158,0.0,1885.0,32.421818019787125,13.74,29.82,94.99,1
317,2016-05-18 08:00:00,24.4638,92.4943,0.0,97.0,12.93328300405803,75.63,179.70999999999998,267.54999999999995,1
318,2015-09-15 18:00:00,18.7734,82.8555,0.0,906.0,5.467414961578641,57.83,88.25,155.86,1
319,2015-08-20 23:00:00,32.6173,75.264,0.0,486.0,19.106708679621853,4.61,14.41,31.750000000000004,1
320,2009-10-02 00:00:00,14.9935,74.0478,0.0,5.0,2.085490515740529,105.7,288.19,370.45,1
321,2010-09-13 09:00:00,23.75406693,92.74128531,0.0,969.0,22.717560039379222,11.41,19.1,46.34,1
322,2011-06-09 00:00:00,33.1617,75.3278,0.0,724.0,10.969657803470264,2.42,2.42,2.75,1
323,2010-11-08 19:00:00,14.7822,74.2279,0.0,207.0,20.83664936226788,27.96,49.14,91.26,1
324,2010-08-14 00:00:00,26.0814,94.803,0.0,949.0,36.44619065843627,11.86,53.09,65.68,1
325,2016-07-10 00:00:00,25.7902,94.1318,0.0,1288.0,12.456195843516292,14.38,23.03,75.36999999999999,1
326,2010-08-19 00:00:00,24.8961,93.4957,0.0,1064.0,39.91619716692816,8.39,19.28,50.65,1
327,2012-09-14 00:00:00,27.0377,88.3603,0.0,1484.0,21.17647711915332,19.11,59.31,73.96000000000001,1
328,2011-02-13 22:00:00,33.0165,74.9437,0.0,1858.0,27.567462344848003,24.39,26.2,41.63,1
329,2010-06-25 00:00:00,19.1095,72.8929,0.0,17.0,0.9803838867349928,22.99,145.2,203.48,1
330,2011-08-07 01:00:00,31.2403,77.9258,0.0,1938.0,9.02774863515962,0.14,23.85,45.03,1
331,2011-07-08 00:00:00,30.6509,79.5192,0.0,2238.0,9.245780329496734,1.5,29.85,55.09,1
332,2015-04-07 00:00:00,34.2088,74.3279,0.0,1590.0,1.852254273911334,4.78,5.75,77.34,1
333,2014-05-09 23:00:00,24.8669,92.3576,0.0,23.0,2.0413777681804106,43.71,124.37,171.03,1
334,2007-08-28 00:00:00,25.7428,93.9136,0.0,466.0,20.935780187981493,3.08,14.24,39.03,1
335,2012-09-14 00:00:00,29.841,79.7758,0.0,879.0,1.4135986845265094,10.09,28.12,39.13,1
336,2013-09-16 15:00:00,27.0599,88.4674,0.0,1239.0,14.290231661849331,2.88,5.66,21.290000000000003,1
337,2007-03-23 00:00:00,33.9659,74.3313,0.0,3663.0,32.760031264586985,0.0,16.4,71.13000000000001,1
338,2011-02-25 00:00:00,32.2338,77.1784,0.0,2158.0,17.25973336775588,1.73,2.07,2.33,1
339,2015-08-26 00:00:00,23.3572,92.7878,0.0,1380.0,9.18427544441587,2.74,4.43,57.96999999999999,1
340,2010-08-19 18:00:00,25.61560252,94.11603493,0.0,1614.0,29.53602090910925,10.84,27.29,62.5,1
341,2010-06-17 19:30:00,26.4333,94.8833,0.0,556.0,27.021028298552192,2.62,54.18,97.49,1
342,2015-06-25 00:00:00,30.6838,79.0479,0.0,2495.0,40.39039020262883,25.46,29.94,48.35,1
343,2013-08-05 00:00:00,9.8957,76.9346,0.0,745.0,11.896949456504563,32.96,96.01,110.07,1
344,2007-09-11 00:00:00,27.2084,88.4909,0.0,339.0,27.395035154208863,6.06,18.55,137.29999999999998,1
345,2009-10-03 00:00:00,11.4816,75.9957,0.0,45.0,1.3234073041152994,25.59,91.43,114.73,1
346,2010-08-20 00:00:00,30.966,78.4151,0.0,2428.0,53.50595226491404,5.92,60.66,74.91,1
347,2014-09-22 00:00:00,26.1314,91.7548,0.0,76.0,7.148839105606214,126.76,191.59,231.7,1
348,2014-09-06 00:00:00,33.5405,74.3723,0.0,1503.0,28.73081541945014,33.61,126.05,188.0,1
349,2013-12-10 10:30:00,15.7051,74.2197,0.0,752.0,2.1351274294166025,0.0,0.0,0.0,1
350,2010-09-20 00:00:00,30.7332,78.4401,0.0,1457.0,33.92056164961375,1.71,136.33,228.82,1
351,2016-07-11 23:00:00,26.1699,94.4922,0.0,1161.0,42.54038516410769,8.39,28.43,66.58000000000001,1
352,2008-10-29 00:00:00,27.2333,94.1167,0.0,88.0,2.2793545475188526,0.0,19.84,31.21,1
353,2007-09-29 00:00:00,24.1293,92.6921,0.0,826.0,12.81474088364528,4.42,4.61,5.8100000000000005,1
354,2011-06-28 00:00:00,25.03561729,94.0144205,0.0,866.0,27.282090548675143,12.9,73.66000000000001,106.5,1
355,2015-07-26 00:00:00,30.2411,78.9014,0.0,694.0,35.57957787396177,6.7,43.95,64.78,1
356,2013-08-14 00:00:00,33.3018,75.1793,0.0,1006.0,19.371628439488457,17.13,44.55,46.81,1
357,2013-08-15 00:00:00,25.3833,94.1884,0.0,1684.0,28.08554177882928,4.08,74.99,91.33,1
358,2010-09-19 00:00:00,30.9015,78.7756,0.0,5156.0,45.10980580273492,56.47,116.35,168.45,1
359,2015-09-23 00:00:00,26.1666,91.7042,0.0,236.0,17.151823509523624,61.13,106.92000000000002,116.73,1
360,2013-08-18 00:00:00,30.3642,79.3158,0.0,973.0,27.066809384175563,2.24,26.450000000000003,73.50999999999999,1
361,2014-11-06 18:00:00,33.1261,75.4481,0.0,886.0,25.642243710447005,0.01,0.01,0.01,1
362,2013-06-07 00:00:00,26.0977,94.7031,0.0,1704.0,27.369455013928143,9.11,20.54,30.52,1
363,2009-08-08 02:00:00,29.5885,80.2098,0.0,1640.0,4.253695899835195,1.67,24.25,26.85,1
364,2010-11-23 08:00:00,10.2462,77.582,0.0,1011.0,10.737012349477968,9.35,56.78,98.35,1
365,2007-10-30 00:00:00,11.2777,77.1236,0.0,374.0,2.103353655225412,4.22,27.3,70.59,1
366,2011-08-07 00:00:00,9.5988,76.5289,0.0,7.0,3.7530423719152894,23.14,99.71,112.83,1
367,2013-06-12 22:00:00,30.7394,78.5306,0.0,1309.0,14.977232971625735,3.09,41.16,49.120000000000005,1
368,2016-07-25 12:30:00,25.48,94.1383,0.0,1704.0,16.072160878428527,18.3,31.65,48.82,1
369,2015-03-30 00:00:00,34.0096,74.5915,0.0,1820.0,31.568430941138818,6.67,78.65,87.10000000000001,1
370,2011-06-08 00:00:00,33.1289,75.4325,0.0,825.0,32.560075145928494,0.0,0.2,0.66,1
371,2013-07-15 00:00:00,25.6269,94.1139,0.0,1571.0,13.286694596501158,14.57,35.52,150.02999999999997,1
372,2015-07-22 00:00:00,24.7979,92.9974,0.0,28.0,0.926369172997235,18.11,52.6,152.60000000000002,1
373,2009-08-16 01:30:00,26.7914,88.363,0.0,162.0,2.7802349866361302,15.93,28.57,61.51,1
374,2015-08-15 00:00:00,30.9085,78.3299,0.0,1815.0,41.02266132186659,14.48,24.14,44.91,1
375,2011-06-29 00:00:00,29.607,79.9298,0.0,1728.0,25.918399236700026,62.16,102.51,136.61,1
376,2015-03-23 00:00:00,34.0796,74.0357,0.0,1292.0,42.21739755051885,0.0,0.0,1.9,1
377,2012-04-16 00:00:00,33.1467,75.5488,0.0,1144.0,9.43882163600886,1.46,12.25,61.19,1
378,2013-09-30 00:00:00,30.6004,78.3154,0.0,906.0,20.1883526450412,7.21,16.05,31.8,1
379,2014-09-22 00:00:00,26.1044,91.7082,0.0,53.0,2.119791324560513,126.76,191.59,231.7,1
380,2010-09-19 00:00:00,30.8741,76.9576,0.0,1265.0,34.581106457593734,35.98,56.2,82.43,1
381,2015-09-03 00:00:00,33.6794,74.2525,0.0,1261.0,1.852254273911334,1.52,2.31,4.82,1
382,2010-09-20 00:00:00,31.5699,78.2844,0.0,2306.0,37.359437291630535,0.39,52.08,87.36,1
383,2016-06-02 02:00:00,16.5145,80.6526,0.0,163.0,5.160670673439587,6.35,28.57,40.5,1
384,2015-07-01 00:00:00,26.9978,88.167,0.0,2170.0,3.466954947796808,29.1,61.03,116.62,1
385,2009-10-03 00:00:00,11.4477,75.8289,0.0,23.0,8.2625731888547,30.25,117.83,156.14999999999998,1
386,2011-09-28 00:00:00,26.8545,88.3372,0.0,788.0,38.419313040845296,0.81,43.97,77.12,1
387,2015-03-15 00:00:00,34.1327,74.5594,0.0,1614.0,3.829358129912846,32.32,33.8,38.38,1
388,2008-06-19 00:00:00,24.9336,93.8275,0.0,1033.0,16.02045964527659,6.03,24.82,47.27,1
389,2011-06-29 00:00:00,30.0667,79.0193,0.0,2178.0,19.61553662580004,19.47,27.06,113.47,1
390,2013-08-16 00:00:00,26.4205,94.9731,0.0,692.0,25.176293155000685,39.28,53.14,98.45,1
391,2014-07-30 09:00:00,19.162,73.6873,0.0,838.0,29.947245121321657,111.58,271.08,318.64,1
392,2011-08-05 00:00:00,27.1034,93.6885,0.0,146.0,2.2771438387407703,21.34,48.21,57.1,1
393,2011-08-15 00:00:00,27.4888,93.0153,0.0,544.0,28.976817364678165,42.1,67.64,79.22,1
394,2013-07-25 01:30:00,19.3379,73.7767,0.0,664.0,60.65216653319431,11.01,107.82,191.64,1
395,2015-03-15 18:00:00,33.8911,74.9781,0.0,1638.0,15.4528868014368,29.26,30.790000000000003,39.36,1
396,2010-10-27 18:00:00,9.8678,76.7705,0.0,124.0,11.219261609722672,12.04,17.97,64.46,1
397,2015-08-01 00:00:00,23.899,94.1434,0.0,263.0,13.342372695937204,2.09,71.58,85.55000000000001,1
398,2010-08-06 00:30:00,34.208,77.5101,0.0,3785.0,1.852254273911334,8.8,12.4,24.12,1
399,2008-06-03 00:00:00,31.2077,77.193,0.0,863.0,27.974086584596247,0.25,5.85,14.94,1
400,2014-02-12 00:00:00,31.8246,77.4702,0.0,3706.0,39.04598231354456,0.0,0.05,14.98,1
401,2016-07-07 00:00:00,25.0118,94.3136,0.0,1396.0,3.200508507855546,11.95,28.19,92.02,1
402,2016-08-05 00:00:00,33.0068,74.9455,0.0,1333.0,37.85071779074206,0.15,2.71,65.13000000000001,1
403,2013-02-18 00:00:00,28.1193,95.1645,0.0,777.0,38.50868136980543,2.93,5.34,5.34,1
404,2010-09-13 23:00:00,32.3109,77.2195,0.0,3388.0,30.748384523180444,2.67,33.96,60.260000000000005,1
405,2015-08-11 00:00:00,25.1019,93.3729,0.0,1143.0,8.12959685248653,5.63,34.46,86.02,1
406,2010-09-23 00:00:00,33.27140108,75.17707406,0.0,1123.0,44.69966599062223,5.15,7.44,12.87,1
407,2015-07-27 00:00:00,33.2706,75.7702,0.0,1145.0,33.52557257129665,0.06,14.39,43.89,1
408,2015-03-23 00:00:00,33.7099,74.7959,0.0,2215.0,17.05160603959761,0.0,0.0,2.48,1
409,2015-09-21 00:00:00,19.4662,72.8276,0.0,223.0,34.010140459782974,28.33,137.97,217.14,1
410,2013-06-25 08:00:00,10.9628,77.5947,0.0,272.0,0.0,1.69,5.47,15.8,1
411,2011-07-20 00:00:00,27.1141,88.4658,0.0,283.0,45.6437171940248,13.06,61.35,107.98,1
412,2010-07-21 08:00:00,27.3773,88.559,0.0,1480.0,34.577439865993604,7.3,45.36,99.3,1
413,2010-07-06 00:00:00,26.2363,94.8133,0.0,1563.0,14.352001947229548,9.26,32.72,75.34,1
414,2015-08-19 15:00:00,25.6278,94.1051,0.0,1530.0,12.468805697210712,8.1,17.36,37.6,1
415,2010-09-19 00:00:00,30.4326,78.0767,0.0,1426.0,24.068265597337007,81.28,157.38,230.76,1
416,2011-07-10 00:00:00,30.7333,78.4399,0.0,1457.0,33.92056242515854,18.9,30.58,111.59,1
417,2010-09-13 00:00:00,23.74182634,92.7141905,0.0,931.0,14.765472017333682,9.93,17.18,36.45,1
418,2014-08-14 23:00:00,23.0137,91.7174,0.0,29.0,4.124319018386397,85.53,181.53,205.82,1
419,2008-12-20 00:00:00,33.245,75.247,0.0,1211.0,10.979775861795456,9.43,11.94,14.73,1
420,2013-06-27 23:00:00,27.3765,88.7628,0.0,3762.0,12.964867886244123,10.5,37.88,89.33000000000001,1
421,2012-03-19 23:00:00,34.6507,74.7362,0.0,2393.0,24.67996107486124,2.87,2.87,4.71,1
422,2011-08-06 00:00:00,9.4237,76.9371,0.0,131.0,17.83550082323129,31.68,55.28,62.83,1
423,2010-08-14 00:00:00,26.222,94.9152,0.0,1763.0,28.42576702358958,11.86,53.09,65.68,1
424,2013-08-04 00:00:00,26.0137,94.5163,0.0,1728.0,11.387211682153785,5.78,14.93,47.43,1
425,2014-05-07 17:30:00,18.5158,73.1822,0.0,23.0,7.341897001953773,1.04,1.05,1.31,1
426,2014-09-11 00:00:00,24.1965,73.703,0.0,440.0,24.64116768724888,26.18,90.89,143.5,1
427,2014-06-26 23:00:00,26.1407,91.7645,0.0,62.0,2.96212250130175,14.23,20.69,180.1,1
428,2011-09-06 08:00:00,24.808,93.117,0.0,41.0,5.900698486822301,22.29,30.58,45.24,1
429,2008-10-22 00:00:00,33.6549,74.6326,0.0,3010.0,44.80476484476236,0.0,0.0,1.6,1
430,2016-05-20 01:10:00,8.2117,77.312,0.0,54.0,4.170201739982462,5.1,17.97,68.63,1
431,2014-08-09 08:00:00,24.544,85.3492,0.0,246.0,2.1134044646011327,40.18,73.38,93.2,1
432,2016-07-12 00:00:00,15.6019,73.8093,0.0,51.0,13.056624496455845,26.15,95.75,168.22,1
433,2011-08-08 00:00:00,30.6521,79.5566,0.0,3433.0,32.0694204020097,1.11,3.82,40.96,1
434,2009-08-16 09:00:00,26.74452462,88.40011959,0.0,127.0,0.926369172997235,42.73,61.92999999999999,96.57,1
435,2009-08-20 00:00:00,27.1344,88.4575,0.0,629.0,24.688533267095504,47.06,120.65,200.19,1
436,2015-06-30 00:00:00,25.4243,88.2746,0.0,29.0,1.0256851645236214,3.86,8.25,90.3,1
437,2015-06-16 06:15:00,25.5114,90.215,0.0,307.0,8.213794389737659,27.16,62.64,230.33999999999995,1
438,2010-07-06 00:00:00,25.8877,94.7861,0.0,1171.0,7.440685346262844,9.26,32.72,75.34,1
439,2010-10-10 06:00:00,25.6623,94.1072,0.0,1386.0,9.350342558119696,0.87,76.09,120.34,1
440,2016-07-07 00:00:00,25.9611,91.3681,0.0,182.0,5.635158792453883,24.29,49.8,151.20000000000002,1
441,2013-08-04 23:00:00,9.9995,77.0309,0.0,932.0,15.964081894221785,50.3,69.07,78.33,1
442,2015-06-22 03:30:00,17.5861,73.1742,0.0,16.0,4.021483100860903,45.83,152.42000000000002,231.58,1
443,2010-03-27 20:00:00,24.7339,93.9161,0.0,883.0,14.24689258589194,11.35,12.42,14.34,1
444,2013-08-13 08:00:00,30.6014,78.3449,0.0,1659.0,20.546917142592864,23.95,51.88,102.11,1
445,2012-08-17 15:30:00,10.0604,76.635,0.0,19.0,3.870121403677967,24.01,51.69,79.93,1
446,2013-07-18 00:00:00,30.7314,78.4347,0.0,1125.0,39.5106853976653,8.45,64.93,96.46,1
447,2010-04-20 00:00:00,26.1978,91.7665,0.0,92.0,18.979049044864023,33.21,123.36,189.67,1
448,2008-08-12 23:00:00,13.986,75.452,0.0,693.0,2.0834977221007343,53.35,154.98,246.72,1
449,2015-07-31 09:00:00,24.819,94.3551,0.0,1602.0,26.681266321362195,79.86,103.04,118.66,1
450,2011-02-23 00:00:00,30.4749,79.2293,0.0,2901.0,46.31111915005979,0.0,0.06,0.72,1
451,2011-08-12 00:00:00,29.9121,78.1723,0.0,282.0,0.926369172997235,9.96,25.21,40.32,1
452,2015-06-13 00:00:00,25.463,92.2121,0.0,1385.0,2.117093818638704,32.26,105.13,265.65000000000003,1
453,2015-08-01 00:00:00,24.9111,94.4759,0.0,1833.0,25.70499440133583,4.9,104.34,121.77,1
454,2011-08-07 00:00:00,15.7067,73.9551,0.0,20.0,6.768441128699534,5.52,24.42,203.05,1
455,2012-09-19 00:00:00,27.8458,95.2253,0.0,133.0,0.926369172997235,62.91,108.4,203.85,1
456,2008-02-03 00:00:00,33.33280503,75.21320384,0.0,1488.0,40.75542866830437,2.34,3.69,3.91,1
457,2013-08-25 15:00:00,18.2807,83.0394,0.0,714.0,17.944030962640117,1.23,1.38,5.76,1
458,2010-08-17 13:00:00,19.0997,72.8974,0.0,21.0,1.3486525409181978,114.76,177.10000000000002,213.38,1
459,2010-06-03 00:00:00,23.8986,91.7599,0.0,190.0,9.238837475306015,40.65,82.28999999999999,196.52,1
460,2010-09-20 00:00:00,31.944,77.1179,0.0,1347.0,24.17434336832449,1.53,29.71,48.36,1
461,2014-09-03 00:00:00,33.1253,74.8288,0.0,803.0,23.54180341134965,63.91,90.54,94.09,1
462,2016-08-07 00:00:00,33.0716,74.839,0.0,456.0,6.445657238728478,42.7,60.1,113.85,1
463,2014-05-12 00:00:00,34.0893,74.0241,0.0,1359.0,9.939451079858264,18.4,27.8,41.91,1
464,2010-10-09 00:00:00,25.5265,93.8673,0.0,1371.0,27.026628812346573,26.82,107.81,120.26,1
465,2013-06-24 22:00:00,30.2524,78.9228,0.0,740.0,40.45863686250207,39.59,80.54,82.83000000000001,1
466,2010-09-06 00:00:00,32.0987,77.1495,0.0,1591.0,6.345281846258718,2.78,12.99,45.38,1
467,2015-11-14 00:00:00,12.9746,80.2119,0.0,3.0,2.653046302977528,17.51,82.14,361.1,1
468,2011-06-30 00:00:00,30.15,78.7753,0.0,1619.0,27.370494967842337,46.98,71.25999999999999,146.92,1
469,2015-04-03 00:00:00,33.1445,75.5469,0.0,1130.0,5.961398525332251,13.29,39.54,133.79000000000002,1
470,2015-07-25 09:00:00,26.1062,91.8717,0.0,248.0,6.166308477023598,11.76,44.78,112.45,1
471,2010-09-04 00:00:00,30.796,78.623,0.0,1880.0,16.62353858181991,11.7,44.92,108.09,1
472,2010-06-25 00:00:00,12.89163444,74.88548779,0.0,60.0,4.157545021533345,95.01,194.55,259.45,1
473,2016-07-31 23:00:00,31.6865,77.1043,0.0,1061.0,49.907455767339066,27.42,60.77,95.28,1
474,2010-07-25 00:00:00,31.1054,77.1727,0.0,2199.0,20.87660037029097,3.31,8.24,111.25,1
475,2011-05-31 00:00:00,30.9206,78.3276,0.0,2430.0,46.9489142738443,9.92,26.67,58.150000000000006,1
476,2010-10-09 00:00:00,25.4788,94.1399,0.0,1646.0,14.637633427177526,23.12,99.99,119.47,1
477,2015-08-06 00:00:00,33.1078,74.7756,0.0,1194.0,24.172199371091,5.33,7.85,23.26,1
478,2011-07-12 00:00:00,31.10587659,77.17798485,0.0,2226.0,35.94706692976556,0.18,13.58,58.16,1
479,2015-12-07 00:00:00,31.6817,77.1209,0.0,1078.0,38.06918937058256,0.0,0.0,0.0,1
480,2011-08-11 00:00:00,32.7327,74.8556,0.0,333.0,2.154485725419373,19.84,67.37,124.36,1
481,2009-08-19 20:30:00,27.2644,88.1365,0.0,1272.0,16.193548481425445,40.68,60.27,78.52000000000001,1
482,2015-03-15 00:00:00,33.7732,74.1011,0.0,1052.0,21.698187913453264,32.32,33.8,38.38,1
483,2016-10-04 00:00:00,29.8521,80.553,0.0,895.0,2.327318759179203,0.04,1.16,2.1900000000000004,1
484,2009-07-22 00:00:00,27.04,88.264,0.0,2080.0,12.322552288948472,7.51,17.96,50.82,1
485,2014-10-20 00:00:00,25.5006,90.0896,0.0,47.0,4.806912083386269,0.0,0.07,8.69,1
486,2013-07-24 00:00:00,30.3056,79.3286,0.0,948.0,11.881195099762618,15.7,26.23,96.52,1
487,2010-09-18 00:00:00,29.2484,79.5371,0.0,488.0,1.0617004186454315,56.01,129.98,182.55,1
488,2013-05-11 09:00:00,26.1662,91.7138,0.0,143.0,21.637205845777142,38.98,109.25,235.03,1
489,2011-06-14 08:00:00,15.5935,73.9434,0.0,3.0,1.3352244978385166,11.24,18.72,34.230000000000004,1
490,2013-08-04 00:00:00,25.8376,94.5234,0.0,804.0,2.767591398229724,5.78,14.93,47.43,1
491,2013-08-04 00:00:00,26.0481,94.4619,0.0,867.0,29.6360306360278,5.78,14.93,47.43,1
492,2016-06-05 23:00:00,24.6997,85.6285,0.0,239.0,28.90864007084912,0.0,0.07,8.1,1
493,2014-09-22 00:00:00,26.1324,91.8342,0.0,69.0,2.7771727466475022,126.76,191.59,231.7,1
494,2007-08-06 00:00:00,33.2451,75.2257,0.0,780.0,34.68829168010815,20.53,46.83,110.86,1
495,2010-09-19 00:00:00,31.4161,77.4153,0.0,1905.0,21.546238483331965,51.49,87.75,124.75,1
496,2010-12-09 23:00:00,8.3295,77.1963,0.0,32.0,4.1448363137207975,5.18,82.98000000000002,95.97,1
497,2010-08-05 08:00:00,30.4068,79.3351,0.0,1000.0,38.98494724811976,8.24,29.71,183.67,1
498,2014-09-04 00:00:00,33.0086,74.9426,0.0,1472.0,35.44302015827086,85.19,152.0,178.39999999999998,1
499,2012-06-07 04:30:00,27.1748,88.6458,0.0,947.0,16.7960962530793,0.08,19.22,36.78,1
500,2014-07-15 00:00:00,27.059,88.4694,0.0,1182.0,10.760372368960368,7.31,24.75,51.36,1
501,2013-07-03 02:00:00,15.4123,74.2664,0.0,467.0,29.010057439499533,32.69,88.62,133.62,1
502,2016-07-28 23:00:00,25.8702,94.7844,0.0,1148.0,7.675353195263384,28.36,51.51,114.4,1
503,2015-08-19 00:00:00,26.0214,94.5224,0.0,1628.0,30.342707714734605,14.28,30.55,56.39,1
504,2011-06-27 00:00:00,12.9141,74.856,0.0,28.0,2.081551404631642,44.07,118.01,189.8,1
505,2013-07-28 00:00:00,29.9964,80.201,0.0,2102.0,56.2724475482747,14.7,19.55,77.02,1
506,2015-08-11 00:00:00,24.7459,93.4251,0.0,767.0,5.048548813150623,5.97,40.38,84.21000000000001,1
507,2015-03-15 18:00:00,33.6846,74.2453,0.0,1356.0,17.146467004017005,37.1,38.07,39.25,1
508,2009-08-16 02:00:00,26.8867642,88.28044714,0.0,1597.0,23.571858814592737,15.93,28.57,61.51,1
509,2015-10-25 00:00:00,33.3041,75.1982,0.0,1993.0,41.86004587307679,18.73,20.43,44.75,1
510,2015-06-22 00:00:00,18.7686,73.3678,0.0,527.0,30.38317683491392,73.43,268.21000000000004,499.22,1
511,2015-08-19 00:00:00,25.2568,92.3825,0.0,802.0,8.522642338386635,35.06,81.02,115.26,1
512,2014-10-12 00:00:00,19.2046,84.1917,0.0,1216.0,24.7342113149844,69.54,122.47,126.65,1
513,2015-06-25 00:00:00,34.6056,76.0539,0.0,2834.0,39.54257357010036,42.7,59.21000000000001,59.48,1
514,2015-08-16 00:00:00,27.8835,96.9262,0.0,980.0,39.35204569756175,7.42,24.99,52.36000000000001,1
515,2015-07-18 00:00:00,32.2239,76.3226,0.0,1476.0,20.400209394842538,32.47,106.08,170.29,1
516,2016-05-01 00:00:00,28.0822,96.5316,0.0,585.0,31.735828847521173,6.31,22.57,39.760000000000005,1
517,2009-11-08 00:00:00,10.3018,77.1711,0.0,1213.0,30.387353371754784,24.04,71.53,95.06,1
518,2014-09-22 00:00:00,26.1295,91.7056,0.0,145.0,5.55400861892472,126.76,191.59,231.7,1
519,2014-08-08 00:00:00,32.2237,76.3369,0.0,1568.0,15.084887410481024,14.31,26.99,34.99,1
520,2010-08-20 00:00:00,27.167,88.3652,0.0,1486.0,23.74809153558515,5.94,55.21,177.09,1
521,2013-06-16 00:00:00,31.5986,78.4384,0.0,2310.0,54.529517153990575,102.57,166.76999999999998,212.94,1
522,2015-09-16 00:00:00,18.7828,82.7935,0.0,886.0,2.69311681836279,43.2,136.69,196.2,1
523,2015-12-24 10:00:00,28.5746,77.2791,0.0,199.0,6.787802599791424,0.0,0.0,0.0,1
524,2011-04-17 00:00:00,34.1802,74.2718,0.0,1586.0,2.422364634048608,29.99,36.81,63.27,1
525,2010-08-09 00:00:00,30.5151,78.3684,0.0,839.0,26.754669237119703,24.92,62.81,104.28,1
526,2010-08-26 08:00:00,30.365,78.0641,0.0,776.0,3.71092359098218,25.84,104.23,200.19,1
527,2007-07-30 00:00:00,30.557,79.56,0.0,1851.0,15.44343837315911,35.29,62.41,98.8,1
528,2010-10-11 00:00:00,16.5141,80.6058,0.0,94.0,33.176892706415046,0.0,0.0,18.380000000000003,1
529,2010-08-21 18:00:00,25.5718,94.1211,0.0,1627.0,11.162178370173905,5.7,25.64,59.56000000000001,1
530,2013-08-04 00:00:00,26.1807,94.5497,0.0,1657.0,31.579415431363547,5.78,14.93,47.43,1
531,2013-06-17 00:00:00,31.6223,78.0193,0.0,2470.0,8.843156500883552,45.33,176.34999999999997,228.39,1
532,2009-08-26 00:00:00,27.3746,88.7648,0.0,3748.0,6.500107243904632,5.78,16.5,52.290000000000006,1
533,2014-08-20 23:00:00,31.5216,78.1346,0.0,1911.0,40.92553631506085,0.0,1.89,56.63000000000001,1
534,2007-07-20 00:00:00,11.855,75.361,0.0,0.0,0.0,33.12,72.41999999999999,216.43,1
535,2012-12-11 00:00:00,32.9522,75.1533,0.0,942.0,24.146988179976542,0.29,0.29,0.29,1
536,2016-07-14 00:00:00,26.1963,91.8074,0.0,173.0,12.858314085836204,7.89,16.48,48.2,1
537,2015-03-05 00:00:00,34.2092,74.321,0.0,1633.0,44.22548563967982,7.28,15.489999999999998,62.2,1
538,2010-07-21 08:00:00,27.5509,88.6475,0.0,1390.0,40.8408216659798,7.3,45.36,99.3,1
539,2010-09-19 00:00:00,30.1035,78.4265,0.0,700.0,38.48065434258285,91.15,167.71,244.04,1
540,2009-09-03 00:00:00,32.351,77.2234,0.0,3277.0,10.959328818628554,8.86,14.38,48.24,1
541,2010-10-08 00:00:00,25.6633,94.4703,0.0,1452.0,8.217939368508873,52.1,92.98,96.35,1
542,2014-10-12 18:00:00,18.3297,82.9565,0.0,1043.0,5.625579491786746,78.58,116.26,124.11,1
543,2007-09-07 00:00:00,27.201,88.4883,0.0,401.0,29.153397402645293,48.76,109.89,146.28,1
544,2016-05-23 01:00:00,30.7007,77.8644,0.0,2084.0,29.49963218486065,5.11,6.74,6.99,1
545,2015-01-05 09:00:00,28.6363,77.3957,0.0,205.0,4.862811096960644,0.0,10.12,14.04,1
546,2010-09-15 00:00:00,31.4135,77.895,0.0,3838.0,54.02562116758771,0.99,11.34,37.1,1
547,2011-02-16 18:00:00,33.3308,75.1774,0.0,1826.0,33.646841951002344,3.05,19.37,49.59,1
548,2012-08-17 00:00:00,9.7268,76.8081,0.0,306.0,18.93759741973074,26.26,52.290000000000006,82.94,1
549,2014-08-17 18:00:00,34.5382,74.2493,0.0,1663.0,26.13868365734412,1.43,38.43,46.7,1
550,2013-07-12 00:00:00,29.3802,79.4633,0.0,1946.0,5.541356985555456,4.75,27.56,173.69,1
551,2011-07-17 00:00:00,26.99195749,88.42280921,0.0,272.0,25.893203347040103,6.33,24.99,77.75999999999999,1
552,2008-03-17 00:00:00,32.2862,77.1613,0.0,2363.0,37.78065482389293,0.0,0.0,0.7000000000000001,1
553,2013-07-25 00:00:00,30.8928,78.48,0.0,3554.0,28.5035711533411,1.54,17.56,82.59,1
554,2011-06-17 00:00:00,15.5931,73.8119,0.0,49.0,5.541356985555456,41.64,105.28,124.0,1
555,2010-08-26 00:00:00,32.7029,75.9568,0.0,1995.0,41.16397255744176,6.34,39.66,79.73,1
556,2016-07-02 08:00:00,33.6296,74.5264,0.0,3451.0,9.44161598827119,7.84,11.43,13.21,1
557,2010-09-19 00:00:00,30.9009,77.4668,0.0,2470.0,30.76340653151096,61.51,118.73,171.84,1
558,2015-08-15 07:30:00,18.7631,73.3471,0.0,377.0,53.7489740272928,4.2,12.59,27.42,1
559,2013-07-06 00:00:00,31.9906,76.7907,0.0,1217.0,15.048703646603933,3.04,20.0,29.14,1
560,2015-11-07 00:00:00,11.3432,76.8285,0.0,1212.0,62.225452150126266,3.59,20.97,54.67999999999999,1
561,2013-08-22 11:00:00,19.0402,72.9089,0.0,48.0,9.52245614476137,2.07,3.27,20.010000000000005,1
562,2013-07-12 00:00:00,29.3802,79.4633,0.0,1946.0,5.541356985555456,4.75,27.56,173.69,1
563,2013-07-27 00:00:00,30.4521,78.754,0.0,2031.0,17.19752257693776,2.09,8.34,82.42000000000002,1
564,2016-08-07 00:00:00,32.9834,75.6953,0.0,1882.0,27.559472291712847,26.57,46.38,110.58,1
565,2013-08-05 00:00:00,9.8539,76.9468,0.0,823.0,8.33167688828823,32.96,96.01,110.07,1
566,2010-07-25 00:00:00,16.94054188,73.46485294,0.0,42.0,11.142253779480956,91.4,281.92,527.1899999999999,1
567,2013-08-18 00:00:00,30.742,78.4543,0.0,1189.0,21.6233918996014,2.33,42.41,108.1,1
568,2014-09-22 00:00:00,26.159,91.8178,0.0,63.0,6.774041654801501,126.76,191.59,231.7,1
569,2008-10-29 00:00:00,26.3333,91.25,0.0,42.0,1.3878521111919373,0.03,26.540000000000003,52.6,1
570,2014-09-06 00:00:00,33.3551,74.5128,0.0,1842.0,18.39367804757252,33.61,126.05,188.0,1
571,2013-07-01 00:00:00,26.72,95.029,0.0,690.0,8.43238623760218,14.44,33.33,111.85,1
572,2011-07-29 00:00:00,25.4192,94.108,0.0,1393.0,14.27107053574802,4.21,9.26,33.41,1
573,2016-10-11 03:30:00,14.8009,74.118,0.0,26.0,17.078131676396392,19.96,72.34,88.61000000000001,1
574,2013-09-07 15:00:00,27.3736,88.7323,0.0,3426.0,30.731772287991458,5.47,27.37,61.63999999999999,1
575,2009-05-26 00:00:00,27.0095,88.2592,0.0,2222.0,31.70516921255804,99.34,122.1,123.02,1
576,2009-08-27 00:00:00,25.1718,93.123,0.0,721.0,13.239755820989554,4.12,19.43,59.38999999999999,1
577,2007-08-31 00:00:00,22.6461,88.3403,0.0,10.0,0.926369172997235,0.0,1.2,13.079999999999998,1
578,2013-06-12 00:00:00,32.5552,76.1249,0.0,929.0,2.872624341539043,10.27,28.96,29.03,1
579,2013-06-25 00:00:00,11.4991,76.4949,0.0,956.0,3.818832682871486,37.65,106.15,200.45,1
580,2009-08-20 00:00:00,27.0736,88.4779,0.0,1159.0,11.913971851564176,47.06,120.65,200.19,1
581,2010-08-05 00:00:00,27.0366,88.263,0.0,2113.0,18.4576783483465,1.48,5.92,44.28999999999999,1
582,2013-06-16 00:00:00,30.5728,77.6521,0.0,858.0,35.58523851286944,153.7,286.17,391.94,1
583,2008-07-18 00:00:00,29.33,80.1,0.0,1622.0,12.48681317030292,56.24,143.31,215.2,1
584,2010-07-24 09:00:00,16.93911427,73.4745894,0.0,35.0,13.584348044823018,110.63,266.32,454.62,1
585,2015-08-08 00:00:00,31.8028,76.757,0.0,720.0,13.349209109803413,11.06,43.88,60.77,1
586,2010-06-08 00:00:00,19.1646,72.9325,0.0,26.0,2.095543051336284,4.49,19.07,37.8,1
587,2011-06-29 00:00:00,30.81507336,78.2242533,0.0,1350.0,18.0263173503138,12.67,20.58,85.78,1
588,2013-10-13 19:30:00,25.426,94.6024,0.0,1339.0,11.959364186636996,0.02,0.04,17.24,1
589,2015-07-21 00:00:00,34.2689,75.1495,0.0,2213.0,8.659465032208466,10.33,34.63,45.31,1
590,2013-07-07 00:00:00,31.703,76.936,0.0,773.0,37.855330444188986,21.83,35.69,48.29,1
591,2010-07-06 00:00:00,26.0093,94.5238,0.0,1814.0,20.62758173058563,9.14,35.75,73.22,1
592,2013-09-02 00:00:00,27.1614,93.7525,0.0,153.0,3.120743417851209,40.7,70.95,160.05,1
593,2016-06-26 00:00:00,18.241,73.4469,0.0,452.0,42.84009383996053,27.61,102.02,155.22000000000003,1
594,2015-09-01 00:00:00,26.1868,91.6739,0.0,51.0,2.962264172036869,8.4,82.12,160.64,1
595,2011-06-21 00:00:00,25.51614662,94.2341227,0.0,1649.0,20.17083508931048,8.32,18.31,51.05,1
596,2013-07-23 00:00:00,30.2902,79.151,0.0,794.0,8.356664545951155,1.35,40.62,102.63,1
597,2010-07-21 00:00:00,12.8277,75.0772,0.0,69.0,13.906416938742945,83.33,271.16,476.63,1
598,2010-06-19 08:00:00,17.8975,73.2961,0.0,206.0,20.654209471413434,9.97,57.34,317.12,1
599,2013-07-24 00:00:00,30.2733,79.233,0.0,1014.0,37.48835437901496,15.7,26.23,96.52,1
600,2016-06-23 09:00:00,15.3739,73.8911,0.0,63.0,4.167052616455466,36.24,169.24,241.57,1
601,2015-07-26 00:00:00,31.9563,77.1135,0.0,1204.0,13.634522928540594,16.3,27.11,43.52,1
602,2013-04-26 00:00:00,34.2946,75.4832,0.0,3482.0,3.700645055238003,5.71,10.72,23.81,1
603,2015-06-17 00:00:00,27.0257,88.4301,0.0,296.0,41.96958163064336,7.45,14.99,67.36,1
604,2012-01-13 08:00:00,33.4209,75.2045,0.0,1628.0,33.42376175422706,0.0,0.07,7.819999999999999,1
605,2014-07-20 00:00:00,30.6326,78.9953,0.0,1892.0,19.907674782092712,10.51,48.53,115.02,1
606,2016-05-22 15:00:00,30.306,78.0648,0.0,650.0,4.66489858530668,1.53,1.88,1.88,1
607,2013-08-05 05:30:00,10.0539,76.8294,0.0,431.0,31.8740877844908,32.96,96.01,110.07,1
608,2013-08-18 00:00:00,31.0826,78.066,0.0,2238.0,24.519869216039385,1.9,28.05,72.06,1
609,2012-06-07 00:00:00,27.7565,88.632,0.0,3891.0,19.464501331824604,0.05,2.27,4.79,1
610,2016-07-17 00:00:00,30.1642,78.2936,0.0,1097.0,44.430073425819,54.79,112.18,129.74,1
611,2013-08-07 00:00:00,32.9913,75.1915,0.0,813.0,31.709175409289443,5.02,60.11999999999999,93.61,1
612,2010-08-22 00:00:00,30.4084,77.0666,0.0,301.0,0.926369172997235,14.75,36.39,121.84,1
613,2011-07-24 12:30:00,26.5836,93.0038,0.0,72.0,1.852254273911334,2.3,44.38,122.91,1
614,2007-08-31 00:00:00,25.1333,93.9667,0.0,1012.0,2.115746804158198,1.28,4.2700000000000005,19.590000000000003,1
615,2013-09-30 00:00:00,15.7156,73.8049,0.0,24.0,7.963599896002825,7.6,24.65,52.89,1
616,2007-08-26 00:00:00,25.5576,91.8506,0.0,1686.0,4.807840935153697,40.07,55.66,69.77000000000001,1
617,2014-05-22 09:00:00,15.4951,73.8288,0.0,52.0,14.26025698439723,2.37,35.21999999999999,57.54999999999999,1
618,2008-08-12 00:00:00,14.229,74.8122,0.0,457.0,59.82470231796099,67.74,192.97,308.56,1
619,2015-07-31 23:00:00,25.0634,94.3415,0.0,1767.0,27.55044535407618,79.86,103.04,118.66,1
620,2010-08-20 00:00:00,30.8183,78.6186,0.0,1609.0,21.407229002749872,6.11,63.47,78.99,1
621,2014-08-15 00:00:00,30.1176,78.7472,0.0,1475.0,28.46229431350733,77.74,114.15,159.40999999999997,1
622,2010-10-08 00:00:00,24.837,93.9128,0.0,796.0,17.946031415771497,76.95,132.5,135.86,1
623,2010-10-31 00:00:00,18.2733,83.0645,0.0,686.0,38.83825425444807,81.72,141.65,151.26,1
624,2007-07-16 00:00:00,27.1499,88.38,0.0,1107.0,30.203926293037487,15.14,46.44,126.22,1
625,2009-09-17 00:00:00,27.1954,88.6115,0.0,474.0,7.161187087203872,4.39,10.489999999999998,13.419999999999998,1
626,2011-07-19 00:00:00,27.1032,93.6884,0.0,146.0,0.926369172997235,58.61,136.8,253.15,1
627,2010-08-17 00:00:00,19.1993,73.0109,0.0,157.0,22.439180535830968,114.76,177.10000000000002,213.38,1
628,2010-08-06 00:00:00,27.0375,88.2627,0.0,2072.0,15.559031534206374,4.53,8.01,28.300000000000004,1
629,2013-07-25 00:00:00,30.7866,78.6171,0.0,1518.0,29.08374615553425,1.54,17.56,82.59,1
630,2010-06-28 00:00:00,25.4916,91.2698,0.0,1496.0,11.383724956082276,47.18,124.26,152.18,1
631,2010-09-03 00:00:00,30.4008,79.0278,0.0,1023.0,25.22907104855853,20.33,86.83,149.99,1
632,2011-08-23 00:00:00,27.13862165,88.22551799,0.0,882.0,26.166571174780973,18.66,46.72,104.73,1
633,2007-03-12 00:00:00,34.0935,74.9112,0.0,1964.0,17.37111651345607,64.91,91.34,91.99,1
634,2011-06-02 00:00:00,9.5207,77.0198,0.0,459.0,5.847234102513656,41.81,130.14,195.29,1
635,2008-08-14 00:00:00,27.163,94.0,0.0,94.0,2.085187,10.32,32.41,71.72999999999999,1
636,2013-07-24 00:00:00,30.9058,78.0906,0.0,1555.0,19.90794840719584,13.91,21.36,81.91,1
637,2014-06-27 00:00:00,26.1619,91.7697,0.0,56.0,1.852254273911334,6.85,21.91,150.57999999999998,1
638,2012-09-17 00:00:00,33.9639,74.9597,0.0,1586.0,3.700645055238003,9.01,10.33,16.689999999999998,1
639,2007-09-08 00:00:00,25.0604,93.9877,0.0,1525.0,37.35514278400912,19.36,74.28999999999999,123.8,1
640,2013-10-11 15:00:00,32.3665,77.0857,0.0,3684.0,7.509472660862632,14.39,14.39,15.33,1
641,2012-06-13 00:00:00,25.0951,92.3567,0.0,236.0,23.072954772058488,38.73,97.96,142.77,1
642,2013-07-18 00:00:00,30.4043,79.3308,0.0,1030.0,40.49418239802765,7.0,51.91,71.87,1
643,2010-09-18 00:00:00,30.1454,78.6007,0.0,487.0,23.020756379733484,42.57,119.47,170.98999999999998,1
644,2013-08-10 10:00:00,21.786,83.8847,0.0,204.0,2.198921738407341,4.37,102.82,131.01,1
645,2011-07-16 00:00:00,27.2743,92.9064,0.0,640.0,13.108321654365652,2.2,79.4,131.24,1
646,2016-10-15 00:00:00,26.9343,88.4486,0.0,269.0,24.876573447742093,0.46,24.83,85.99,1
647,2010-06-27 23:00:00,12.89307458,74.88567317,0.0,56.0,5.683751421055114,15.51,170.88,310.55,1
648,2008-09-19 00:00:00,31.587,78.315,0.0,2792.0,25.399368932711766,19.21,28.32,30.56,1
649,2010-10-21 23:00:00,34.0887,74.0227,0.0,1385.0,17.145953483091994,13.45,13.45,13.45,1
650,2014-09-23 00:00:00,25.7238,89.9032,0.0,34.0,14.316083944889312,13.14,178.27999999999997,279.81999999999994,1
651,2012-07-19 00:00:00,26.8546,88.3373,0.0,809.0,25.94016421427548,22.99,44.26,150.11,1
652,2012-08-17 16:00:00,10.007,76.7105,0.0,39.0,1.3201234439694864,24.01,51.69,79.93,1
653,2008-05-20 00:00:00,24.9849,92.8411,0.0,264.0,19.518165735735224,5.6,22.56,69.88,1
654,2012-08-20 00:00:00,33.0829,74.8333,0.0,516.0,1.852254273911334,5.14,10.92,31.46,1
655,2011-08-06 22:00:00,31.69137979,77.13222306,0.0,918.0,15.998551483834897,8.95,35.47,54.13,1
656,2015-07-22 00:00:00,25.5007,93.9854,0.0,1435.0,19.35012885428996,10.3,41.39,117.9,1
657,2010-07-07 00:00:00,31.1011,77.1793,0.0,2270.0,22.208228642052827,4.11,107.82,183.05,1
658,2014-06-22 03:00:00,9.9983,76.7329,0.0,41.0,4.782913703761298,1.54,6.63,31.4,1
659,2010-09-16 03:00:00,24.3069,93.125,0.0,753.0,29.11681749159973,11.4,30.379999999999995,48.75,1
660,2015-08-20 18:00:00,25.6263,94.1057,0.0,1515.0,16.03432433908622,8.68,20.24,33.33,1
661,2015-07-11 00:00:00,30.3799,78.4862,0.0,902.0,40.36561891466498,39.29,84.47,157.45999999999998,1
662,2010-07-07 00:00:00,31.5041,77.9521,0.0,3587.0,35.64366065916236,1.23,33.129999999999995,57.34999999999999,1
663,2015-08-01 15:15:00,18.7687,73.3679,0.0,527.0,30.38319053401972,3.13,18.77,89.8,1
664,2010-06-05 00:00:00,34.0901,74.0256,0.0,1314.0,16.3092633618643,0.52,18.13,18.59,1
665,2015-08-18 00:00:00,28.1737,94.7596,0.0,568.0,22.113876912814764,25.29,66.25999999999999,138.52,1
666,2008-04-05 00:00:00,33.9337,74.9985,0.0,1590.0,0.926369172997235,19.62,22.8,40.21,1
667,2014-08-17 00:00:00,27.0869,93.6086,0.0,317.0,9.327683683775282,4.65,43.69,146.25000000000003,1
668,2011-12-10 00:00:00,29.913,79.3532,0.0,1023.0,15.739908627193008,0.0,3.48,3.62,1
669,2016-10-15 00:00:00,26.888,88.2796,0.0,1551.0,19.02627568606808,0.71,17.25,66.58999999999999,1
670,2009-09-19 00:00:00,11.2695,76.2227,0.0,32.0,6.690831545688622,6.6,27.26,48.37,1
671,2016-08-03 09:00:00,18.3978,73.5086,0.0,808.0,21.16476553988907,92.52,264.91,377.54,1
672,2015-08-26 00:00:00,23.8447,93.0514,0.0,1089.0,27.86746422818901,3.95,11.510000000000002,44.23,1
673,2011-08-12 00:00:00,28.8665,79.5682,0.0,208.0,1.057776620942137,16.85,31.87,47.64,1
674,2010-08-06 00:30:00,34.1114,77.5874,0.0,3231.0,2.7771727466475022,8.8,12.4,24.12,1
675,2014-03-10 00:00:00,33.2359,75.2439,0.0,731.0,36.9721192518271,25.27,29.07,29.13,1
676,2014-09-26 00:00:00,33.0365,74.4889,0.0,626.0,14.54370811916454,0.02,1.97,6.079999999999999,1
677,2014-09-23 03:00:00,25.5772,91.8666,0.0,1479.0,11.687392758994248,73.98,252.28000000000003,349.11,1
678,2011-10-17 00:00:00,9.9903,76.7898,0.0,51.0,3.352439961154928,6.29,25.44,52.27,1
679,2010-07-26 00:00:00,16.94057232,73.46476377,0.0,42.0,11.142253831272384,43.69,245.72,511.65,1
680,2012-06-13 00:00:00,25.5498,92.0757,0.0,1273.0,24.802602340897124,27.68,87.41,124.29,1
681,2009-08-20 20:30:00,26.88405686,88.28087032,0.0,1628.0,19.313990848755303,61.76,146.77,195.56,1
682,2012-06-10 00:00:00,24.8142,93.5444,0.0,524.0,34.77802218832971,5.93,7.31,42.21000000000001,1
683,2013-09-01 18:00:00,27.3425,88.2426,0.0,1388.0,28.364376855574704,4.12,12.85,49.71999999999999,1
684,2015-11-07 00:00:00,11.3237,76.9101,0.0,325.0,3.8852997790355777,3.59,20.97,54.67999999999999,1
685,2010-09-19 00:00:00,29.5477,79.3211,0.0,855.0,27.01248752836951,68.23,167.47000000000003,233.79,1
686,2010-07-17 00:00:00,30.6358,77.5435,0.0,1646.0,30.51450466098204,8.04,21.14,56.22,1
687,2010-07-25 00:00:00,25.0477,92.801,0.0,179.0,26.744232985272472,3.43,18.78,96.12,1
688,2010-08-13 00:00:00,25.70223725,94.04619681,0.0,1018.0,9.356034364378676,10.61,13.72,16.799999999999997,1
689,2016-07-20 00:00:00,27.1176,88.1069,0.0,2041.0,21.74392182314659,40.66,74.53999999999999,164.04,1
690,2012-08-24 00:00:00,30.7395,77.2847,0.0,1650.0,34.4885263137034,23.86,41.38,178.99,1
691,2012-02-16 00:00:00,32.5655,76.1201,0.0,811.0,18.79277068458064,0.0,0.97,14.97,1
692,2015-02-26 00:00:00,33.3376,75.1922,0.0,1209.0,30.985316294932705,0.42,41.91,48.59,1
693,2016-06-14 08:00:00,26.3185,94.5247,0.0,1167.0,1.387753790258008,6.05,35.82,62.330000000000005,1
694,2015-09-07 00:00:00,11.81,78.2253,0.0,1369.0,18.7761436591747,7.78,15.33,20.29,1
695,2014-03-11 00:00:00,34.0823,74.056,0.0,1336.0,8.923651616094908,43.62,81.55,82.08,1
696,2013-06-12 00:00:00,32.2108,76.2833,0.0,987.0,4.294902317664399,17.95,39.74,40.03,1
697,2014-06-26 23:00:00,26.1844,91.7896,0.0,63.0,4.818259994255743,14.23,20.69,180.1,1
698,2011-08-28 00:00:00,19.1355,72.9981,0.0,5.0,5.626380456421899,140.99,320.49,370.32,1
699,2015-05-30 00:00:00,34.2607,75.4446,0.0,3349.0,12.069001859607054,0.03,0.67,12.21,1
700,2015-07-24 00:00:00,30.4517,78.1443,0.0,2296.0,41.4377233787537,1.04,7.13,35.720000000000006,1
701,2013-06-16 00:00:00,30.6738,77.3544,0.0,1501.0,23.03140253394507,153.7,286.17,391.94,1
702,2007-09-10 00:00:00,24.2451,94.0691,0.0,1285.0,25.95439328643043,0.73,10.16,46.05,1
703,2011-08-27 00:00:00,32.5764,75.8466,0.0,790.0,12.997828770756552,34.97,69.15,91.07,1
704,2012-06-20 17:45:00,20.855,77.7274,0.0,341.0,1.356650177471707,0.12,16.919999999999998,89.26,1
705,2010-08-06 00:30:00,34.3061,77.3265,0.0,4038.0,14.259553236615396,7.21,9.31,17.45,1
706,2012-07-05 00:00:00,31.1066,77.209,0.0,2259.0,48.323826632875424,0.39,16.4,51.6,1
707,2015-08-12 00:00:00,25.6237,94.1136,0.0,1607.0,33.42494578296137,3.35,14.73,69.02,1
708,2010-02-06 00:00:00,33.1595,75.8011,0.0,1134.0,35.28218833340786,5.36,6.24,6.24,1
709,2015-07-01 00:00:00,26.8811,88.2779,0.0,1512.0,21.888527625301027,29.1,61.03,116.62,1
710,2007-06-25 00:00:00,15.8294,78.0501,0.0,288.0,2.087267696651286,0.29,29.27,341.41,1
711,2014-08-02 09:00:00,9.9431,76.3738,0.0,13.0,2.967274671279056,35.22,151.10000000000002,176.20000000000002,1
712,2010-05-20 23:00:00,16.5121,80.6296,0.0,23.0,3.3812915253632303,85.4,133.73000000000002,133.9,1
713,2012-09-16 00:00:00,27.1675,88.3651,0.0,1511.0,20.42254604983192,36.17,98.58,150.96,1
714,2016-06-21 00:00:00,32.99,75.1892,0.0,833.0,31.19135818353492,8.47,11.78,26.12,1
715,2012-08-17 00:00:00,30.6179,78.3233,0.0,860.0,38.49899917375673,35.39,81.68,146.94,1
716,2011-03-19 00:00:00,33.3390327,75.1916877,0.0,1219.0,33.67193744558453,25.59,27.54,27.54,1
717,2008-08-08 00:00:00,31.13,77.09,0.0,1684.0,27.15301547816716,39.24,51.75,122.25,1
718,2011-06-14 00:00:00,32.3709,77.2466,0.0,3969.0,2.8691983302594606,4.71,4.72,25.89,1
719,2015-08-01 00:00:00,24.4072,94.0644,0.0,1173.0,30.25022032179324,3.7,100.7,118.29,1
720,2013-07-10 04:30:00,30.3629,79.2143,0.0,1626.0,22.882048049163952,2.64,28.23,90.71999999999998,1
721,2010-09-16 00:00:00,23.7527,92.694,0.0,795.0,30.34177918841917,7.76,34.33,58.77,1
722,2010-10-22 00:00:00,33.0107,74.9397,0.0,1444.0,41.89167208306319,19.97,21.21,21.21,1
723,2013-06-16 19:30:00,30.7351,79.0666,0.0,3543.0,4.279209739887967,116.18,191.89,260.12,1
724,2008-08-19 00:00:00,26.138,94.25,0.0,1019.0,12.074502330273894,29.74,62.14,110.29,1
725,2010-08-11 05:00:00,31.958,77.1104,0.0,1231.0,3.2722870185412583,0.48,12.84,65.81,1
726,2014-10-09 00:00:00,10.9654,76.5516,0.0,138.0,1.3222024613849448,26.9,43.31999999999999,59.32,1
727,2015-08-01 00:00:00,23.9939,94.0573,0.0,981.0,12.803323355556538,5.31,82.66,101.37,1
728,2015-09-01 00:00:00,26.49349035,91.72137514,0.0,62.0,1.388921568190823,10.67,74.71,148.2,1
729,2015-10-31 00:00:00,11.3742,77.899,0.0,417.0,29.60069033435662,2.97,4.220000000000001,19.28,1
730,2016-07-17 09:00:00,29.9551,78.1677,0.0,309.0,13.126517641736392,54.79,112.18,129.74,1
731,2012-09-16 00:00:00,33.303,77.8876,0.0,4897.0,20.501187033173416,0.45,1.81,4.819999999999999,1
732,2011-07-25 08:00:00,32.1896,77.187,0.0,1747.0,46.47729520450555,2.78,24.24,47.52,1
733,2012-08-17 00:00:00,9.8232,77.1498,0.0,880.0,6.681021928045628,24.01,51.69,79.93,1
734,2008-08-29 00:00:00,25.67,94.1066,0.0,1447.0,18.41213576563324,5.84,16.36,22.51,1
735,2010-08-31 09:00:00,16.5157,80.6525,0.0,117.0,31.1647931256136,1.76,43.86,87.48,1
736,2010-01-03 02:00:00,33.0289,74.9489,0.0,1759.0,41.03613415413796,2.72,2.72,2.72,1
737,2009-09-10 00:00:00,31.8833,78.6167,0.0,3296.0,29.37686223412349,13.7,42.13,46.97,1
738,2013-08-05 00:00:00,10.0486,76.7606,0.0,73.0,13.663519856208897,32.96,96.01,110.07,1
739,2010-08-06 00:30:00,34.1482,77.5971,0.0,3563.0,23.3455450179556,8.8,12.4,24.12,1
740,2012-10-21 09:00:00,11.338,76.8806,0.0,378.0,0.0,4.46,32.9,54.7,1
741,2010-07-31 09:00:00,24.9356,93.8443,0.0,853.0,0.926369172997235,17.28,60.98,86.61,1
742,2010-09-19 00:00:00,30.9086,77.1103,0.0,1572.0,20.520802199635945,35.98,56.2,82.43,1
743,2011-06-20 20:30:00,27.0638,88.4659,0.0,1169.0,13.75295210397399,3.47,18.74,40.27,1
744,2013-06-18 10:30:00,19.0811,73.0226,0.0,15.0,3.0804361216669345,38.14,233.32,374.17,1
745,2016-10-03 11:00:00,30.8974,77.0588,0.0,1701.0,35.00018594391471,0.0,0.07,0.18,1
746,2013-06-25 10:15:00,16.9214,73.593,0.0,61.0,13.431710879642932,31.84,74.68,113.64,1
747,2010-07-07 00:00:00,32.6598,76.853,0.0,3669.0,26.157220396817227,2.28,33.99,52.760000000000005,1
748,2015-08-15 00:00:00,30.6494,79.5269,0.0,2055.0,19.57388706644332,8.16,14.53,30.93,1
749,2013-07-02 23:00:00,31.0722,77.1402,0.0,1976.0,15.440566054073996,9.53,11.54,34.7,1
750,2013-08-14 00:00:00,33.0498,74.6264,0.0,795.0,13.133665075977136,15.49,37.62,42.41,1
751,2010-06-07 00:00:00,24.7543,93.5039,0.0,407.0,16.099431076325118,7.71,43.91,88.83999999999999,1
752,2011-08-29 12:30:00,18.9774,72.8102,0.0,19.0,8.073405381454604,55.1,265.90000000000003,322.69000000000005,1
753,2010-08-04 00:00:00,32.7571,77.4138,0.0,4888.0,8.061448560809282,7.51,13.18,54.41,1
754,2015-08-09 13:00:00,33.3852,74.2562,0.0,1092.0,24.355017350706785,0.88,3.96,9.61,1
755,2008-12-21 00:00:00,30.895,77.089,0.0,1655.0,33.42868060734366,0.0,1.2,1.2999999999999998,1
756,2015-06-19 00:00:00,23.7131,92.7362,0.0,900.0,22.497546016791755,4.32,6.93,47.01,1
757,2008-09-19 00:00:00,31.1,77.1645,0.0,1883.0,15.294604616522555,114.48,164.66,168.24,1
758,2013-08-16 00:00:00,26.3897,94.9439,0.0,525.0,5.15715117338214,39.28,53.14,98.45,1
759,2013-07-27 00:00:00,31.8931,78.63,0.0,3634.0,19.60937106827232,0.26,1.65,17.970000000000002,1
760,2013-07-04 00:00:00,30.1719,80.8576,0.0,3235.0,35.242275673497765,0.51,7.649999999999999,21.500000000000004,1
761,2010-07-22 00:00:00,16.5676,73.6608,0.0,68.0,26.339834805368906,80.23,186.85,316.27,1
762,2010-08-18 04:30:00,17.0661,73.5027,0.0,166.0,7.910790505988174,35.72,97.5,135.95,1
763,2015-07-26 00:00:00,31.1003,77.1751,0.0,2128.0,30.58126224535296,9.91,22.71,34.19,1
764,2015-08-20 00:00:00,32.6175,75.6157,0.0,1048.0,18.071236741109864,3.3,20.39,42.46999999999999,1
765,2015-08-19 00:00:00,25.1416,92.3807,0.0,160.0,10.756185231515634,41.24,100.47,149.45000000000002,1
766,2015-08-01 00:00:00,31.0358,78.8578,0.0,2734.0,53.34283523739924,14.8,30.04,47.78,1
767,2015-07-19 15:00:00,30.0705,80.2364,0.0,2186.0,9.24914983966009,0.97,5.4,17.91,1
768,2009-10-05 00:00:00,23.73478778,92.72124394,0.0,988.0,23.248272553867388,16.64,63.8,74.72,1
769,2016-06-22 12:00:00,26.1961,91.7825,0.0,124.0,12.523591942861296,19.78,46.18,154.10000000000002,1
770,2015-08-19 00:00:00,25.0728,92.3636,0.0,133.0,10.024134913751013,41.24,100.47,149.45000000000002,1
771,2011-07-10 00:00:00,31.7099,76.933,0.0,771.0,2.982390692858045,14.11,34.86,66.52,1
772,2016-01-14 05:15:00,27.1758,88.5294,0.0,308.0,19.64468291951788,0.02,0.28,1.0,1
773,2015-07-12 00:00:00,33.2504,75.2102,0.0,711.0,7.805858322302541,9.43,37.36,65.9,1
774,2012-09-01 04:30:00,15.3826,73.9239,0.0,59.0,2.0863035944519472,17.13,62.47,190.09,1
775,2010-08-14 00:00:00,30.9012,77.0958,0.0,1404.0,15.394215523888366,5.36,28.25,61.27,1
776,2014-05-14 00:00:00,33.2394,75.2405,0.0,739.0,6.616511307914441,2.7,23.33,25.67,1
777,2016-10-15 00:00:00,27.172,88.5292,0.0,324.0,37.359591147855866,0.46,24.83,85.99,1
778,2012-06-08 00:00:00,34.1534,77.5768,0.0,3417.0,5.970993286746105,1.84,2.4000000000000004,3.34,1
779,2015-07-18 17:30:00,24.0406,84.0696,0.0,234.0,4.731245536029114,30.89,248.64,306.98,1
780,2012-09-14 08:00:00,30.2853,78.9829,0.0,647.0,9.7135271895659,22.52,77.03,105.32,1
781,2011-04-17 00:00:00,33.1488,75.5526,0.0,1039.0,31.923422990740328,32.69,37.96,52.49,1
782,2016-08-29 23:00:00,31.5728,77.8561,0.0,1650.0,59.19952289820587,3.8,17.04,39.18,1
783,2014-05-04 00:00:00,11.3403,76.8267,0.0,1195.0,25.728887952082264,4.45,25.11,34.84,1
784,2015-07-24 00:00:00,34.258,75.4189,0.0,2899.0,19.211514229169296,0.53,15.3,43.290000000000006,1
785,2013-10-18 09:00:00,30.5345,79.0853,0.0,1408.0,24.83790993999571,0.03,0.39,0.5700000000000001,1
786,2013-08-01 20:00:00,34.4332,76.2851,0.0,3133.0,53.19816870906616,4.24,5.78,5.79,1
787,2010-08-26 09:00:00,16.5141,80.6053,0.0,129.0,23.637703131139475,12.46,44.68,65.97,1
788,2015-09-14 01:30:00,23.7313,92.7187,0.0,1032.0,15.805360539732332,13.58,44.56,78.74999999999999,1
789,2010-09-24 01:00:00,9.8988,76.3902,0.0,11.0,4.647353034567217,33.72,151.98000000000002,174.70000000000002,1
790,2008-06-29 00:00:00,26.89,88.28,0.0,1547.0,17.220047911934834,16.41,28.700000000000003,45.92,1
791,2010-09-11 16:00:00,30.7059,76.9844,0.0,767.0,10.803454381655332,58.79,65.14,119.14,1
792,2008-05-18 00:00:00,19.5178,83.1809,0.0,650.0,11.025613557382698,0.03,0.22,1.91,1
793,2016-04-04 00:00:00,34.4002,74.2798,0.0,1607.0,2.1655225485426595,13.06,37.94,43.66,1
794,2007-09-07 00:00:00,26.8833,88.2833,0.0,1703.0,19.18002744721545,42.18,104.01,140.79,1
795,2013-07-31 08:00:00,30.3822,78.0949,0.0,832.0,14.703539362452256,24.14,49.02,82.37,1
796,2015-03-15 00:00:00,34.0786,74.3836,0.0,2698.0,10.695696777464434,32.32,33.8,38.38,1
797,2011-08-07 07:00:00,31.7083,76.9316,0.0,766.0,5.105178347687375,6.55,31.34,52.03,1
798,2014-08-18 00:00:00,30.9936,78.4594,0.0,3008.0,55.95781002444957,3.46,14.59,112.61,1
799,2009-10-02 00:00:00,14.7395,74.2566,0.0,6.0,2.127206512798371,61.64,229.17,318.57,1
800,2013-07-25 05:00:00,19.3379,73.7767,0.0,664.0,60.65216653319431,11.01,107.82,191.64,1
801,2012-03-04 00:00:00,25.1604,93.6795,0.0,1095.0,12.975482111654207,0.04,8.259999999999998,13.659999999999998,1
802,2008-06-25 00:00:00,11.41,76.69,0.0,2246.0,17.444184049818062,1.31,2.38,14.27,1
803,2013-07-07 00:00:00,31.7018,76.9424,0.0,766.0,26.42366303774005,21.83,35.69,48.29,1
804,2008-08-28 00:00:00,27.337,88.609,0.0,1542.0,12.90169639827804,3.56,14.14,30.97,1
805,2010-04-17 00:00:00,27.322,88.6087,0.0,1510.0,32.9637078729091,0.26,1.83,3.59,1
806,2010-05-31 00:00:00,28.4298,95.8776,0.0,519.0,15.81679952401605,10.46,13.68,31.61,1
807,2016-06-21 09:00:00,19.19,73.009,0.0,47.0,19.38360407112611,36.66,83.84,89.69,1
808,2016-05-18 08:00:00,24.5204,92.7264,0.0,46.0,1.3764031215077237,75.63,179.70999999999998,267.54999999999995,1
809,2016-07-01 00:00:00,27.0136,92.6351,0.0,225.0,4.832634573500187,7.67,13.51,20.96,1
810,2011-07-08 00:00:00,32.3237,77.1935,0.0,2576.0,26.67987836118141,1.96,15.71,26.090000000000003,1
811,2013-08-13 00:00:00,34.2601,75.4466,0.0,3397.0,26.259989871109457,12.02,13.76,14.64,1
812,2015-06-12 11:15:00,19.1209,72.8406,0.0,33.0,8.502598277572446,31.02,74.65,111.39,1
813,2012-06-03 00:00:00,27.7167,88.5577,0.0,2660.0,13.387345965192656,0.37,5.510000000000001,34.31999999999999,1
814,2013-06-18 08:00:00,12.8446,75.2476,0.0,62.0,8.052208331477186,74.81,239.59,401.8,1
815,2011-06-02 00:00:00,9.8306,76.9408,0.0,723.0,35.94574906185483,40.32,126.46,210.07,1
816,2008-06-14 00:00:00,27.0998,93.6287,0.0,407.0,7.160045497826495,42.4,85.43,148.59,1
817,2010-07-06 00:00:00,30.2485,78.8847,0.0,919.0,32.90968809532685,22.77,87.13,125.41,1
818,2014-07-22 05:30:00,33.2395,75.2406,0.0,739.0,6.61651880896836,0.0,0.0,29.64,1
819,2013-05-11 00:00:00,26.1771,91.7599,0.0,84.0,8.895692965992287,38.98,109.25,235.03,1
820,2014-10-12 00:00:00,19.1008,84.0502,0.0,468.0,11.638782342375588,72.7,119.57,124.22,1
821,2010-10-03 19:00:00,12.7796,75.5844,0.0,129.0,2.0813195717380366,29.3,78.71,118.75,1
822,2015-08-08 00:00:00,32.9961,75.1994,0.0,830.0,27.77932543433156,3.45,10.5,19.57,1
823,2012-06-25 00:00:00,26.9986,95.4993,0.0,642.0,31.568430941138818,36.02,76.5,135.79,1
824,2011-08-13 08:00:00,25.7713,93.8067,0.0,237.0,6.172125181758627,9.88,16.200000000000003,56.43,1
825,2015-06-30 00:00:00,27.0875,88.6556,0.0,2180.0,19.214871795259143,17.87,48.48,107.9,1
826,2007-07-30 00:00:00,30.4,79.349,0.0,1342.0,42.249059636180085,35.29,62.41,98.8,1
827,2013-08-19 00:00:00,34.0942,74.0226,0.0,1294.0,12.299812397009497,1.96,7.74,61.35,1
828,2015-08-09 00:00:00,31.6916,76.5102,0.0,834.0,24.075050587869868,2.81,18.91,39.86,1
829,2013-08-01 00:00:00,27.8837,93.0515,0.0,1586.0,44.95634585071402,9.91,35.099999999999994,51.34,1
830,2007-08-11 00:00:00,30.0702,78.3027,0.0,468.0,4.274174935335535,8.81,24.85,83.8,1
831,2011-07-19 00:00:00,27.05374234,88.42572376,0.0,232.0,28.0786073315143,36.35,54.71,109.87,1
832,2010-09-19 00:00:00,29.7911,80.058,0.0,1447.0,20.814186705036025,35.55,111.4,157.95999999999998,1
833,2015-03-30 00:00:00,33.9445,74.799,0.0,1623.0,2.162399622069942,8.66,95.64,104.73,1
834,2010-09-22 00:00:00,31.0215,77.1038,0.0,1692.0,35.37507822488846,40.59,51.03,121.26,1
835,2011-06-29 00:00:00,32.4318,77.2147,0.0,3576.0,54.0126368429095,5.91,18.59,55.28,1
836,2015-12-29 00:00:00,31.46626719,76.86927482,0.0,849.0,34.43147599934835,0.0,0.0,0.29,1
837,2015-12-07 00:00:00,10.2288,77.4767,0.0,2183.0,17.5715573578488,11.86,22.15,34.03,1
838,2011-07-06 00:00:00,24.8063,93.9482,0.0,784.0,1.3781307546716215,2.82,30.15,52.12,1
839,2007-09-07 00:00:00,15.5063,73.8362,0.0,13.0,4.167614563356857,9.03,23.01,158.78999999999996,1
840,2011-06-19 00:00:00,15.2932,74.1447,0.0,70.0,4.791106806232782,1.88,32.96,115.58,1
841,2008-09-22 00:00:00,30.7,77.08,0.0,939.0,31.47977191414952,0.36,25.39,201.05,1
842,2011-08-07 00:00:00,33.4406,75.1996,0.0,1693.0,12.628003113014977,7.47,11.56,13.5,1
843,2010-09-13 00:00:00,22.7176,92.8416,0.0,733.0,24.51559955702803,5.13,13.96,29.88,1
844,2009-08-12 00:00:00,27.7,92.8,0.0,2442.0,17.488372713621818,17.32,32.27,50.38999999999999,1
845,2015-07-22 00:00:00,25.5098,93.8794,0.0,1650.0,15.451697691723986,10.3,41.39,117.9,1
846,2015-07-27 09:30:00,11.8348,75.4856,0.0,23.0,7.604590508007037,15.99,44.870000000000005,116.35,1
847,2007-06-25 00:00:00,11.7095,76.074,0.0,740.0,13.0479773943411,4.11,67.84,232.73,1
848,2009-08-30 00:00:00,24.8628,94.4182,0.0,915.0,36.03357894696324,4.61,5.0600000000000005,15.64,1
849,2010-09-19 18:00:00,29.6131,79.494,0.0,1715.0,25.061873673052496,68.23,167.47000000000003,233.79,1
850,2012-09-04 09:00:00,19.6241,72.9084,0.0,10.0,2.0968400837997545,62.64,158.55,221.48,1
851,2010-07-29 00:00:00,24.9786,93.5027,0.0,1315.0,18.801212904229484,19.68,36.42,58.59,1
852,2007-08-26 00:00:00,25.2946,92.8339,0.0,889.0,17.07308516773084,13.28,16.62,43.01,1
853,2013-08-14 00:00:00,33.4431,75.1915,0.0,1661.0,19.24805104341493,17.13,44.55,46.81,1
854,2015-07-25 00:00:00,15.3904,73.8182,0.0,18.0,10.259498999372042,33.52,125.18,198.88,1
855,2013-08-02 04:30:00,32.5282,75.1199,0.0,365.0,2.1532041141831297,18.56,42.39,49.49,1
856,2010-05-17 00:00:00,34.3951,75.6233,0.0,3873.0,27.951190015400183,4.37,6.09,20.83,1
857,2016-07-23 23:00:00,16.0781,78.8743,0.0,345.0,37.34437715269699,2.38,8.27,20.7,1
858,2013-10-06 16:30:00,15.6365,74.1158,0.0,344.0,18.66334470623999,4.34,40.53,57.3,1
859,2007-08-12 00:00:00,32.0985,76.2665,0.0,772.0,16.192818291654365,8.91,9.84,56.2,1
860,2012-06-22 00:00:00,26.1226,91.7162,0.0,74.0,15.288279133132818,43.46,79.72999999999999,89.47999999999999,1
861,2015-09-23 15:00:00,25.583,91.893,0.0,1448.0,7.21118022434726,48.8,118.09,140.11,1
862,2016-07-17 00:00:00,31.5007,78.1758,0.0,1823.0,43.87678538098061,14.38,45.31,70.6,1
863,2011-07-22 00:00:00,16.1078,73.7167,0.0,21.0,5.863212773471741,14.8,41.120000000000005,227.51000000000005,1
864,2015-08-15 00:00:00,30.7864,78.616,0.0,1552.0,25.029107663161327,9.84,16.630000000000003,31.94,1
865,2013-07-07 03:00:00,31.8795,76.9161,0.0,1279.0,13.874043948207497,17.96,37.72,46.97,1
866,2010-06-03 05:00:00,24.6005,92.3814,0.0,89.0,17.429220646877386,54.42,121.7,190.57,1
867,2011-04-06 00:00:00,34.2101,74.3445,0.0,1586.0,10.61870205713839,1.15,10.85,19.92,1
868,2014-07-19 05:00:00,30.4305,78.0803,0.0,1508.0,27.04173410665788,19.59,47.41,133.06,1
869,2013-07-19 00:00:00,30.0718,80.2369,0.0,2154.0,19.61619358961495,15.67,54.33,89.61,1
870,2007-07-30 00:00:00,30.733,78.439,0.0,1452.0,37.26757762713439,58.29,83.93,119.33,1
871,2016-04-22 02:30:00,27.5799,91.8569,0.0,2758.0,26.38739342709098,11.02,58.47,118.9,1
872,2007-09-05 00:00:00,33.1662,75.3098,0.0,946.0,28.815442535947128,6.92,13.39,24.49,1
873,2013-08-04 00:00:00,9.9147,77.011,0.0,720.0,11.804445000532729,50.3,69.07,78.33,1
874,2016-08-05 00:00:00,27.5754,91.9754,0.0,2412.0,26.864068197615136,0.23,10.25,20.27,1
875,2007-06-25 00:00:00,16.6252,80.6128,0.0,23.0,2.7771727466475022,3.4,12.17,132.63000000000002,1
876,2011-08-12 00:00:00,27.44,92.2833,0.0,2615.0,1.0437789193849585,6.41,9.64,28.55,1
877,2013-07-25 00:00:00,30.4041,79.3276,0.0,1096.0,25.55342084299832,5.77,22.82,95.29,1
878,2013-08-04 00:00:00,26.2083,94.5438,0.0,1482.0,7.149705606575251,5.78,14.93,47.43,1
879,2015-03-15 00:00:00,34.0968,74.4117,0.0,2071.0,12.770989681735694,32.32,33.8,38.38,1
880,2016-07-16 15:00:00,12.8962,74.8859,0.0,59.0,6.769203978713265,22.74,55.98,165.38,1
881,2008-06-09 00:00:00,24.6596,93.9784,0.0,777.0,3.8377078345156304,4.16,12.25,17.99,1
882,2013-07-10 00:00:00,19.0263,72.8676,0.0,5.0,2.9444647786649147,27.74,57.33,88.0,1
883,2013-10-05 23:00:00,25.8266,94.1497,0.0,1398.0,29.25896401491808,16.72,36.68,39.65,1
884,2010-07-20 18:00:00,29.3576,79.5519,0.0,1338.0,4.343258728209363,65.62,141.84,167.69,1
885,2013-07-05 23:00:00,33.0852,74.8799,0.0,802.0,28.63524412342432,2.3,2.31,4.09,1
886,2016-07-14 00:00:00,26.1768,91.7702,0.0,83.0,30.11204693140904,7.89,16.48,48.2,1
887,2010-04-02 23:00:00,27.8997,93.3497,0.0,869.0,6.540767028653907,6.29,18.64,40.38,1
888,2015-07-07 00:00:00,27.0816,88.4397,0.0,252.0,23.119881010719286,9.06,26.94,83.13,1
889,2013-08-17 15:00:00,15.5419,73.9214,0.0,12.0,12.563261936421144,28.45,54.78,83.9,1
890,2013-08-14 00:00:00,33.7706,74.0967,0.0,1008.0,2.412438984569611,13.98,40.98,45.7,1
891,2012-08-17 00:00:00,9.6991,76.8168,0.0,51.0,3.3515136411424824,26.26,52.290000000000006,82.94,1
892,2011-04-19 00:00:00,33.5808,74.9035,0.0,2222.0,16.53193700859359,3.88,40.86,46.18,1
893,2014-12-31 00:00:00,33.287,77.2853,0.0,4081.0,32.991468001990214,0.0,0.0,0.0,1
894,2010-10-14 19:30:00,31.5158,78.2619,0.0,1903.0,42.28117871468224,0.0,0.0,0.0,1
895,2016-07-13 23:00:00,26.3221,80.4703,0.0,125.0,2.9626822416069367,8.68,12.45,51.98,1
896,2011-02-07 00:00:00,33.35406635,75.17240669,0.0,1330.0,41.58765380700268,19.34,25.38,26.28,1
897,2012-10-22 09:00:00,10.077,76.322,0.0,-1.0,1.852254273911334,15.52,56.14,87.8,1
898,2013-05-11 09:00:00,23.7281,92.7175,0.0,1081.0,8.496937956006335,21.06,76.18,247.9,1
899,2010-10-03 00:00:00,30.9141,76.818,0.0,430.0,3.515403050966418,0.0,1.71,1.71,1
900,2013-11-20 23:30:00,20.0014,73.7917,0.0,584.0,9.595541932517769,0.0,0.0,0.0,1
901,2015-06-19 00:00:00,25.16,93.686,0.0,1022.0,36.10655674778545,1.74,5.62,28.44,1
902,2014-07-23 23:30:00,29.1585,79.1464,0.0,229.0,1.408190512504145,4.45,12.22,159.53,1
903,2013-08-14 00:00:00,33.3216,75.1984,0.0,1197.0,36.03866838572641,17.13,44.55,46.81,1
904,2010-08-13 00:00:00,30.8522,76.991,0.0,1244.0,13.873253622142329,22.11,24.15,62.26,1
905,2010-05-11 09:00:00,25.3433,92.2897,0.0,1205.0,1.0249975202040136,12.85,28.61,56.39,1
906,2010-11-22 00:00:00,27.5798729,91.85672387,0.0,2746.0,23.60412220046119,0.0,1.5,2.56,1
907,2012-08-22 00:00:00,33.2412,75.2382,0.0,732.0,13.153199581115755,4.74,15.74,22.04,1
908,2016-04-13 13:00:00,11.3464,76.8076,0.0,1800.0,7.256219400387159,0.1,0.12,9.239999999999998,1
909,2015-01-29 10:00:00,28.5714,77.2135,0.0,216.0,0.926369172997235,0.0,0.0,5.82,1
910,2013-05-11 00:00:00,26.1016,91.6906,0.0,115.0,39.5106853976653,38.98,109.25,235.03,1
911,2013-05-07 00:00:00,24.2315,92.6755,0.0,674.0,5.527812889706318,55.11,132.57,243.11,1
912,2015-06-30 23:00:00,26.8843,88.1835,0.0,1653.0,2.7771727466475022,18.26,42.81,94.73,1
913,2010-04-20 00:00:00,26.1965,91.763,0.0,95.0,2.7771727466475022,33.21,123.36,189.67,1
914,2015-09-05 00:00:00,25.4551,84.5322,0.0,67.0,3.5881247832894467,0.0,0.9,10.02,1
915,2013-06-16 00:00:00,31.4551,78.1996,0.0,2040.0,32.1995986900463,84.99,152.11,195.97,1
916,2007-06-25 00:00:00,14.4702,78.8205,0.0,132.0,1.9128926003573103,0.02,9.58,122.05,1
917,2014-07-28 00:00:00,29.5829,80.2182,0.0,1559.0,10.170948748149192,34.95,65.07,109.57,1
918,2008-03-30 00:00:00,34.219,77.2665,0.0,3377.0,0.926369172997235,1.03,1.03,1.03,1
919,2011-08-27 00:00:00,28.6809,77.1958,0.0,217.0,0.0,0.92,12.14,32.629999999999995,1
920,2010-08-20 00:00:00,30.6509,79.0264,0.0,1985.0,33.37042463954668,9.65,93.78,116.73,1
921,2015-08-22 09:00:00,26.1028,91.8806,0.0,137.0,15.471112076163267,4.42,70.45,153.52999999999997,1
922,2011-04-17 15:00:00,33.3645,75.1999,0.0,1878.0,37.49780055602294,32.4,37.72,61.34,1
923,2007-06-25 00:00:00,16.9648,73.5189,0.0,87.0,17.173727685970235,16.82,264.02,374.78,1
924,2013-08-06 07:00:00,32.8363,75.1489,0.0,588.0,9.868020302798934,26.31,55.13,92.29,1
925,2016-07-10 08:30:00,19.34,73.7746,0.0,604.0,47.647446127812906,111.05,160.68,228.19,1
926,2013-08-15 23:00:00,32.3573,77.3052,0.0,3505.0,33.07621211989763,17.41,46.77,62.94,1
927,2015-07-26 00:00:00,31.1263,77.3525,0.0,2280.0,8.385875303404381,11.81,31.21,47.27,1
928,2013-08-17 00:00:00,31.0343,78.7248,0.0,2487.0,38.17760363820586,20.72,41.8,88.17,1
929,2011-08-11 04:30:00,32.737,74.876,0.0,362.0,26.603613591712616,19.84,67.37,124.36,1
930,2015-07-14 00:00:00,12.8747,74.9566,0.0,18.0,2.93476529286658,8.76,53.33,256.8,1
931,2011-07-19 00:00:00,33.6917,76.0412,0.0,4895.0,19.01038346139193,0.0,0.01,24.24,1
932,2015-09-06 07:10:00,11.404,76.6952,0.0,2206.0,0.0,3.33,7.32,7.82,1
933,2013-07-11 00:00:00,26.9734,87.3412,0.0,1075.0,15.627861497598468,4.92,78.91,190.12,1
934,2010-07-31 08:00:00,12.8715,74.8862,0.0,35.0,9.185000505031308,77.96,367.18,547.24,1
935,2016-03-26 00:00:00,33.04965334,75.29048614,0.0,1324.0,18.341059950896508,5.45,12.18,15.91,1
936,2015-07-31 18:00:00,32.2241,76.3374,0.0,1589.0,17.788281998830723,2.98,3.13,32.57,1
937,2013-08-04 00:00:00,26.0838,94.564,0.0,1838.0,13.9074099893744,5.78,14.93,47.43,1
938,2010-08-06 00:30:00,34.1481,77.6538,0.0,3755.0,4.321414913087966,8.8,12.4,24.12,1
939,2015-08-27 00:00:00,24.042,92.6724,0.0,811.0,6.1333100125265805,5.48,9.52,37.7,1
940,2011-06-29 00:00:00,30.2416,78.8996,0.0,657.0,35.99026913099253,19.47,27.06,113.47,1
941,2009-11-20 18:30:00,23.0396,72.566,0.0,53.0,2.9534493983647088,0.0,0.0,0.17,1
942,2008-02-13 00:00:00,11.3484,76.7937,0.0,1753.0,21.066428791085,0.06,2.2100000000000004,17.319999999999997,1
943,2010-09-04 00:00:00,30.5004,79.3888,0.0,2139.0,35.86871076930034,16.2,53.24,116.35,1
944,2011-07-15 18:00:00,27.125,93.7145,0.0,129.0,5.56896198426521,22.61,108.87,132.86,1
945,2013-04-07 00:00:00,28.8254,96.1509,0.0,3635.0,29.6227508074082,0.08,5.32,14.62,1
946,2007-07-02 00:00:00,33.2443135,75.22742083,0.0,836.0,38.37393347495164,1.26,7.51,56.8,1
947,2010-07-25 09:00:00,31.0931,77.1675,0.0,1905.0,26.68768078166677,3.31,8.24,111.25,1
948,2015-08-01 00:00:00,24.416,94.0984,0.0,1373.0,20.93503332609938,3.7,100.7,118.29,1
949,2013-08-30 00:00:00,26.4205,94.9731,0.0,692.0,25.176293155000685,7.63,44.85,79.67999999999999,1
950,2014-09-06 00:00:00,32.9148,75.0556,0.0,681.0,15.991342535881016,64.69,184.9,277.97,1
951,2012-08-24 00:00:00,32.1002,76.2699,0.0,761.0,19.189920244513715,9.32,43.62,67.19999999999999,1
952,2008-02-13 00:00:00,33.2418,75.242,0.0,809.0,31.778501700506148,0.0,0.0,10.37,1
953,2009-09-10 00:00:00,32.4035,77.5796,0.0,4373.0,4.622196164454146,13.6,49.11,54.22,1
954,2015-07-13 00:00:00,31.0851,77.1665,0.0,1807.0,36.13675382262674,36.99,144.96,198.09,1
955,2014-02-23 18:00:00,33.2359,75.244,0.0,731.0,36.9721192518271,0.48,2.85,2.85,1
956,2010-08-27 16:30:00,25.4786,94.1327,0.0,1755.0,9.58752644399106,14.5,22.07,36.87,1
957,2013-10-25 00:00:00,16.5175,80.6117,0.0,28.0,2.9399624450634234,56.19,187.04,247.48,1
958,2011-06-17 19:30:00,27.4885,88.4451,0.0,1918.0,25.676361340977152,5.51,14.22,23.32,1
959,2010-08-06 00:15:00,34.2116,77.3504,0.0,3317.0,42.56801587443952,8.8,12.4,24.12,1
960,2011-07-01 00:00:00,25.8782,94.1739,0.0,1354.0,23.36421636275217,19.89,41.75,91.78,1
961,2016-10-15 00:00:00,27.1695,88.3664,0.0,1586.0,23.603277744846192,0.71,17.25,66.58999999999999,1
962,2014-08-26 00:00:00,31.5593,77.9277,0.0,1612.0,44.82498141581394,0.88,0.88,1.2000000000000002,1
963,2015-03-19 00:00:00,25.0318,92.4584,0.0,83.0,17.3079457888422,0.01,0.01,0.01,1
964,2010-02-23 00:00:00,30.383,78.5094,0.0,725.0,7.055762708565462,6.76,7.0,7.0,1
965,2010-07-07 00:00:00,32.219,78.072,0.0,3597.0,3.4093232763232195,0.85,26.76,42.07,1
966,2015-04-30 00:00:00,30.5568,79.5541,0.0,1880.0,22.765182410152747,1.82,2.92,4.62,1
967,2013-09-02 00:00:00,28.611,94.9829,0.0,1668.0,32.48339327835614,24.66,57.5,122.63,1
968,2016-07-28 23:00:00,23.5397,93.3783,0.0,1569.0,10.138358485391878,7.01,19.12,53.21999999999999,1
969,2012-09-15 00:00:00,32.9295,75.1432,0.0,765.0,3.788974062717371,1.84,21.62,27.790000000000003,1
970,2012-06-25 18:00:00,26.1049,91.7369,0.0,158.0,16.672500924387776,100.21,151.86,234.0,1
971,2009-08-16 00:00:00,26.9599,88.268,0.0,1876.0,14.250419477603126,15.93,28.57,61.51,1
972,2010-07-29 00:00:00,30.4054,79.3426,0.0,1064.0,24.997625678610166,16.81,33.27,48.44,1
973,2008-06-18 00:00:00,32.3712,77.2466,0.0,3971.0,7.509765746244407,5.16,12.36,79.16000000000001,1
974,2012-06-02 00:00:00,28.8254,96.1517,0.0,3601.0,22.241130168890976,4.69,12.46,14.98,1
975,2015-07-15 08:00:00,27.36,93.0385,0.0,406.0,6.4993257467495305,40.53,70.31,77.28,1
976,2010-09-19 09:00:00,30.1977,77.9137,0.0,520.0,13.769058457431305,91.15,167.71,244.04,1
977,2015-03-05 00:00:00,33.1213,75.2449,0.0,2296.0,19.839824232664423,6.89,12.27,75.89,1
978,2013-10-06 12:45:00,26.1309,91.8383,0.0,107.0,8.517835654237123,62.76,151.09,174.79,1
979,2010-09-09 23:00:00,28.3036,95.4112,0.0,1819.0,39.11774685252796,38.76,89.09,188.99,1
980,2008-09-10 00:00:00,15.323,73.974,0.0,33.0,2.1319248189398,29.28,76.03999999999999,111.7,1
981,2011-05-31 14:00:00,25.1555,93.8474,0.0,1379.0,42.92624892146026,15.72,45.38,50.95,1
982,2012-08-17 00:00:00,9.5527,76.9299,0.0,341.0,18.88013972907304,26.26,52.290000000000006,82.94,1
983,2013-08-18 00:00:00,30.6639,78.0574,0.0,876.0,25.94490322722067,2.62,41.26,100.51,1
984,2010-10-08 00:00:00,25.2745,94.0212,0.0,1077.0,13.95022570481308,53.95,91.32,93.44,1
985,2010-09-13 00:00:00,23.73504471,92.71060943,0.0,950.0,30.27625293414386,9.93,17.18,36.45,1
986,2011-05-24 00:00:00,25.0888,92.8551,0.0,264.0,26.25407499537205,15.2,50.010000000000005,141.95999999999998,1
987,2010-08-27 18:00:00,27.3392,88.6188,0.0,1862.0,28.525829141462467,11.94,39.91,93.81,1
988,2016-10-17 07:00:00,17.4655,78.4606,0.0,543.0,1.9417073050222469,0.0,0.0,0.0,1
989,2013-06-17 00:00:00,30.3069,78.0169,0.0,622.0,5.652381512875881,87.77,352.92,463.42,1
990,2015-09-05 00:00:00,26.048,91.8695,0.0,75.0,12.284413866136306,3.69,63.5,156.6,1
991,2013-07-27 00:00:00,24.3599,85.6179,0.0,364.0,2.956941781823201,19.57,44.45,51.57,1
992,2010-09-13 00:00:00,23.3439,93.0748,0.0,1334.0,36.63368662586392,5.92,10.64,23.16,1
993,2015-06-16 00:00:00,25.5084,90.2191,0.0,325.0,23.705749643396505,27.16,62.64,230.33999999999995,1
994,2010-07-06 00:00:00,30.638,78.3297,0.0,905.0,41.49608223543513,26.59,71.1,108.08,1
995,2013-08-11 23:00:00,26.7103,94.693,0.0,690.0,12.53647418327811,6.1,12.29,114.0,1
996,2010-11-11 00:00:00,12.8806,75.0327,0.0,18.0,3.906655221211935,38.54,58.08,117.73000000000002,1
997,2014-10-15 00:00:00,31.0164,77.0991,0.0,1692.0,12.55658554957204,0.09,8.4,8.4,1
998,2010-05-31 23:00:00,27.3543,88.6428,0.0,2119.0,16.813128021329536,4.53,9.04,21.88,1
999,2010-10-08 00:00:00,24.7679,93.4108,0.0,512.0,24.05432434868892,86.18,138.20000000000002,141.73000000000002,1
1000,2011-03-03 23:00:00,33.2257,75.6695,0.0,2061.0,51.13570638267471,4.46,8.68,14.510000000000002,1
1001,2011-04-17 00:00:00,33.2599,75.8886,0.0,2951.0,16.57940167214095,31.75,36.47,57.66,1
1002,2012-07-07 00:00:00,34.0123,77.9988,0.0,4902.0,17.28899745910263,0.0,0.27,0.5700000000000001,1
1003,2015-06-21 00:00:00,30.0261,78.6278,0.0,494.0,28.45079180335383,5.63,18.78,23.36,1
1004,2014-09-02 18:00:00,19.2677,73.0618,0.0,26.0,2.169461960157345,25.33,128.99,224.77,1
1005,2009-09-01 15:00:00,29.7036,78.5658,0.0,432.0,30.366501165531403,5.41,29.14,51.23,1
1006,2014-09-04 00:00:00,33.798,74.2562,0.0,1393.0,26.065085963608468,69.25,107.79,126.11,1
1007,2011-03-01 15:00:00,33.2477,75.1919,0.0,907.0,23.10244557174866,0.49,1.57,8.47,1
1008,2013-10-16 18:00:00,30.5345,79.0853,0.0,1408.0,24.83790993999571,0.36,0.36,5.430000000000001,1
1009,2015-08-02 00:00:00,25.72,94.6219,0.0,1717.0,46.91495762766459,0.7,71.33,99.02,1
1010,2013-07-26 00:00:00,30.6539,78.3366,0.0,1010.0,30.89953326830285,1.04,25.6,94.52,1
1011,2016-07-26 23:00:00,26.0101,94.5282,0.0,1711.0,14.964338094507506,1.68,31.23,61.28,1
1012,2013-07-24 00:00:00,30.4605,79.4774,0.0,2524.0,39.62962992393063,15.7,26.23,96.52,1
1013,2015-06-22 06:15:00,19.029,73.311,0.0,51.0,2.944470060742882,73.43,268.21000000000004,499.22,1
1014,2013-05-26 00:00:00,28.758,77.15,0.0,210.0,4.208589971140298,0.0,0.0,0.0,1
1015,2015-07-08 00:00:00,12.9455,75.7797,0.0,903.0,8.05436638167055,18.4,28.94,55.56,1
1016,2007-08-12 00:00:00,32.7334,77.5914,0.0,5761.0,15.470684888734588,12.5,22.24,43.86,1
1017,2016-07-16 00:00:00,30.3351,78.5113,0.0,1475.0,21.996448262013043,46.34,65.57000000000001,77.47,1
1018,2007-09-20 00:00:00,27.0875,88.4572,0.0,264.0,21.18318174459727,0.09,3.44,33.2,1
1019,2010-10-09 00:00:00,25.682,94.1076,0.0,1442.0,4.9508487656938565,23.12,99.99,119.47,1
1020,2013-07-14 00:00:00,31.673,76.5338,0.0,749.0,3.856543958160415,3.21,4.16,109.38,1
1021,2015-09-14 03:10:00,23.7348,92.7187,0.0,1044.0,18.14421799352956,13.58,44.56,78.74999999999999,1
1022,2010-06-09 00:00:00,31.09907494,77.1723589,0.0,2063.0,25.01964016839012,2.39,91.58,101.28,1
1023,2007-08-13 00:00:00,17.3895,78.499,0.0,495.0,1.3416947815509983,0.11,9.98,15.34,1
1024,2008-10-12 00:00:00,27.0167,78.1333,0.0,168.0,0.0,0.0,0.0,0.41,1
1025,2013-07-25 00:00:00,30.8928,78.48,0.0,3554.0,28.5035711533411,1.54,17.56,82.59,1
1026,2013-08-17 00:00:00,30.7292,78.4396,0.0,1132.0,7.721564737075644,28.74,59.6,124.47,1
1027,2015-08-19 09:00:00,25.2193,90.5549,0.0,273.0,4.622196164454146,26.68,58.96,87.68,1
1028,2016-07-28 00:00:00,27.5748,91.8644,0.0,2689.0,11.67372935280908,14.04,27.35,78.71000000000001,1
1029,2009-10-02 00:00:00,14.7812,74.499,0.0,332.0,30.31463274274103,67.74,226.64,303.78,1
1030,2015-07-01 00:00:00,26.8781,88.2807,0.0,1502.0,32.128828687867404,29.1,61.03,116.62,1
1031,2013-08-09 00:00:00,25.318,94.0441,0.0,998.0,6.125906246428548,1.71,17.09,68.88,1
1032,2013-07-07 00:00:00,31.5596,77.1679,0.0,1870.0,20.40279278071609,21.83,35.69,48.29,1
1033,2015-08-11 00:00:00,24.7016,93.5291,0.0,661.0,12.98485864215815,1.62,29.540000000000003,76.66,1
1034,2007-09-23 00:00:00,21.464,83.9462,0.0,157.0,6.022085386168779,32.83,61.37,70.14,1
1035,2007-07-21 00:00:00,23.9304,88.2374,0.0,21.0,4.151536785295535,32.34,93.86,166.0,1
1036,2015-10-02 00:00:00,17.6874,83.1993,0.0,29.0,2.6842255998660445,16.8,31.59,39.59,1
1037,2012-02-04 00:00:00,33.2424,75.2381,0.0,743.0,10.516233126592311,11.69,13.13,13.13,1
1038,2011-07-06 00:00:00,30.3214,78.0319,0.0,656.0,2.7771727466475022,33.56,71.18,103.01,1
1039,2016-08-07 03:00:00,32.9041,75.0911,0.0,643.0,0.926369172997235,42.7,60.1,113.85,1
1040,2013-07-23 00:00:00,30.1944,79.1939,0.0,1698.0,10.301528895675055,1.8,58.58,156.95,1
1041,2015-08-13 00:00:00,31.7756,76.9876,0.0,1027.0,37.22257538990599,8.49,24.21,59.02,1
1042,2016-07-26 23:00:00,30.6935,77.4266,0.0,1655.0,11.507947198629443,5.11,24.59,122.28,1
1043,2010-06-16 00:00:00,25.0633,92.8025,0.0,99.0,20.03237253917104,14.74,62.96,129.34000000000003,1
1044,2011-07-11 09:00:00,25.6703,94.1095,0.0,1450.0,21.554870104453816,0.1,1.79,14.8,1
1045,2013-11-24 23:00:00,11.344,76.8691,0.0,715.0,30.393592818008244,7.95,14.06,23.01,1
1046,2011-10-15 00:00:00,10.4497,77.5206,0.0,329.0,1.321058439450427,5.4,22.22,45.18,1
1047,2012-08-05 23:30:00,30.4876,78.0366,0.0,1330.0,33.16674984665996,0.97,118.95,150.67,1
1048,2015-03-10 04:00:00,32.5612,76.1238,0.0,915.0,32.14047651591544,0.0,16.83,27.92,1
1049,2013-06-17 00:00:00,29.5987,79.6592,0.0,1600.0,17.03898374535643,58.3,193.41000000000005,253.36,1
1050,2016-10-12 00:00:00,26.8692,88.4695,0.0,184.0,15.23650810768833,22.91,53.46,86.71,1
1051,2010-09-18 00:00:00,29.6042,79.5343,0.0,1788.0,7.417123201587883,53.49,131.47,184.77,1
1052,2010-07-31 00:00:00,31.0655,77.1325,0.0,1861.0,34.93596019025975,48.47,82.52,115.52,1
1053,2009-09-12 00:00:00,8.742,76.8902,0.0,59.0,6.560776171339852,1.26,1.27,23.48,1
1054,2012-08-17 00:00:00,10.0011,76.7416,0.0,28.0,3.700645055238003,24.01,51.69,79.93,1
1055,2008-08-12 00:00:00,12.845,75.66,0.0,438.0,21.055864654289834,68.41,201.62,276.0,1
1056,2011-08-27 00:00:00,32.6188,75.3504,0.0,766.0,13.08289560354797,34.97,69.15,91.07,1
1057,2015-07-07 23:00:00,26.8826,88.2806,0.0,1616.0,20.91052344416806,8.92,33.58,105.54,1
1058,2013-08-19 23:00:00,30.6293,78.3303,0.0,952.0,24.77132131246416,3.06,33.09,92.28,1
1059,2008-08-07 00:00:00,25.705,94.04,0.0,1040.0,16.860785495741176,0.82,12.78,35.980000000000004,1
1060,2011-06-20 00:00:00,26.3186,94.5121,0.0,1256.0,14.80546141353928,3.79,13.89,32.67,1
1061,2008-08-09 00:00:00,15.15,74.11,0.0,57.0,2.1305042784780253,58.12,121.87,174.93,1
1062,2015-08-01 00:00:00,25.1122,94.3591,0.0,1853.0,17.243893132265686,4.9,104.34,121.77,1
1063,2012-07-05 00:00:00,28.9986,94.8885,0.0,588.0,9.700569437024638,4.3,30.75,65.95,1
1064,2010-08-26 23:00:00,27.2319,88.497,0.0,360.0,11.254445102000954,42.05,61.48,134.76999999999998,1
1065,2011-07-29 00:00:00,27.5862,80.1306,0.0,145.0,2.089638445926117,7.77,29.51,33.540000000000006,1
1066,2015-04-03 00:00:00,32.2934,77.1803,0.0,2149.0,8.889789672168755,8.72,16.68,52.09,1
1067,2008-01-06 00:00:00,33.1517,75.5464,0.0,1200.0,37.01312139096882,2.42,4.21,4.21,1
1068,2011-02-13 23:00:00,33.577,74.1872,0.0,1382.0,13.5843605949331,31.3,36.61,53.97,1
1069,2010-07-19 06:00:00,26.7215,95.0283,0.0,724.0,13.369645277910749,13.18,50.87,108.57,1
1070,2010-08-20 00:00:00,30.3846,78.8371,0.0,2172.0,6.457665776341533,9.65,93.78,116.73,1
1071,2015-08-06 00:00:00,11.6753,92.749,0.0,17.0,9.550530602250408,25.6,68.31,94.99,1
1072,2007-09-18 00:00:00,27.2872,88.2816,0.0,575.0,20.504325237480952,2.0,5.16,51.6,1
1073,2010-07-25 00:00:00,30.5589,77.2889,0.0,883.0,11.02686865351432,6.05,15.81,128.41,1
1074,2010-08-22 00:00:00,30.4238,79.6724,0.0,5022.0,40.0458864429252,11.6,55.96,116.67999999999998,1
1075,2010-08-06 00:00:00,23.7365,92.7146,0.0,1024.0,35.93984192404095,0.38,16.06,42.25,1
1076,2012-11-11 00:00:00,23.7705,92.5217,0.0,78.0,9.728201491806368,0.0,0.09,28.72,1
1077,2016-07-03 22:00:00,19.336,73.7793,0.0,669.0,48.70480934160253,62.72,167.31,253.55,1
1078,2011-02-24 00:00:00,33.3307,75.1772,0.0,1818.0,35.33446050957917,2.62,4.8100000000000005,7.180000000000001,1
1079,2010-04-20 00:00:00,34.38667467,76.34149164,0.0,3260.0,25.57150447344835,10.66,22.24,22.72,1
1080,2015-06-25 09:00:00,34.141,74.6568,0.0,1581.0,3.47925693349424,12.28,74.72,78.31,1
1081,2013-06-15 00:00:00,31.5168,78.0976,0.0,1693.0,11.768708382418277,46.03,90.81,112.13,1
1082,2010-09-03 00:00:00,30.135,78.3896,0.0,371.0,3.5048866350382544,22.13,90.44,149.93,1
1083,2013-08-04 00:00:00,26.1498,94.6055,0.0,1704.0,30.86093898912052,5.78,14.93,47.43,1
1084,2010-09-17 00:00:00,30.75402442,79.49970189,0.0,3145.0,15.035980955680827,10.58,29.47,53.98,1
1085,2016-08-07 00:00:00,33.2483,75.2131,0.0,707.0,20.415952432601863,42.7,60.1,113.85,1
1086,2016-07-21 09:00:00,26.9015,88.4719,0.0,189.0,36.35141951893995,27.8,83.7,204.18,1
1087,2011-08-07 00:00:00,33.0271,75.0018,0.0,2104.0,29.898778377465227,16.15,20.83,25.61,1
1088,2009-05-26 00:00:00,26.8836,88.2791,0.0,1564.0,22.0009164260441,99.34,122.1,123.02,1
1089,2007-10-25 00:00:00,11.7792,78.2034,0.0,1420.0,16.481219276974137,13.93,65.93,118.33,1
1090,2012-03-04 08:00:00,29.5798,80.2123,0.0,1532.0,22.309984332457063,0.09,0.09,0.09,1
1091,2010-08-14 00:00:00,26.148,94.8422,0.0,1513.0,33.88948141819591,11.86,53.09,65.68,1
1092,2010-07-30 15:00:00,15.9517,73.9958,0.0,703.0,34.84667986006248,43.92,159.39,407.11000000000007,1
1093,2010-07-31 18:20:00,19.1287,72.8889,0.0,26.0,3.700645055238003,59.65,111.35,329.11,1
1094,2015-06-17 00:00:00,27.0087,88.443,0.0,317.0,36.64656800770521,9.23,19.65,70.66,1
1095,2009-09-09 23:00:00,31.5494,76.9001,0.0,861.0,1.852254273911334,33.46,38.77,60.21000000000001,1
1096,2011-08-16 08:00:00,25.5144,90.2167,0.0,317.0,13.589593958391731,136.4,164.09,246.72,1
1097,2015-04-22 16:00:00,12.8659,74.8852,0.0,22.0,3.820037031602483,6.88,13.71,14.96,1
1098,2010-09-20 00:00:00,29.3987,79.4841,0.0,2280.0,25.95984415887085,8.65,130.37,227.29,1
1099,2015-08-15 00:00:00,30.9111,78.6814,0.0,2002.0,38.827708461917176,9.84,16.630000000000003,31.94,1
1100,2011-08-07 00:00:00,31.71456806,77.02239366,0.0,869.0,28.60858993472378,6.55,31.34,52.03,1
1101,2010-07-20 00:00:00,29.9862,78.6115,0.0,1031.0,37.94197273023927,33.57,82.86000000000001,111.06,1
1102,2012-07-22 00:00:00,11.405,76.0376,0.0,57.0,14.533364593374769,8.49,30.68,42.63,1
1103,2015-03-28 18:00:00,33.9548314,74.79428356,0.0,1614.0,3.346908774692193,18.91,18.91,28.0,1
1104,2007-09-11 00:00:00,25.52,91.27,0.0,1348.0,10.988566845299832,7.02,51.55,272.63,1
1105,2007-10-26 00:00:00,11.4046,76.6953,0.0,2209.0,5.6203757250275785,16.69,33.41,113.59,1
1106,2014-06-28 09:00:00,26.1964,91.7652,0.0,81.0,12.910612429743768,10.84,31.92,109.1,1
1107,2015-04-03 00:00:00,34.0886,74.0301,0.0,1315.0,6.82773211983059,30.0,64.75,122.26,1
1108,2013-06-24 15:00:00,30.4091,79.0579,0.0,838.0,41.60505554204544,39.59,80.54,82.83000000000001,1
1109,2013-07-07 00:00:00,31.7017,76.973,0.0,794.0,28.81496569893556,21.83,35.69,48.29,1
1110,2010-07-07 00:00:00,31.645,78.4354,0.0,2874.0,26.01911194432273,1.23,33.129999999999995,57.34999999999999,1
1111,2015-07-01 00:00:00,27.0678,88.456,0.0,1087.0,19.08033698515497,18.11,51.09,114.57,1
1112,2007-09-05 00:00:00,27.06826195,88.28121204,0.0,1730.0,4.255676589147069,41.6,67.11,113.85,1
1113,2010-05-25 18:00:00,34.09,74.0256,0.0,1314.0,16.309259381852147,0.0,2.87,3.18,1
1114,2015-08-05 12:10:00,15.3956,74.0113,0.0,56.0,3.700645055238003,25.06,40.56,86.2,1
1115,2010-08-18 08:30:00,30.0134,79.9261,0.0,1702.0,22.270143115026368,34.17,38.52,59.11,1
1116,2015-08-01 00:00:00,24.4265,94.1913,0.0,1314.0,11.243730344787089,3.7,100.7,118.29,1
1117,2013-08-07 18:00:00,9.835,76.8661,0.0,242.0,6.457665776341533,5.22,59.88,135.53,1
1118,2010-09-19 00:00:00,31.563,77.9796,0.0,1558.0,50.3322350931986,30.5,65.25,91.89,1
1119,2009-10-01 00:00:00,16.656,73.5178,0.0,99.0,5.855172056541048,33.9,125.06,135.21,1
1120,2014-08-16 23:00:00,33.0272,74.9465,0.0,1750.0,25.89524082248493,49.45,62.53,64.23,1
1121,2013-06-11 23:00:00,31.4898,76.7043,0.0,710.0,4.434568759688013,20.73,25.77,27.35,1
1122,2015-07-01 00:00:00,26.8352,88.1881,0.0,1002.0,16.25754980601367,29.1,61.03,116.62,1
1123,2009-08-20 00:00:00,26.8992,88.1667,0.0,1552.0,19.922829817324686,61.76,146.77,195.56,1
1124,2010-09-13 00:00:00,23.72988966,92.71495623,0.0,986.0,23.3426946121037,9.93,17.18,36.45,1
1125,2007-09-13 00:00:00,26.1833,91.8,0.0,68.0,4.154096764309844,2.25,9.52,143.47,1
1126,2010-07-04 00:00:00,26.8712,88.3052,0.0,1146.0,19.925329193856744,24.76,60.25,122.95,1
1127,2007-09-09 00:00:00,27.1667,88.35,0.0,1155.0,24.48993370133901,4.33,53.08,140.42000000000002,1
1128,2012-05-30 00:00:00,26.876,75.8101,0.0,433.0,2.9644296324227457,0.0,0.0,0.0,1
1129,2011-06-29 00:00:00,30.67629482,79.04191791,0.0,2514.0,32.2871177597605,20.91,31.69,122.73,1
1130,2014-10-05 17:45:00,25.9702,91.8587,0.0,286.0,9.707649981037308,0.0,0.0,0.02,1
1131,2010-08-16 00:00:00,30.7284,79.4971,0.0,3062.0,22.1608377247042,3.6,12.12,49.38000000000001,1
1132,2013-07-07 00:00:00,31.7093,76.9297,0.0,756.0,1.852254273911334,21.83,35.69,48.29,1
1133,2015-08-18 15:00:00,32.0275,77.3446,0.0,1721.0,32.036867678851394,9.1,18.79,35.94,1
1134,2011-08-25 00:00:00,27.7344,88.633,0.0,3496.0,22.50653371401405,4.66,42.6,65.15,1
1135,2012-06-14 04:00:00,27.339,88.6065,0.0,1504.0,16.261579422291064,0.38,1.0499999999999998,3.53,1
1136,2015-07-24 00:00:00,30.416,78.3415,0.0,2324.0,20.898028196432065,1.04,7.13,35.720000000000006,1
1137,2010-09-19 00:00:00,31.1191,77.5092,0.0,1561.0,31.20257453975428,61.51,118.73,171.84,1
1138,2007-09-09 00:00:00,25.4993,94.1192,0.0,1948.0,11.543842645525167,7.1,33.68,96.99,1
1139,2011-11-03 00:00:00,10.2445,77.5146,0.0,1715.0,20.825210462567107,10.34,27.68,74.35,1
1140,2011-06-07 09:00:00,30.2414,78.908,0.0,766.0,34.34235326041044,2.17,16.47,42.510000000000005,1
1141,2015-07-28 00:00:00,30.7204,79.0758,0.0,3587.0,43.09809611015396,2.94,12.659999999999998,43.17,1
1142,2015-03-02 00:00:00,33.3296,75.203,0.0,1174.0,37.03880994976716,32.12,58.88,100.82,1
1143,2016-06-26 00:00:00,19.3805,84.5699,0.0,68.0,0.982003790704956,6.5,8.9,17.32,1
1144,2007-07-27 00:00:00,25.5212,90.232,0.0,581.0,20.309247989722795,34.65,104.6,170.2,1
1145,2015-07-10 00:00:00,34.0404,75.3156,0.0,2542.0,38.73902438595464,8.66,18.92,32.52,1
1146,2015-08-01 00:00:00,23.9278,94.0906,0.0,939.0,13.089378757745736,2.09,71.58,85.55000000000001,1
1147,2007-08-26 00:00:00,24.9667,93.55,0.0,571.0,22.8550987968422,5.9,7.74,30.56,1
1148,2010-07-07 00:00:00,32.3733,77.2498,0.0,3948.0,7.78183659187649,1.98,37.87,56.29,1
1149,2010-08-19 18:00:00,19.1935,73.0114,0.0,147.0,24.052508338262687,28.43,197.07,272.76,1
1150,2016-07-07 00:00:00,10.0545,78.0298,0.0,185.0,4.148947903133957,0.3,2.23,3.12,1
1151,2012-06-03 00:00:00,25.1775,93.0123,0.0,656.0,15.42307118570718,27.34,76.45,112.95,1
1152,2014-09-09 23:00:00,31.7766,76.9832,0.0,986.0,24.53648584320032,0.02,0.54,271.3,1
1153,2015-03-28 00:00:00,33.0186,75.2405,0.0,1013.0,18.03958801412993,9.96,9.96,13.96,1
1154,2013-07-29 10:30:00,32.9918,75.1945,0.0,857.0,25.86669971816631,1.94,1.94,30.42,1
1155,2015-06-29 00:00:00,27.0161,88.2478,0.0,2193.0,17.49791922651136,13.67,43.7,87.71,1
1156,2013-08-07 00:00:00,10.3031,76.7604,0.0,910.0,31.57757003120463,3.03,39.23,93.28,1
1157,2012-06-03 00:00:00,25.3056,93.1265,0.0,312.0,17.86684892489941,26.59,84.45,114.11,1
1158,2008-05-01 00:00:00,33.1463,75.7454,0.0,1250.0,34.24381962636699,0.0,0.0,0.05,1
1159,2011-09-04 00:30:00,17.9031,73.4361,0.0,379.0,27.24629211014172,26.52,159.77,289.23,1
1160,2015-10-31 00:00:00,11.374,77.8987,0.0,432.0,24.23215048378429,2.97,4.220000000000001,19.28,1
1161,2012-04-24 00:00:00,33.2413,75.2381,0.0,734.0,13.544985239645335,0.03,2.02,8.299999999999999,1
1162,2008-06-06 00:00:00,15.3925,73.8377,0.0,43.0,0.9608277973845576,30.87,56.120000000000005,76.89,1
1163,2014-09-11 00:00:00,33.2611,75.2138,0.0,1227.0,45.94346572713728,1.38,1.45,62.080000000000005,1
1164,2015-08-01 00:00:00,25.1941,94.4481,0.0,1726.0,13.629654547724757,4.9,104.34,121.77,1
1165,2013-08-05 08:00:00,9.879,76.9683,0.0,537.0,15.621730337348511,32.96,96.01,110.07,1
1166,2013-11-13 23:00:00,18.7654,73.364,0.0,460.0,11.581192121510606,0.0,0.0,0.0,1
1167,2010-11-16 00:00:00,10.3184,77.5277,0.0,1169.0,4.9878390566402775,18.18,21.79,59.46000000000001,1
1168,2010-07-29 00:00:00,25.4196,94.1054,0.0,1406.0,22.47272827882763,17.06,32.41,58.35,1
1169,2015-06-13 06:30:00,27.0165,88.2476,0.0,2189.0,8.564040360328832,8.35,48.05,74.47999999999999,1
1170,2015-07-19 00:00:00,14.8937,74.5828,0.0,407.0,8.990014761339621,30.17,58.89,86.23,1
1171,2011-08-18 00:00:00,25.83,94.13,0.0,1018.0,8.821089630664796,4.67,37.16,91.83,1
1172,2016-06-15 09:00:00,9.7967,77.0611,0.0,938.0,5.444531508911997,1.75,6.8500000000000005,66.28,1
1173,2015-07-28 00:00:00,24.5938,72.7308,0.0,1249.0,18.75820714274923,71.02,152.91,189.43,1
1174,2015-07-24 00:00:00,29.5863,80.2186,0.0,1665.0,2.7771727466475022,19.15,33.55,40.58,1
1175,2013-05-12 00:00:00,24.9926,93.4946,0.0,1141.0,4.479758474096997,10.44,45.62,108.43,1
1176,2009-08-16 00:00:00,26.88211522,88.3195318,0.0,1254.0,2.2734130534104127,15.93,28.57,61.51,1
1177,2015-08-28 01:45:00,23.4495,92.8112,0.0,876.0,31.16083503860741,10.53,17.0,32.21,1
1178,2011-07-22 00:00:00,24.7992,93.948,0.0,785.0,2.7545823875732576,6.93,43.74,140.61,1
1179,2013-10-06 00:00:00,26.1665,91.7049,0.0,235.0,13.777425286985055,62.76,151.09,174.79,1
1180,2010-08-30 05:00:00,19.2179,73.1694,0.0,13.0,2.944842024016299,89.3,236.24,315.58,1
1181,2015-03-15 00:00:00,33.0977,75.5787,0.0,1082.0,20.77390810350394,17.53,19.700000000000003,23.48,1
1182,2011-03-19 00:00:00,33.2466,75.1611,0.0,1279.0,35.85086576240288,13.68,14.45,14.45,1
1183,2010-06-15 00:00:00,26.3335,94.5512,0.0,1378.0,7.704690069377326,40.07,75.47,135.07,1
1184,2013-08-04 00:00:00,10.3228,76.4319,0.0,39.0,10.457583720168415,57.09,81.75,109.13,1
1185,2015-08-01 00:00:00,24.954,94.2156,0.0,931.0,20.94185253514824,4.9,104.34,121.77,1
1186,2013-07-23 08:45:00,10.0533,76.4788,0.0,59.0,8.3307443459884,18.99,53.48,167.67000000000002,1
1187,2010-10-09 00:00:00,25.1796,93.0083,0.0,693.0,6.536941433448177,31.14,154.03000000000003,172.87,1
1188,2007-10-19 00:00:00,25.4379,94.1162,0.0,1503.0,16.038678192026104,4.3,5.51,37.4,1
1189,2015-07-21 00:00:00,33.616,77.7652,0.0,4294.0,10.988236381541263,3.08,8.81,16.060000000000002,1
1190,2011-07-29 00:00:00,30.012,78.197,0.0,346.0,1.4149856813620445,8.04,86.88,122.43,1
1191,2010-07-11 00:00:00,32.304,77.2106,0.0,3088.0,18.636242039275896,11.24,15.23,54.14,1
1192,2007-10-16 00:00:00,25.7055,94.0132,0.0,1456.0,14.569286101009892,15.77,31.91,39.47,1
1193,2010-09-19 00:00:00,30.7991,79.4356,0.0,4125.0,32.08742819767972,29.35,64.94,93.64,1
1194,2016-07-16 00:00:00,27.3034,93.804,0.0,740.0,48.95219701632973,39.81,124.73,205.07,1
1195,2010-10-03 00:00:00,28.3092,95.4149,0.0,1847.0,50.98081968480692,2.35,13.64,31.43,1
1196,2009-06-29 02:30:00,18.7591,73.3852,0.0,573.0,10.091702587030868,13.1,47.8,129.23000000000002,1
1197,2014-09-08 00:00:00,25.9466,94.6279,0.0,1395.0,24.37247781848961,3.11,20.52,21.92,1
1198,2013-09-08 00:00:00,27.6047,88.6463,0.0,1614.0,12.101766065965856,1.77,18.96,59.88,1
1199,2013-02-22 00:00:00,33.4372,75.2027,0.0,1800.0,28.935182060076347,32.54,40.53,43.44,1
1200,2007-06-15 00:00:00,26.8096,88.526,0.0,144.0,22.781453377790587,12.63,22.96,84.1,1
1201,2010-06-08 09:00:00,19.0176,72.8562,0.0,12.0,1.852254273911334,4.49,19.07,37.8,1
1202,2007-06-25 00:00:00,19.0298,72.9104,0.0,159.0,30.26194567930274,25.48,331.27000000000004,442.18,1
1203,2010-02-10 00:00:00,34.151,74.1213,0.0,1450.0,25.593136843753147,0.22,61.44,92.39,1
1204,2010-04-20 00:00:00,34.38663064,76.34158851,0.0,3268.0,22.8681874929049,10.66,22.24,22.72,1
1205,2007-08-07 00:00:00,15.0296,74.0253,0.0,23.0,7.950200361511269,60.06,191.72,426.11,1
1206,2010-06-15 00:00:00,25.2269,93.1658,0.0,396.0,2.9593941376249964,23.82,45.04,129.3,1
1207,2014-08-04 23:00:00,30.709,76.9834,0.0,741.0,24.34776694429573,15.38,39.59,55.84,1
1208,2013-07-08 00:00:00,33.3118,75.7525,0.0,1518.0,29.65882754630845,14.03,26.89,34.370000000000005,1
1209,2013-07-10 00:00:00,19.0222,72.8663,0.0,7.0,6.475866383668564,27.74,57.33,88.0,1
1210,2010-07-06 00:00:00,26.7225,95.0281,0.0,699.0,8.28618530638979,13.18,37.16,73.13,1
1211,2015-08-01 00:00:00,24.3481,94.1146,0.0,1009.0,6.350384387505836,3.7,100.7,118.29,1
1212,2016-08-05 23:00:00,29.5866,80.2154,0.0,1602.0,19.680594235339864,6.51,9.22,52.2,1
1213,2011-07-08 00:00:00,30.9209,77.0206,0.0,1286.0,13.506342697367284,5.59,27.12,40.05,1
1214,2015-02-14 00:00:00,26.1468,91.6469,0.0,61.0,8.894608374531636,0.26,0.26,0.26,1
1215,2010-04-21 00:00:00,25.3612,92.2845,0.0,1227.0,3.586080799213583,22.82,90.58,192.15,1
1216,2015-02-19 23:00:00,24.6108,92.562,0.0,33.0,4.921340582296557,9.38,10.96,11.170000000000002,1
1217,2014-09-21 00:00:00,25.7354,90.3852,0.0,341.0,5.210697816005832,58.74,149.12,181.87,1
1218,2014-09-24 00:00:00,25.8143,90.5763,0.0,61.0,2.2560210150566906,9.55,193.47000000000003,324.36,1
1219,2010-09-12 00:00:00,25.63961883,94.11112157,0.0,1502.0,15.08396081807822,4.38,6.8,35.08,1
1220,2014-03-20 00:00:00,33.2355,75.2449,0.0,732.0,35.03531739180771,0.0,8.83,20.24,1
1221,2016-05-18 08:00:00,24.5308,92.5121,0.0,61.0,10.280713071431196,75.63,179.70999999999998,267.54999999999995,1
1222,2015-03-21 00:00:00,33.1754,75.8103,0.0,1061.0,43.53284034519977,0.0,0.0,45.6,1
1223,2016-10-12 00:00:00,27.2676,88.2891,0.0,614.0,48.99498819683531,14.2,33.71,54.64,1
1224,2013-07-29 10:00:00,32.9918,75.1945,0.0,857.0,25.86669971816631,1.94,1.94,30.42,1
1225,2009-09-18 00:00:00,26.8342,88.2798,0.0,431.0,31.77809372877459,1.19,12.32,12.41,1
1226,2011-06-07 00:00:00,30.5319,79.3541,0.0,2663.0,44.77531453476731,1.77,14.76,28.51,1
1227,2008-09-19 00:00:00,30.56,77.3,0.0,897.0,6.545169727150817,66.0,94.15,100.54,1
1228,2015-08-27 00:00:00,23.7269,92.7265,0.0,871.0,25.896232878736683,3.73,7.18,36.98,1
1229,2015-07-22 00:00:00,25.3908,94.0926,0.0,1315.0,14.544184479869594,16.94,48.02,130.70000000000002,1
1230,2013-05-08 00:00:00,24.0896,91.4663,0.0,110.0,7.483527022769613,45.59,126.29,207.05,1
1231,2010-07-22 02:00:00,19.17377751,72.88274367,0.0,80.0,14.522249626853444,69.18,131.46,213.96,1
1232,2011-06-17 23:00:00,26.84850975,88.26181745,0.0,959.0,22.82890662811208,6.37,16.77,28.53,1
1233,2010-09-20 00:00:00,31.1581,77.7155,0.0,1758.0,28.224968341696744,0.55,95.19,160.69,1
1234,2013-07-31 08:00:00,29.5952,79.6625,0.0,1480.0,19.5555435277917,18.81,42.35,96.7,1
1235,2016-07-20 00:00:00,26.1966,91.802,0.0,105.0,10.085476299962467,32.15,108.99,231.77,1
1236,2015-12-19 00:00:00,17.7345,83.2884,0.0,22.0,2.9420469443372586,0.78,1.32,1.7200000000000002,1
1237,2007-09-01 00:00:00,17.2634,73.5446,0.0,97.0,6.676900933553073,18.45,84.25,281.8,1
1238,2011-06-29 00:00:00,32.2282,77.1898,0.0,1815.0,10.414054447686908,7.89,23.08,87.81,1
1239,2012-08-14 00:00:00,30.7362,78.44,0.0,1668.0,38.40706244256023,22.44,42.58,100.35,1
1240,2010-10-09 00:00:00,25.4749,93.1477,0.0,151.0,3.5885571438036794,26.53,110.95,121.17,1
1241,2016-07-02 09:00:00,30.89221723,77.09003076,0.0,1573.0,27.604522135703096,19.85,34.17,62.34,1
1242,2014-09-22 00:00:00,26.1097,91.7747,0.0,60.0,2.260732414259265,126.76,191.59,231.7,1
1243,2010-08-17 00:00:00,26.2753,94.6654,0.0,1152.0,30.949579012722428,17.35,49.71,103.86,1
1244,2011-07-17 00:30:00,15.8513,73.8161,0.0,43.0,8.294524978876806,57.65,157.6,296.51,1
1245,2008-06-30 00:00:00,27.0771,88.482,0.0,1222.0,17.541103920308522,7.1,31.68,46.13,1
1246,2015-07-19 00:00:00,30.73,78.4378,0.0,1120.0,7.672506039100357,0.64,11.66,57.370000000000005,1
1247,2012-02-19 07:00:00,33.2361,75.2441,0.0,753.0,35.67829206318048,0.38,0.54,11.06,1
1248,2013-06-16 00:00:00,31.348,77.4614,0.0,888.0,13.792360324925085,129.03,220.07,291.17,1
1249,2008-01-07 00:00:00,33.4341,75.1923,0.0,1703.0,35.25733641791404,0.34,7.3,7.56,1
1250,2014-09-22 00:00:00,26.1001,91.6849,0.0,86.0,24.925661978622223,126.76,191.59,231.7,1
1251,2016-07-19 00:00:00,28.235,94.9612,0.0,314.0,43.508931111637935,14.48,89.14,199.95,1
1252,2011-08-06 09:00:00,9.497393176,76.8696375,0.0,106.0,4.986081130841307,31.68,55.28,62.83,1
1253,2011-06-17 04:00:00,17.0032,73.3572,0.0,128.0,2.9407724359503926,80.11,164.95999999999998,194.72,1
1254,2007-08-09 00:00:00,12.8733,74.8481,0.0,46.0,2.7771727466475022,47.68,110.86,338.72,1
1255,2010-08-19 00:00:00,26.9722,88.4481,0.0,444.0,34.250705009652044,13.28,123.86,174.28,1
1256,2016-06-29 00:00:00,30.3299,79.3206,0.0,926.0,36.41131657948219,0.31,0.64,1.35,1
1257,2008-08-15 00:00:00,33.0,74.9277,0.0,966.0,27.296473,8.56,27.97,81.06,1
1258,2007-08-14 00:00:00,26.2208,73.6106,0.0,265.0,1.0326068747089236,0.29,0.6,5.38,1
1259,2013-11-17 06:00:00,13.6529,79.3439,0.0,613.0,36.37239606977481,20.2,46.84,46.84,1
1260,2009-05-26 00:00:00,27.04357147,88.26522126,0.0,2070.0,3.843242343997,99.34,122.1,123.02,1
1261,2013-06-11 23:00:00,31.4881,76.6702,0.0,689.0,7.677263322620482,20.73,25.77,27.35,1
1262,2015-07-24 00:00:00,30.4528,78.1045,0.0,2063.0,28.51018015838988,1.04,7.13,35.720000000000006,1
1263,2011-06-02 00:00:00,10.0838,77.0696,0.0,1476.0,19.07834882489798,40.32,126.46,210.07,1
1264,2007-07-19 00:00:00,26.1699,91.7986,0.0,147.0,1.386771132207247,24.86,59.05,102.7,1
