Latitude,Longitude,Rainfall (mm),Temperature (°C),Humidity (%),River Discharge (m³/s),Water Level (m),Elevation (m),Land Cover,Soil Type,Population Density,Infrastructure,Historical Floods,Flood Occurred
11.03205,76.00178,109.01,24.9,76.7,3016.0,9.27,158.1,Urban,Loam,1054.4,1,7,1
25.23638,81.96724,63.23,21.2,55.4,5240.6,12.84,57.4,Agricultural,Clay,5690.4,1,1,1
11.46143,76.31344,136.85,27.7,87.5,4545.3,14.18,173.4,Agricultural,Alluvial,3078.4,0,3,1
14.68226,77.25517,21.73,29.9,24.1,354.1,1.59,540.6,Wetland,Loam,11298.2,1,3,0
17.52335,76.20625,37.23,30.2,72.7,595.0,2.5,786.4,Forest,Alluvial,3836.8,0,0,0
27.70286,71.29486,20.28,33.6,58.3,148.9,0.73,151.1,Water Body,Loam,4238.4,0,1,0
18.02939,76.3965,16.48,30.5,44.8,512.7,2.16,546.2,Urban,Alluvial,869.0,1,0,0
28.24086,77.43641,49.73,28.0,61.7,4106.9,9.46,205.7,Urban,Alluvial,3761.1,0,6,1
25.36923,72.32614,6.46,27.5,51.3,147.4,0.2,193.7,Water Body,Alluvial,7913.2,0,2,0
28.20904,77.31075,17.58,27.5,36.5,2498.1,5.91,210.9,Agricultural,Loam,4618.1,1,7,0
10.34367,76.13097,4.51,29.3,71.1,1894.3,4.18,64.1,Urban,Clay,11833.5,0,3,0
15.75948,76.76618,20.01,31.6,73.3,381.0,0.98,578.7,Urban,Clay,8259.7,0,2,0
28.65327,76.89618,35.48,34.6,53.2,3623.6,9.13,237.0,Urban,Clay,8471.1,0,1,1
26.80823,71.54332,40.37,33.5,56.0,188.0,1.04,349.3,Forest,Silt,10333.4,0,6,0
19.94304,84.88791,88.59,29.8,56.4,6874.4,17.76,77.9,Urban,Loam,3152.1,0,4,1
19.00088,76.57555,1.97,22.8,31.4,495.7,0.87,648.9,Forest,Loam,6230.6,1,2,0
16.72943,80.84782,95.12,21.0,70.4,5285.8,14.15,111.5,Wetland,Alluvial,6812.1,1,8,1
20.30056,85.42423,36.21,30.0,37.7,4497.3,10.51,74.6,Agricultural,Alluvial,7534.1,1,0,1
25.57412,87.28936,104.9,20.9,82.3,6312.3,15.71,42.3,Forest,Alluvial,460.1,1,1,1
18.22042,76.94864,8.25,25.5,40.0,384.5,1.11,761.5,Agricultural,Clay,3723.9,1,0,0
19.86602,85.22784,37.57,26.6,62.5,4364.1,10.4,52.6,Water Body,Alluvial,5171.7,1,0,1
26.03912,83.08365,26.85,25.4,48.0,5300.0,12.19,101.6,Agricultural,Alluvial,2214.7,0,2,1
27.31069,71.61974,16.07,38.5,58.0,117.1,0.38,341.0,Agricultural,Loam,567.0,0,0,0
26.21625,95.38321,1.9,32.1,47.9,4044.1,6.48,59.3,Forest,Alluvial,11410.1,1,1,0
28.85408,77.65649,12.45,29.9,37.2,2512.3,5.13,222.9,Wetland,Clay,4902.8,1,2,0
29.26683,77.42594,73.79,26.0,55.4,3523.6,8.49,231.0,Urban,Loam,4304.0,1,2,1
25.42567,84.4683,36.4,31.0,51.8,3077.3,8.48,92.4,Agricultural,Clay,8887.1,0,1,1
19.09572,76.31704,22.78,25.1,57.5,554.4,0.2,533.5,Agricultural,Clay,3852.6,0,0,0
27.965,71.91962,13.55,23.0,20.0,212.5,2.59,341.4,Urban,Sandy,9463.0,0,7,0
11.49064,75.86146,94.74,33.0,79.1,3726.5,10.66,150.0,Agricultural,Alluvial,5001.2,1,0,1
16.73642,81.06952,138.01,30.3,86.1,5055.1,15.57,158.1,Forest,Clay,4784.7,1,1,1
28.34456,77.29263,44.26,30.5,45.6,3459.4,9.62,190.6,Wetland,Clay,3714.3,1,1,1
22.86359,78.3895,23.38,28.2,51.6,2008.5,4.97,200.1,Urban,Alluvial,3816.1,1,3,0
29.37151,76.84545,210.28,28.5,100.0,6027.1,18.0,204.0,Urban,Clay,4498.9,1,0,1
25.90982,72.31296,3.94,36.8,23.5,131.7,0.2,156.5,Urban,Sandy,5233.0,1,6,0
19.14631,76.28929,10.6,28.5,62.0,380.8,2.26,507.7,Water Body,Clay,1136.7,0,0,0
16.32966,81.83475,531.21,29.0,100.0,16118.9,18.0,150.1,Agricultural,Alluvial,11467.0,1,1,1
27.2411,90.06731,2.47,13.3,37.6,4028.5,8.85,69.6,Water Body,Sandy,1425.5,1,3,0
10.93682,76.48234,28.74,33.8,29.0,1884.0,3.09,143.8,Water Body,Alluvial,6362.3,1,2,0
10.40429,76.56741,73.8,31.1,72.9,2578.7,8.58,161.3,Urban,Clay,4362.1,1,2,1
22.68603,74.40034,31.83,29.2,64.0,2407.2,6.16,238.1,Urban,Silt,4403.0,0,0,0
21.70508,75.80389,27.18,37.8,49.9,1974.4,5.03,105.7,Water Body,Sandy,1108.5,0,5,0
26.87374,95.42166,283.53,32.5,100.0,19262.2,18.0,99.0,Urban,Alluvial,1944.2,1,5,1
25.87379,84.76094,26.66,28.2,48.8,3804.9,7.97,51.8,Agricultural,Alluvial,10730.1,1,3,1
29.04347,77.27958,93.44,38.4,89.4,3151.5,10.27,219.2,Agricultural,Silt,7447.6,0,2,1
22.52982,74.68613,9.95,26.1,37.6,1712.5,3.07,77.5,Urban,Silt,1330.7,1,2,0
21.49533,86.65186,236.9,37.1,100.0,11233.9,18.0,55.3,Agricultural,Clay,10127.6,0,7,1
20.52324,85.71826,11.59,22.1,53.6,2659.6,5.92,32.0,Agricultural,Clay,1001.2,0,0,0
10.46252,76.0219,11.04,28.7,31.6,2721.8,6.18,140.1,Urban,Silt,9053.3,0,7,0
25.71751,72.01691,15.34,31.4,53.7,192.4,1.28,335.3,Urban,Alluvial,7751.6,1,1,0
27.39044,72.30779,27.59,32.2,76.2,266.3,0.2,292.8,Agricultural,Clay,6569.5,0,1,0
9.46887,76.83382,48.94,30.5,52.1,3130.4,9.71,129.3,Water Body,Loam,2159.4,0,1,1
9.52919,76.025,81.74,27.2,71.7,2386.8,8.04,145.7,Agricultural,Loam,6226.5,1,2,1
21.02783,86.22809,112.48,21.7,82.7,5952.7,15.24,59.9,Water Body,Clay,5049.9,1,7,1
17.18121,76.45093,41.13,29.5,63.1,612.6,2.78,456.3,Forest,Alluvial,7084.9,1,2,0
18.95433,77.25885,5.38,27.2,36.7,374.2,1.69,493.0,Agricultural,Alluvial,7451.6,0,4,0
21.13924,85.94893,50.85,22.0,24.4,4956.3,12.23,23.0,Urban,Silt,3279.4,1,1,1
18.30415,80.47846,65.03,27.8,49.5,5963.5,14.14,112.9,Urban,Loam,2834.9,1,1,1
25.58406,92.49078,7.48,27.9,60.7,1854.3,4.83,102.1,Agricultural,Clay,2200.8,0,5,0
10.93247,76.09953,89.73,34.5,45.3,3238.9,8.97,180.5,Agricultural,Clay,4335.5,1,6,1
15.02704,75.45656,38.72,27.4,67.5,446.8,2.68,702.8,Agricultural,Silt,550.8,0,1,0
28.35961,77.67644,85.2,30.0,78.8,4627.2,11.69,222.1,Agricultural,Alluvial,10035.6,0,4,1
26.52644,71.67786,17.31,33.4,45.7,163.4,1.98,339.7,Urban,Alluvial,6683.0,1,1,0
22.59659,75.60852,138.5,34.0,100.0,4347.3,14.36,85.7,Water Body,Clay,1179.2,0,2,1
9.44513,75.95402,37.19,24.9,63.1,2559.7,8.2,60.1,Agricultural,Silt,5090.8,1,2,1
25.19908,86.40427,78.56,26.2,50.6,5908.2,13.35,37.5,Forest,Alluvial,6970.3,1,3,1
21.7295,75.91877,46.57,30.3,52.9,2806.8,6.33,122.9,Agricultural,Alluvial,4477.9,0,4,0
16.80458,75.46529,32.13,24.1,62.4,352.2,2.69,736.7,Urban,Silt,1987.1,1,2,0
18.51948,76.52516,25.75,29.2,49.1,529.7,2.51,715.7,Forest,Alluvial,8171.0,0,3,0
25.91532,93.03729,3.8,24.1,54.0,4626.5,9.92,140.7,Water Body,Silt,4101.6,1,0,0
15.71905,75.12553,23.83,34.7,37.6,476.6,1.4,476.9,Agricultural,Loam,4097.5,1,6,0
24.85856,87.46079,176.55,32.2,100.0,11670.9,18.0,31.9,Agricultural,Clay,7679.1,1,8,1
26.1773,72.59008,0.04,20.6,36.4,167.1,0.93,296.5,Agricultural,Alluvial,10959.9,0,0,0
27.37877,71.37302,18.52,28.3,36.6,264.4,0.62,340.0,Urban,Sandy,3087.4,1,3,0
18.11048,79.82491,31.5,31.1,57.1,2607.0,6.72,27.5,Agricultural,Clay,6490.4,0,2,0
26.47045,81.73117,21.6,29.9,29.4,6090.9,14.34,103.4,Urban,Silt,3481.0,0,6,1
27.98268,70.64169,32.19,24.9,63.0,189.5,1.53,215.8,Agricultural,Sandy,1669.8,1,9,0
25.98835,84.34469,148.0,35.0,78.2,7866.6,18.0,83.3,Water Body,Loam,8038.0,1,5,1
26.16903,71.45476,1.34,24.8,47.6,191.0,0.35,336.0,Urban,Silt,3052.1,1,0,0
26.79712,84.55974,28.76,29.9,50.6,3601.0,8.76,30.6,Forest,Clay,9446.2,0,4,1
28.37047,71.86749,32.26,27.0,53.6,238.7,0.73,276.5,Urban,Clay,4412.2,1,0,0
27.17636,85.90842,88.65,21.3,87.6,8248.5,18.0,70.1,Agricultural,Alluvial,2243.7,1,7,1
28.7868,76.96362,82.82,34.0,84.7,3899.7,9.64,229.7,Wetland,Clay,7806.9,0,1,1
28.60554,77.12074,95.88,30.6,70.1,4585.7,13.74,226.2,Agricultural,Clay,2247.3,0,0,1
18.58589,77.08091,19.68,29.9,55.4,469.7,2.75,716.4,Urban,Alluvial,8352.6,0,1,0
25.56289,73.10608,10.71,30.3,43.3,161.6,0.2,215.2,Forest,Clay,11706.5,1,3,0
28.01043,73.6194,7.86,27.8,37.9,251.9,0.75,157.9,Forest,Clay,513.3,0,2,0
27.52983,90.2703,48.71,31.8,45.3,7087.8,15.91,130.7,Urban,Silt,7299.4,1,3,1
27.48171,73.98388,19.42,33.7,40.4,228.5,1.26,292.8,Agricultural,Loam,6506.3,1,0,0
22.50857,76.75147,57.39,27.4,35.8,3090.1,8.39,179.4,Agricultural,Alluvial,2275.4,0,3,1
18.49157,82.13194,14.47,26.7,47.6,3685.4,7.76,124.1,Forest,Loam,5335.7,0,2,0
20.65824,85.80392,84.25,28.6,65.0,7103.8,18.0,51.0,Forest,Loam,11908.7,0,2,1
29.00986,77.43156,9.87,31.2,46.6,2114.5,4.02,226.7,Wetland,Alluvial,10310.9,1,1,0
17.5709,76.58908,21.12,25.1,27.9,656.2,3.25,483.3,Agricultural,Alluvial,3122.2,1,2,0
26.50811,71.49486,14.72,27.4,41.0,160.0,2.47,273.4,Water Body,Silt,7190.1,1,1,0
20.25857,84.63701,262.05,32.3,100.0,11648.5,18.0,52.2,Urban,Alluvial,11844.9,1,0,1
25.57551,88.28478,24.93,19.5,52.2,3735.1,8.37,82.2,Urban,Alluvial,11301.9,1,1,0
16.41597,81.31603,131.69,31.5,75.1,6003.9,18.0,91.0,Forest,Silt,7019.1,0,7,1
20.95007,85.01762,47.56,25.5,60.2,5526.0,12.44,61.1,Forest,Clay,8966.0,1,2,1
20.93491,86.43883,151.86,34.8,90.0,8155.9,18.0,68.4,Urban,Alluvial,4651.0,0,3,1
27.0877,72.68275,0.18,23.7,43.8,197.9,0.96,238.9,Agricultural,Clay,11437.2,1,6,0
26.33068,72.09529,9.15,35.2,50.0,186.0,1.36,266.0,Wetland,Alluvial,2671.0,0,3,0
27.29143,72.0203,7.83,26.9,37.6,179.1,2.5,189.4,Forest,Sandy,6574.2,1,0,0
25.75977,88.3138,62.83,26.6,68.2,7089.0,15.74,104.1,Urban,Silt,5324.5,0,5,1
17.29045,75.10322,20.32,40.5,52.1,539.2,2.68,450.9,Urban,Clay,10908.3,1,3,0
16.89474,81.47629,72.34,31.6,73.5,4321.7,10.15,156.2,Urban,Alluvial,10483.4,1,2,1
21.54019,76.70986,47.47,26.5,40.2,2614.7,8.88,213.9,Wetland,Alluvial,8463.7,0,2,1
10.86639,75.8174,204.92,21.6,100.0,5873.8,18.0,74.8,Agricultural,Loam,7310.7,0,2,1
22.10349,73.84712,4.2,26.2,49.9,2339.6,4.91,190.1,Forest,Clay,4162.3,0,3,0
10.0705,76.19924,70.95,32.9,43.3,3870.9,10.66,199.1,Urban,Clay,5303.2,1,0,1
18.71588,77.30338,10.19,29.3,52.9,448.3,2.22,532.1,Forest,Alluvial,9161.1,0,5,0
21.77082,73.81555,15.48,23.8,27.0,1529.5,3.0,81.8,Agricultural,Silt,3644.6,1,5,0
23.06297,75.98482,114.4,29.4,78.9,4272.8,12.13,317.9,Water Body,Silt,9564.4,0,0,1
16.25266,79.91524,205.02,32.2,100.0,7461.1,18.0,55.8,Agricultural,Loam,2014.7,1,5,1
20.65436,85.45679,43.52,31.3,55.9,3150.7,7.23,25.2,Agricultural,Clay,1625.7,1,1,1
26.36048,81.7162,129.0,25.9,84.4,8166.5,18.0,35.5,Urban,Alluvial,1572.1,1,0,1
20.87642,85.04935,23.7,31.2,36.0,4334.9,10.04,31.3,Forest,Clay,7987.3,0,2,1
22.90681,77.16807,0.67,26.4,20.0,1566.2,3.47,257.7,Agricultural,Alluvial,540.6,0,8,0
24.95508,80.84107,26.27,29.0,75.8,4145.7,8.8,63.4,Urban,Silt,3224.3,1,5,1
21.26126,85.44174,13.57,30.3,36.0,3476.0,7.1,81.9,Wetland,Alluvial,9461.6,1,2,0
19.24412,76.51901,1.38,23.6,41.2,414.4,2.25,664.9,Forest,Alluvial,1383.6,1,0,0
15.05845,74.89604,9.81,30.1,43.2,378.2,2.04,628.0,Agricultural,Clay,10034.2,0,2,0
26.17952,94.18457,52.93,27.5,55.5,8376.1,18.0,108.7,Forest,Clay,886.6,1,4,1
15.10397,76.11224,14.71,24.2,49.5,375.9,1.4,772.1,Agricultural,Clay,4908.4,0,1,0
20.00655,84.97393,98.6,32.9,67.5,6221.5,15.96,77.1,Forest,Clay,10167.2,1,4,1
22.78042,74.84666,78.11,30.5,59.2,2667.7,7.91,195.7,Agricultural,Clay,9194.9,1,3,1
22.46054,76.94443,60.68,26.2,67.0,2779.5,7.57,285.8,Urban,Loam,11905.0,0,2,1
25.28969,84.94068,81.35,26.7,55.1,7155.4,18.0,96.0,Urban,Loam,809.6,1,1,1
26.62082,85.92703,156.82,30.0,54.7,9485.9,18.0,98.1,Forest,Loam,2919.6,0,3,1
22.68255,73.51609,26.36,26.5,79.9,2020.6,5.07,217.3,Agricultural,Clay,6903.7,1,3,0
26.24515,80.68346,86.02,31.0,60.3,7594.4,17.66,59.0,Agricultural,Clay,1819.6,1,1,1
19.90632,86.42328,125.67,25.0,77.5,7170.8,18.0,68.7,Urban,Loam,11897.1,1,4,1
16.6243,80.47804,1.73,29.6,20.0,2855.0,5.65,73.5,Agricultural,Clay,10523.7,1,1,0
26.50091,95.14291,109.72,29.4,80.2,8915.0,18.0,117.7,Agricultural,Sandy,5875.9,0,1,1
21.9449,74.73489,17.22,33.1,36.4,2781.7,5.92,294.7,Urban,Clay,789.9,0,6,0
26.21072,71.76076,1.08,32.5,29.7,111.8,0.37,304.4,Water Body,Clay,10003.3,1,3,0
18.45698,80.19263,14.35,23.0,74.0,3025.1,6.81,124.7,Agricultural,Alluvial,2154.5,0,1,0
10.77263,76.39962,30.96,33.6,23.4,2601.9,7.38,196.3,Forest,Alluvial,10224.3,0,0,0
22.94496,76.84511,31.84,31.8,75.8,2382.5,5.24,174.8,Water Body,Clay,1002.7,1,1,0
11.20591,76.39933,168.34,24.6,100.0,5850.2,17.62,154.1,Agricultural,Clay,1492.2,0,1,1
21.15719,85.39264,48.11,28.4,46.3,4317.7,9.83,46.6,Urban,Clay,9186.8,0,1,1
26.3859,74.16036,2.06,33.4,48.6,184.4,0.2,256.6,Water Body,Alluvial,11808.8,0,1,0
19.23815,76.56659,11.61,25.7,46.5,465.6,1.51,503.2,Agricultural,Sandy,5246.0,1,3,0
25.19829,87.55542,15.05,29.1,42.1,6075.2,12.83,68.5,Water Body,Alluvial,8885.4,0,5,1
21.36095,84.7658,420.69,30.2,100.0,15774.4,18.0,68.2,Water Body,Silt,6495.0,0,0,1
26.05171,90.60924,65.83,32.4,78.1,5754.1,14.7,78.3,Water Body,Clay,11757.6,1,0,1
25.58025,85.99062,16.34,27.2,52.0,3937.2,9.04,36.3,Forest,Loam,6346.8,0,1,1
29.1921,77.20831,163.75,32.1,90.2,6275.1,18.0,228.0,Urban,Alluvial,4921.2,0,1,1
17.45729,80.52708,7.63,26.6,41.6,3014.2,6.44,176.3,Agricultural,Silt,3789.7,1,4,0
27.93811,74.42719,9.83,31.6,70.3,135.6,2.27,274.3,Urban,Alluvial,1192.8,0,0,0
26.57817,91.51721,38.8,33.7,43.2,6727.9,15.47,105.8,Agricultural,Silt,2549.8,0,1,1
26.15617,92.24634,171.23,37.4,100.0,11296.2,18.0,69.5,Agricultural,Loam,6492.8,0,5,1
26.90955,85.07418,47.84,26.1,34.8,6103.6,14.9,76.6,Water Body,Clay,7442.2,1,3,1
28.50866,77.31236,33.97,38.8,49.8,3015.1,7.6,195.2,Forest,Clay,7755.6,0,1,0
25.59146,93.24321,30.02,17.7,32.1,8434.4,17.46,139.8,Agricultural,Clay,5901.7,1,2,1
25.51763,91.04869,12.57,33.9,37.5,5605.8,13.82,44.0,Agricultural,Sandy,5005.4,0,3,1
17.31748,77.17563,0.6,27.7,41.6,478.2,0.91,651.2,Urban,Clay,8866.4,1,3,0
27.39472,95.24384,0.17,26.8,41.8,6321.4,13.37,130.3,Urban,Clay,5692.3,0,0,1
18.48124,74.99172,8.76,29.8,48.4,326.0,2.07,478.1,Agricultural,Alluvial,7778.7,1,3,0
29.14116,76.92056,4.81,23.9,43.0,2287.5,4.57,235.1,Agricultural,Clay,7095.5,0,0,0
25.99692,92.45966,7.67,33.7,38.7,4014.2,8.15,129.8,Agricultural,Silt,7247.3,0,2,0
29.31483,77.71664,26.88,20.7,63.5,3663.5,8.85,211.5,Forest,Clay,2335.6,0,0,0
18.53811,77.35594,14.56,34.7,39.1,371.7,1.4,568.9,Water Body,Clay,10164.0,1,3,0
20.08451,86.83286,360.25,24.0,100.0,14636.6,18.0,31.0,Wetland,Clay,4987.0,0,0,1
16.86526,81.93022,202.91,32.1,100.0,8638.2,18.0,38.6,Wetland,Alluvial,11549.2,0,2,1
22.42039,74.27073,46.81,31.9,62.4,1832.1,4.79,199.5,Agricultural,Alluvial,1068.7,0,1,0
10.4531,75.98177,979.06,30.5,100.0,20801.9,18.0,120.8,Forest,Alluvial,4179.5,1,2,1
10.10882,75.84341,93.98,30.1,78.5,4201.4,11.61,100.4,Urban,Loam,1847.9,1,1,1
21.75295,75.81338,39.63,30.1,66.4,1861.7,4.37,314.9,Urban,Loam,4883.9,1,2,0
26.54172,87.65562,49.81,35.8,77.8,5591.5,13.96,71.0,Wetland,Alluvial,436.7,1,1,1
14.83103,77.18535,14.28,32.0,47.3,455.2,1.08,606.9,Forest,Loam,8433.4,0,1,0
25.60018,86.36441,134.04,34.4,69.6,9065.1,18.0,77.6,Forest,Alluvial,5029.6,1,1,1
20.49208,84.65842,11.18,20.5,46.5,3558.7,6.84,39.4,Forest,Loam,982.6,0,2,0
25.47441,86.92786,44.15,27.7,63.1,4013.9,9.39,113.6,Forest,Sandy,7400.5,0,3,1
21.81933,77.09896,36.3,30.0,68.2,2644.8,8.27,284.1,Agricultural,Alluvial,3917.1,0,3,0
20.04289,86.36083,65.22,25.9,57.9,4867.8,12.03,34.0,Forest,Alluvial,401.6,1,0,1
22.70186,73.81345,0.23,32.7,29.7,1508.0,2.78,276.6,Agricultural,Alluvial,10175.5,0,4,0
28.76396,77.70994,232.85,30.2,100.0,5981.4,18.0,208.9,Forest,Loam,450.6,0,4,1
18.42191,81.5548,78.81,26.2,63.8,5049.3,13.69,172.1,Urban,Clay,11498.9,1,2,1
26.32262,86.66624,166.49,30.0,82.4,11667.1,18.0,30.3,Agricultural,Silt,8873.8,1,4,1
10.59783,76.12483,126.54,25.1,97.8,3739.3,13.01,36.0,Forest,Alluvial,10726.5,0,2,1
27.88158,73.62806,1.26,24.1,49.9,158.5,0.42,258.8,Urban,Loam,4230.8,1,1,0
28.37225,72.57613,4.49,32.2,50.2,173.2,0.51,285.5,Urban,Alluvial,9333.8,1,0,0
22.24036,75.1605,80.6,31.8,53.5,4047.8,12.25,142.3,Forest,Clay,10599.4,1,2,1
18.65095,76.90702,10.15,27.2,41.4,366.3,0.43,610.3,Agricultural,Loam,5896.2,0,7,0
25.83706,72.62295,12.41,35.6,48.2,193.5,0.2,280.2,Forest,Silt,10227.5,0,1,0
17.41271,81.94734,66.92,34.6,52.6,3881.4,10.04,46.2,Forest,Loam,11195.0,1,1,1
15.21166,77.38642,5.54,38.1,42.0,403.2,0.71,635.4,Water Body,Clay,6740.3,0,0,0
22.25742,74.54593,111.34,27.1,86.0,3085.0,10.25,63.5,Agricultural,Clay,1247.7,1,8,1
21.20997,86.25709,113.84,31.4,78.4,6769.1,17.65,39.9,Water Body,Loam,3996.0,0,2,1
25.87421,93.02099,76.0,31.8,64.1,8627.2,18.0,124.9,Urban,Alluvial,10237.3,1,0,1
16.76536,80.58746,0.03,44.7,22.4,4067.7,7.89,163.1,Urban,Alluvial,1069.4,0,1,0
27.31136,91.23071,48.85,23.5,65.9,6714.3,14.29,102.0,Urban,Alluvial,817.8,0,5,1
28.32661,72.82649,10.41,36.3,44.9,131.9,0.2,237.3,Water Body,Sandy,10753.7,0,4,0
20.64582,84.99123,19.57,33.0,41.8,1742.9,4.3,56.4,Water Body,Silt,4253.4,1,4,0
20.05771,86.60212,31.53,26.7,50.1,4487.1,9.64,52.7,Urban,Clay,6461.1,0,8,1
9.66823,75.8111,257.2,34.0,100.0,6272.0,18.0,93.1,Forest,Loam,10794.1,1,1,1
28.4361,77.17094,115.04,35.6,59.6,4401.7,12.82,235.1,Agricultural,Loam,2340.9,1,3,1
21.95105,76.50777,75.19,27.3,69.3,4051.5,13.1,130.1,Agricultural,Sandy,9999.1,1,4,1
23.06569,76.97298,118.7,32.8,74.1,3685.4,10.45,246.8,Agricultural,Sandy,10335.8,1,4,1
10.46341,76.14318,84.79,32.6,67.0,3632.6,9.83,101.7,Forest,Silt,1531.2,1,2,1
22.42893,78.33518,42.17,32.1,59.8,2780.5,6.55,64.0,Agricultural,Clay,1927.9,1,1,0
20.86255,85.25972,66.14,28.1,57.5,5338.1,12.96,72.1,Urban,Alluvial,2568.2,0,2,1
17.0118,81.17749,85.76,25.9,68.2,4372.4,12.35,73.4,Agricultural,Loam,4256.5,0,2,1
21.46948,86.38367,11.73,32.0,52.0,3914.9,8.09,66.3,Water Body,Alluvial,5621.4,1,0,0
18.4516,80.99984,56.73,29.4,42.5,4187.9,9.71,50.4,Agricultural,Loam,7716.1,1,3,1
9.37705,75.88314,42.34,29.9,45.1,3416.3,9.24,190.8,Agricultural,Alluvial,11594.2,0,3,1
27.04573,93.12627,31.58,28.4,39.0,4463.1,10.38,97.8,Wetland,Alluvial,9358.7,1,2,1
25.53541,93.12268,65.81,28.5,69.0,7027.9,16.59,67.8,Forest,Sandy,1582.0,0,2,1
29.35707,76.8843,138.29,29.2,100.0,5387.5,14.17,230.4,Forest,Loam,2766.7,1,5,1
19.82337,85.0961,30.0,36.7,46.9,5452.0,12.7,30.0,Urban,Sandy,10126.5,1,5,1
15.56149,76.46532,26.78,25.6,49.8,575.5,1.88,710.0,Agricultural,Clay,3518.7,0,6,0
25.12253,73.64949,24.83,33.7,53.9,309.5,1.4,232.3,Urban,Loam,5264.9,1,4,0
25.70385,72.86093,7.61,33.4,30.6,160.3,0.45,231.5,Wetland,Alluvial,6390.5,1,7,0
26.91606,87.01301,9.95,24.5,30.1,4272.7,7.55,91.7,Agricultural,Clay,4504.0,1,4,0
9.69694,76.69026,120.03,22.7,72.6,3829.8,10.79,159.4,Water Body,Alluvial,10014.9,0,2,1
17.75696,81.76235,89.68,38.3,57.8,5239.5,12.73,157.4,Urban,Loam,3063.3,0,1,1
19.07375,76.2361,7.04,19.7,49.1,585.4,0.94,726.3,Water Body,Alluvial,7761.8,1,0,0
9.33278,76.23014,29.75,29.5,55.8,1471.5,5.06,54.5,Agricultural,Clay,8478.6,1,1,0
25.58613,84.87348,1.9,29.6,44.3,4592.0,9.24,81.8,Agricultural,Sandy,6342.5,0,4,0
28.46561,77.30781,1.28,40.8,27.1,3033.5,6.91,211.0,Agricultural,Alluvial,8791.9,1,5,0
28.0596,71.31375,4.03,33.7,78.9,142.5,1.39,175.5,Agricultural,Alluvial,5153.0,1,0,0
24.96074,87.5188,66.33,26.3,65.8,7460.6,16.74,65.0,Agricultural,Sandy,6885.1,0,1,1
22.7397,76.54204,28.15,27.0,48.3,2568.3,5.91,240.8,Agricultural,Silt,10171.0,0,3,0
26.65474,84.88735,123.64,35.3,88.2,9211.9,18.0,36.0,Agricultural,Alluvial,8185.4,1,4,1
10.72371,76.18166,20.73,31.9,29.7,2991.7,6.39,84.2,Water Body,Clay,9195.9,0,2,0
22.15656,76.44252,54.94,33.2,69.6,3723.7,10.42,100.1,Urban,Clay,5629.0,1,2,1
22.40653,76.68381,15.3,34.8,46.7,1281.2,2.84,252.0,Forest,Silt,1132.4,1,5,0
11.4616,76.66538,165.32,27.2,91.8,4233.6,13.77,157.0,Agricultural,Silt,9962.2,1,5,1
22.22927,74.50533,79.96,37.5,59.3,3344.6,9.05,188.8,Water Body,Loam,11620.3,1,6,1
29.49692,77.0415,37.08,34.5,45.8,2019.1,5.79,192.0,Forest,Alluvial,566.8,1,3,0
19.86619,86.50909,78.73,33.4,71.5,7026.5,18.0,58.4,Wetland,Loam,5530.6,1,2,1
20.76812,86.58419,44.12,35.8,71.7,2598.1,5.58,41.5,Agricultural,Silt,5749.5,1,2,0
25.66984,87.40913,220.23,26.7,100.0,12337.6,18.0,39.9,Urban,Clay,9074.4,1,2,1
18.23724,76.02896,36.33,31.4,68.7,630.0,2.87,683.7,Water Body,Sandy,6616.8,1,2,0
26.17426,82.7161,74.39,21.2,79.4,5859.8,14.08,112.9,Forest,Silt,10641.8,1,1,1
15.54226,76.79105,32.45,30.1,61.2,526.4,2.5,550.3,Water Body,Alluvial,4289.2,0,8,0
27.03941,94.88379,88.3,27.2,87.3,8365.5,18.0,73.7,Urban,Sandy,1267.9,0,2,1
17.94637,82.11296,21.21,26.2,60.0,2491.8,5.08,90.4,Urban,Alluvial,4521.7,1,0,0
16.59127,81.92524,5.17,32.8,59.8,2685.0,4.57,144.3,Forest,Alluvial,4015.6,0,1,0
9.38923,76.30554,207.37,28.5,100.0,6666.0,18.0,68.2,Agricultural,Loam,9413.8,1,1,1
11.13225,76.8884,55.72,28.8,42.6,2933.8,9.09,179.0,Agricultural,Silt,4592.3,1,2,1
10.80662,76.25776,280.33,36.8,100.0,7747.6,18.0,107.6,Agricultural,Sandy,11214.9,1,1,1
22.953,74.32651,40.49,32.8,51.8,3150.6,9.15,280.7,Agricultural,Clay,9513.5,0,7,1
27.17777,93.06737,491.4,40.2,100.0,28293.7,18.0,77.1,Forest,Loam,1020.8,0,1,1
20.57915,85.34293,63.25,24.8,54.1,5457.8,12.87,21.6,Agricultural,Clay,9222.7,0,2,1
26.03101,86.13267,40.06,28.0,76.3,6396.7,14.73,114.2,Urban,Loam,3030.2,1,2,1
16.31556,79.59426,37.48,27.7,56.6,3544.9,8.0,108.2,Urban,Alluvial,8805.3,0,3,1
19.38855,76.67819,4.46,29.4,33.8,302.2,1.24,663.8,Agricultural,Silt,10086.8,1,2,0
21.53256,77.63429,89.56,25.8,56.9,3639.5,10.42,191.7,Agricultural,Loam,8270.6,0,5,1
10.57914,76.35696,292.93,26.5,100.0,7689.1,18.0,76.6,Agricultural,Clay,9616.0,0,0,1
16.84683,75.50483,35.98,31.9,50.3,576.3,1.43,570.2,Urban,Sandy,5581.9,1,1,0
22.62525,77.25589,51.75,24.7,79.1,3151.0,7.84,253.5,Water Body,Silt,4041.0,1,1,1
27.55399,74.26088,23.87,27.1,53.3,147.2,1.06,270.8,Forest,Sandy,1990.2,1,3,0
15.11789,76.27608,8.43,32.8,58.0,624.7,2.18,765.8,Water Body,Clay,4190.8,0,5,0
16.4271,79.70428,6.29,22.6,47.5,2887.5,6.2,77.8,Forest,Loam,10416.2,0,5,0
16.0707,77.33345,82.17,20.4,58.4,687.3,5.62,736.6,Urban,Loam,3333.2,1,2,0
17.91391,79.70639,102.67,23.7,78.3,4983.0,14.22,163.3,Water Body,Clay,2519.0,0,3,1
26.13424,90.96421,125.06,28.4,74.7,10848.1,18.0,41.8,Agricultural,Alluvial,7988.3,1,1,1
27.50164,70.7738,1.48,31.7,42.4,130.2,0.49,233.5,Agricultural,Clay,5077.2,1,5,0
27.5683,95.28489,152.5,39.5,100.0,10346.1,18.0,88.9,Agricultural,Clay,738.2,1,1,1
26.1369,82.35105,111.76,30.0,87.4,6841.0,18.0,75.2,Forest,Clay,8258.3,0,4,1
11.11574,76.39433,67.73,32.3,61.1,3497.8,8.87,170.5,Agricultural,Clay,3978.2,1,1,1
29.27703,77.51285,27.45,25.7,41.6,2952.9,7.06,224.8,Agricultural,Alluvial,4834.1,1,2,0
29.49691,76.99113,39.47,24.7,46.3,3010.7,5.17,213.0,Water Body,Loam,1913.8,1,2,0
27.41642,71.86218,0.65,26.9,28.8,149.5,0.27,311.0,Water Body,Sandy,3933.4,0,1,0
27.02351,83.85702,3.42,20.4,57.0,3999.0,7.78,34.6,Urban,Loam,3954.6,0,3,0
21.45546,85.80608,117.41,31.1,77.9,7634.5,17.48,34.3,Urban,Clay,10055.4,1,1,1
15.87476,75.0365,4.29,29.6,35.5,316.4,0.2,481.5,Agricultural,Loam,10499.4,1,4,0
20.97947,85.82663,22.22,31.4,44.6,5259.6,11.53,30.1,Agricultural,Clay,1856.6,0,5,1
29.10631,76.99344,21.06,24.5,38.3,1856.6,4.01,222.1,Forest,Silt,8207.9,1,2,0
20.91586,85.78437,3.38,30.1,20.0,4300.9,8.15,20.7,Agricultural,Loam,11828.0,1,2,0
26.28505,85.82292,88.0,28.7,66.2,6518.6,15.66,75.1,Urban,Loam,6473.8,0,2,1
26.99981,94.25124,101.47,25.8,75.7,8480.7,18.0,127.1,Wetland,Alluvial,2160.6,1,7,1
27.06982,93.07955,35.51,25.7,61.1,4916.5,11.62,87.2,Forest,Loam,2937.1,0,0,1
21.70741,77.00692,346.76,30.7,100.0,7591.7,18.0,80.6,Urban,Loam,9758.4,1,2,1
25.82336,84.88516,29.82,30.0,51.4,6474.2,15.5,45.7,Agricultural,Alluvial,1442.6,1,1,1
21.74358,77.07359,44.73,31.7,59.2,2892.5,8.12,129.2,Forest,Sandy,3831.6,0,1,1
17.72222,81.21102,1.06,24.9,54.4,3060.1,7.71,115.0,Agricultural,Alluvial,1495.3,1,6,0
25.56383,87.65412,28.9,31.9,46.2,3803.6,8.71,88.0,Urban,Silt,10775.1,1,6,1
22.88084,75.42021,269.7,26.6,100.0,6145.1,18.0,229.9,Urban,Silt,11730.8,0,0,1
29.35871,77.26381,45.3,28.5,31.8,3345.9,9.05,206.0,Forest,Clay,8966.7,1,0,1
20.99104,86.30833,65.84,32.4,80.3,4939.2,10.68,76.1,Forest,Silt,2676.5,0,7,1
28.82204,77.38556,6.3,34.3,69.5,2700.2,4.59,217.1,Water Body,Alluvial,6178.3,1,1,0
22.61001,74.2696,47.22,25.9,70.5,2671.1,7.47,313.8,Forest,Sandy,11712.1,1,1,0
20.94863,85.45025,57.52,32.1,58.5,4625.1,10.89,67.9,Agricultural,Sandy,4782.9,0,1,1
20.08229,84.64665,10.68,28.4,56.5,4752.4,11.05,50.0,Agricultural,Clay,5682.4,0,4,1
27.6955,90.66316,101.29,20.9,93.3,8120.5,18.0,92.5,Agricultural,Alluvial,8918.6,0,0,1
25.59652,91.87278,13.62,25.1,32.4,7350.3,15.42,50.8,Agricultural,Alluvial,2396.2,1,3,1
20.84448,85.75679,60.3,22.6,61.2,5951.9,13.39,37.3,Water Body,Clay,3960.9,0,3,1
9.94908,76.23355,194.15,17.8,96.2,5839.9,18.0,124.6,Agricultural,Silt,549.7,0,3,1
17.21167,81.23868,3.65,32.8,43.8,1854.7,3.41,81.0,Agricultural,Alluvial,9917.7,1,3,0
26.65816,90.18822,301.31,18.0,100.0,17934.1,18.0,64.0,Agricultural,Alluvial,5948.7,0,5,1
17.59003,81.56197,16.72,26.3,48.7,2244.1,4.88,103.7,Urban,Alluvial,4885.8,0,2,0
29.34863,77.07062,45.03,33.7,88.8,2907.4,7.06,199.7,Water Body,Loam,9939.1,1,2,0
26.2599,93.15852,66.08,31.9,72.1,6434.8,15.47,90.0,Urban,Loam,8853.9,0,6,1
26.41374,81.85898,34.19,26.9,69.4,6004.3,14.61,35.0,Urban,Sandy,880.6,1,2,1
16.17143,75.8615,2.04,31.2,34.3,459.3,2.53,532.9,Agricultural,Sandy,1243.7,0,1,0
29.49027,77.04067,124.29,26.7,67.0,5112.0,14.32,233.7,Urban,Loam,4276.6,1,2,1
27.41501,94.38374,6.76,25.4,47.5,6243.7,10.94,135.3,Agricultural,Clay,11959.7,0,3,1
15.3413,77.36304,47.51,35.2,42.6,327.3,1.82,757.9,Agricultural,Clay,7076.9,0,2,0
9.92452,76.04706,210.88,28.2,93.8,5928.9,18.0,23.1,Agricultural,Loam,5183.9,0,2,1
25.80632,91.2896,100.6,20.7,76.6,9025.0,18.0,86.1,Agricultural,Loam,677.8,1,7,1
10.51986,75.86699,150.39,25.0,88.7,5113.9,14.2,15.9,Agricultural,Clay,1811.7,1,1,1
29.25091,77.41165,20.68,24.8,41.4,2939.5,6.11,204.8,Agricultural,Clay,7291.0,1,0,0
25.28551,70.85115,8.76,25.9,32.0,209.6,0.39,184.4,Urban,Loam,8159.0,1,7,0
28.92463,77.50702,115.42,29.3,81.3,4520.6,12.64,223.1,Forest,Alluvial,1062.6,0,0,1
16.51769,81.8196,73.03,32.5,56.1,3991.9,11.28,100.0,Agricultural,Alluvial,11728.1,1,7,1
29.35217,76.95137,27.88,28.7,55.6,3577.4,8.73,197.6,Agricultural,Alluvial,2796.3,0,3,1
22.18905,74.84581,91.78,27.9,81.1,3641.7,10.56,103.6,Water Body,Alluvial,11493.0,0,1,1
28.16137,71.56966,1.03,27.4,70.4,180.8,0.46,312.5,Water Body,Loam,3574.9,1,0,0
22.66032,75.15808,62.26,24.3,62.1,3366.1,8.32,185.2,Water Body,Alluvial,11447.7,0,3,1
19.11763,75.58149,32.52,29.2,53.4,553.1,1.67,724.1,Forest,Loam,3962.9,1,7,0
21.64986,74.47268,67.74,23.5,84.0,2236.6,7.29,271.5,Agricultural,Loam,11782.4,1,7,1
29.29051,77.47101,31.57,30.6,58.3,2773.0,5.86,224.9,Water Body,Alluvial,11552.4,1,3,0
18.18449,76.5,2.84,29.3,45.2,430.2,0.2,752.2,Urban,Alluvial,5766.1,0,0,0
25.4843,74.43096,0.91,33.5,60.8,89.9,0.2,200.0,Forest,Alluvial,9914.9,1,2,0
26.1368,90.06256,118.93,25.2,94.8,9319.2,18.0,142.4,Urban,Clay,7020.8,1,5,1
24.80054,87.82001,115.25,29.7,76.9,8065.6,18.0,105.9,Urban,Clay,4446.5,0,3,1
27.62283,74.17136,3.18,25.2,52.3,128.4,0.53,171.6,Agricultural,Loam,8363.6,1,5,0
26.87849,80.57929,52.49,29.0,61.9,6030.5,12.51,100.0,Wetland,Silt,1529.5,1,1,1
28.35844,76.81828,4.98,29.5,28.3,2148.0,3.43,235.2,Urban,Alluvial,4614.0,0,8,0
28.6292,76.9068,4.35,24.2,28.8,1789.4,3.33,237.7,Forest,Alluvial,7764.9,0,0,0
29.18915,76.84274,8.84,28.6,27.6,2044.2,4.72,233.2,Agricultural,Clay,2862.5,0,5,0
27.38514,94.86269,36.78,25.2,35.3,7204.4,13.85,61.9,Urban,Loam,2343.8,0,2,1
22.61303,75.55602,7.55,34.9,37.3,1655.9,3.12,229.1,Wetland,Alluvial,3426.7,1,4,0
20.10446,85.44132,14.46,27.2,48.3,3626.8,7.88,81.3,Forest,Alluvial,7681.0,0,0,0
26.85888,73.48287,14.31,37.5,53.2,178.5,1.37,315.2,Water Body,Loam,6802.5,0,2,0
28.50873,77.0999,64.31,24.6,79.4,3346.8,9.26,222.1,Agricultural,Silt,2489.8,0,6,1
27.39355,70.60139,4.56,29.6,34.7,134.2,0.2,288.0,Urban,Alluvial,3856.5,0,6,0
25.75345,82.46441,35.69,29.8,41.0,6722.8,15.14,103.1,Urban,Clay,3675.5,0,5,1
21.35803,85.28681,135.51,30.7,85.8,8030.8,18.0,41.0,Water Body,Alluvial,3381.9,1,1,1
28.31324,77.28738,21.24,34.0,52.5,1671.3,4.44,224.6,Agricultural,Alluvial,8811.3,1,5,0
18.70786,77.34068,27.07,30.9,54.0,452.7,1.7,668.1,Agricultural,Loam,5624.1,1,2,0
20.11691,86.29849,21.68,33.5,37.4,2694.5,6.04,53.2,Wetland,Loam,11502.8,0,2,0
27.12674,91.23739,14.49,32.4,30.8,5356.3,12.17,89.1,Urban,Loam,7362.9,1,4,1
20.51109,85.24259,68.88,23.0,64.0,4151.7,11.42,80.6,Urban,Clay,7173.5,0,5,1
17.98664,81.78838,36.58,31.3,42.8,4970.7,11.62,49.1,Urban,Alluvial,881.4,0,3,1
19.42156,76.79461,6.16,24.7,49.4,431.7,0.35,557.2,Water Body,Alluvial,9585.9,1,2,0
10.58134,75.98288,115.23,29.3,81.8,3484.0,11.11,82.2,Forest,Loam,7388.6,1,2,1
17.87443,81.6955,96.79,29.6,44.8,5395.3,14.51,61.2,Water Body,Alluvial,1208.7,1,2,1
26.14759,73.44853,7.73,31.7,39.9,162.7,0.37,157.3,Forest,Clay,1390.7,1,2,0
16.84711,80.73545,99.31,27.7,94.2,5648.6,14.18,96.1,Agricultural,Sandy,5808.5,1,2,1
18.92107,75.11853,11.52,26.8,52.4,394.3,1.1,465.8,Agricultural,Clay,7022.5,0,1,0
16.42884,81.56981,228.09,30.3,100.0,7838.6,18.0,174.6,Forest,Clay,5991.4,1,1,1
25.71997,92.18908,20.75,23.4,49.4,5228.3,10.8,52.5,Urban,Clay,1587.5,1,6,1
25.70477,85.3257,97.68,29.6,82.7,7721.6,17.89,37.2,Forest,Clay,10606.1,1,6,1
25.45951,71.73877,28.74,32.4,63.6,158.8,0.81,190.4,Forest,Clay,3019.2,1,0,0
17.27768,79.89949,15.25,27.7,41.0,2731.7,7.15,177.5,Agricultural,Alluvial,799.4,0,5,0
25.69943,92.86867,54.01,28.2,60.8,7118.4,16.37,140.5,Agricultural,Sandy,3596.6,0,4,1
19.39542,77.4933,5.37,25.1,22.4,347.4,0.36,461.4,Wetland,Silt,945.1,0,2,0
26.72442,83.97625,16.94,34.2,36.6,5924.6,11.19,108.3,Agricultural,Loam,3048.6,0,1,1
25.88645,91.82234,6.5,33.3,44.8,5138.6,9.62,84.0,Forest,Clay,8532.7,0,2,1
27.04155,81.54847,60.28,25.3,74.2,7191.9,16.43,101.8,Agricultural,Clay,6619.4,1,2,1
21.08678,86.15389,546.01,24.7,100.0,20421.3,18.0,75.5,Urban,Alluvial,9943.4,0,2,1
26.57964,94.68979,23.54,27.2,39.6,5387.4,12.77,73.5,Urban,Alluvial,4259.7,1,1,1
25.62707,74.06456,14.84,30.3,39.1,140.5,0.31,242.1,Urban,Alluvial,9384.0,0,2,0
16.77026,74.87319,0.21,30.8,43.2,529.2,0.2,724.2,Agricultural,Clay,10694.1,1,1,0
18.37435,79.65454,3.37,33.4,42.6,2557.8,3.86,169.0,Agricultural,Sandy,9954.3,1,3,0
17.10221,80.70839,28.78,37.2,47.2,2398.7,5.24,136.8,Agricultural,Loam,7652.5,1,3,0
21.77446,78.30373,0.86,27.5,20.6,2306.9,5.37,195.1,Wetland,Alluvial,6643.4,1,2,0
21.46168,86.54796,87.82,30.1,52.5,6130.5,16.73,49.9,Wetland,Loam,4703.3,1,1,1
27.56017,89.96498,3.62,29.8,20.0,3988.0,8.98,66.4,Forest,Alluvial,9106.9,0,0,0
10.37552,76.29007,101.61,33.8,77.9,4605.6,13.1,193.7,Agricultural,Alluvial,5711.6,0,5,1
19.62369,77.38697,8.56,20.5,35.8,629.3,1.76,536.7,Agricultural,Loam,999.2,0,2,0
27.21878,90.07311,136.61,35.9,88.7,13134.7,18.0,144.3,Forest,Clay,431.4,1,2,1
10.75681,75.8705,161.46,31.3,91.3,4262.8,13.74,123.3,Urban,Sandy,1242.9,0,1,1
9.78416,76.76546,150.79,33.1,83.2,4222.5,13.49,27.0,Water Body,Silt,5252.8,0,1,1
22.10972,74.83896,5.76,24.1,48.0,2194.5,3.56,166.7,Wetland,Loam,3019.7,0,5,0
22.01696,77.55814,35.47,33.2,65.6,2926.2,8.32,129.4,Water Body,Alluvial,9120.9,1,1,0
28.53892,77.31828,13.39,37.0,49.3,2253.0,4.91,226.1,Agricultural,Alluvial,11183.9,0,3,0
25.41946,84.21188,223.34,30.8,100.0,12502.6,18.0,42.0,Water Body,Loam,1722.0,1,5,1
17.95899,80.21701,18.86,29.0,60.0,2412.7,4.73,149.1,Agricultural,Sandy,2955.8,0,3,0
26.90511,84.72551,9.59,33.0,47.7,4568.7,10.34,72.1,Urban,Alluvial,972.0,0,0,1
16.50713,80.54408,226.83,31.1,82.8,8962.8,18.0,151.4,Water Body,Alluvial,5466.4,1,4,1
20.91217,86.89568,23.97,21.2,35.8,4568.9,10.22,20.2,Agricultural,Clay,3359.1,1,4,1
19.86791,85.3695,114.85,26.0,79.5,6028.4,13.89,72.8,Wetland,Loam,4015.2,1,0,1
23.05359,78.40522,101.86,32.8,88.2,3480.8,10.24,228.7,Agricultural,Loam,1589.3,0,0,1
19.71024,76.13374,26.7,41.5,49.8,433.3,0.2,754.3,Forest,Alluvial,3349.4,1,0,0
14.75846,77.07807,8.38,25.0,44.1,481.6,2.44,603.3,Urban,Alluvial,2537.3,0,3,0
15.16181,76.2187,4.53,28.7,47.5,488.7,0.73,488.3,Forest,Loam,10760.1,1,1,0
26.42287,87.3688,84.13,30.5,84.9,8227.2,18.0,116.6,Forest,Silt,1052.1,1,5,1
20.88876,85.25399,3.23,23.6,44.6,2627.2,5.8,82.1,Urban,Clay,11012.1,0,0,0
29.46891,77.02228,98.09,31.0,70.9,3324.5,10.66,200.4,Water Body,Clay,10974.9,1,1,1
27.16143,87.7491,152.15,21.5,89.8,9376.1,18.0,35.0,Wetland,Alluvial,7518.7,0,2,1
18.37514,81.32741,13.56,26.4,41.4,3835.6,7.84,68.3,Urban,Alluvial,7863.8,0,0,0
19.94753,85.06844,12.64,23.3,36.9,3395.9,6.22,26.5,Agricultural,Alluvial,5327.5,0,1,0
27.76688,93.71407,176.25,30.0,98.0,12185.0,18.0,66.8,Forest,Clay,5478.1,0,4,1
27.69152,91.16419,70.69,27.3,72.1,6179.1,13.84,108.7,Forest,Loam,3874.9,1,0,1
9.74057,76.51751,108.77,27.9,83.3,3640.6,10.23,87.0,Forest,Sandy,11023.4,1,4,1
23.18043,75.22154,79.53,22.3,69.2,2938.9,9.02,66.7,Agricultural,Alluvial,5033.4,0,2,1
28.4165,77.78618,23.14,29.9,36.3,2705.8,6.81,231.0,Water Body,Clay,8619.6,1,1,0
27.63497,72.50014,10.47,33.3,48.0,123.1,0.2,175.6,Water Body,Silt,8693.5,0,6,0
25.14635,81.24848,175.76,25.7,93.5,9646.9,18.0,31.5,Agricultural,Alluvial,11533.1,1,5,1
16.98977,79.55157,189.11,24.6,100.0,6595.3,18.0,130.4,Forest,Loam,2088.0,1,1,1
10.08068,75.99567,69.62,29.6,55.8,3937.9,10.69,76.8,Urban,Clay,1013.7,1,0,1
10.367,76.28565,41.27,32.6,72.0,3011.4,6.98,34.8,Agricultural,Clay,11244.8,1,6,1
9.5437,76.82293,24.05,27.9,47.1,2911.7,6.54,97.2,Wetland,Sandy,1852.7,0,0,0
22.10988,76.65559,33.71,31.1,51.6,2416.5,5.2,243.0,Urban,Clay,2960.1,1,9,0
29.02584,76.84156,181.38,25.4,100.0,5609.8,18.0,200.3,Agricultural,Sandy,10354.4,0,8,1
25.1103,70.98642,27.51,24.7,53.5,193.7,0.39,276.6,Urban,Alluvial,8199.2,1,1,0
29.2732,77.59131,114.48,26.9,89.3,4788.1,12.45,200.0,Agricultural,Loam,596.8,1,0,1
9.79289,76.5715,6.09,21.4,54.8,2422.4,5.51,12.7,Forest,Alluvial,9280.3,0,1,0
29.04273,76.97239,66.47,25.4,63.7,2911.6,8.6,233.6,Water Body,Silt,11755.8,1,2,1
22.97297,76.10441,101.25,25.0,63.0,3674.0,10.87,230.7,Urban,Clay,1581.9,0,3,1
26.47221,81.27312,32.79,32.2,58.9,3803.8,7.24,54.7,Urban,Alluvial,5634.9,0,2,1
16.44333,80.86658,178.84,31.9,100.0,5741.6,18.0,150.3,Water Body,Clay,5874.1,1,5,1
10.47463,76.44669,155.38,31.9,100.0,5034.0,15.28,187.6,Forest,Alluvial,9429.8,0,2,1
25.58087,91.64193,88.26,25.6,46.4,8360.1,18.0,99.9,Agricultural,Alluvial,5710.1,1,1,1
16.24864,80.63112,26.88,22.8,53.0,3068.1,7.36,144.1,Water Body,Clay,8783.1,0,6,0
26.69418,91.13591,14.52,36.1,51.8,5034.4,10.52,53.6,Urban,Silt,6125.1,1,0,1
22.6425,73.76012,0.24,29.2,58.0,1439.6,2.52,80.7,Agricultural,Clay,9173.2,1,0,0
26.28934,85.6068,10.1,29.5,57.7,4547.5,9.41,92.9,Forest,Alluvial,9175.9,0,0,1
29.49165,76.97488,13.33,29.2,66.1,1925.5,4.8,223.6,Forest,Sandy,8121.5,1,6,0
26.55182,87.60997,50.83,30.4,41.2,4462.1,11.43,35.6,Agricultural,Alluvial,4684.9,0,6,1
29.34713,77.37168,89.88,26.9,100.0,4039.9,10.37,206.6,Urban,Alluvial,4577.2,0,1,1
18.19639,76.53558,55.45,25.2,65.1,685.0,2.84,724.0,Urban,Alluvial,8558.0,0,6,0
21.94654,77.3364,39.66,33.7,45.9,2832.6,7.25,300.2,Forest,Alluvial,11207.2,0,1,0
16.44272,75.80805,32.03,24.9,58.5,446.9,1.74,503.0,Forest,Alluvial,11836.8,1,2,0
10.33455,75.80436,58.1,24.4,38.3,3766.0,8.62,105.2,Urban,Alluvial,8858.8,1,2,1
25.58376,73.68968,1.08,23.2,38.7,192.7,0.2,294.0,Forest,Loam,10101.0,0,0,0
21.76624,78.3738,41.69,33.4,37.8,2814.7,6.85,277.5,Urban,Clay,7254.0,1,1,0
27.44047,90.91117,90.97,32.6,83.5,8961.4,18.0,131.0,Water Body,Clay,11612.5,1,0,1
29.45376,77.51787,83.89,33.5,54.8,3539.8,11.04,239.6,Urban,Loam,651.7,1,1,1
16.84857,75.81571,14.93,26.7,58.9,664.0,2.06,578.6,Agricultural,Alluvial,11227.6,1,3,0
16.39405,81.34952,29.01,28.4,40.9,4603.5,9.65,133.2,Agricultural,Loam,10509.3,0,8,1
21.95434,75.60756,8.06,35.6,37.1,2075.1,4.98,75.5,Urban,Loam,7771.0,1,5,0
9.82943,76.87801,148.44,29.0,89.1,4756.7,14.05,123.3,Wetland,Sandy,6670.4,1,7,1
9.68083,76.73333,93.6,22.9,81.5,3926.0,11.92,182.1,Agricultural,Alluvial,11024.8,1,1,1
25.13796,73.46523,41.25,30.0,65.3,194.3,1.79,315.5,Urban,Clay,7690.6,1,4,0
18.11634,80.65233,84.45,24.7,73.9,6068.7,13.5,123.8,Water Body,Clay,11057.5,0,2,1
26.89607,80.9781,33.92,29.6,28.0,5981.9,12.78,110.0,Agricultural,Alluvial,5327.6,0,6,1
26.71361,82.65534,12.55,33.2,23.3,4555.7,9.12,109.9,Agricultural,Loam,6117.6,0,4,1
17.10129,75.00394,21.92,31.2,46.1,526.0,2.33,666.3,Forest,Alluvial,8019.1,0,0,0
27.12516,84.37371,68.19,20.8,55.4,5068.9,13.77,35.7,Urban,Alluvial,3476.7,1,7,1
29.25491,76.85536,5.12,33.6,47.8,2449.2,5.13,216.9,Forest,Sandy,6398.7,0,2,0
17.87339,81.20066,33.84,28.7,30.8,3275.7,7.93,77.6,Agricultural,Alluvial,8589.4,0,2,1
16.50046,80.50396,16.3,26.1,53.0,2991.0,5.86,24.1,Urban,Alluvial,9768.5,1,6,0
10.0024,76.81549,248.68,30.6,100.0,6248.7,18.0,49.3,Agricultural,Loam,7676.8,1,7,1
9.35332,76.89842,216.39,33.7,100.0,6442.7,18.0,14.7,Wetland,Alluvial,1274.8,0,3,1
10.84349,76.48575,98.23,30.1,49.3,3221.1,10.33,194.4,Forest,Loam,4080.6,1,1,1
29.18931,77.51301,3.81,25.6,27.8,2454.3,4.02,208.3,Urban,Clay,8485.4,1,2,0
27.6163,72.69906,2.23,29.9,41.5,178.3,0.28,240.5,Agricultural,Loam,10986.2,1,2,0
22.19752,75.8535,12.72,28.0,61.7,1628.3,2.46,63.3,Water Body,Loam,3558.9,0,1,0
26.52662,92.93894,26.25,17.3,73.9,6528.9,13.48,143.9,Water Body,Loam,2666.2,0,3,1
16.28358,79.77499,14.48,29.1,20.0,2603.1,5.96,136.6,Agricultural,Clay,6673.6,1,1,0
22.67789,76.27935,31.86,30.8,40.7,3369.1,8.11,238.9,Agricultural,Silt,7213.5,0,2,0
21.88545,76.50991,5.69,21.2,41.8,1525.9,3.73,238.3,Water Body,Clay,2696.8,0,2,0
25.37449,83.84375,32.85,27.1,42.6,3502.6,9.72,52.6,Agricultural,Loam,10764.7,1,1,1
22.17074,77.46346,62.37,30.2,76.5,3156.0,10.32,125.4,Water Body,Alluvial,3427.9,1,4,1
28.60218,77.49413,32.64,31.7,26.5,3290.5,6.81,190.8,Water Body,Clay,8994.2,1,2,0
25.53086,80.69888,21.91,33.9,44.2,4016.2,9.43,30.4,Urban,Alluvial,4335.2,1,2,1
26.77699,87.35623,7.95,22.2,38.6,5027.3,9.72,67.4,Urban,Silt,5361.0,1,0,1
14.97541,77.39617,12.31,24.6,38.9,514.7,1.51,732.5,Urban,Alluvial,11286.0,0,0,0
29.3204,77.27711,79.58,21.8,59.5,2952.2,8.99,239.7,Urban,Alluvial,5615.2,1,3,1
26.00396,71.62182,2.15,33.1,32.7,169.5,0.2,181.9,Agricultural,Alluvial,10492.3,1,1,0
28.57344,77.53679,317.49,28.3,100.0,9525.9,18.0,212.7,Agricultural,Loam,10547.1,1,5,1
26.76625,94.50756,55.91,27.4,36.1,6308.9,14.25,73.4,Agricultural,Alluvial,1682.3,0,2,1
27.20079,92.23001,41.85,24.1,53.8,6868.8,15.72,76.7,Agricultural,Clay,11712.8,1,1,1
24.94382,84.6408,278.4,32.4,100.0,12883.6,18.0,41.2,Wetland,Clay,4927.3,0,3,1
20.79553,85.91924,129.91,19.7,87.6,6960.2,18.0,65.3,Agricultural,Clay,10318.9,0,2,1
29.21568,76.8194,69.21,31.1,61.2,3376.6,9.22,206.4,Water Body,Sandy,1301.5,1,1,1
25.62878,72.81229,8.39,29.9,34.3,196.7,0.35,341.6,Agricultural,Alluvial,2616.8,1,1,0
25.03423,70.80049,23.13,38.5,45.4,67.3,2.07,257.1,Water Body,Loam,6007.5,0,0,0
25.81226,82.33773,3.27,23.1,50.7,4321.9,9.04,48.0,Agricultural,Clay,11743.1,0,1,0
20.44492,86.686,50.44,30.4,40.8,4460.6,10.69,58.1,Agricultural,Loam,8497.6,1,1,1
10.18236,75.94163,77.36,33.9,58.1,2435.4,7.43,190.0,Water Body,Silt,8206.9,0,3,1
27.52914,90.63799,398.81,26.0,100.0,23570.8,18.0,118.2,Forest,Clay,3796.6,0,2,1
22.17952,78.26852,21.24,35.3,32.9,1547.3,3.69,223.4,Forest,Alluvial,5194.8,1,2,0
26.23751,71.02988,8.53,25.0,58.9,150.9,0.2,284.5,Water Body,Alluvial,9736.1,0,5,0
26.05188,90.27526,95.36,31.9,76.5,10136.2,18.0,142.1,Urban,Alluvial,10042.5,1,2,1
29.28665,76.90128,20.02,36.0,56.5,2510.5,5.96,223.8,Forest,Alluvial,10361.5,1,2,0
20.45192,84.86535,31.78,36.6,71.2,5196.1,11.29,61.7,Agricultural,Clay,6637.2,1,4,1
26.7702,70.57195,0.98,33.6,48.5,136.8,0.56,336.6,Agricultural,Silt,3911.1,1,1,0
26.93081,84.14099,43.99,27.5,55.1,4994.3,10.08,80.0,Forest,Clay,4318.7,0,1,1
28.87827,76.81341,252.73,31.9,100.0,7867.0,18.0,191.0,Urban,Alluvial,5119.1,1,1,1
28.22387,77.45399,25.96,30.0,55.1,2584.2,5.33,220.9,Agricultural,Silt,906.5,0,6,0
16.20417,77.49523,4.24,28.3,20.0,452.3,2.7,798.7,Wetland,Loam,2859.7,0,3,0
17.38937,81.95183,4.43,32.0,62.7,3390.3,7.0,148.7,Agricultural,Clay,1217.3,0,1,0
25.4784,84.18695,15.04,36.7,44.1,4682.9,10.63,90.4,Forest,Alluvial,11371.0,0,4,1
19.87888,85.9975,210.73,25.3,100.0,10780.9,18.0,58.8,Urban,Alluvial,9917.4,1,2,1
22.03454,76.40484,31.75,35.5,62.4,2292.2,5.71,247.1,Water Body,Clay,3444.0,0,2,0
28.69185,77.54973,45.25,29.0,38.1,2927.3,6.21,194.8,Forest,Loam,3046.0,1,3,0
25.50726,71.51907,1.44,32.6,50.1,157.8,0.46,332.9,Agricultural,Alluvial,5799.9,0,4,0
10.39232,75.92387,24.34,26.5,30.6,2958.7,6.33,187.5,Agricultural,Alluvial,3499.6,1,0,0
19.97597,84.75779,1.08,31.0,40.9,4460.5,7.11,22.1,Wetland,Alluvial,10358.3,1,3,0
16.7438,74.82514,0.94,19.9,46.9,638.9,0.87,604.8,Water Body,Loam,5435.0,1,6,0
10.57974,76.56495,6.92,41.4,23.8,1791.1,3.06,166.8,Agricultural,Silt,11181.1,1,2,0
25.61617,90.05012,64.66,25.5,55.4,6905.7,14.99,119.2,Agricultural,Clay,4120.3,1,3,1
9.26839,75.8789,67.79,27.2,65.5,3807.1,9.96,135.4,Water Body,Sandy,11418.0,1,1,1
14.91337,75.08655,3.5,18.8,38.7,323.7,1.04,622.5,Agricultural,Alluvial,10697.9,0,6,0
29.12807,77.28002,11.5,35.8,40.1,1938.3,4.47,210.1,Agricultural,Silt,3097.8,1,2,0
28.45193,77.01456,14.68,22.7,49.5,1321.5,3.35,226.9,Urban,Alluvial,3514.6,1,2,0
20.47367,86.16527,68.27,27.5,43.5,6865.5,15.8,49.3,Wetland,Alluvial,889.5,1,2,1
27.66163,74.43972,2.63,30.7,49.3,225.7,0.2,339.2,Water Body,Clay,4729.2,1,3,0
26.04599,82.88446,30.12,25.8,44.4,3694.3,7.81,68.0,Forest,Loam,6221.3,1,5,1
26.44985,83.10335,316.57,26.3,100.0,15726.1,18.0,38.5,Water Body,Clay,3627.3,0,1,1
22.67239,75.00696,9.79,31.1,20.0,2158.8,6.74,219.0,Agricultural,Alluvial,1225.7,0,2,0
27.39781,92.56596,39.98,25.0,61.5,5278.9,13.15,99.8,Agricultural,Clay,4665.4,0,1,1
18.22586,75.38354,11.3,30.7,48.2,559.0,1.55,514.2,Urban,Alluvial,10977.1,1,2,0
26.34742,83.21728,69.29,32.5,49.0,6524.6,14.55,93.7,Agricultural,Alluvial,7406.5,1,9,1
28.72612,77.02521,45.7,32.2,53.3,2440.6,5.25,202.9,Agricultural,Silt,7949.1,1,1,0
16.28824,81.85115,33.01,38.4,51.1,2164.9,4.89,102.0,Urban,Clay,6157.3,0,3,0
27.37024,95.25963,297.88,30.9,100.0,17303.2,18.0,137.2,Urban,Loam,6242.0,1,7,1
20.6608,86.83164,149.35,32.2,79.3,8387.7,18.0,34.3,Agricultural,Alluvial,3002.7,1,7,1
10.32311,76.17149,165.57,26.0,100.0,5476.8,17.49,114.4,Wetland,Sandy,9556.8,1,1,1
27.24169,71.5378,1.52,29.0,22.0,170.8,1.06,166.9,Forest,Clay,5094.0,0,1,0
26.65228,83.84326,276.49,21.9,100.0,14441.8,18.0,97.4,Urban,Clay,6206.7,1,2,1
17.23408,80.00931,48.88,31.7,66.7,3370.6,8.63,101.3,Forest,Clay,10771.6,1,0,1
22.74636,73.9703,58.42,24.3,73.2,2218.3,6.03,306.9,Wetland,Clay,7713.2,1,2,0
21.50218,74.1008,67.46,36.2,56.8,2655.6,7.59,194.3,Urban,Silt,8809.0,1,0,1
29.25357,77.17431,92.92,24.9,66.0,3873.7,11.67,201.6,Water Body,Silt,10232.6,1,6,1
25.73923,71.75273,27.86,22.5,42.8,120.3,0.73,185.8,Forest,Sandy,5481.2,1,3,0
27.55331,71.88915,5.6,27.7,29.0,165.5,0.2,286.2,Urban,Clay,10681.9,1,6,0
9.95123,76.48565,2.9,20.2,34.0,1179.0,2.11,20.7,Urban,Loam,6369.0,0,1,0
26.66961,80.66042,71.6,31.3,71.3,6430.4,15.19,110.1,Forest,Alluvial,10259.3,1,5,1
17.35082,80.46529,66.92,32.4,68.1,5109.5,11.9,64.4,Agricultural,Silt,6522.6,1,3,1
27.71879,90.21931,305.07,39.4,100.0,17206.7,18.0,45.9,Forest,Loam,4015.8,0,5,1
25.49532,74.02988,1.63,34.4,39.0,141.7,0.72,266.5,Forest,Alluvial,789.1,1,3,0
9.27143,76.4096,92.5,23.2,64.5,3293.8,9.6,154.8,Wetland,Alluvial,11098.8,0,8,1
25.77772,81.91928,71.15,36.6,57.3,7813.2,17.86,39.9,Urban,Sandy,4867.9,0,5,1
18.30362,80.06336,5.33,23.9,46.1,2156.6,5.34,126.4,Agricultural,Clay,2386.8,1,1,0
25.79584,92.34094,242.12,41.2,100.0,15670.3,18.0,129.7,Forest,Clay,568.6,0,3,1
28.43903,72.61134,22.02,23.0,62.5,226.0,1.11,307.6,Agricultural,Sandy,3065.8,1,3,0
28.76855,77.73264,23.81,22.8,59.1,2299.2,4.12,221.6,Water Body,Clay,8275.2,0,1,0
26.48644,93.5179,0.08,25.5,29.6,5318.8,11.0,120.0,Agricultural,Alluvial,2987.8,0,0,1
26.55686,91.86631,107.71,26.4,80.1,9867.8,18.0,104.5,Agricultural,Loam,6858.1,1,6,1
26.37334,72.12086,20.16,29.1,40.6,138.6,1.44,175.1,Water Body,Silt,5864.6,0,1,0
28.37127,77.48024,18.16,23.2,55.3,2624.8,6.86,232.1,Urban,Clay,5131.4,1,6,0
9.32726,76.01794,118.42,26.5,68.3,5238.6,15.92,11.7,Forest,Clay,7907.8,0,0,1
26.67894,93.01591,144.79,31.5,88.9,14034.1,18.0,94.4,Water Body,Alluvial,1272.3,1,2,1
10.82393,76.3395,259.46,22.6,100.0,7223.7,18.0,59.0,Urban,Sandy,1912.1,1,2,1
16.68843,76.25123,0.05,32.6,26.6,576.9,0.3,467.3,Forest,Alluvial,1323.2,1,1,0
25.74334,93.3827,10.97,24.9,58.0,3887.5,8.03,50.5,Agricultural,Sandy,10710.6,0,3,0
23.03214,74.3196,9.11,35.4,52.5,1893.0,4.34,153.0,Wetland,Alluvial,7395.0,0,6,0
26.91183,88.49793,122.48,22.0,89.6,9298.4,18.0,52.0,Wetland,Alluvial,1378.9,0,0,1
9.55362,76.8139,157.88,24.9,100.0,5215.7,14.88,153.9,Urban,Clay,9471.2,1,2,1
22.6216,74.18491,146.72,34.1,100.0,4491.3,14.2,235.5,Agricultural,Alluvial,8581.6,1,1,1
27.62192,93.04029,155.41,32.9,81.4,13826.5,18.0,80.0,Urban,Loam,9358.0,1,3,1
16.67425,80.17461,57.82,36.4,56.6,4503.0,11.36,73.8,Urban,Loam,4787.2,1,5,1
16.42763,80.23273,27.65,27.1,71.4,3513.6,7.49,156.8,Urban,Silt,2008.4,0,1,0
26.32423,90.84423,43.69,20.0,39.9,5890.3,13.69,110.7,Urban,Alluvial,8699.1,0,1,1
25.87486,72.93811,5.54,20.1,40.2,144.5,0.2,267.0,Urban,Loam,8064.4,1,4,0
20.20751,85.39425,78.21,27.2,57.6,5562.7,14.37,31.1,Forest,Alluvial,3271.7,1,4,1
25.16595,73.70469,2.66,36.7,40.5,153.9,1.65,270.9,Agricultural,Sandy,8095.0,0,1,0
9.91935,76.70949,189.52,25.6,100.0,5838.9,17.6,123.0,Urban,Clay,6978.7,1,2,1
20.95848,84.65249,315.32,20.9,100.0,13581.9,18.0,42.7,Forest,Clay,11430.9,0,1,1
18.64066,75.78798,22.31,29.4,47.0,520.8,1.3,534.6,Agricultural,Silt,1863.9,1,3,0
28.36465,77.22063,33.05,26.8,49.8,2581.2,7.73,214.0,Urban,Silt,9709.7,1,1,0
26.00853,71.44403,0.49,27.0,33.0,152.0,0.91,296.1,Agricultural,Silt,4981.9,0,1,0
26.3067,94.11909,128.48,37.2,92.9,10032.9,18.0,104.1,Forest,Clay,11383.4,1,5,1
21.46768,86.72371,124.95,25.3,80.4,7445.9,18.0,77.9,Water Body,Alluvial,3290.8,0,1,1
26.2584,71.00321,8.94,28.0,26.2,178.5,1.71,267.9,Urban,Clay,8551.8,1,3,0
24.81275,83.12456,111.42,37.6,73.2,9360.7,18.0,89.4,Urban,Clay,9573.9,1,4,1
20.22025,86.89061,18.93,27.3,36.8,3796.3,7.04,22.2,Agricultural,Silt,803.0,0,3,0
20.61621,86.4576,160.55,24.0,96.0,8589.1,18.0,19.4,Urban,Alluvial,2036.9,1,1,1
19.67291,77.1586,17.72,28.1,60.2,521.0,1.64,565.3,Forest,Alluvial,2596.6,1,5,0
29.44297,77.49827,1.43,37.6,20.0,1958.3,3.69,200.4,Agricultural,Loam,11920.6,1,4,0
10.29653,76.09774,111.5,21.9,69.2,4204.3,12.59,15.5,Water Body,Clay,1918.8,1,1,1
16.3495,81.72833,151.71,28.5,100.0,6989.9,18.0,40.2,Water Body,Clay,9515.4,1,7,1
26.56402,94.27491,88.94,28.4,55.3,10913.2,18.0,130.4,Water Body,Alluvial,10288.3,1,1,1
22.09165,77.96076,45.02,35.6,66.6,2722.1,7.01,177.0,Water Body,Clay,1129.1,1,3,0
27.6024,72.82295,2.25,30.8,23.4,172.9,0.2,227.6,Urban,Loam,10289.4,0,2,0
26.6463,74.32498,41.9,25.8,61.2,217.5,1.28,303.3,Agricultural,Alluvial,9763.6,0,1,0
10.54167,76.39222,28.18,18.3,52.2,2609.0,6.13,96.4,Agricultural,Clay,1948.8,0,4,0
25.52452,72.78732,3.11,25.8,36.9,144.3,0.2,200.7,Agricultural,Alluvial,10404.2,1,1,0
28.63396,77.52771,5.22,21.5,45.4,1465.8,3.56,223.5,Wetland,Alluvial,3206.7,0,6,0
27.09809,92.31682,16.8,23.3,64.3,5130.8,11.06,143.9,Wetland,Silt,3536.4,1,9,1
17.20459,80.90449,1.0,25.8,29.3,1811.2,3.48,67.2,Water Body,Loam,1388.3,1,3,0
22.33301,74.05205,22.83,29.4,48.8,1774.7,3.32,163.3,Agricultural,Alluvial,658.4,1,3,0
23.07588,76.8256,92.78,27.6,62.3,3413.7,10.72,236.5,Water Body,Alluvial,2122.8,0,2,1
28.79451,77.64619,38.66,27.9,39.6,2823.1,6.96,212.6,Agricultural,Loam,8288.5,1,6,0
17.09704,80.59784,10.73,26.5,33.7,3554.4,7.89,112.3,Urban,Silt,7300.1,0,5,0
10.09268,75.90526,11.45,24.3,65.4,2916.3,5.51,183.8,Urban,Clay,9355.6,1,1,0
27.29651,74.02742,9.37,21.3,38.6,105.3,0.2,247.1,Agricultural,Alluvial,10388.3,0,3,0
26.38239,82.85169,14.68,26.0,41.3,4710.4,9.52,49.4,Forest,Clay,3992.3,0,4,1
19.30839,76.79885,15.09,30.3,20.0,365.2,2.68,640.0,Forest,Silt,2194.3,1,2,0
26.70813,71.11926,4.79,36.7,20.0,149.1,1.12,223.9,Wetland,Loam,6333.2,1,0,0
28.45124,73.04571,19.3,23.3,37.0,135.2,0.2,316.8,Urban,Silt,6693.6,1,5,0
29.43115,77.30487,31.04,23.4,28.8,4041.5,10.59,234.4,Agricultural,Alluvial,11155.6,1,2,1
16.65299,80.61445,56.99,25.2,34.7,3156.2,8.35,56.4,Urban,Silt,5431.2,0,0,1
21.3829,86.80645,17.9,28.6,46.6,6141.5,13.52,15.9,Urban,Alluvial,6196.6,1,0,1
28.38698,76.80924,13.57,21.7,57.5,1551.6,4.19,230.4,Urban,Alluvial,2581.5,0,3,0
24.82897,84.6515,279.93,25.4,100.0,15141.1,18.0,84.5,Water Body,Alluvial,3152.2,0,2,1
21.61525,77.1179,20.51,25.3,69.3,3039.2,6.97,267.6,Water Body,Clay,4033.7,1,1,0
27.66799,94.54349,120.53,31.8,68.5,8637.7,18.0,108.6,Water Body,Clay,11738.1,0,2,1
24.99196,81.21861,77.75,21.8,44.3,6778.2,15.61,83.2,Agricultural,Alluvial,1604.5,0,0,1
26.59502,82.07547,151.67,23.6,86.1,10925.4,18.0,100.0,Agricultural,Loam,1717.3,1,1,1
20.07947,86.42986,12.92,23.8,40.2,2925.7,5.57,70.4,Agricultural,Clay,11393.7,0,8,0
25.97499,73.58636,20.05,24.9,41.1,119.5,0.2,220.2,Urban,Alluvial,2545.1,0,1,0
26.67121,93.37707,42.99,29.0,49.8,5052.5,11.49,79.2,Forest,Clay,4332.3,0,3,1
18.95919,75.92009,0.83,27.9,36.5,513.9,0.8,718.8,Agricultural,Loam,8628.0,1,2,0
28.50786,77.42732,240.99,25.6,100.0,6502.6,18.0,205.1,Agricultural,Silt,7167.7,0,3,1
22.36961,78.21783,41.96,32.5,56.5,2598.8,6.12,61.3,Water Body,Alluvial,10565.0,0,4,0
28.86562,77.79224,4.43,27.0,82.5,2365.0,4.87,222.6,Agricultural,Loam,1615.2,1,1,0
18.65477,77.02529,35.76,28.0,35.7,643.9,3.61,703.3,Forest,Alluvial,1541.8,1,3,0
27.64642,95.14866,86.96,28.5,62.3,7036.4,16.66,140.6,Agricultural,Alluvial,10246.0,0,3,1
25.18159,74.26893,4.72,27.0,30.2,156.0,0.39,255.4,Agricultural,Silt,8373.5,0,0,0
26.5575,86.71557,20.65,28.8,37.0,5810.6,12.35,108.5,Agricultural,Clay,6514.0,0,3,1
25.55125,72.87733,2.15,22.9,34.4,172.0,0.2,268.7,Forest,Loam,1420.9,1,2,0
26.6139,88.21507,32.08,26.3,60.9,5563.6,11.8,40.3,Wetland,Clay,3625.4,0,1,1
26.15557,83.21363,88.01,30.5,83.5,6717.8,16.91,59.0,Agricultural,Clay,535.1,1,3,1
17.42268,80.00431,51.83,33.4,77.4,2982.6,7.16,88.1,Urban,Loam,7886.6,1,2,1
27.27043,73.04978,0.14,24.8,57.8,93.5,0.62,260.7,Urban,Alluvial,5928.2,0,2,0
18.01878,80.50961,3.15,32.7,46.5,3560.1,9.22,110.1,Agricultural,Alluvial,1772.9,1,6,0
25.69297,90.09798,8.49,29.5,39.4,5594.4,11.16,67.9,Agricultural,Alluvial,6404.6,0,3,1
22.12575,74.12539,19.84,30.7,28.2,2165.2,4.66,61.2,Agricultural,Clay,8548.0,1,8,0
16.77761,75.94704,21.8,42.9,26.0,504.2,1.72,596.0,Wetland,Alluvial,1694.5,1,9,0
26.32291,95.16731,38.55,31.8,54.9,6905.7,15.71,118.2,Forest,Alluvial,9966.3,0,7,1
28.00181,71.56493,1.36,33.4,46.1,159.2,1.81,252.9,Urban,Sandy,8583.7,1,4,0
29.18142,77.12935,35.65,23.7,76.3,2972.2,6.51,196.9,Forest,Clay,10516.4,0,0,0
10.39524,76.64873,20.65,28.1,44.3,2566.1,5.66,109.3,Forest,Clay,6119.7,0,4,0
9.74948,75.846,99.2,36.6,60.9,3019.7,9.61,128.5,Agricultural,Clay,10610.9,1,6,1
19.47728,75.475,23.4,23.9,58.1,627.0,2.35,637.3,Agricultural,Loam,4574.6,1,2,0
16.27213,79.95973,35.39,25.7,52.6,3824.5,9.27,121.3,Urban,Loam,9892.5,1,1,1
16.93199,80.14819,7.45,28.1,48.7,2781.6,4.6,109.1,Agricultural,Clay,4442.7,0,1,0
16.26967,81.58073,59.78,39.1,74.7,3897.2,9.46,119.5,Forest,Clay,11904.6,0,1,1
27.37268,94.9527,298.76,31.0,100.0,18219.5,18.0,41.7,Wetland,Loam,7018.5,1,2,1
17.02459,77.31868,13.91,33.6,52.7,539.0,1.68,476.6,Wetland,Alluvial,5067.5,0,1,0
16.89254,75.4668,20.13,18.5,55.6,566.7,1.36,726.5,Agricultural,Clay,6441.6,0,1,0
26.6658,70.99033,7.26,25.5,59.0,234.6,0.68,335.6,Agricultural,Loam,8504.2,1,2,0
25.87514,82.01096,64.97,27.5,76.7,6884.8,16.23,54.2,Urban,Silt,9185.9,0,8,1
15.18744,76.02514,23.26,34.2,54.1,488.9,1.68,627.4,Agricultural,Alluvial,3754.5,0,2,0
9.3762,76.69157,124.17,29.1,95.2,4466.2,13.43,195.5,Wetland,Silt,7866.7,1,2,1
21.15187,86.82569,80.99,37.7,60.7,5736.5,14.19,47.7,Agricultural,Alluvial,706.0,1,1,1
14.83965,75.28465,13.61,27.9,56.1,369.9,0.2,718.0,Forest,Clay,10888.6,1,2,0
27.67933,91.82832,105.34,30.3,76.9,8352.1,18.0,67.5,Wetland,Silt,2467.7,1,1,1
26.51476,93.88391,26.11,29.9,49.8,5232.3,9.81,82.5,Forest,Clay,10183.8,1,0,1
21.29575,85.27919,49.58,22.3,61.4,4341.0,11.04,42.7,Forest,Clay,7196.4,0,4,1
11.10958,76.26117,40.23,43.7,60.6,2933.9,7.68,46.9,Agricultural,Loam,2624.6,0,5,1
17.11305,76.32314,51.18,32.6,75.9,659.6,3.86,678.9,Agricultural,Alluvial,7128.4,1,0,0
16.50356,74.82189,12.34,27.1,44.2,335.9,1.91,453.2,Agricultural,Alluvial,2338.8,0,1,0
16.32482,81.1109,78.63,31.8,63.8,5454.4,14.05,33.9,Urban,Silt,494.5,0,3,1
27.76364,89.97293,107.49,25.9,78.7,9723.8,18.0,149.8,Agricultural,Loam,11994.2,0,3,1
20.1907,84.50217,17.84,27.9,41.7,3397.6,5.53,65.1,Urban,Sandy,8706.3,0,1,0
21.30886,85.17924,41.66,30.0,48.3,4100.3,10.31,45.7,Wetland,Alluvial,8076.8,0,2,1
20.23976,86.21735,31.52,26.8,62.0,3720.3,8.78,65.5,Urban,Alluvial,7288.9,1,2,1
26.14386,90.40395,37.86,34.5,58.8,6485.7,14.88,52.3,Urban,Alluvial,1556.8,0,2,1
18.26525,75.2572,16.97,22.9,50.7,461.3,0.86,741.2,Forest,Alluvial,11426.2,1,2,0
21.80506,73.6271,53.13,27.1,49.1,2523.0,7.29,60.6,Urban,Loam,3602.6,0,1,1
11.11415,76.11307,74.95,35.0,56.3,2982.5,7.89,79.0,Urban,Loam,8180.2,1,0,1
28.4735,77.09029,12.15,28.5,38.2,1753.9,2.15,229.3,Water Body,Alluvial,8565.7,0,1,0
25.39632,85.64025,60.14,30.6,64.2,6354.5,15.65,54.8,Urban,Loam,8634.9,0,2,1
20.6435,86.47934,10.26,22.1,30.0,4306.3,9.65,43.2,Urban,Alluvial,3581.4,1,0,1
16.55286,80.63707,46.47,35.9,53.1,3374.0,9.88,31.0,Urban,Loam,8611.2,0,6,1
16.98917,80.15315,1.26,26.3,46.5,2713.8,5.17,83.8,Forest,Silt,6124.7,0,4,0
26.57535,92.10405,393.01,31.1,100.0,21259.3,18.0,89.4,Wetland,Clay,3633.6,1,6,1
17.08882,80.39179,133.73,28.4,80.7,6392.5,16.56,115.3,Urban,Loam,3719.7,0,7,1
29.24397,77.5917,77.17,29.1,56.1,3738.5,9.11,199.7,Water Body,Sandy,4088.3,1,2,1
18.32012,80.50812,162.14,28.3,100.0,7462.0,18.0,164.3,Agricultural,Loam,1769.4,0,2,1
27.12433,94.26111,131.73,24.1,81.8,12042.9,18.0,90.1,Wetland,Alluvial,6285.8,0,2,1
25.67172,95.01231,360.74,18.4,100.0,20106.5,18.0,42.3,Forest,Alluvial,9299.3,0,6,1
21.06395,85.77677,144.16,32.1,79.4,7354.9,18.0,71.6,Urban,Alluvial,5630.5,0,3,1
25.32297,85.68136,13.49,27.3,44.5,4035.5,8.65,68.0,Forest,Loam,1938.7,1,4,1
15.23286,77.40868,4.58,27.9,39.2,459.3,0.59,737.4,Agricultural,Loam,9056.6,1,3,0
17.63051,80.56746,35.99,34.3,20.0,3847.2,9.69,142.9,Agricultural,Loam,7852.1,1,5,1
25.05556,84.43485,21.3,24.9,37.7,5325.1,11.47,99.2,Urban,Sandy,11390.7,1,1,1
9.30283,76.63097,77.74,26.5,76.7,3645.0,9.1,60.7,Agricultural,Clay,3378.5,0,2,1
20.42092,85.44269,263.99,35.9,100.0,11324.4,18.0,63.7,Agricultural,Clay,573.5,0,2,1
22.97722,78.17018,8.76,32.4,34.5,1942.5,4.56,138.4,Agricultural,Clay,3935.8,0,3,0
26.08062,81.40485,24.66,32.6,68.2,2686.7,5.69,104.5,Agricultural,Loam,9114.8,1,1,0
29.47398,77.68217,35.53,32.8,40.9,3399.0,8.13,218.7,Urban,Alluvial,9555.2,0,0,0
29.22343,77.20874,79.89,31.6,74.4,4076.0,10.23,231.2,Urban,Alluvial,10886.2,1,4,1
22.9779,75.91656,10.07,21.4,28.5,2846.8,6.58,140.7,Wetland,Loam,7867.5,0,0,0
18.57277,75.35423,17.34,26.6,37.2,200.5,0.88,699.3,Forest,Loam,7065.1,1,3,0
23.09145,73.77452,133.14,26.6,92.6,4668.3,12.99,231.8,Urban,Silt,8739.3,1,0,1
25.77085,73.94884,6.42,17.8,33.4,152.0,0.97,298.5,Wetland,Silt,7714.0,1,2,0
11.28884,75.90665,72.07,21.4,59.2,3402.2,10.0,125.2,Forest,Clay,1465.5,0,9,1
27.71741,71.74536,47.93,34.8,50.6,194.8,2.15,263.6,Water Body,Loam,2707.4,0,5,0
14.98418,75.954,48.99,40.4,44.1,601.5,3.46,497.2,Agricultural,Loam,5537.1,0,4,0
10.73388,76.05743,101.47,41.9,64.7,5169.4,13.44,121.7,Forest,Alluvial,9095.7,0,0,1
27.03798,86.50074,53.98,22.2,40.2,4961.7,11.95,105.9,Agricultural,Loam,5491.3,1,3,1
28.62224,77.09339,118.43,20.3,74.9,5537.2,14.93,191.7,Urban,Silt,10811.1,1,2,1
18.14077,76.80518,49.17,30.8,55.2,545.0,2.61,513.0,Forest,Loam,7335.8,1,0,0
14.53688,75.44834,6.03,25.9,47.7,555.2,2.25,485.3,Urban,Sandy,10582.9,1,3,0
29.36174,77.09152,7.35,30.4,24.8,2696.2,6.71,218.1,Urban,Alluvial,9182.9,1,5,0
20.98923,85.61785,13.99,24.2,38.4,5036.6,10.76,50.8,Urban,Loam,8552.4,1,1,1
21.07866,85.70858,261.65,31.3,100.0,10884.4,18.0,77.6,Agricultural,Alluvial,11750.5,1,3,1
17.13423,74.88657,25.19,35.7,43.0,429.6,1.14,664.3,Urban,Clay,10225.3,1,2,0
26.19596,91.33205,102.69,17.4,72.2,9020.4,18.0,98.5,Agricultural,Clay,8232.2,1,2,1
28.57031,76.82424,20.38,34.3,56.8,3242.2,8.27,221.3,Urban,Silt,2087.7,1,0,0
27.38642,74.47401,11.74,26.5,43.5,200.2,2.33,196.5,Agricultural,Alluvial,5843.9,1,2,0
21.12569,86.38142,185.4,33.0,100.0,8491.7,18.0,51.3,Urban,Loam,5237.8,0,1,1
25.80158,92.39558,193.67,31.4,77.1,13266.2,18.0,129.2,Agricultural,Clay,10534.6,1,0,1
26.796,71.46968,0.8,27.1,58.3,204.1,1.06,186.9,Forest,Clay,4899.6,0,3,0
20.05079,84.73172,52.22,38.0,61.0,4806.6,10.67,15.9,Forest,Sandy,8139.4,0,4,1
28.47534,77.65111,228.87,32.9,100.0,7142.4,18.0,211.4,Agricultural,Silt,8298.8,1,6,1
10.81049,76.35253,146.65,24.4,79.5,4918.9,14.45,41.6,Water Body,Loam,5886.6,1,3,1
26.10203,92.72177,216.68,35.4,100.0,15869.8,18.0,76.4,Agricultural,Silt,3585.0,1,1,1
21.03451,85.72384,131.72,28.1,91.9,7597.1,18.0,24.1,Urban,Silt,2537.5,0,1,1
10.3833,76.5848,11.11,28.3,37.9,2314.8,5.96,186.0,Forest,Loam,6162.5,0,3,0
27.40942,91.85464,57.95,32.0,57.9,6913.7,15.01,87.3,Urban,Loam,2066.8,1,0,1
22.32287,78.39135,26.69,33.0,38.0,2198.4,5.51,286.0,Water Body,Alluvial,11726.4,0,7,0
26.39555,95.15978,88.99,35.0,67.0,7955.1,17.64,87.0,Forest,Sandy,1091.7,1,1,1
21.28319,86.20895,8.86,25.0,49.2,2932.6,6.79,55.6,Agricultural,Clay,10362.2,0,3,0
27.46679,74.12031,8.04,29.2,52.3,262.6,0.45,236.9,Forest,Alluvial,9924.9,0,0,0
22.60969,77.34698,81.18,26.3,70.1,3012.3,9.78,92.3,Agricultural,Clay,4415.6,0,5,1
17.03956,81.94208,40.63,29.0,55.9,3691.4,7.68,100.5,Water Body,Loam,9547.5,1,1,1
26.21251,70.577,1.85,31.9,20.0,152.1,0.2,315.0,Water Body,Clay,11408.1,1,1,0
27.26698,72.51056,2.26,25.6,34.9,135.6,0.2,248.4,Agricultural,Loam,2186.1,1,4,0
26.16393,95.14653,131.63,28.3,76.6,8937.1,18.0,130.8,Agricultural,Loam,4197.6,1,5,1
21.06943,86.53261,33.43,34.6,61.9,3311.9,6.15,41.3,Urban,Silt,11200.3,1,1,0
15.91328,76.73345,22.61,30.0,47.8,473.1,2.77,588.0,Agricultural,Clay,634.7,1,2,0
18.44027,81.96093,29.92,20.5,38.2,3452.6,9.04,45.9,Agricultural,Silt,9748.8,0,4,1
26.2515,92.64276,145.96,25.2,100.0,10187.7,18.0,145.4,Forest,Alluvial,10096.6,1,2,1
25.39155,80.57205,12.6,23.9,48.9,6615.7,14.28,51.2,Agricultural,Alluvial,832.1,0,4,1
9.34289,76.64321,256.16,26.4,100.0,7127.6,18.0,146.7,Urban,Loam,9451.0,0,1,1
26.9047,73.45919,9.17,32.5,47.7,91.0,0.2,291.2,Forest,Clay,1223.7,1,0,0
17.52009,81.8044,23.41,26.3,61.3,4006.4,9.08,83.7,Water Body,Alluvial,2382.0,0,1,1
18.19049,80.30055,37.16,35.5,30.6,4553.1,10.75,45.5,Agricultural,Alluvial,10356.2,0,8,1
19.81501,84.95692,69.95,29.0,66.1,3650.5,10.36,80.9,Agricultural,Alluvial,4383.7,1,1,1
21.34012,86.66231,220.51,29.7,100.0,10326.2,18.0,83.4,Agricultural,Clay,6545.4,0,0,1
21.88242,77.88916,49.68,36.8,71.3,2522.6,6.7,180.1,Agricultural,Alluvial,8289.7,0,3,0
27.07723,83.18433,218.36,31.2,100.0,12804.0,18.0,59.3,Agricultural,Sandy,7291.8,1,2,1
21.3491,86.73953,0.62,29.8,28.9,3165.4,6.1,49.8,Agricultural,Loam,1044.7,1,3,0
16.90005,81.34273,76.89,29.7,70.8,4188.2,11.34,155.6,Agricultural,Clay,3373.0,1,1,1
23.01547,77.73841,68.25,30.1,77.9,3309.9,8.76,318.0,Agricultural,Clay,5574.9,1,2,1
27.52871,92.33304,16.49,26.4,49.3,5169.2,10.96,104.8,Urban,Alluvial,562.2,1,5,1
20.76473,86.78171,1.42,24.8,35.8,2173.6,3.96,56.8,Water Body,Alluvial,11906.0,0,0,0
11.22059,75.8786,163.77,28.2,96.2,5523.2,16.17,16.2,Agricultural,Loam,1489.4,1,1,1
28.29062,73.54829,0.46,25.0,32.7,109.4,0.82,344.5,Agricultural,Silt,8447.6,0,2,0
17.27958,77.44845,0.51,24.3,43.9,443.3,1.18,643.5,Agricultural,Loam,2083.3,1,2,0
19.87561,86.30509,101.51,29.3,59.8,7161.7,16.94,20.5,Agricultural,Loam,3704.5,1,0,1
28.64081,77.5099,36.68,24.6,61.7,3301.5,8.79,192.4,Agricultural,Clay,5996.4,1,2,1
22.81143,73.51092,18.88,33.7,53.5,2045.8,3.74,290.0,Agricultural,Alluvial,5988.4,0,2,0
21.64457,74.59996,75.55,34.2,59.0,3625.0,9.35,52.4,Urban,Alluvial,4354.2,0,1,1
16.42299,80.44829,4.49,27.8,35.5,3548.1,6.77,154.0,Agricultural,Loam,9187.1,0,5,0
23.11307,76.67729,76.86,33.1,81.6,3066.5,7.87,92.1,Urban,Silt,8000.0,1,1,1
25.37257,74.37696,0.74,29.3,46.8,76.7,1.22,189.9,Forest,Alluvial,5059.6,1,2,0
16.49627,81.80935,142.94,18.4,90.2,7116.2,18.0,114.0,Agricultural,Clay,8621.3,0,5,1
23.11421,75.19764,42.37,18.8,60.0,2640.9,6.2,79.2,Agricultural,Alluvial,10958.6,0,2,0
28.3303,77.73216,5.9,35.5,22.4,3394.5,7.09,208.7,Urban,Alluvial,9903.1,0,5,0
26.80269,83.38631,14.1,27.3,35.8,6792.5,14.39,85.1,Forest,Loam,7461.6,0,2,1
19.42596,75.21477,11.37,26.2,54.9,513.5,0.29,513.0,Agricultural,Alluvial,1345.3,1,2,0
26.2278,83.09859,117.89,31.5,75.7,9900.7,18.0,32.3,Water Body,Silt,4709.6,0,4,1
9.32898,76.45057,78.64,29.5,67.0,3166.5,9.8,173.1,Water Body,Sandy,4460.8,0,2,1
19.93744,86.59984,49.1,31.3,78.7,4417.4,11.15,75.1,Agricultural,Clay,4505.3,1,1,1
26.18458,85.75995,42.12,34.4,64.8,6071.6,13.48,47.5,Forest,Clay,7004.3,1,3,1
19.30232,75.15296,5.85,24.8,48.5,538.5,1.54,650.0,Forest,Loam,6407.0,1,3,0
25.48265,72.86497,0.65,29.7,45.9,164.6,0.97,213.0,Agricultural,Clay,8238.7,1,1,0
18.32538,81.31012,32.97,29.3,53.4,1557.5,3.3,169.0,Agricultural,Alluvial,5842.3,1,0,0
25.50565,92.16955,176.36,29.6,100.0,12712.9,18.0,120.1,Forest,Clay,8469.4,1,4,1
25.90674,82.98934,125.94,31.3,76.6,8830.4,18.0,74.1,Water Body,Alluvial,7307.6,0,2,1
15.38532,76.73764,1.86,30.2,44.5,393.6,0.55,714.2,Agricultural,Clay,3504.9,1,2,0
25.52055,84.74888,27.2,29.9,46.6,6237.8,12.2,66.7,Forest,Clay,10897.2,1,2,1
18.14972,76.80248,12.72,29.8,26.9,460.9,1.76,707.1,Urban,Alluvial,11917.2,0,0,0
10.03301,76.60754,186.9,20.7,100.0,6045.4,18.0,29.8,Urban,Alluvial,5430.0,1,5,1
26.85082,73.51521,16.45,26.6,31.2,203.8,1.37,237.9,Agricultural,Clay,10274.9,1,1,0
29.43367,77.74012,41.47,32.6,39.8,3784.5,8.49,209.1,Urban,Alluvial,2771.7,0,3,1
26.57935,91.77653,211.86,29.3,100.0,12730.3,18.0,134.9,Water Body,Alluvial,11339.4,0,3,1
25.66531,93.10286,1.32,19.1,40.2,2945.7,6.27,139.2,Urban,Loam,5235.5,1,1,0
20.43294,85.17213,18.24,24.3,39.1,4587.6,11.34,34.2,Agricultural,Alluvial,3156.3,1,6,1
10.67221,76.46839,27.79,24.8,53.4,2776.1,6.07,39.2,Agricultural,Clay,11317.2,0,2,0
27.23728,94.93942,164.89,24.4,93.8,13010.1,18.0,140.7,Urban,Silt,3285.4,0,3,1
19.43868,75.57199,2.15,37.7,40.0,315.6,0.2,599.5,Water Body,Alluvial,7783.1,0,1,0
25.75435,93.37808,78.52,33.8,68.5,6044.2,14.47,60.5,Urban,Silt,2383.7,0,1,1
22.30643,75.25572,114.72,36.8,85.3,4017.4,11.76,147.5,Urban,Clay,10791.3,0,1,1
26.75548,91.72742,99.1,26.1,62.0,9930.6,18.0,67.6,Agricultural,Loam,9251.5,1,1,1
9.30168,76.06907,8.6,31.0,33.2,2195.8,5.33,155.5,Urban,Alluvial,7535.5,0,3,0
28.96397,77.11794,91.84,24.1,70.7,3605.3,10.79,217.7,Agricultural,Alluvial,6762.4,0,0,1
20.30252,86.76801,60.93,31.8,71.0,4902.5,11.72,84.1,Urban,Silt,8882.1,1,0,1
27.27595,94.70543,126.89,24.5,89.0,9597.8,18.0,41.5,Forest,Sandy,4342.0,1,2,1
25.22776,87.37346,43.21,27.2,41.6,5124.9,12.42,66.3,Wetland,Sandy,2080.8,0,5,1
25.92612,95.29673,116.63,28.3,80.1,10430.3,18.0,84.4,Wetland,Alluvial,6871.6,0,0,1
19.4447,75.453,11.35,28.6,53.9,422.9,2.56,729.4,Urban,Alluvial,5335.0,1,3,0
29.14212,77.14977,63.82,30.6,61.8,4288.2,9.45,205.7,Agricultural,Sandy,5563.3,1,0,1
28.54997,77.24861,246.76,34.4,100.0,7517.8,18.0,234.2,Water Body,Silt,3844.6,1,0,1
27.36409,70.85147,10.42,21.8,52.4,198.9,0.2,286.6,Agricultural,Clay,8459.6,0,3,0
20.96319,85.38783,38.04,27.6,56.3,4502.5,10.57,46.4,Water Body,Clay,4254.4,1,0,1
22.42651,74.61949,39.72,27.7,53.3,2416.5,6.35,169.9,Forest,Alluvial,5034.3,1,0,0
20.19194,85.62754,14.62,20.5,52.2,2454.8,4.81,54.3,Wetland,Loam,3444.5,1,5,0
20.16632,86.89654,115.32,30.9,66.1,6147.1,17.04,45.3,Water Body,Loam,4913.8,1,3,1
20.48465,85.32423,136.02,32.2,87.3,7008.7,17.22,43.1,Forest,Clay,6745.5,0,2,1
23.19887,75.04178,67.66,31.5,39.3,2812.3,7.11,288.8,Agricultural,Alluvial,7339.6,1,2,1
20.09599,85.40756,152.89,28.3,100.0,8144.3,18.0,71.3,Water Body,Loam,4667.7,0,1,1
17.4442,76.66292,1.75,33.8,36.7,408.4,1.6,790.0,Agricultural,Loam,10060.0,0,5,0
26.19367,93.29296,14.28,29.9,57.9,6033.8,12.94,44.7,Agricultural,Loam,6485.2,0,1,1
20.00789,86.53661,27.8,28.1,62.3,3600.8,8.77,44.0,Urban,Clay,1562.6,1,1,1
10.86568,76.20296,281.63,21.1,100.0,7952.2,18.0,17.0,Urban,Clay,8982.4,1,1,1
20.69343,85.76805,36.76,35.2,51.8,3733.0,9.4,82.3,Urban,Loam,3388.8,1,0,1
28.32484,73.72255,18.65,24.4,41.0,174.4,0.66,225.5,Water Body,Alluvial,2795.6,1,0,0
19.42266,75.6289,24.05,33.0,41.6,633.3,3.6,589.4,Agricultural,Alluvial,5783.2,1,3,0
19.32698,76.73233,7.7,35.6,24.4,396.3,2.91,759.6,Agricultural,Sandy,9925.0,0,4,0
14.62814,75.83374,22.69,24.6,37.7,492.7,0.2,634.2,Wetland,Loam,5380.1,0,1,0
18.0718,80.52788,144.55,28.7,88.7,6511.9,17.92,106.2,Urban,Alluvial,10656.1,1,9,1
25.79852,81.87849,73.48,26.0,63.1,6431.8,15.49,40.4,Forest,Alluvial,9829.7,0,4,1
26.15096,73.11396,10.15,25.2,29.0,194.5,0.68,205.9,Water Body,Alluvial,1930.4,1,0,0
9.54129,76.49964,686.89,35.0,100.0,14567.8,18.0,190.4,Urban,Clay,1281.1,1,1,1
20.07931,86.30782,5.87,31.2,36.4,2075.2,4.69,68.3,Urban,Clay,5125.3,1,6,0
29.12115,77.42343,87.64,24.4,56.5,3132.0,8.72,222.2,Wetland,Silt,2310.0,0,0,1
9.46287,76.38667,160.16,26.9,80.0,5599.0,16.56,173.0,Water Body,Silt,6307.2,1,0,1
29.03125,77.24751,85.86,35.4,70.9,3884.7,9.76,223.1,Urban,Alluvial,11713.4,1,4,1
18.20286,81.84928,36.52,33.9,58.6,3468.0,7.08,112.6,Water Body,Alluvial,5930.8,0,2,0
26.1683,91.38357,248.82,33.0,100.0,16259.3,18.0,113.4,Forest,Sandy,3882.2,1,2,1
20.20891,85.73731,23.8,25.4,61.2,4141.8,9.56,54.9,Agricultural,Loam,9887.8,0,1,1
9.75969,76.76523,185.55,31.2,100.0,5582.9,18.0,47.8,Water Body,Alluvial,1533.4,1,2,1
28.43714,70.75213,20.19,31.7,43.1,192.5,1.44,330.6,Agricultural,Alluvial,6570.9,0,4,0
17.82018,77.03542,13.06,29.8,44.9,585.4,1.99,697.6,Forest,Loam,8709.9,1,2,0
14.67625,75.45088,43.51,25.9,50.1,610.3,2.12,504.1,Urban,Clay,1778.9,1,7,0
20.30639,85.84491,106.68,19.5,77.2,6311.8,16.04,42.9,Water Body,Loam,1810.8,0,8,1
11.40183,76.8951,30.98,28.1,40.2,2698.2,7.0,148.8,Water Body,Loam,1911.8,0,0,0
11.13717,76.70533,12.44,28.9,39.5,2505.5,4.57,53.9,Agricultural,Alluvial,2286.5,0,1,0
20.68044,86.19053,235.19,25.2,100.0,11428.2,18.0,77.3,Agricultural,Alluvial,1541.3,0,0,1
23.18873,74.15785,71.12,30.3,68.3,3211.6,8.89,63.3,Agricultural,Silt,11626.6,1,1,1
21.3268,86.40337,52.1,24.5,83.3,5503.4,11.84,53.3,Water Body,Clay,10161.8,0,2,1
28.20958,72.37148,1.84,29.0,38.9,143.7,0.2,205.0,Agricultural,Alluvial,2432.6,1,7,0
17.77505,81.76189,33.84,29.1,55.4,3527.3,7.57,133.2,Water Body,Loam,8751.9,0,0,0
26.50063,73.97925,46.5,28.6,59.4,239.9,1.03,239.8,Urban,Silt,2424.7,0,2,0
26.42179,86.9525,60.66,35.7,50.0,7010.6,15.49,56.7,Forest,Alluvial,2682.8,1,2,1
28.99354,77.53067,79.49,27.3,64.7,4148.7,12.71,239.7,Water Body,Loam,6313.0,0,2,1
20.0106,85.85466,149.63,37.3,100.0,7891.3,18.0,81.7,Agricultural,Sandy,10415.9,0,2,1
21.75346,78.2891,124.92,29.9,67.6,4880.1,14.88,159.2,Urban,Alluvial,1262.2,0,3,1
17.2132,80.1819,65.37,25.8,76.2,4704.2,11.92,139.3,Agricultural,Alluvial,10839.4,0,2,1
25.42874,88.33561,30.53,31.0,58.0,4367.4,8.37,101.8,Urban,Alluvial,8784.0,0,5,1
25.82766,71.88168,6.63,33.0,35.7,143.2,0.2,300.6,Agricultural,Alluvial,7119.5,1,1,0
26.31595,83.04208,179.34,26.8,100.0,9829.6,18.0,50.9,Agricultural,Clay,9384.8,0,2,1
25.09893,70.55964,3.48,26.8,20.0,170.4,0.2,175.9,Agricultural,Alluvial,558.5,0,2,0
26.20096,83.72428,24.06,31.1,63.3,3084.0,6.64,115.2,Urban,Alluvial,4431.7,1,5,0
28.70954,77.31339,56.46,29.3,74.2,2766.1,9.05,230.5,Water Body,Sandy,7814.1,1,0,1
17.56452,80.13017,57.76,26.8,37.7,3809.0,9.87,170.6,Agricultural,Loam,4059.7,1,0,1
16.35721,79.534,56.6,23.5,51.7,4191.8,12.19,163.7,Wetland,Sandy,7766.3,0,2,1
26.76479,91.68649,69.16,27.7,55.7,6888.2,14.27,58.6,Agricultural,Alluvial,10262.4,0,1,1
28.34471,77.01213,242.3,30.4,100.0,8148.5,18.0,213.7,Forest,Clay,9650.9,1,1,1
20.70696,86.47629,50.29,27.4,60.3,4335.8,11.37,83.7,Urban,Clay,7483.5,0,6,1
28.25502,73.32855,5.95,31.8,59.9,120.4,1.71,215.9,Agricultural,Sandy,2881.5,0,1,0
20.8164,86.3724,45.36,28.0,66.9,5335.5,12.4,38.7,Urban,Sandy,8542.7,1,2,1
15.59034,75.64154,6.82,30.3,42.2,394.7,1.61,557.7,Agricultural,Loam,599.0,1,5,0
17.2626,79.53345,40.1,28.3,50.7,4754.0,11.38,83.9,Forest,Alluvial,1601.8,0,0,1
26.28798,90.40178,76.36,26.9,71.4,6499.1,16.47,60.7,Agricultural,Loam,5817.2,1,1,1
16.34774,80.02395,125.48,25.3,69.9,4913.3,14.16,125.0,Water Body,Loam,2085.4,1,4,1
25.88202,71.80589,8.26,30.5,38.4,217.7,0.36,165.6,Wetland,Silt,11437.0,1,1,0
27.62825,70.75569,8.99,27.7,50.8,164.5,2.84,292.9,Agricultural,Clay,2785.3,1,2,0
20.95918,85.79856,12.14,26.3,48.8,4629.5,8.22,82.3,Forest,Alluvial,3422.9,1,2,0
10.14582,76.09568,8.93,32.7,47.1,2155.3,3.84,199.8,Forest,Clay,11743.6,0,1,0
22.91478,75.79384,18.66,21.9,51.3,2125.8,5.36,210.3,Agricultural,Alluvial,3235.6,1,3,0
9.55345,76.47792,103.15,23.8,47.8,3783.7,12.17,39.5,Agricultural,Loam,6893.2,0,0,1
26.89073,88.26052,135.71,34.4,94.9,10820.5,18.0,113.4,Agricultural,Alluvial,9177.6,1,1,1
26.42663,84.86837,47.9,28.7,48.6,5163.9,12.94,66.1,Agricultural,Alluvial,5710.9,0,3,1
24.95392,82.31016,138.69,26.2,75.3,10548.5,18.0,101.4,Water Body,Silt,591.9,0,3,1
23.09292,74.62419,17.3,28.2,37.0,1476.7,2.91,176.4,Agricultural,Clay,11870.5,1,0,0
17.17821,81.13099,120.02,24.0,100.0,5750.4,15.31,28.7,Urban,Alluvial,7546.7,0,1,1
26.16576,72.76085,6.05,29.7,25.6,171.1,1.15,230.7,Forest,Loam,3836.7,0,4,0
17.76371,81.23591,43.31,27.1,46.6,4441.2,11.59,157.8,Agricultural,Loam,7793.7,1,3,1
25.718,83.78929,130.37,32.1,89.1,9270.7,18.0,90.5,Urban,Loam,6752.5,1,1,1
26.29262,70.89472,1.21,33.8,36.0,205.5,1.29,264.4,Agricultural,Loam,3110.8,1,2,0
24.98077,80.75166,49.05,38.1,79.1,5480.6,11.17,92.6,Agricultural,Clay,9919.8,1,3,1
27.65234,94.2308,21.05,30.2,41.8,6909.3,14.59,56.7,Agricultural,Silt,8763.8,1,3,1
15.56903,75.63639,8.89,29.7,52.9,428.4,2.53,534.1,Urban,Alluvial,6639.9,1,1,0
27.83733,72.14759,6.21,34.0,51.2,115.3,0.2,299.3,Urban,Loam,11037.7,0,1,0
14.82395,77.34306,37.28,29.0,62.8,492.2,1.06,747.5,Forest,Silt,5447.1,1,7,0
22.92107,77.29223,6.52,26.3,43.6,2456.1,4.51,136.7,Agricultural,Loam,9047.4,0,4,0
11.24173,76.07769,224.55,35.2,100.0,6496.9,18.0,81.0,Urban,Sandy,6894.7,1,0,1
20.46329,85.18193,10.93,31.7,36.5,3418.2,8.55,66.3,Urban,Loam,5118.0,0,3,0
21.69159,73.86155,74.66,29.4,58.1,3267.9,9.48,250.8,Wetland,Silt,10011.0,1,1,1
16.23416,76.49694,5.99,22.0,39.9,498.6,1.32,510.4,Forest,Loam,7159.6,1,1,0
26.75405,92.74329,42.68,31.0,60.1,7136.5,16.37,50.4,Forest,Loam,8170.1,1,2,1
25.8467,93.33719,104.51,30.2,95.4,9876.9,18.0,86.2,Agricultural,Clay,8725.4,1,1,1
22.08296,74.46817,79.15,23.3,73.6,3202.9,8.88,103.6,Forest,Loam,5389.4,1,2,1
25.87366,93.2238,23.79,25.2,59.6,3882.3,7.42,94.0,Urban,Clay,5890.8,1,4,0
22.90241,74.68539,39.39,21.9,62.5,1772.3,5.46,137.4,Urban,Alluvial,1573.4,1,7,0
25.96074,92.16042,26.42,32.4,43.9,6119.0,12.75,107.5,Forest,Alluvial,11382.5,0,3,1
20.91626,86.70524,20.29,32.1,41.7,2715.1,7.91,43.0,Urban,Clay,3630.5,1,6,0
26.09025,84.43533,94.34,27.4,62.8,8122.5,17.87,102.2,Agricultural,Alluvial,7982.7,1,7,1
17.99657,79.8772,33.2,30.1,72.5,3282.6,8.65,156.5,Urban,Clay,2387.0,1,2,1
17.63349,81.29902,14.93,32.3,52.7,2579.2,7.99,107.4,Urban,Alluvial,4339.0,0,7,0
28.32985,77.36167,87.89,16.8,65.1,4700.6,12.17,210.6,Agricultural,Alluvial,4327.0,0,5,1
19.31564,75.56536,31.29,37.0,61.3,602.4,0.8,764.8,Agricultural,Clay,9270.1,0,5,0
28.89182,77.74196,72.61,31.0,68.2,4145.8,9.59,224.1,Agricultural,Alluvial,1853.5,0,3,1
10.42756,76.17233,151.78,26.0,94.2,4530.7,13.47,135.0,Agricultural,Loam,612.8,1,1,1
27.90322,73.28202,2.52,27.2,41.9,140.4,0.2,265.0,Agricultural,Alluvial,1791.3,1,3,0
23.19694,73.51752,104.18,27.1,58.5,4018.7,12.64,57.5,Urban,Clay,11144.1,1,1,1
21.77345,76.6633,20.83,28.6,38.7,2516.0,5.51,64.2,Urban,Alluvial,9429.7,1,5,0
29.39672,77.73491,2.41,29.0,44.2,3317.4,7.68,197.8,Forest,Silt,2649.5,0,5,0
29.45531,76.96094,58.36,35.0,69.6,4034.9,10.34,199.1,Agricultural,Clay,11735.3,1,5,1
10.75332,76.40383,4.9,26.5,35.5,1588.9,2.49,10.7,Agricultural,Clay,1546.8,0,3,0
17.22153,81.21299,36.28,30.9,54.3,3376.4,8.9,152.4,Forest,Alluvial,6902.1,1,2,1
19.79388,76.36389,17.67,26.4,55.9,405.3,2.13,464.8,Urban,Sandy,4595.1,1,3,0
18.07454,75.89008,3.99,31.8,42.1,531.1,1.56,751.8,Forest,Silt,11356.1,0,1,0
28.32873,77.55808,22.45,30.3,51.8,2893.5,6.11,219.8,Urban,Sandy,1004.2,0,2,0
20.14148,86.35823,95.73,32.5,70.9,6376.3,14.72,64.9,Urban,Clay,7148.8,1,1,1
20.91318,86.14365,15.08,31.5,48.4,1868.4,4.26,80.3,Urban,Silt,4973.3,1,5,0
17.75132,75.91229,106.18,25.5,74.5,857.8,4.8,678.8,Wetland,Loam,8703.9,1,1,0
20.31066,85.5415,10.24,39.1,20.0,4166.5,7.62,20.8,Forest,Alluvial,9197.7,0,2,0
26.14792,86.04247,48.41,33.9,52.6,6321.0,13.57,77.9,Forest,Clay,3848.7,1,0,1
22.47368,77.83982,24.57,28.4,40.2,2300.3,5.4,300.9,Agricultural,Alluvial,4638.4,0,5,0
27.45494,95.47715,46.58,42.1,62.0,6616.9,15.84,95.9,Water Body,Loam,10147.9,0,5,1
27.95548,73.02621,7.99,26.3,35.7,122.9,1.14,165.7,Urban,Silt,468.2,0,1,0
18.29529,75.09546,0.96,34.6,37.3,509.3,1.81,544.7,Forest,Alluvial,2369.4,1,2,0
20.33647,86.8786,193.67,23.2,100.0,8931.0,18.0,45.2,Urban,Loam,2566.6,1,8,1
25.58437,81.87961,105.86,30.9,53.8,7142.0,18.0,84.1,Water Body,Loam,1150.1,1,1,1
19.15903,75.89219,5.34,24.5,42.9,312.6,0.26,552.0,Wetland,Loam,4456.0,0,2,0
18.09337,77.18288,6.09,25.1,48.8,385.4,0.95,532.1,Urban,Loam,9070.6,0,1,0
16.79709,75.14051,26.34,23.8,60.7,557.7,2.16,603.1,Agricultural,Alluvial,7028.7,0,3,0
19.59286,75.29328,14.26,27.9,57.7,520.2,1.86,558.9,Agricultural,Clay,4536.1,1,0,0
27.83455,74.4367,9.72,24.8,35.9,218.0,0.2,314.8,Agricultural,Sandy,10309.0,0,0,0
20.19231,86.39847,24.81,17.7,41.9,4226.8,9.89,56.4,Forest,Alluvial,7687.6,1,2,1
24.84216,85.45366,71.18,34.8,72.8,6049.3,15.77,71.2,Agricultural,Alluvial,7445.3,0,3,1
17.88748,80.48816,52.44,29.5,61.1,4950.7,11.88,84.7,Agricultural,Loam,5163.8,0,3,1
20.59973,85.13972,99.47,28.5,76.4,5737.6,14.73,39.1,Wetland,Silt,9154.3,1,1,1
25.46427,86.21741,125.26,27.4,78.7,9127.5,18.0,64.6,Urban,Silt,3601.0,0,1,1
18.62629,77.10962,9.5,30.5,45.7,359.0,1.62,602.5,Water Body,Clay,7084.3,1,1,0
10.57117,76.78268,65.51,26.8,49.6,3506.4,10.17,42.7,Agricultural,Clay,10183.9,0,2,1
26.16845,72.385,1.16,25.9,61.9,167.1,0.99,155.4,Urban,Loam,1487.2,1,9,0
28.50851,77.2376,12.83,27.3,24.5,2014.4,5.62,232.8,Wetland,Alluvial,4701.3,1,1,0
10.36303,75.83558,96.97,31.4,76.4,3209.9,10.59,132.9,Urban,Silt,2654.3,0,1,1
26.92384,72.36797,3.57,26.3,22.4,135.5,0.2,335.6,Water Body,Clay,10391.8,1,1,0
28.30818,77.71525,35.02,27.3,29.8,2591.1,5.25,210.2,Forest,Silt,3928.5,1,5,0
27.01849,85.79377,107.38,27.7,86.4,8199.7,18.0,109.8,Forest,Silt,1010.8,0,3,1
28.31817,77.31477,30.85,34.3,76.2,2091.5,3.67,193.2,Urban,Clay,11457.8,1,0,0
28.99594,77.08559,74.61,25.1,68.5,4303.3,11.33,222.7,Agricultural,Loam,11673.2,0,2,1
25.594,70.53823,3.22,32.5,39.4,150.4,1.23,197.4,Agricultural,Clay,3224.1,0,7,0
22.4692,74.06452,13.31,31.3,48.6,1356.1,3.54,295.4,Agricultural,Silt,3859.8,1,9,0
25.75268,92.2207,3.75,20.5,39.4,5034.9,11.07,42.0,Agricultural,Clay,6168.0,0,6,1
15.46188,75.12503,21.64,33.2,52.8,454.6,2.91,500.3,Forest,Loam,6347.7,1,3,0
20.8947,85.97085,97.8,38.0,76.8,5071.8,13.16,65.3,Urban,Clay,7251.6,1,2,1
9.36223,76.65008,112.66,27.7,100.0,3967.2,12.52,57.4,Agricultural,Silt,10394.1,0,0,1
29.40388,77.5982,9.63,26.5,45.2,2385.5,5.91,220.8,Forest,Alluvial,6597.3,0,1,0
14.50339,76.05998,39.77,19.7,44.5,559.6,2.47,620.3,Agricultural,Clay,9786.5,0,2,0
19.92407,86.57641,82.71,25.4,79.6,6434.0,15.62,45.1,Urban,Silt,4008.1,0,1,1
15.63147,77.24585,2.16,23.8,36.5,143.7,0.63,764.7,Urban,Loam,7723.0,0,6,0
28.52527,77.00629,38.69,27.9,40.9,3280.8,7.1,196.8,Forest,Clay,8288.7,1,3,0
23.18778,76.89213,14.37,28.1,40.4,1692.5,3.25,247.1,Urban,Clay,4206.0,1,1,0
11.08432,76.65195,18.32,22.5,36.5,2230.6,5.98,188.2,Urban,Loam,4908.9,1,6,0
29.24389,77.67932,36.4,35.3,56.7,2466.4,5.43,236.9,Urban,Loam,1383.2,1,3,0
27.20101,73.54868,22.94,29.4,53.7,183.3,1.55,325.3,Forest,Alluvial,4992.9,0,1,0
19.31502,76.05424,37.91,33.3,46.5,536.7,2.19,598.5,Wetland,Silt,4899.6,1,7,0
17.57768,80.15217,5.01,28.8,35.4,2064.9,4.07,98.5,Forest,Sandy,4989.5,1,7,0
27.64027,71.38414,46.71,28.8,58.5,228.3,1.82,155.6,Wetland,Loam,2728.6,0,3,0
28.04311,70.78909,8.92,21.5,33.5,124.0,0.2,325.2,Water Body,Loam,8168.8,1,1,0
22.4676,76.08921,44.99,25.9,48.3,2498.9,6.84,226.7,Agricultural,Clay,2017.5,1,3,0
15.84358,77.28124,0.27,31.9,27.8,462.1,1.31,684.5,Agricultural,Sandy,6814.2,1,3,0
25.0949,82.53906,81.93,29.3,83.6,7568.9,17.71,103.2,Urban,Silt,3077.5,1,0,1
9.31284,75.91938,170.46,24.0,81.4,4999.1,15.08,109.7,Forest,Loam,5223.2,1,4,1
21.54087,76.75162,71.53,32.4,60.4,3594.1,8.35,106.8,Agricultural,Silt,9459.6,0,7,1
25.98502,91.16075,8.95,34.0,20.0,4388.6,9.26,140.9,Agricultural,Loam,4468.3,0,3,0
28.41158,72.83809,3.02,34.9,54.1,143.6,0.96,239.2,Forest,Loam,7946.4,0,3,0
29.29553,77.05851,225.21,26.1,100.0,6461.5,18.0,204.2,Agricultural,Silt,5322.3,1,2,1
18.47706,74.99757,21.11,35.6,46.6,464.5,2.23,481.3,Agricultural,Clay,11786.7,1,6,0
27.09617,91.72004,93.79,31.6,74.0,10787.1,18.0,51.4,Agricultural,Alluvial,7267.9,1,2,1
9.57717,76.30983,80.67,25.3,68.0,3156.8,8.2,125.1,Agricultural,Clay,10414.8,0,0,1
25.55976,90.67099,8.41,26.5,30.2,3554.3,8.64,109.0,Forest,Clay,2992.6,1,2,0
26.42104,74.43874,40.56,15.7,73.5,229.3,2.07,304.1,Wetland,Alluvial,9665.0,0,2,0
26.25758,80.50193,34.07,24.5,33.4,4229.7,11.23,102.5,Forest,Alluvial,11653.9,1,1,1
22.7712,74.908,46.75,28.5,62.2,2839.7,7.18,55.4,Forest,Loam,6927.3,1,3,1
26.47851,86.38093,30.74,25.8,62.5,3470.6,8.28,56.1,Water Body,Alluvial,10021.6,1,1,1
23.095,73.72146,4.45,23.1,40.0,2306.3,2.45,252.4,Urban,Sandy,3390.1,1,1,0
21.08523,85.75064,27.13,26.9,53.3,3252.9,7.11,35.0,Agricultural,Alluvial,10686.6,1,3,0
17.27926,80.88058,70.12,25.7,59.4,4690.7,10.91,121.8,Water Body,Clay,2366.4,1,5,1
29.2821,77.46779,84.32,24.4,88.4,4420.4,11.9,223.3,Agricultural,Sandy,557.5,0,0,1
18.60311,74.88214,33.9,32.7,31.2,519.6,1.95,685.5,Urban,Alluvial,10552.2,0,3,0
11.02321,76.05634,242.47,14.7,100.0,6262.9,18.0,186.7,Forest,Loam,3110.0,1,1,1
26.81821,95.3716,48.29,25.1,46.0,8497.3,17.99,66.1,Urban,Sandy,936.8,1,6,1
21.63675,74.28254,40.23,32.9,20.9,3745.8,10.03,117.5,Agricultural,Alluvial,420.0,0,0,1
27.07947,71.76029,17.24,24.0,49.2,121.4,0.68,220.0,Wetland,Silt,3234.8,0,2,0
28.42801,77.31321,154.86,34.3,64.7,5574.9,16.42,211.3,Agricultural,Loam,3619.5,1,0,1
18.89011,76.07824,26.16,29.0,25.9,382.5,1.41,740.3,Agricultural,Alluvial,2765.1,0,2,0
15.8107,75.4251,0.56,30.0,27.1,429.1,2.23,782.5,Agricultural,Sandy,8564.7,1,0,0
10.06059,76.00086,30.6,37.5,54.6,2003.3,4.87,23.9,Agricultural,Clay,6179.3,1,5,0
21.84756,74.6935,30.17,25.5,73.9,2674.1,7.09,111.2,Urban,Alluvial,10584.1,0,0,0
17.64517,81.0724,141.69,21.0,74.8,5761.5,15.87,177.9,Urban,Alluvial,1723.7,0,1,1
22.83522,75.79123,40.67,33.5,68.4,3255.0,8.37,60.1,Agricultural,Silt,8477.6,1,4,1
28.32261,77.22813,27.91,33.1,54.6,2775.6,5.84,239.2,Wetland,Loam,11560.1,1,5,0
15.41334,77.01459,2.01,28.0,58.3,271.5,0.58,567.3,Forest,Clay,2797.4,0,3,0
11.07337,76.50959,43.5,30.0,46.5,4330.9,10.52,79.5,Wetland,Alluvial,9371.3,0,0,1
27.56707,93.18305,33.44,24.4,49.5,6266.3,13.21,62.8,Agricultural,Loam,1676.7,1,2,1
17.64504,81.48209,226.3,38.0,100.0,8326.6,18.0,119.3,Forest,Loam,865.6,1,0,1
26.95351,80.66865,214.08,35.0,100.0,13806.0,18.0,107.3,Agricultural,Alluvial,5323.4,0,5,1
22.18025,77.97027,47.15,28.5,41.2,2612.5,7.03,184.1,Agricultural,Alluvial,1726.1,1,4,0
22.11866,73.80771,297.87,30.6,100.0,7468.1,18.0,280.1,Urban,Loam,8180.2,0,2,1
28.88129,77.71482,21.28,27.8,47.9,2268.2,5.13,238.7,Agricultural,Alluvial,10088.5,0,1,0
21.87237,73.8595,29.73,27.6,68.8,2046.2,3.46,243.2,Forest,Silt,977.3,1,0,0
19.30542,77.38876,92.28,33.1,66.7,868.8,4.54,459.0,Urban,Alluvial,10953.7,1,0,0
23.10125,77.88494,41.11,24.0,34.2,3024.9,7.05,106.3,Agricultural,Clay,11796.4,0,2,0
26.96765,93.15191,113.96,31.7,77.1,8176.0,18.0,65.2,Agricultural,Silt,4291.4,1,3,1
21.79562,76.32576,207.2,21.6,100.0,5079.8,17.17,296.3,Agricultural,Clay,10244.1,1,3,1
15.29018,77.45959,29.51,23.4,46.1,523.1,2.59,761.2,Water Body,Alluvial,4289.3,1,2,0
25.23099,82.12151,86.9,28.6,63.7,7383.0,18.0,40.1,Wetland,Silt,8253.6,1,1,1
17.1554,80.00377,23.4,26.2,27.8,2336.2,5.49,36.4,Wetland,Clay,6456.5,0,2,0
20.39705,84.54937,6.55,27.6,50.1,4787.6,10.47,83.4,Urban,Clay,4175.4,0,5,1
17.96227,75.64801,22.0,21.0,56.3,323.7,1.45,517.2,Water Body,Alluvial,3243.8,1,0,0
25.70095,87.5579,107.14,39.1,76.1,6283.0,15.57,115.5,Wetland,Alluvial,4418.2,1,4,1
20.67807,85.66221,34.2,17.5,48.8,3925.2,8.58,46.0,Water Body,Silt,2708.9,1,1,1
25.68695,94.81811,89.05,27.3,74.4,7939.9,18.0,45.7,Forest,Alluvial,6889.0,1,1,1
22.79416,78.27116,106.11,31.4,70.8,3222.6,10.43,150.3,Agricultural,Alluvial,4842.4,0,3,1
27.00783,74.15684,9.42,21.2,40.7,159.4,0.2,251.2,Urban,Clay,3964.6,1,0,0
27.5574,90.88298,104.57,27.8,67.8,9549.8,18.0,77.8,Water Body,Clay,6436.0,1,7,1
16.44531,82.10328,10.64,33.5,36.2,1988.5,4.41,111.7,Urban,Clay,4314.0,1,6,0
19.99278,85.54094,76.06,25.7,59.1,7640.6,18.0,47.0,Agricultural,Loam,6393.2,1,4,1
9.8322,76.54537,100.78,30.3,74.5,5224.5,14.15,17.3,Forest,Clay,3005.0,1,7,1
10.76317,76.87584,129.12,29.7,86.2,3687.1,12.9,167.7,Urban,Clay,11338.3,1,2,1
16.91052,80.72717,33.47,29.8,35.5,3979.8,8.91,134.3,Urban,Alluvial,7556.1,1,3,1
17.45584,75.5838,22.29,30.5,20.0,539.5,0.66,739.8,Agricultural,Clay,4607.7,0,2,0
25.00462,71.73177,6.0,29.1,28.8,195.8,1.75,205.7,Water Body,Clay,6421.5,1,2,0
20.53882,85.50257,18.26,23.8,38.3,2784.7,5.66,68.2,Agricultural,Loam,9524.7,0,8,0
27.55456,73.4971,7.58,29.1,56.3,192.1,2.01,189.2,Water Body,Alluvial,7075.5,0,3,0
25.35865,87.88875,32.3,21.6,53.4,5520.5,11.73,96.7,Agricultural,Alluvial,8897.4,1,1,1
17.53221,80.75991,143.3,25.5,88.8,6104.8,18.0,87.2,Urban,Loam,1275.5,0,2,1
26.20693,87.85403,6.09,24.1,35.7,3843.0,7.94,65.5,Agricultural,Clay,3617.1,1,0,0
10.90097,76.4655,15.11,26.3,60.1,2232.2,6.35,84.5,Forest,Silt,11083.9,1,2,0
16.24213,80.17674,18.69,39.8,59.1,2944.8,7.14,56.7,Wetland,Loam,10986.9,1,3,0
20.62513,84.9826,40.2,28.6,46.7,3017.6,7.02,23.7,Agricultural,Alluvial,9493.4,0,3,1
16.26258,75.15824,22.41,30.0,28.7,553.2,1.74,734.0,Forest,Alluvial,6224.9,1,3,0
16.77592,81.89855,84.85,32.6,65.9,5446.4,14.03,140.9,Agricultural,Alluvial,4255.1,1,2,1
21.09336,85.58654,139.22,33.0,93.8,7751.5,18.0,70.5,Urban,Clay,9196.3,1,1,1
22.17401,74.26838,13.24,28.5,54.2,2181.8,6.12,282.9,Agricultural,Loam,11511.8,1,3,0
21.47345,85.62451,179.44,37.4,100.0,9420.6,18.0,75.7,Agricultural,Silt,1371.2,1,0,1
16.16424,75.53282,5.26,28.2,51.2,538.0,1.98,676.0,Forest,Silt,3081.1,0,0,0
26.45197,72.63864,2.07,35.1,51.4,112.3,0.5,154.0,Agricultural,Clay,6149.7,1,4,0
16.3203,81.50557,2.1,33.9,39.0,2467.2,4.34,47.6,Agricultural,Alluvial,9702.8,1,3,0
25.49248,74.28065,3.07,27.5,42.0,156.1,1.02,336.6,Urban,Alluvial,1291.5,0,3,0
16.53373,75.12172,2.11,27.5,44.1,237.4,1.37,535.7,Urban,Loam,5701.2,0,3,0
17.73985,79.57207,3.86,30.1,25.6,2612.6,4.78,94.5,Agricultural,Alluvial,9279.0,1,6,0
25.32004,87.11749,191.08,29.6,99.5,10589.0,18.0,90.4,Agricultural,Loam,2619.0,0,3,1
28.46925,77.51179,48.26,35.3,41.6,2707.1,8.38,227.1,Agricultural,Sandy,9563.8,0,0,1
25.28493,73.25369,0.43,28.3,33.3,157.0,0.2,195.4,Forest,Clay,9017.4,1,2,0
26.88109,91.2682,64.08,17.6,80.0,5240.0,12.56,76.7,Urban,Alluvial,2673.4,1,4,1
28.49385,72.42989,19.62,33.1,37.6,248.0,2.69,311.0,Urban,Alluvial,6447.5,0,1,0
9.55817,76.64575,5.63,30.3,25.3,2466.6,4.7,146.6,Forest,Silt,6930.0,0,3,0
17.87556,76.20893,4.26,17.6,37.9,481.3,1.68,601.9,Urban,Alluvial,10934.6,1,5,0
18.05392,80.06533,13.9,32.3,38.7,2200.1,6.25,66.8,Wetland,Clay,11649.2,0,6,0
28.74997,77.32509,34.49,28.1,63.1,2624.3,7.74,217.7,Urban,Silt,11451.8,0,1,0
28.87212,76.99669,71.75,31.2,58.8,4541.0,12.4,227.9,Water Body,Clay,5805.6,1,1,1
22.7552,77.47579,30.24,32.3,42.2,1872.4,5.05,160.5,Agricultural,Alluvial,3823.8,1,2,0
26.73379,94.02993,243.48,33.6,100.0,16666.4,18.0,116.6,Agricultural,Loam,10844.4,0,3,1
26.11451,73.03108,25.12,29.8,34.2,156.3,0.2,346.7,Agricultural,Alluvial,6693.6,0,2,0
26.16466,94.01086,52.75,27.1,27.8,5606.1,14.14,43.3,Urban,Silt,11780.0,0,2,1
25.96946,71.84283,2.54,28.7,51.3,196.0,0.2,277.8,Urban,Clay,4521.5,0,1,0
28.55447,76.80338,125.62,34.6,59.7,5287.1,13.71,226.0,Urban,Clay,7872.8,1,2,1
22.40435,74.57042,43.16,21.1,87.0,2917.4,8.74,218.8,Wetland,Silt,3470.5,1,1,1
28.72214,76.9868,79.62,26.4,67.7,4485.9,11.98,221.2,Forest,Silt,2725.9,1,1,1
27.49607,72.83787,21.2,35.5,30.8,107.0,1.12,330.5,Urban,Clay,3716.6,0,2,0
26.85319,73.2378,1.99,27.3,45.9,151.4,0.43,274.6,Forest,Alluvial,4086.3,0,4,0
25.61478,92.96847,12.01,27.3,42.7,3917.7,8.02,42.3,Agricultural,Loam,7665.8,0,0,0
25.1929,81.11269,206.64,26.4,100.0,11375.5,18.0,89.8,Agricultural,Clay,11502.2,1,2,1
22.51516,75.78773,37.85,26.3,31.3,2894.1,5.49,142.0,Urban,Sandy,6210.1,0,2,0
25.66377,71.41249,14.56,26.3,60.9,221.1,0.2,333.9,Water Body,Loam,6935.2,0,3,0
21.81311,77.91127,29.41,28.4,75.0,2234.1,4.83,142.7,Urban,Alluvial,483.2,0,1,0
25.62384,85.99698,17.98,19.3,61.1,5642.9,11.54,74.9,Agricultural,Alluvial,1073.5,1,7,1
25.25575,72.85739,5.44,23.5,50.0,211.9,0.84,327.2,Water Body,Alluvial,4533.9,1,0,0
25.69897,90.1246,68.56,29.5,78.3,7908.3,17.82,81.2,Forest,Clay,6368.8,0,3,1
26.59722,71.32174,1.97,32.7,41.8,183.0,1.73,191.6,Agricultural,Loam,4707.8,1,4,0
25.38181,81.84866,123.7,28.5,91.4,8343.3,18.0,65.5,Agricultural,Loam,9659.1,0,1,1
26.71531,82.2097,22.58,19.9,49.9,4505.2,8.81,54.0,Water Body,Clay,10588.7,0,1,1
25.73003,92.54898,76.15,30.6,64.1,9799.1,18.0,45.5,Water Body,Sandy,6244.3,1,0,1
10.60024,75.87201,0.43,23.4,63.1,1724.6,2.9,82.3,Agricultural,Loam,5763.1,1,0,0
25.30413,86.77134,97.11,38.3,94.5,6632.7,17.24,91.7,Agricultural,Silt,3982.8,1,4,1
28.89082,77.07358,47.17,28.6,71.2,2724.8,8.02,236.3,Forest,Clay,4658.5,1,0,0
29.0814,77.20725,58.33,27.9,79.8,3984.5,9.78,191.3,Agricultural,Alluvial,11294.7,1,5,1
28.5533,77.20137,102.5,27.1,81.6,4295.4,10.22,191.9,Agricultural,Clay,8720.8,0,5,1
26.2935,84.19785,42.28,36.7,41.6,3240.9,8.28,114.2,Wetland,Alluvial,3619.3,1,0,1
28.96758,76.96245,43.68,23.9,59.2,3611.7,7.47,239.3,Agricultural,Loam,3523.1,1,1,0
15.14575,76.28131,13.91,27.0,47.3,449.0,1.93,454.2,Wetland,Alluvial,11418.9,0,2,0
14.91395,77.34654,38.6,35.0,44.2,484.8,2.13,484.8,Forest,Alluvial,11096.6,0,2,0
26.8215,90.07599,22.36,23.2,29.3,8246.7,16.75,84.6,Agricultural,Alluvial,9108.0,1,1,1
20.99835,86.12937,15.02,27.8,59.5,3614.3,7.68,57.8,Agricultural,Loam,8118.4,1,1,0
20.93058,85.14033,1.54,27.6,33.2,2676.5,5.47,23.2,Urban,Alluvial,7731.0,1,3,0
19.94187,86.35146,120.23,27.9,90.2,6863.9,17.46,18.3,Agricultural,Sandy,6342.5,0,3,1
10.10156,76.51053,34.61,23.5,36.8,1891.6,4.78,92.9,Water Body,Alluvial,2841.4,0,6,0
28.51819,77.44885,120.36,31.5,71.4,5264.3,13.16,221.0,Forest,Alluvial,8105.4,1,4,1
25.71673,87.79143,19.53,35.3,31.5,5008.4,11.06,55.0,Agricultural,Loam,2509.8,0,5,1
20.56904,84.8064,79.2,29.0,79.0,6294.9,15.33,71.2,Agricultural,Clay,927.5,1,4,1
25.84458,92.33171,119.36,25.6,70.0,9715.4,18.0,59.5,Urban,Clay,1380.7,1,3,1
26.79655,90.23814,285.41,27.4,100.0,17166.6,18.0,128.0,Forest,Clay,5728.4,1,1,1
14.88858,75.4031,13.98,24.7,38.3,378.7,1.75,461.6,Forest,Alluvial,6337.2,1,0,0
19.02844,76.38753,10.14,32.2,47.4,328.5,0.41,546.9,Agricultural,Alluvial,2671.6,0,7,0
25.39285,82.44923,52.66,28.8,56.7,4129.8,10.71,116.1,Urban,Clay,1628.5,1,3,1
18.3347,80.14293,0.96,27.2,50.6,2368.4,4.68,87.8,Agricultural,Silt,696.3,0,0,0
26.33041,72.76398,16.27,24.1,60.8,161.9,0.39,290.9,Urban,Alluvial,684.2,1,6,0
18.38096,79.81267,25.02,30.6,44.1,3187.7,8.5,73.5,Agricultural,Alluvial,6843.9,1,3,0
17.21899,81.5742,24.19,22.6,55.0,2056.1,6.0,62.4,Urban,Clay,11066.5,0,1,0
21.80195,74.29584,122.48,30.3,92.4,3081.7,10.49,227.5,Wetland,Alluvial,9032.6,1,3,1
18.41909,81.04354,0.5,36.5,46.9,2873.2,5.96,170.0,Urban,Alluvial,5878.3,0,8,0
16.6482,79.71893,25.5,30.4,61.4,2481.9,6.62,147.3,Agricultural,Clay,3134.0,1,3,0
22.33222,76.98188,34.91,29.1,68.9,2894.5,7.64,79.8,Agricultural,Silt,5733.9,0,5,1
19.11765,76.87756,71.72,22.0,54.1,568.4,3.7,737.9,Forest,Alluvial,3410.1,1,1,0
10.9582,76.63334,117.62,31.8,86.9,3803.8,12.53,109.9,Wetland,Clay,683.8,0,0,1
24.9281,86.0081,19.32,31.3,27.3,4426.5,9.6,36.7,Agricultural,Alluvial,9430.2,0,3,1
18.47867,81.54331,55.16,30.6,69.9,3988.9,9.93,153.9,Agricultural,Loam,4958.1,1,8,1
20.69739,85.92621,11.77,23.5,47.2,2933.1,7.75,54.8,Water Body,Loam,8802.8,1,3,0
28.63927,77.79817,150.73,28.2,98.8,4961.7,14.33,231.3,Water Body,Loam,3139.6,0,2,1
20.74022,85.78835,22.06,31.0,35.9,3120.3,6.88,65.3,Forest,Alluvial,2123.6,0,7,0
25.26179,87.65286,55.37,29.8,56.4,4951.6,12.84,116.8,Water Body,Sandy,6871.1,1,1,1
20.05834,85.44438,53.85,30.3,76.6,3841.9,10.4,18.9,Urban,Alluvial,9927.2,1,1,1
22.24735,76.7479,63.56,22.6,88.5,2412.4,7.12,63.6,Water Body,Silt,5616.1,0,0,1
16.81639,79.83252,116.47,27.8,79.7,6060.8,16.24,81.1,Forest,Clay,2124.8,0,3,1
9.81795,75.93335,23.3,22.4,56.3,2094.6,3.85,116.2,Agricultural,Clay,3238.9,1,0,0
9.50143,76.58833,195.9,27.3,100.0,5716.2,16.33,196.3,Urban,Sandy,2067.9,1,0,1
26.69403,88.21612,34.52,26.6,62.3,5598.8,11.68,84.7,Forest,Silt,11558.3,1,0,1
25.96083,92.89265,54.39,34.4,72.2,6802.8,15.13,88.4,Agricultural,Alluvial,3136.5,0,9,1
26.13627,71.77618,4.53,35.5,53.8,197.2,1.87,299.8,Agricultural,Clay,6949.2,0,5,0
22.08885,76.3341,19.02,27.5,48.9,2602.4,5.89,301.7,Agricultural,Loam,10928.6,1,3,0
21.80738,76.73387,58.47,24.4,53.3,3030.0,8.3,318.1,Agricultural,Alluvial,3140.5,1,2,1
25.55198,86.11216,0.01,27.4,36.9,3224.5,7.94,64.9,Forest,Silt,10213.5,0,2,0
16.94056,79.61097,0.84,26.2,29.7,2608.0,5.31,99.3,Forest,Clay,10423.5,1,0,0
26.95297,74.2047,11.03,32.0,39.9,142.6,1.69,170.4,Urban,Alluvial,7605.2,0,1,0
26.05349,83.37979,70.26,29.1,71.6,4754.6,12.65,31.4,Water Body,Clay,3421.7,1,2,1
25.70676,87.47643,16.82,31.5,44.1,3961.5,7.48,65.4,Urban,Loam,11015.6,0,2,0
26.59892,71.03337,15.92,21.9,49.5,223.1,0.2,254.7,Agricultural,Alluvial,10201.4,1,1,0
23.14144,74.90768,31.72,35.9,40.7,2707.4,6.15,295.3,Agricultural,Clay,3486.5,1,1,0
26.66882,85.0114,290.0,35.7,100.0,16056.9,18.0,66.2,Agricultural,Alluvial,8690.8,1,3,1
28.28315,77.3372,36.54,31.5,58.3,4244.7,8.8,232.3,Agricultural,Sandy,8815.9,1,1,1
17.10816,80.18801,76.67,30.2,69.7,4471.8,12.17,45.1,Water Body,Alluvial,651.0,1,0,1
27.05203,94.09466,123.25,31.4,72.6,8604.7,18.0,67.0,Forest,Alluvial,4372.7,1,1,1
15.39412,74.84422,17.27,28.8,57.9,448.2,1.96,745.2,Forest,Alluvial,413.5,0,4,0
20.65816,85.00957,91.29,28.5,75.1,6571.9,16.27,20.2,Forest,Loam,2475.6,1,2,1
22.54048,75.63591,27.63,21.2,62.6,2143.8,5.01,114.5,Water Body,Clay,7652.4,1,5,0
21.94134,76.40874,35.48,23.8,41.3,2653.3,6.41,115.1,Agricultural,Clay,11322.6,1,6,0
20.873,85.25917,50.02,34.3,74.7,5976.7,12.4,26.3,Water Body,Alluvial,5627.2,1,2,1
20.67835,86.8805,64.16,24.2,58.1,6205.8,13.43,18.8,Agricultural,Silt,7678.4,0,4,1
21.76424,77.18993,2.57,26.9,34.1,1632.4,2.69,298.4,Forest,Alluvial,6481.1,0,5,0
10.73329,76.69966,226.59,26.7,100.0,6145.7,18.0,81.1,Agricultural,Silt,7976.3,0,3,1
20.45015,86.8699,32.67,26.1,42.9,3140.7,7.04,64.4,Forest,Alluvial,2579.4,1,6,0
17.28723,75.42675,17.0,24.4,39.6,434.3,1.33,466.7,Wetland,Clay,9851.3,0,6,0
17.66804,75.1834,39.77,27.1,32.4,495.1,1.31,676.8,Urban,Sandy,5224.3,1,0,0
20.39244,86.47437,32.53,28.9,66.0,4591.3,10.27,60.4,Wetland,Clay,2030.7,0,0,1
19.48741,77.15266,16.66,23.4,53.7,505.8,0.73,629.0,Water Body,Loam,4443.1,1,1,0
27.22233,93.30198,105.9,28.3,76.5,10025.5,18.0,86.6,Forest,Alluvial,10665.9,0,1,1
21.03989,85.38646,81.72,27.5,62.8,4945.8,12.16,60.7,Urban,Alluvial,10528.0,0,1,1
25.19442,71.09497,16.14,29.3,49.7,237.9,0.91,265.4,Agricultural,Clay,11027.4,1,6,0
9.81152,76.24906,224.44,23.4,100.0,6490.3,18.0,141.5,Urban,Silt,5928.6,1,2,1
27.02349,70.71035,12.21,42.9,44.6,173.6,1.76,201.1,Agricultural,Silt,9563.2,1,1,0
26.82193,81.38918,17.18,31.0,60.7,4338.4,8.14,101.5,Forest,Loam,5356.1,1,2,0
26.67306,73.49441,6.94,34.7,33.7,200.4,0.2,282.2,Forest,Clay,4678.1,0,4,0
27.53887,72.69688,12.53,28.2,54.4,133.4,0.2,226.9,Agricultural,Alluvial,6181.9,1,3,0
26.92045,73.93019,13.81,28.6,35.4,178.3,0.2,252.8,Agricultural,Alluvial,1290.5,0,2,0
27.10991,94.52022,235.64,28.7,100.0,15335.8,18.0,127.1,Forest,Silt,4726.0,1,0,1
26.72045,92.69153,58.04,29.6,58.1,7454.8,16.94,118.0,Agricultural,Alluvial,1810.8,1,0,1
21.32809,86.35642,22.88,25.3,50.3,3424.6,6.82,76.0,Forest,Alluvial,10876.2,0,2,0
10.96863,75.95545,90.66,28.6,73.9,4508.9,11.69,178.1,Water Body,Clay,10752.2,0,4,1
22.2583,75.06046,33.88,35.7,35.5,2145.1,6.15,122.5,Urban,Loam,8175.7,1,0,0
26.05041,85.47042,48.17,25.7,47.0,6933.0,15.49,38.2,Forest,Clay,6657.3,0,8,1
9.72921,76.47249,0.93,31.4,50.6,1662.8,3.52,109.3,Agricultural,Sandy,10406.0,0,1,0
27.14757,82.6052,178.38,26.9,100.0,9970.1,18.0,72.3,Urban,Silt,9283.6,0,3,1
10.88894,76.59971,310.49,26.7,100.0,7083.2,18.0,90.8,Urban,Alluvial,2334.2,1,1,1
26.90138,84.6211,3.09,27.4,20.0,3737.7,7.45,95.6,Water Body,Sandy,1314.2,0,7,0
11.21844,76.58604,38.23,28.7,67.4,2293.4,6.02,109.6,Agricultural,Loam,7175.2,0,1,0
26.44498,84.77202,115.78,20.6,77.6,8793.1,18.0,51.3,Wetland,Alluvial,7930.6,0,6,1
28.61451,77.66141,12.24,31.5,29.2,2160.4,5.56,199.8,Urban,Alluvial,7582.5,0,5,0
20.73216,84.72299,36.23,38.2,58.2,3762.1,9.07,41.4,Water Body,Loam,10713.3,0,6,1
20.9285,85.75582,33.94,27.6,67.3,6135.1,13.57,72.5,Forest,Clay,9071.3,1,2,1
22.00604,75.84446,93.45,32.8,67.4,3742.1,11.47,55.9,Agricultural,Clay,5560.0,0,5,1
27.41526,90.39975,416.49,30.3,100.0,21564.2,18.0,55.5,Forest,Alluvial,7050.6,1,6,1
25.99725,73.08884,31.96,26.8,86.3,267.3,0.2,182.2,Urban,Sandy,6867.3,0,3,0
25.08413,74.19772,10.35,30.7,48.0,133.5,1.66,152.1,Water Body,Clay,3930.0,0,0,0
21.12658,86.40666,71.56,29.6,65.7,6103.2,14.25,33.0,Wetland,Loam,3083.4,0,0,1
25.58893,90.58034,32.14,25.2,77.8,5662.6,11.83,71.4,Urban,Clay,4583.8,1,4,1
28.35602,77.55083,361.71,31.1,100.0,9594.3,18.0,201.1,Agricultural,Clay,10287.5,0,0,1
9.75995,76.88707,99.41,33.3,82.3,4247.2,12.66,190.9,Wetland,Clay,7781.1,1,3,1
16.89983,79.58116,198.46,21.0,100.0,8711.3,18.0,25.8,Agricultural,Alluvial,1581.3,1,1,1
26.76187,93.41401,271.41,26.6,100.0,15019.1,18.0,104.8,Urban,Alluvial,447.1,1,2,1
29.19024,77.63249,71.91,20.5,60.7,3407.3,8.68,238.8,Agricultural,Sandy,409.9,0,1,1
16.32115,80.29086,8.14,21.9,34.5,2667.5,5.84,67.3,Urban,Clay,7716.7,1,2,0
17.27663,81.4994,90.31,30.6,59.5,5100.5,12.81,153.2,Agricultural,Alluvial,10399.8,1,2,1
25.94748,94.59499,90.77,32.7,74.3,9977.4,18.0,58.7,Water Body,Loam,1478.2,0,1,1
22.1872,77.38065,4.93,20.3,46.1,1903.5,2.73,307.4,Forest,Alluvial,9450.4,1,7,0
21.66433,75.17577,79.17,26.3,60.0,2613.1,9.08,186.9,Agricultural,Silt,6189.4,1,3,1
28.58005,77.35134,38.64,34.2,53.2,1824.5,5.24,206.0,Urban,Clay,6382.5,1,0,0
26.32879,71.94159,18.93,29.1,22.1,129.0,1.38,228.3,Forest,Clay,5582.7,1,1,0
20.75378,85.96202,161.64,35.5,100.0,9619.4,18.0,76.3,Urban,Alluvial,10021.3,0,1,1
21.98009,76.42019,90.08,43.9,96.5,3416.5,11.26,210.8,Forest,Silt,5056.8,0,0,1
16.26848,80.8612,51.89,32.9,49.8,4550.4,10.1,148.7,Forest,Alluvial,10899.6,0,8,1
16.80601,80.03962,85.68,33.5,77.9,4586.0,10.73,22.2,Forest,Clay,8489.0,1,0,1
10.85756,76.52142,37.44,22.2,44.2,2929.1,6.63,39.5,Forest,Clay,3021.1,1,1,0
29.45667,77.52709,73.7,26.1,58.4,3191.3,9.56,239.6,Water Body,Clay,5967.5,1,1,1
10.93677,76.0431,51.73,31.7,73.8,3602.7,8.83,105.2,Urban,Loam,10438.3,1,4,1
17.31854,79.88167,7.62,31.1,26.2,2769.8,6.12,89.9,Forest,Clay,6181.0,0,0,0
25.38652,72.38635,5.15,26.9,34.6,68.6,0.87,198.8,Agricultural,Loam,11093.8,0,1,0
29.14996,77.1175,10.21,27.2,45.8,2583.5,6.78,215.2,Agricultural,Silt,11838.4,0,5,0
29.17135,77.75724,78.5,28.6,83.2,2827.8,8.11,214.3,Forest,Loam,5633.2,0,0,1
9.56042,76.39489,46.01,32.0,56.6,2470.3,6.35,28.8,Agricultural,Alluvial,3067.9,1,0,0
21.00956,85.40634,37.43,27.6,45.3,4443.8,10.95,82.3,Urban,Alluvial,4010.6,1,1,1
22.50496,77.96115,9.66,27.2,52.3,2641.3,3.52,239.0,Water Body,Sandy,11184.0,0,6,0
20.25182,85.73597,88.17,32.4,70.4,5379.0,12.96,48.6,Wetland,Alluvial,7470.9,1,2,1
14.9726,75.07584,19.9,25.0,35.4,335.7,2.7,765.8,Agricultural,Alluvial,2009.4,0,3,0
25.78395,87.20786,68.79,31.2,67.4,6436.2,15.99,46.7,Forest,Clay,5830.9,1,7,1
26.72555,73.27611,4.2,31.6,24.2,164.9,0.2,340.4,Urban,Clay,7596.8,0,1,0
17.04778,81.32548,31.29,27.7,50.6,3516.4,9.09,104.6,Agricultural,Loam,10370.9,1,2,1
20.82348,86.08754,145.57,29.1,92.9,7776.7,18.0,77.9,Forest,Alluvial,1059.9,0,4,1
15.7464,77.07666,26.39,33.4,52.9,566.1,1.67,748.6,Agricultural,Clay,10151.0,0,2,0
18.12832,81.59682,69.78,29.1,51.6,4381.2,10.91,72.4,Urban,Clay,5291.5,0,0,1
18.39296,76.13619,18.76,26.7,54.3,527.1,0.61,456.3,Water Body,Alluvial,11214.2,1,1,0
27.25737,72.72254,24.86,28.9,68.9,267.8,0.89,276.8,Agricultural,Clay,589.1,0,2,0
25.2922,85.10124,25.88,24.7,44.6,4190.8,9.94,43.4,Forest,Alluvial,3152.5,1,8,1
23.06219,73.90537,40.5,31.0,53.6,2537.1,5.56,296.8,Agricultural,Clay,7006.1,0,4,0
16.46558,81.03965,74.56,30.0,57.4,4576.2,10.19,110.9,Forest,Loam,1779.3,1,7,1
21.24994,86.18612,31.47,31.4,47.7,3760.9,8.43,69.2,Forest,Alluvial,9640.5,1,5,1
25.5521,72.09381,5.02,30.2,28.2,110.5,0.72,338.5,Urban,Sandy,3222.1,1,2,0
20.39724,85.32293,26.44,32.8,52.0,3291.6,7.0,37.9,Water Body,Loam,11197.7,0,0,0
26.44837,90.2286,56.46,29.6,34.0,7682.6,18.0,123.1,Water Body,Loam,9540.5,1,1,1
27.57781,95.19024,141.69,30.4,69.0,9650.6,18.0,120.0,Agricultural,Clay,4705.4,1,0,1
20.88925,86.4522,85.94,26.7,59.1,6929.8,16.42,39.5,Forest,Silt,3713.6,0,8,1
11.05815,76.08279,49.74,38.2,61.8,3444.5,8.75,120.3,Forest,Silt,2416.1,0,2,1
9.6545,76.86817,23.1,30.4,33.9,2252.4,5.52,34.2,Agricultural,Alluvial,7721.2,0,2,0
26.55485,90.9873,36.81,31.6,48.6,6934.0,13.9,117.8,Urban,Clay,7677.1,1,1,1
26.68126,93.57345,35.23,26.6,58.0,4556.1,9.11,100.7,Forest,Clay,731.9,1,2,1
10.47803,76.0408,94.69,34.8,50.1,4447.9,13.15,49.1,Water Body,Loam,3041.5,1,5,1
20.20276,85.79505,65.28,33.4,67.4,5831.6,14.11,26.1,Agricultural,Loam,5129.0,1,2,1
27.08689,82.73485,73.45,25.5,55.3,4045.1,10.3,95.8,Agricultural,Silt,5985.0,1,1,1
23.05574,77.37739,5.5,22.6,50.1,2211.6,4.65,137.5,Agricultural,Sandy,4959.2,1,6,0
28.27411,77.18078,1.48,32.4,40.0,1507.0,1.52,235.2,Agricultural,Clay,2355.8,0,3,0
9.28193,76.10316,66.62,32.8,63.7,3362.4,9.37,141.8,Agricultural,Alluvial,3999.2,1,0,1
27.4635,94.10308,93.38,31.8,86.4,9300.4,18.0,96.9,Water Body,Loam,4712.9,1,3,1
11.24563,76.58838,566.44,34.5,100.0,13084.4,18.0,163.1,Forest,Alluvial,11121.5,0,1,1
9.70189,75.85459,75.88,28.2,62.9,3558.6,9.0,103.4,Agricultural,Clay,2220.9,1,4,1
18.73767,76.04718,25.73,31.7,39.7,226.6,0.32,502.0,Water Body,Loam,781.8,0,5,0
26.54678,85.47485,109.95,33.2,85.1,6895.8,18.0,98.4,Agricultural,Loam,10565.1,0,1,1
21.73775,75.49202,59.57,43.4,65.9,3142.3,8.02,183.5,Agricultural,Alluvial,3272.4,0,8,1
11.23995,76.29833,222.21,29.3,100.0,6817.7,18.0,156.6,Agricultural,Silt,11423.8,1,4,1
17.39971,77.18045,1.26,31.1,51.3,438.4,0.61,607.1,Water Body,Loam,1922.6,1,6,0
16.69164,75.99572,44.52,35.8,61.7,638.8,1.9,478.8,Forest,Silt,10037.2,1,5,0
25.22303,73.88385,5.75,29.7,37.3,144.5,0.2,271.5,Forest,Silt,9975.1,1,2,0
21.10574,85.43422,376.53,33.8,100.0,14773.5,18.0,71.3,Agricultural,Alluvial,6112.7,0,4,1
19.87093,85.4111,11.27,25.6,23.1,3578.3,6.54,58.6,Urban,Alluvial,6430.1,0,0,0
22.11743,77.79132,4.91,37.2,54.6,2100.0,2.34,272.7,Urban,Loam,9803.2,1,4,0
28.7334,77.30462,96.7,30.5,71.1,3618.8,9.6,208.3,Forest,Alluvial,1014.4,0,4,1
25.12998,80.64096,202.65,24.7,100.0,10870.3,18.0,70.1,Forest,Loam,864.7,1,3,1
11.46228,76.42598,41.58,31.1,57.2,2315.1,4.87,48.5,Forest,Alluvial,10575.0,0,0,0
27.77322,93.21566,21.49,21.0,70.6,5351.6,10.56,96.5,Urban,Loam,11694.3,1,3,1
10.94297,76.53776,265.57,32.3,100.0,7132.9,18.0,95.3,Forest,Alluvial,2533.4,0,3,1
25.58434,70.57841,0.29,24.8,35.2,80.9,1.19,195.6,Urban,Clay,2828.4,1,2,0
27.74637,71.41267,10.7,25.2,57.4,177.7,0.26,188.5,Agricultural,Alluvial,2113.6,0,3,0
25.65659,73.60857,20.29,25.4,61.5,202.1,1.03,335.3,Forest,Silt,3616.6,1,5,0
27.51792,72.73965,6.64,28.5,26.6,173.2,0.2,348.6,Urban,Sandy,10373.9,0,1,0
22.56949,77.41115,66.8,27.1,52.0,2979.1,7.49,235.0,Water Body,Clay,942.6,1,5,1
19.86819,85.82816,39.87,33.2,54.2,4668.2,10.19,24.3,Urban,Loam,6797.8,1,2,1
21.91268,73.92625,131.53,36.7,87.3,3957.6,10.85,194.3,Agricultural,Alluvial,5237.1,1,2,1
27.65515,71.79094,4.97,25.3,33.0,181.5,0.2,309.5,Water Body,Alluvial,1388.8,0,3,0
28.67298,77.23204,225.29,25.8,100.0,7618.0,18.0,209.4,Forest,Clay,9797.5,1,2,1
25.10597,71.70226,13.41,21.8,39.7,163.6,0.4,309.5,Agricultural,Loam,7893.3,1,0,0
25.44827,70.54867,5.34,27.6,33.5,115.0,0.2,276.0,Water Body,Loam,8638.0,1,7,0
26.07041,74.22522,15.86,27.6,45.7,138.6,0.84,193.8,Forest,Clay,521.0,0,4,0
29.15711,77.53222,219.71,28.0,98.8,7169.0,18.0,198.3,Agricultural,Clay,9992.9,0,4,1
28.41264,76.86349,58.1,23.0,72.8,3091.7,7.95,232.7,Water Body,Clay,1370.1,1,2,1
27.59197,91.03849,135.73,29.4,93.6,10813.5,18.0,131.4,Forest,Alluvial,4971.7,1,2,1
25.8061,95.16226,0.14,32.5,50.4,3407.9,8.59,122.6,Forest,Clay,2184.8,1,1,0
26.13375,74.10165,4.57,29.4,37.2,181.2,1.13,251.1,Urban,Sandy,8555.5,1,1,0
21.16975,85.98093,44.5,30.3,71.4,4405.7,9.62,24.5,Urban,Clay,10183.0,0,2,1
25.1674,88.28775,84.11,19.0,43.2,8056.4,18.0,62.8,Urban,Silt,3879.7,0,0,1
18.49452,81.29873,14.77,25.7,45.7,4065.0,7.82,62.0,Wetland,Clay,2722.6,1,4,0
20.86693,86.34766,73.67,28.2,56.1,4066.0,12.38,53.4,Water Body,Silt,9934.2,0,4,1
21.75395,75.50935,113.01,39.4,67.8,3994.6,12.07,250.5,Forest,Silt,7080.6,0,0,1
21.74649,75.52258,13.02,30.6,49.1,2318.5,4.84,302.1,Urban,Clay,8605.2,0,7,0
22.24401,77.77734,128.21,29.1,99.1,3090.7,10.33,63.5,Wetland,Alluvial,7246.5,1,7,1
28.35186,77.17373,149.13,32.7,100.0,5536.3,17.79,196.9,Urban,Alluvial,1988.2,1,1,1
17.35473,81.08576,81.87,33.3,73.7,5346.8,12.32,120.9,Urban,Clay,3509.2,0,2,1
16.56246,80.13851,102.59,30.3,77.8,4571.3,13.34,78.5,Agricultural,Clay,1588.0,1,1,1
17.24631,79.52431,57.53,36.0,65.4,3310.9,9.28,83.3,Agricultural,Clay,8902.4,0,7,1
21.87397,76.54051,34.69,31.6,51.9,2183.4,5.78,218.5,Urban,Sandy,8827.0,1,1,0
28.91606,77.42742,122.88,30.2,86.0,4872.9,14.97,214.1,Agricultural,Silt,6086.3,0,2,1
11.07497,76.73056,148.89,25.5,98.8,5674.6,15.43,49.2,Urban,Clay,2197.5,1,5,1
19.86117,84.57118,37.76,23.6,56.3,4799.4,11.16,57.4,Water Body,Alluvial,8064.5,0,4,1
29.45582,77.74703,111.9,31.5,69.4,4236.3,12.38,224.2,Urban,Alluvial,8802.5,0,2,1
14.65249,74.80003,38.32,25.8,67.6,632.0,1.87,539.7,Agricultural,Loam,10286.8,1,1,0
9.80993,76.78067,216.56,30.9,100.0,5823.3,18.0,23.6,Agricultural,Loam,5550.4,1,4,1
28.21327,77.08783,6.92,29.1,24.2,2719.3,5.81,191.5,Agricultural,Silt,5667.2,0,6,0
26.64194,73.51987,16.35,31.7,23.9,170.5,1.57,335.4,Forest,Clay,1807.6,0,7,0
21.72724,77.35909,15.19,31.8,26.2,1889.4,3.06,108.7,Agricultural,Silt,9537.4,1,1,0
27.44037,93.19053,152.1,21.0,100.0,10452.5,18.0,126.3,Forest,Silt,9936.9,1,1,1
25.10097,70.99491,20.47,25.7,56.2,168.0,0.2,239.1,Water Body,Alluvial,6697.8,0,2,0
26.46064,87.62079,324.42,34.8,100.0,14402.5,18.0,108.7,Agricultural,Silt,11835.5,0,0,1
16.28731,80.81905,147.75,28.1,100.0,5676.2,16.06,111.9,Agricultural,Sandy,2036.0,1,2,1
21.32764,86.12557,116.16,32.6,84.2,5507.1,15.11,58.3,Water Body,Clay,10911.2,0,2,1
9.5487,76.06951,8.24,26.7,29.4,2487.4,5.36,156.9,Urban,Alluvial,8882.5,1,1,0
20.4543,86.37856,354.7,25.9,100.0,15007.4,18.0,26.2,Urban,Alluvial,9051.3,0,1,1
14.62375,75.28285,10.31,31.6,35.7,245.0,0.74,643.1,Urban,Loam,8128.6,1,1,0
10.1396,76.49279,217.47,24.9,100.0,6070.8,18.0,73.1,Urban,Alluvial,5774.6,1,2,1
26.35396,93.61806,157.59,31.4,100.0,13291.4,18.0,87.5,Agricultural,Alluvial,1749.5,1,1,1
21.92461,75.82544,537.55,35.2,100.0,10478.4,18.0,202.2,Water Body,Clay,11938.4,1,0,1
25.16325,71.50201,16.14,26.8,45.6,124.0,2.2,220.7,Wetland,Clay,8624.1,0,4,0
22.79651,77.73386,146.26,28.5,79.2,4432.9,13.71,295.4,Wetland,Alluvial,7821.5,1,1,1
27.13003,81.5372,99.89,31.0,71.8,8825.1,18.0,110.6,Agricultural,Silt,7784.9,0,3,1
16.16709,75.41491,0.49,28.1,48.9,425.4,0.38,592.4,Agricultural,Alluvial,3376.1,1,2,0
21.50104,77.82688,7.89,35.7,28.8,2352.9,5.28,272.1,Urban,Clay,1527.8,0,0,0
17.4122,81.79447,16.77,26.0,28.6,2735.0,7.02,29.6,Urban,Alluvial,1322.1,1,2,0
20.95989,84.82487,133.75,25.4,100.0,7133.6,17.56,25.0,Urban,Alluvial,10798.7,1,7,1
28.4661,77.41834,0.15,29.4,48.9,2085.3,4.62,196.5,Agricultural,Clay,8590.1,1,6,0
18.25344,75.69188,14.28,23.9,45.2,416.7,0.26,513.1,Agricultural,Alluvial,2123.1,0,8,0
27.15347,80.81488,112.87,25.3,70.7,8157.0,18.0,81.0,Urban,Sandy,8010.1,1,1,1
20.00093,84.90016,39.5,17.8,40.2,4900.1,11.26,46.2,Urban,Alluvial,10292.6,1,4,1
25.74748,87.85691,103.79,27.0,83.4,7662.8,18.0,77.6,Agricultural,Alluvial,3933.2,1,7,1
21.11095,85.53761,66.46,29.8,62.6,4148.3,10.19,79.8,Urban,Sandy,9134.7,0,5,1
25.56173,86.44709,58.95,31.5,66.7,6908.0,16.17,97.1,Forest,Silt,2144.6,0,2,1
28.5124,77.43805,68.91,33.1,45.9,4046.7,11.88,208.9,Urban,Alluvial,3757.8,1,1,1
17.40241,81.43204,20.37,24.8,39.6,2901.7,6.09,37.6,Forest,Clay,6823.6,0,5,0
28.52327,77.62129,209.37,24.2,100.0,7319.2,18.0,221.9,Agricultural,Loam,5557.1,0,2,1
27.57764,95.49256,165.51,30.4,100.0,12596.2,18.0,141.1,Forest,Sandy,6679.1,0,3,1
10.05967,75.95167,74.35,36.0,71.0,3609.6,10.24,192.1,Urban,Clay,1029.5,1,4,1
22.76806,76.71373,42.47,34.9,37.2,2374.4,5.77,117.4,Wetland,Loam,11558.9,0,1,0
28.45555,77.75422,98.27,32.0,79.0,4965.5,12.9,219.9,Forest,Loam,2960.0,1,0,1
28.32865,73.14849,15.52,33.9,27.6,146.4,1.16,252.5,Urban,Loam,5408.7,1,1,0
25.84702,90.51316,638.53,27.7,100.0,34581.0,18.0,84.3,Agricultural,Sandy,908.6,0,2,1
16.73377,75.99769,7.91,31.9,38.5,394.6,0.74,595.8,Agricultural,Alluvial,5289.7,1,6,0
21.89938,78.39986,11.11,37.0,43.8,2100.6,4.02,148.1,Water Body,Alluvial,8440.2,0,2,0
25.42252,86.38366,31.91,34.4,55.4,3600.5,8.46,79.6,Agricultural,Clay,11686.0,0,8,1
17.50113,75.14709,1.79,22.8,51.1,371.6,1.54,585.3,Agricultural,Alluvial,3596.9,1,4,0
10.35879,76.69928,17.23,37.9,30.0,2478.2,5.63,82.2,Agricultural,Alluvial,6596.9,0,1,0
16.27025,79.74635,33.03,30.6,55.6,3771.5,8.87,32.3,Agricultural,Alluvial,1074.6,1,4,1
25.08521,83.81967,1.28,31.7,47.0,3349.3,6.41,54.5,Urban,Clay,3259.3,1,2,0
27.03363,71.64655,10.67,33.9,45.3,160.6,1.48,296.8,Agricultural,Clay,5613.5,1,4,0
27.83059,73.77613,0.34,30.1,32.0,201.0,0.2,264.6,Urban,Loam,3216.8,1,2,0
27.51528,92.79718,33.5,29.0,58.7,4779.1,10.75,135.3,Urban,Loam,10326.5,1,5,1
10.04877,76.53678,10.76,26.2,20.8,2821.8,5.81,188.3,Agricultural,Alluvial,8637.2,1,2,0
26.76334,73.08734,2.51,31.9,33.7,153.1,1.17,227.4,Agricultural,Silt,8207.9,0,2,0
9.38148,75.82686,11.53,34.2,35.7,2487.2,6.57,57.7,Water Body,Alluvial,10666.6,0,2,0
27.17683,74.36586,0.39,37.0,20.0,174.6,1.04,224.3,Wetland,Loam,3864.1,1,3,0
21.49422,85.05758,339.16,29.2,100.0,13362.3,18.0,34.6,Urban,Silt,11008.9,0,3,1
20.90931,85.39379,254.83,28.6,100.0,12427.3,18.0,38.2,Agricultural,Alluvial,3997.8,0,1,1
26.43477,85.95925,0.83,32.0,26.7,4129.0,8.82,106.1,Agricultural,Clay,8960.2,1,3,0
27.27705,95.27163,4.37,26.6,44.9,3631.9,7.27,46.3,Agricultural,Clay,403.9,0,2,0
9.50712,76.05498,150.56,30.8,85.3,4950.3,15.67,91.6,Urban,Clay,8056.8,1,7,1
25.64326,81.44925,17.47,32.3,42.3,5788.1,11.5,43.2,Urban,Clay,5989.9,1,5,1
20.9619,86.09793,25.37,28.2,45.6,3751.3,8.95,34.1,Urban,Loam,4101.2,0,4,1
25.1738,81.81377,32.77,29.5,51.4,6617.6,13.92,36.4,Forest,Alluvial,1078.7,1,4,1
17.02481,81.92018,76.0,26.4,68.1,5458.6,12.88,81.1,Urban,Loam,3750.4,1,4,1
16.92218,76.96183,14.37,24.3,71.3,623.0,2.1,552.0,Forest,Sandy,5693.2,0,2,0
25.77326,82.31777,189.58,22.0,100.0,11256.9,18.0,52.0,Urban,Silt,7174.6,0,1,1
29.48792,77.41235,20.87,34.1,41.9,1913.9,3.36,208.4,Forest,Clay,10664.8,1,1,0
21.5068,75.06199,63.71,27.1,53.6,2900.2,7.73,106.1,Urban,Alluvial,2188.3,1,3,1
22.35515,75.78122,108.32,26.3,75.9,4468.7,12.02,160.8,Urban,Loam,8370.2,0,3,1
16.97305,75.70913,76.2,20.4,51.1,624.6,3.74,666.7,Agricultural,Alluvial,1808.5,1,0,0
21.07444,85.53334,65.78,27.0,87.9,4411.3,11.99,47.0,Agricultural,Silt,4215.3,1,1,1
18.02943,76.14602,13.76,19.8,30.5,793.5,2.02,613.7,Forest,Loam,4780.5,0,2,0
18.13109,79.82123,5.44,26.1,38.7,3837.0,9.2,38.0,Agricultural,Alluvial,4675.5,0,2,0
27.14027,87.6757,33.63,23.0,32.3,5299.5,11.44,56.2,Agricultural,Silt,11152.5,0,8,1
19.00664,75.45242,23.15,30.0,57.8,715.3,1.05,656.2,Urban,Loam,2567.8,1,3,0
19.23472,76.45086,14.31,25.8,45.0,580.7,1.98,490.5,Forest,Alluvial,10402.6,0,7,0
27.6145,72.52797,9.75,33.6,38.1,146.3,0.64,197.6,Wetland,Alluvial,8473.1,0,1,0
16.17746,76.89384,8.89,29.0,60.0,498.4,1.17,775.6,Agricultural,Clay,8200.2,0,1,0
20.9535,86.48393,74.56,29.2,51.2,4709.2,11.61,34.0,Water Body,Sandy,6995.6,1,5,1
25.84654,88.09117,121.15,26.2,83.8,8006.9,18.0,62.1,Agricultural,Loam,7218.1,0,3,1
11.27702,76.80318,145.73,27.9,100.0,5228.1,15.18,156.0,Forest,Alluvial,2847.8,0,4,1
22.33885,73.81488,86.95,25.5,77.0,3671.8,12.15,305.5,Wetland,Loam,7078.8,1,1,1
21.1613,86.49057,19.56,29.0,34.0,4385.0,8.22,77.5,Agricultural,Alluvial,8975.5,1,7,1
25.57008,86.15249,130.57,24.7,86.6,7897.5,18.0,108.3,Urban,Silt,4323.3,0,5,1
20.09717,86.00266,5.49,28.2,51.0,4127.5,8.62,42.1,Agricultural,Silt,11011.1,0,6,0
29.15889,77.59742,88.08,26.7,84.3,4333.7,11.65,202.4,Water Body,Clay,6624.8,0,1,1
10.96995,75.94894,145.43,30.2,78.6,4860.5,15.61,93.7,Agricultural,Silt,11830.9,0,3,1
23.03506,74.31853,80.41,32.5,51.0,2764.3,9.15,73.3,Water Body,Clay,10480.4,1,5,1
20.55154,86.6359,180.04,23.7,87.8,8823.9,18.0,47.7,Forest,Alluvial,11406.1,1,4,1
29.30084,76.85785,12.07,29.1,49.2,2844.0,6.49,190.3,Urban,Alluvial,6375.0,1,3,0
29.12244,77.03034,2.34,27.2,31.0,2649.7,5.15,210.7,Forest,Sandy,7349.2,0,1,0
11.40117,76.75023,14.35,26.9,45.0,1966.9,3.96,74.7,Forest,Clay,3908.1,1,0,0
27.84456,72.81852,27.01,32.7,61.5,179.1,1.14,197.2,Water Body,Alluvial,2670.3,1,6,0
17.90272,81.62927,105.66,32.4,80.5,4922.5,13.84,179.2,Forest,Alluvial,4088.4,0,7,1
17.8404,81.04256,53.56,32.6,62.8,3868.8,9.2,37.2,Forest,Alluvial,2761.2,0,3,1
27.43786,72.52885,19.08,29.2,36.4,153.6,4.53,198.2,Forest,Loam,8842.4,0,3,0
10.69059,75.92947,239.71,28.7,100.0,7230.4,18.0,189.8,Water Body,Loam,7074.4,1,8,1
16.47237,81.47491,8.07,25.9,41.5,1110.2,2.47,176.6,Water Body,Alluvial,10742.4,0,3,0
26.15478,93.60967,5.62,26.7,52.8,3942.5,7.63,74.1,Forest,Alluvial,9734.5,0,2,0
29.04759,77.40113,18.16,33.6,46.2,2952.7,5.48,236.2,Agricultural,Alluvial,5722.1,1,1,0
19.19082,75.56067,10.01,40.9,58.3,359.0,0.2,675.2,Urban,Loam,9203.9,0,8,0
26.21399,85.16881,21.62,29.4,58.3,2729.7,4.98,33.3,Water Body,Clay,10366.3,0,2,0
27.88761,73.4439,0.31,22.1,38.8,191.0,0.2,256.0,Forest,Alluvial,11825.5,1,2,0
28.83377,76.94647,23.4,32.0,61.4,2022.2,5.15,233.4,Urban,Alluvial,3192.3,0,5,0
9.84934,76.00032,114.55,28.0,90.4,3565.6,11.37,120.7,Water Body,Alluvial,4883.5,0,5,1
28.59959,77.57357,68.48,28.2,72.0,3531.4,9.07,233.9,Forest,Clay,2213.2,0,2,1
21.50585,78.08649,15.02,32.6,50.6,1465.0,4.01,132.3,Water Body,Clay,4821.8,1,4,0
22.38784,78.13631,7.21,21.3,56.1,1028.5,1.96,67.5,Agricultural,Silt,7284.3,1,4,0
16.45109,81.26643,41.61,26.0,35.8,4074.2,10.1,117.1,Forest,Loam,2069.1,0,5,1
21.11071,86.4534,230.4,24.9,100.0,10847.1,18.0,51.3,Water Body,Alluvial,10186.8,0,3,1
19.25662,76.47714,93.04,32.7,71.3,697.6,5.42,618.5,Agricultural,Clay,1980.2,0,6,0
27.10833,90.53284,103.03,18.2,76.3,8854.3,18.0,148.3,Agricultural,Alluvial,9205.8,1,3,1
10.88833,76.53467,0.22,33.8,33.6,2452.6,3.29,99.5,Urban,Silt,11108.8,0,4,0
10.57666,75.99652,0.5,29.8,31.4,1543.5,2.41,37.7,Water Body,Alluvial,7377.3,0,1,0
16.1106,75.67406,2.88,28.4,41.0,325.7,0.53,796.4,Agricultural,Loam,5489.1,0,3,0
10.7728,75.86796,37.17,28.3,58.8,2239.2,5.27,99.3,Forest,Silt,4025.7,1,4,0
20.26283,86.56882,54.43,28.1,47.4,5254.1,13.18,17.6,Forest,Alluvial,11355.0,1,2,1
21.36176,85.88337,51.26,32.3,47.0,4865.0,13.42,64.4,Forest,Alluvial,9609.7,1,6,1
17.19612,80.70097,13.95,30.3,63.2,4131.0,7.8,178.2,Water Body,Clay,10431.7,0,3,0
18.98055,76.44497,7.03,27.5,46.5,336.2,0.2,663.3,Forest,Alluvial,8249.2,0,0,0
27.01255,87.37654,89.35,33.8,89.2,6226.8,15.72,117.2,Agricultural,Clay,5533.4,1,0,1
16.34593,82.1451,19.44,28.8,58.7,2901.5,5.66,39.0,Urban,Alluvial,1003.5,0,5,0
28.57129,77.59086,108.4,24.5,76.4,3846.8,10.83,205.7,Urban,Alluvial,9448.8,1,6,1
21.64363,73.84251,76.97,28.6,72.7,3217.9,8.74,210.8,Agricultural,Clay,6066.2,0,2,1
26.3496,81.98173,24.57,31.3,36.1,3349.3,8.9,48.6,Agricultural,Silt,11640.4,1,1,1
27.67956,73.77579,45.2,21.6,55.5,154.2,3.2,175.0,Urban,Clay,8101.1,0,1,0
26.49808,87.61422,63.93,34.7,66.2,7102.4,17.25,56.0,Agricultural,Loam,11459.3,0,1,1
20.4866,86.14059,13.55,35.4,47.2,4666.4,11.31,22.1,Forest,Alluvial,4598.7,0,4,1
26.89584,92.82193,126.78,28.8,77.2,8356.6,18.0,97.3,Wetland,Alluvial,8409.0,0,2,1
15.33409,76.86168,13.21,25.5,52.0,392.3,1.62,474.6,Forest,Clay,8341.8,1,2,0
21.27418,84.88788,243.89,24.4,100.0,10635.5,18.0,59.2,Agricultural,Alluvial,9654.6,0,7,1
29.02105,77.19815,24.34,28.8,53.0,2642.7,3.39,196.0,Water Body,Loam,8446.7,0,0,0
16.50983,77.26917,24.94,28.4,37.7,662.6,2.17,570.6,Agricultural,Alluvial,3914.4,1,5,0
21.70246,74.46583,3.93,33.2,59.4,1293.9,3.9,276.2,Urban,Loam,9809.0,0,2,0
27.2323,95.3421,14.43,27.8,41.3,5646.8,11.8,60.9,Agricultural,Clay,8210.9,0,5,1
25.89374,93.39508,7.38,25.9,24.9,3924.9,7.46,105.6,Agricultural,Clay,8140.6,1,3,0
18.14939,81.2066,24.57,33.1,59.3,3756.4,8.43,46.5,Agricultural,Alluvial,4465.9,1,0,1
22.78667,78.40705,35.71,33.2,53.4,1709.6,4.88,259.2,Agricultural,Clay,1522.0,1,0,0
11.05063,76.31433,50.2,25.4,66.7,2854.6,7.66,170.0,Wetland,Clay,5873.7,0,1,1
20.4481,85.75411,36.81,33.3,68.5,5869.9,13.42,35.4,Urban,Silt,9870.4,0,2,1
27.20806,92.68324,94.6,20.9,88.3,8685.4,18.0,57.8,Forest,Clay,3131.2,1,5,1
28.38838,76.90322,8.6,25.7,20.0,2557.8,5.52,220.8,Water Body,Alluvial,2361.2,1,3,0
26.75723,73.62326,24.6,22.1,60.2,221.0,1.83,193.8,Wetland,Clay,8357.8,1,2,0
21.50538,74.91056,11.78,30.2,52.6,2621.3,5.56,195.3,Agricultural,Clay,431.9,0,0,0
17.91536,79.72807,73.14,27.6,59.7,4406.6,12.32,138.6,Water Body,Loam,3730.5,1,0,1
28.9911,77.14174,81.36,27.0,79.0,4202.1,9.52,206.5,Forest,Alluvial,10987.1,1,3,1
21.34235,84.82532,136.35,29.5,91.5,8928.0,18.0,25.2,Urban,Sandy,5400.6,1,2,1
25.60565,86.58434,88.26,25.9,74.5,8110.5,18.0,115.6,Urban,Loam,8238.2,0,1,1
20.81292,84.53267,255.79,30.6,100.0,10728.6,18.0,37.7,Forest,Loam,6216.1,1,0,1
16.23411,81.90473,13.66,27.5,43.3,3559.6,8.02,80.0,Water Body,Clay,11379.5,0,0,0
11.17937,76.82912,126.95,24.7,82.5,5464.1,15.1,159.1,Forest,Loam,6874.1,0,7,1
19.82059,85.29762,59.19,33.7,45.8,5164.7,13.99,42.5,Water Body,Silt,10023.0,0,0,1
10.67422,76.69687,203.82,34.5,100.0,5519.0,17.36,153.0,Agricultural,Sandy,11864.1,1,3,1
15.87327,76.57532,10.12,27.6,37.0,524.2,1.21,500.6,Wetland,Silt,5677.5,1,1,0
19.14758,74.88402,22.3,24.1,44.9,536.9,3.17,790.3,Forest,Clay,1168.6,0,1,0
28.19562,70.81404,9.51,28.6,68.3,120.2,0.44,315.0,Water Body,Alluvial,5667.5,0,4,0
11.06721,76.03293,8.77,33.8,23.5,1952.4,4.52,181.3,Forest,Loam,2252.6,1,2,0
22.82587,78.12967,216.61,27.7,100.0,6100.9,18.0,243.5,Wetland,Loam,9416.9,0,3,1
25.71296,73.55276,14.73,30.1,45.6,149.5,1.89,198.3,Forest,Sandy,671.2,1,1,0
10.27283,76.43335,386.59,34.3,100.0,8942.0,18.0,114.7,Agricultural,Alluvial,4805.6,1,3,1
21.44483,85.16573,93.8,30.8,62.3,6684.3,17.51,64.7,Urban,Sandy,3147.1,1,4,1
9.90251,76.81729,9.03,38.2,38.2,1577.1,3.92,72.6,Urban,Clay,10974.2,0,4,0
28.47213,77.53897,50.04,28.6,68.8,3522.1,8.8,210.4,Agricultural,Clay,7179.2,0,4,1
25.74745,70.55335,10.46,26.4,33.5,128.5,0.86,349.8,Urban,Loam,8703.8,0,0,0
26.70429,82.19743,251.93,28.8,100.0,14649.2,18.0,96.5,Urban,Sandy,7537.1,0,0,1
28.4409,76.8392,14.82,15.6,51.3,2467.2,5.47,197.9,Agricultural,Alluvial,7716.2,0,0,0
27.36608,93.62524,21.62,27.2,30.2,3917.5,8.89,41.8,Agricultural,Clay,4847.8,0,2,1
28.03137,72.8446,10.26,28.9,43.2,168.6,0.53,338.9,Agricultural,Alluvial,2187.1,1,0,0
28.53075,77.70735,40.43,25.6,65.0,3488.7,8.47,221.8,Urban,Alluvial,6939.1,0,3,1
27.48521,93.13132,10.44,33.8,55.2,6751.7,12.45,63.5,Forest,Silt,7482.2,0,3,1
29.44802,77.25649,42.25,32.4,47.6,2540.8,6.72,218.5,Urban,Loam,4020.8,0,0,0
11.23015,76.70183,91.62,26.0,65.7,3871.9,11.22,98.5,Forest,Clay,10428.3,1,1,1
21.80749,74.42573,93.33,21.7,75.6,3367.2,9.26,94.1,Agricultural,Clay,11759.1,0,2,1
26.30932,85.63749,13.02,31.2,62.8,4636.0,9.16,75.4,Forest,Clay,1450.4,0,0,1
18.28483,79.50608,104.57,34.8,82.5,5771.9,15.58,62.7,Agricultural,Silt,548.9,0,1,1
25.66356,73.7274,4.81,22.2,20.0,161.4,0.2,205.1,Water Body,Silt,9660.4,0,4,0
20.01203,86.77487,76.37,35.9,84.8,5005.7,13.16,72.4,Urban,Loam,4400.9,0,1,1
17.54127,80.74635,109.98,27.2,77.4,4698.0,13.44,125.2,Urban,Silt,557.3,1,1,1
24.9297,84.76142,85.1,38.7,85.6,7968.9,17.66,47.2,Water Body,Sandy,10126.0,1,1,1
23.09401,74.55933,9.68,26.3,61.7,1109.8,3.07,119.1,Agricultural,Alluvial,5683.6,0,2,0
21.78672,73.93934,18.82,33.8,43.7,2343.2,5.12,87.6,Agricultural,Loam,3467.1,0,5,0
22.77734,73.91822,48.16,33.9,52.7,2670.1,6.8,202.6,Urban,Loam,899.6,1,5,0
28.19626,70.58946,4.4,33.7,39.3,161.4,0.71,277.5,Wetland,Clay,11544.8,1,0,0
18.27202,80.37814,86.67,29.5,57.9,4455.7,12.28,137.2,Agricultural,Loam,2258.4,1,1,1
25.40179,73.97869,22.74,30.2,60.1,190.1,1.76,269.9,Forest,Clay,11003.2,1,1,0
17.39222,80.84021,152.78,33.0,90.0,6235.5,17.8,68.1,Water Body,Loam,774.7,0,3,1
27.61328,73.38098,17.44,21.9,52.1,227.8,0.39,281.9,Agricultural,Alluvial,1165.4,1,7,0
25.68206,88.3511,3.92,23.3,44.9,5778.4,12.24,107.5,Wetland,Silt,3250.8,1,7,1
26.67048,86.30692,113.9,24.1,90.4,7858.8,18.0,115.7,Urban,Silt,428.9,1,1,1
20.97551,86.09884,5.82,27.3,46.5,4434.3,7.73,40.6,Agricultural,Alluvial,2031.1,0,5,0
18.43495,79.89717,2.31,32.6,66.7,3035.4,5.21,142.6,Forest,Loam,10560.1,1,2,0
15.08621,77.14031,0.8,35.0,38.5,394.4,2.24,640.5,Water Body,Alluvial,10955.3,1,4,0
22.36287,77.39796,27.87,31.3,57.1,2465.4,5.67,121.4,Urban,Loam,2953.2,0,7,0
15.23469,76.46708,4.8,34.1,40.7,373.5,1.03,662.6,Wetland,Loam,5856.6,0,3,0
19.7887,74.99292,59.99,28.3,74.9,607.2,3.56,793.8,Forest,Alluvial,9858.2,1,0,0
22.44183,76.77627,113.97,30.8,87.7,3834.2,12.47,291.8,Water Body,Alluvial,5012.7,1,6,1
18.1814,81.64113,28.52,24.9,49.4,3613.8,7.88,70.5,Agricultural,Loam,2574.8,1,5,1
18.37602,76.782,6.32,22.6,48.6,273.4,0.75,486.9,Wetland,Silt,704.4,1,4,0
25.94262,85.48381,39.85,30.5,63.2,4711.3,9.92,82.5,Forest,Alluvial,9102.7,0,3,1
26.81698,88.03757,20.36,27.4,20.5,6125.6,13.74,90.9,Agricultural,Clay,10734.6,0,2,1
20.71085,86.49852,92.21,20.7,70.1,5128.1,13.36,34.5,Forest,Alluvial,8879.4,0,9,1
20.28383,85.40932,336.59,33.3,100.0,14696.7,18.0,29.0,Urban,Sandy,10979.6,0,4,1
21.09422,85.01902,57.11,26.0,78.5,5383.8,12.65,48.9,Water Body,Alluvial,8790.0,1,0,1
9.96251,75.99275,61.29,39.0,62.5,3189.8,8.84,156.0,Urban,Silt,11876.5,1,7,1
21.02126,85.86822,111.53,27.4,78.1,7489.6,18.0,47.9,Water Body,Clay,657.8,1,4,1
9.79944,75.85317,166.87,26.7,84.3,5277.1,16.01,116.3,Agricultural,Clay,4520.8,1,8,1
27.28184,92.10457,48.53,27.8,56.6,7084.6,15.8,94.4,Agricultural,Alluvial,656.3,0,6,1
20.18834,86.18775,229.84,33.9,100.0,11275.2,18.0,32.7,Urban,Loam,4888.6,1,1,1
16.27276,82.00283,34.74,22.8,75.4,4154.1,9.39,132.3,Urban,Alluvial,431.7,0,0,1
20.43138,85.955,49.32,37.0,58.5,4514.8,10.66,60.3,Urban,Loam,10228.0,1,1,1
28.88022,77.46108,19.76,23.7,33.8,2193.0,6.37,227.5,Agricultural,Clay,5235.7,1,2,0
18.64425,75.0808,6.02,28.9,51.1,390.7,0.49,547.5,Water Body,Silt,10843.9,0,3,0
25.23398,80.67521,78.82,27.9,75.2,4980.2,11.76,50.1,Agricultural,Alluvial,8503.8,1,5,1
28.80923,76.88145,109.37,40.2,92.6,4718.3,13.62,224.1,Urban,Clay,7995.2,1,5,1
18.38855,79.65968,126.77,34.6,94.5,4945.0,14.31,177.4,Water Body,Clay,8467.9,1,1,1
25.84664,72.70734,10.24,27.4,24.9,146.2,0.53,336.1,Agricultural,Alluvial,10170.0,1,5,0
11.05461,76.30678,152.35,28.3,92.5,4776.2,15.37,24.3,Agricultural,Loam,10676.5,0,3,1
21.85688,75.94812,82.4,31.5,76.6,3876.8,9.65,74.1,Urban,Sandy,6784.4,1,3,1
14.8214,75.92858,18.01,33.3,32.8,362.4,1.67,684.1,Urban,Clay,8049.5,1,2,0
11.05567,76.86294,185.14,30.1,100.0,5698.2,16.44,96.4,Wetland,Sandy,7851.4,1,1,1
16.81202,80.69002,170.19,41.5,93.3,7086.7,18.0,155.1,Forest,Clay,3904.0,1,7,1
28.73852,77.14804,42.89,34.0,65.3,2827.4,8.11,201.8,Forest,Alluvial,5933.8,1,3,1
28.78838,77.30007,42.93,19.6,55.6,3107.9,7.27,238.1,Forest,Loam,475.5,1,2,0
27.71201,91.42143,94.07,25.9,93.2,9143.7,18.0,123.8,Agricultural,Alluvial,10135.1,1,5,1
27.66796,93.86097,19.38,35.0,25.2,6302.0,14.35,97.4,Forest,Clay,8840.5,0,1,1
17.99055,76.11803,28.65,25.2,35.1,575.2,1.42,529.8,Agricultural,Clay,7412.9,0,6,0
26.34301,90.52214,278.33,36.9,100.0,17277.4,18.0,58.5,Wetland,Alluvial,7118.0,1,4,1
28.3115,77.66132,219.26,28.8,100.0,6864.6,18.0,221.1,Urban,Alluvial,9903.4,0,2,1
11.49719,76.07571,36.36,33.4,50.0,2810.7,7.13,187.8,Water Body,Alluvial,6882.0,0,2,0
9.92627,76.74341,113.04,37.3,79.4,4133.2,12.07,180.5,Urban,Clay,11051.6,1,2,1
23.13637,77.56198,0.92,28.4,41.3,682.4,1.41,276.0,Water Body,Alluvial,5236.5,0,1,0
28.4731,76.97291,176.27,20.4,100.0,6253.0,18.0,222.0,Wetland,Alluvial,3775.0,1,4,1
20.84935,86.05554,50.19,21.3,60.9,4562.3,10.68,78.7,Wetland,Loam,2408.5,0,2,1
28.49572,77.20923,53.72,28.5,35.4,3721.5,10.21,197.7,Agricultural,Alluvial,10440.7,0,7,1
22.07866,77.2088,27.79,22.6,26.1,2402.1,6.13,286.7,Urban,Alluvial,3072.3,0,1,0
25.7543,72.09806,7.01,30.3,54.2,161.1,0.23,232.0,Forest,Alluvial,5302.3,1,7,0
16.89667,81.60413,36.54,32.6,52.3,3965.8,10.51,71.6,Agricultural,Alluvial,4660.8,1,5,1
22.20215,74.65249,64.67,26.1,68.7,2759.6,7.27,187.3,Forest,Alluvial,9632.9,1,4,1
27.74844,70.84013,20.65,35.9,58.2,161.3,2.05,266.6,Urban,Loam,10250.3,1,1,0
26.76532,93.50954,62.65,38.9,72.3,5371.2,13.32,129.5,Wetland,Loam,5137.9,1,2,1
28.60554,77.6559,117.46,36.4,80.2,4623.6,13.95,218.4,Urban,Alluvial,11013.0,1,4,1
29.17627,77.51086,131.38,33.0,78.0,6053.6,16.42,200.2,Agricultural,Alluvial,10159.8,0,8,1
26.98677,94.14267,372.91,22.3,100.0,20609.2,18.0,65.4,Agricultural,Alluvial,3689.1,1,3,1
20.76059,85.9763,1.62,27.5,26.0,3015.5,6.81,50.2,Agricultural,Clay,8011.6,0,0,0
28.21287,71.18645,22.04,27.9,53.2,159.0,1.19,181.7,Agricultural,Clay,7358.0,1,2,0
27.23776,93.64467,102.29,26.5,76.4,9079.1,18.0,91.3,Water Body,Silt,9862.7,0,1,1
27.56768,92.41099,21.18,31.5,34.6,1469.5,4.8,88.4,Urban,Clay,5175.3,1,0,0
28.39048,77.00343,118.11,28.2,90.7,4616.9,12.82,204.3,Forest,Loam,11619.6,0,4,1
26.93537,85.12645,13.63,31.8,77.7,3638.4,7.93,115.6,Urban,Alluvial,7469.0,1,2,0
28.81892,77.11783,28.5,34.4,37.1,2099.0,5.46,208.0,Wetland,Clay,6966.6,1,3,0
27.58437,74.11656,2.31,25.2,52.5,84.0,0.2,197.1,Water Body,Loam,7232.1,0,7,0
9.51355,76.41872,39.02,23.3,66.4,2690.5,6.24,38.3,Urban,Sandy,8368.7,1,5,0
20.1886,85.5336,19.7,24.7,66.2,4781.8,11.29,62.4,Wetland,Loam,9637.1,1,3,1
22.61396,74.77014,130.7,32.4,73.9,3733.5,11.62,238.6,Forest,Alluvial,3333.6,1,4,1
17.62727,81.29811,13.12,26.8,22.5,2891.4,7.23,145.1,Water Body,Alluvial,9515.6,0,4,0
26.51552,85.50097,6.03,26.8,37.2,5963.8,13.21,101.8,Water Body,Clay,6575.7,1,2,1
19.77836,77.48415,20.15,37.1,45.2,463.7,1.91,598.4,Water Body,Loam,3650.1,1,2,0
17.00665,80.66531,45.24,31.6,64.8,3803.1,8.99,138.9,Agricultural,Clay,9893.1,1,6,1
28.35146,77.72381,46.61,22.3,66.3,3478.0,9.55,232.4,Forest,Clay,5393.1,0,7,1
29.26308,77.73556,18.72,25.6,60.2,1683.4,3.63,223.3,Agricultural,Loam,1683.1,0,3,0
22.33264,74.59876,2.42,32.3,58.8,2252.6,4.01,187.0,Agricultural,Sandy,10002.5,1,3,0
20.23828,85.8296,110.19,20.1,94.1,6632.6,17.8,68.7,Agricultural,Loam,8428.5,0,0,1
21.6615,73.84642,61.59,34.4,48.4,2826.9,8.15,186.2,Agricultural,Loam,1955.4,0,0,1
27.09285,91.46716,78.56,35.2,57.0,8271.5,18.0,97.4,Wetland,Sandy,11483.1,1,1,1
21.04499,84.69033,35.51,28.5,40.3,4344.9,10.16,29.6,Forest,Loam,10259.0,0,4,1
19.34808,76.87924,26.74,28.9,70.1,516.8,1.48,451.9,Forest,Alluvial,8138.0,0,3,0
25.54365,73.79142,6.69,28.5,53.4,142.9,0.2,201.0,Agricultural,Loam,11967.6,1,5,0
18.2595,79.70599,32.82,33.5,62.3,4113.3,7.65,168.8,Agricultural,Alluvial,3282.6,0,2,0
22.46885,73.69345,3.99,25.7,41.6,1669.4,2.85,265.0,Urban,Loam,4013.0,1,0,0
28.88823,77.52498,6.54,37.3,53.8,1605.0,3.48,229.5,Forest,Sandy,11643.5,1,2,0
9.35766,76.25791,35.22,39.0,53.8,2865.3,6.86,39.6,Agricultural,Clay,1275.2,1,2,0
28.31027,72.64952,0.13,18.9,58.6,67.5,0.2,151.4,Water Body,Clay,10332.2,1,2,0
21.38427,85.60156,237.32,17.9,100.0,10012.5,18.0,32.1,Forest,Clay,4161.0,1,1,1
26.54691,83.8125,159.17,28.5,100.0,9924.5,18.0,59.2,Forest,Silt,6677.6,1,1,1
16.54063,80.00716,61.32,28.4,72.9,3924.3,9.96,169.6,Agricultural,Clay,594.6,1,1,1
25.5271,74.26642,22.53,32.7,37.4,165.4,2.16,274.2,Agricultural,Loam,1483.5,1,0,0
16.64913,79.93826,44.12,27.5,52.9,3867.2,10.32,52.9,Urban,Clay,1193.0,1,1,1
19.85124,85.19722,42.01,32.0,69.0,4097.4,9.26,57.6,Forest,Clay,2359.9,0,1,1
21.48043,86.02171,104.72,34.2,79.5,7743.9,18.0,40.3,Urban,Clay,4395.2,0,1,1
11.485,76.5627,86.79,31.4,86.2,3644.1,9.88,140.5,Forest,Loam,1844.8,1,1,1
19.69654,74.80886,15.83,23.4,48.6,512.0,1.05,492.1,Agricultural,Clay,5802.9,1,5,0
16.97583,81.61999,75.0,30.5,67.1,4476.8,12.0,85.6,Forest,Silt,10827.1,0,1,1
18.1024,80.00503,52.7,28.0,70.9,4904.4,10.1,77.7,Agricultural,Loam,3284.9,1,1,1
17.60364,75.61409,9.16,30.6,54.7,372.0,0.2,673.1,Water Body,Clay,6615.3,1,1,0
15.63887,75.56737,7.25,29.8,41.7,565.0,1.71,471.7,Urban,Alluvial,9848.6,1,1,0
26.43104,81.16891,26.66,28.1,54.2,5876.5,12.37,82.7,Agricultural,Alluvial,6751.5,1,2,1
28.69801,77.75448,36.75,26.1,55.5,3279.4,7.65,193.6,Urban,Loam,10159.9,0,1,0
22.96892,77.27785,44.45,26.4,45.4,3379.1,8.33,115.5,Urban,Alluvial,11148.8,0,7,1
26.84331,71.65218,2.08,32.6,32.4,101.8,0.2,308.2,Forest,Loam,1850.8,0,1,0
27.49798,73.1501,1.84,25.7,30.0,142.4,0.2,151.3,Urban,Loam,9537.6,1,0,0
10.91949,75.80506,117.27,28.2,96.3,4254.5,12.65,66.3,Water Body,Alluvial,2559.1,0,0,1
28.66595,77.70555,17.12,29.2,33.3,1485.6,4.0,218.4,Forest,Alluvial,2083.6,1,0,0
14.56567,77.19252,2.85,31.2,31.1,445.6,1.71,573.8,Wetland,Silt,504.8,1,1,0
16.41627,80.26167,16.02,31.8,48.2,2734.8,6.11,121.2,Forest,Alluvial,3483.5,0,2,0
16.9985,79.95564,135.88,21.8,90.6,7258.1,18.0,154.1,Agricultural,Alluvial,8404.3,1,3,1
17.34509,76.55144,20.65,26.1,62.2,432.4,1.12,698.7,Urban,Clay,1464.2,0,3,0
20.42343,84.61607,117.25,28.1,87.6,7650.9,18.0,60.7,Forest,Sandy,2781.7,1,0,1
20.00296,86.06755,4.76,24.8,22.3,4183.7,8.01,57.1,Agricultural,Alluvial,11324.3,0,4,0
20.10106,86.75419,153.23,33.1,100.0,8238.7,18.0,37.1,Water Body,Alluvial,7669.9,1,1,1
18.49423,81.27835,37.2,27.4,74.7,3715.8,7.03,167.6,Agricultural,Sandy,6155.5,1,3,0
28.28611,77.25747,12.01,24.9,35.0,1709.2,3.42,226.9,Agricultural,Loam,7487.7,0,3,0
28.26155,76.90421,0.13,30.1,26.4,1937.4,4.28,197.1,Urban,Loam,494.7,1,0,0
16.48223,76.5295,0.09,24.7,62.2,331.2,0.45,620.5,Urban,Alluvial,11250.3,0,0,0
25.27661,72.85548,8.28,34.3,36.8,145.5,0.2,187.3,Forest,Clay,9601.3,1,2,0
18.42457,81.28635,12.8,33.0,44.0,2431.1,5.21,164.8,Water Body,Alluvial,658.1,0,3,0
25.39012,72.34779,16.4,27.6,40.2,183.5,0.2,186.1,Water Body,Clay,1075.6,1,4,0
26.7496,95.43988,16.72,23.0,52.3,5516.8,11.65,62.5,Wetland,Alluvial,2382.4,1,3,1
21.41253,85.50456,28.15,34.2,52.7,4078.4,9.76,75.4,Forest,Alluvial,3337.4,0,0,1
25.57069,88.25013,47.19,38.8,52.3,5680.4,12.78,90.2,Urban,Alluvial,2252.4,1,3,1
14.85391,74.83863,13.46,21.1,48.9,327.8,1.23,761.4,Forest,Silt,10328.2,0,3,0
20.97345,86.27601,330.84,28.5,100.0,13928.1,18.0,50.7,Agricultural,Alluvial,7058.1,1,4,1
9.65756,76.23684,72.11,29.3,68.3,3042.9,7.92,23.5,Urban,Alluvial,6059.0,0,1,1
27.79267,93.94449,28.28,22.2,54.5,5479.1,11.95,41.7,Wetland,Alluvial,8644.2,0,2,1
27.7749,89.91555,187.18,34.2,89.4,13598.0,18.0,83.3,Wetland,Sandy,5177.1,1,3,1
20.48275,85.4918,17.4,32.0,20.0,4815.0,10.31,49.4,Agricultural,Alluvial,8092.3,1,1,1
25.15265,83.23541,205.92,36.7,100.0,14329.6,18.0,111.8,Agricultural,Alluvial,5304.5,1,5,1
29.29188,77.03636,84.86,32.7,84.7,3096.2,8.34,205.9,Agricultural,Silt,5914.0,1,0,1
21.20598,86.8391,183.58,31.8,100.0,10058.0,18.0,74.2,Urban,Alluvial,11395.6,0,8,1
16.35288,76.5612,9.72,25.5,48.3,519.9,1.43,762.3,Urban,Alluvial,1936.9,1,3,0
18.23409,80.18086,66.23,29.3,75.8,4940.3,11.83,92.5,Agricultural,Alluvial,5562.5,1,0,1
29.4071,77.08646,40.65,34.9,44.7,3794.7,9.5,203.9,Water Body,Sandy,5398.9,1,1,1
27.19741,82.89842,4.64,39.7,64.8,5083.9,10.71,103.8,Forest,Loam,5414.6,1,2,1
21.57546,75.34568,14.25,29.2,29.4,1393.5,3.65,184.7,Agricultural,Silt,5888.8,1,6,0
27.25646,72.65051,28.58,30.7,47.9,185.1,0.9,281.0,Forest,Clay,6692.0,1,1,0
16.81853,77.36458,18.42,37.7,39.9,435.3,0.51,584.1,Urban,Clay,11567.1,0,3,0
9.82807,76.02174,14.0,22.6,28.0,2424.0,5.76,66.5,Forest,Clay,4180.2,0,1,0
16.81252,81.05022,39.23,26.3,36.0,3801.0,10.68,176.7,Urban,Sandy,9130.8,0,3,1
23.08242,77.983,45.48,24.3,71.3,2622.8,6.17,141.1,Forest,Alluvial,1508.7,0,1,0
26.02845,71.60474,1.88,31.8,40.6,206.8,1.14,323.9,Agricultural,Alluvial,7895.1,1,0,0
10.89241,76.15823,31.46,28.2,53.7,2429.9,6.73,47.0,Wetland,Clay,2461.1,1,3,0
17.14644,79.63122,175.73,29.5,100.0,7398.7,18.0,120.3,Wetland,Clay,10420.3,1,3,1
11.47333,76.53712,15.2,20.8,42.6,3289.5,6.22,154.4,Agricultural,Silt,3084.9,0,4,0
25.74165,94.87852,277.41,26.0,100.0,17921.5,18.0,87.9,Forest,Clay,11478.7,0,2,1
25.35897,84.623,87.78,30.8,58.3,8670.2,18.0,95.6,Water Body,Alluvial,9118.2,1,4,1
17.29276,79.65478,30.23,29.9,33.8,4384.5,9.74,135.0,Forest,Silt,2774.2,1,1,1
21.7433,77.05806,197.59,21.5,100.0,5383.6,17.26,229.1,Forest,Sandy,8661.1,1,9,1
29.21836,77.02415,7.19,24.1,48.4,2635.5,5.26,205.1,Agricultural,Clay,5011.8,0,2,0
29.36441,77.12445,106.92,32.3,85.1,5222.5,13.73,209.0,Agricultural,Alluvial,3913.8,0,0,1
29.39182,77.12427,227.75,29.7,100.0,6611.8,18.0,216.5,Urban,Loam,6240.0,1,2,1
28.27791,77.03603,362.56,25.6,100.0,10624.3,18.0,203.3,Agricultural,Silt,4345.6,0,1,1
16.44586,76.61681,24.15,26.3,23.8,682.0,2.63,532.9,Urban,Silt,8773.4,0,8,0
29.13255,77.58768,42.06,26.8,44.3,2815.2,6.08,226.7,Agricultural,Sandy,11529.8,1,8,0
27.53609,90.25317,84.02,29.9,66.3,7892.1,17.75,86.9,Urban,Clay,7325.7,1,1,1
27.56952,73.54814,0.84,24.6,36.6,172.4,0.2,210.3,Agricultural,Clay,7626.9,0,1,0
22.4977,75.04811,103.55,33.0,74.1,3432.6,11.08,235.1,Agricultural,Alluvial,9812.2,1,1,1
24.96494,83.6936,17.33,38.2,49.3,4590.6,9.16,46.8,Urban,Loam,9798.5,1,2,1
26.70487,80.98648,153.94,25.6,68.0,9263.8,18.0,84.5,Agricultural,Alluvial,597.1,0,2,1
10.77205,76.481,137.86,33.4,84.6,4121.6,12.56,127.4,Forest,Clay,9859.8,0,3,1
27.17405,87.70084,189.92,33.9,100.0,11009.7,18.0,55.8,Urban,Alluvial,11754.3,0,4,1
27.21402,95.33658,13.86,23.5,35.2,5325.2,10.08,136.6,Agricultural,Alluvial,8658.0,1,0,1
27.91237,72.35018,14.4,33.3,54.5,152.6,1.29,236.9,Urban,Clay,10319.1,0,3,0
17.05146,75.48897,1.49,31.3,44.0,549.4,2.13,564.2,Agricultural,Alluvial,489.6,0,4,0
16.13307,76.16897,18.85,31.4,33.8,695.1,1.38,625.7,Urban,Clay,2838.3,1,2,0
17.21324,80.89394,118.68,41.2,95.3,4403.4,12.19,66.6,Urban,Silt,10724.8,1,0,1
26.31927,91.30163,46.47,24.5,48.4,5139.8,11.52,107.5,Wetland,Alluvial,10994.3,0,2,1
9.47338,76.63646,31.72,29.3,56.0,2710.1,4.86,134.5,Agricultural,Loam,7221.3,1,0,0
28.48281,76.98326,20.61,26.9,32.9,3182.5,6.83,228.6,Forest,Clay,6598.9,1,0,0
20.47358,84.81878,36.96,25.9,46.9,3811.5,8.33,23.9,Water Body,Alluvial,11965.9,0,0,1
25.68236,72.54889,3.79,26.8,30.8,129.3,0.4,237.8,Urban,Sandy,6697.1,0,3,0
18.41603,76.8249,26.35,30.1,44.0,466.6,1.11,677.9,Wetland,Clay,11622.1,0,2,0
20.90413,85.89564,2.05,30.7,28.1,3416.2,6.45,78.1,Wetland,Silt,7254.6,1,0,0
22.77698,75.06081,13.39,21.4,41.2,2729.2,5.68,243.7,Forest,Clay,11169.1,0,1,0
16.33229,75.80289,7.73,21.3,48.2,413.9,0.2,690.0,Urban,Silt,3921.9,1,1,0
26.22723,74.1635,20.66,30.0,65.0,114.5,0.94,228.3,Urban,Clay,10459.8,0,6,0
22.40472,73.83254,8.07,33.2,54.5,2473.0,5.13,164.8,Urban,Alluvial,11954.1,0,6,0
25.05467,85.182,15.46,35.5,51.6,5187.2,9.44,51.9,Urban,Sandy,4308.0,1,8,1
28.09042,74.31233,0.73,29.6,38.0,173.7,0.2,157.8,Agricultural,Silt,9779.2,1,1,0
20.49771,85.60175,168.78,31.0,93.1,9388.1,18.0,82.5,Water Body,Clay,2255.2,1,4,1
18.70045,75.20256,26.7,39.6,42.3,521.3,1.18,793.6,Urban,Clay,6811.3,1,4,0
26.05091,70.77426,7.2,30.6,27.2,181.4,0.2,334.0,Agricultural,Alluvial,10491.4,1,6,0
22.08468,76.03101,10.05,31.8,37.0,1616.2,4.06,66.6,Agricultural,Sandy,1395.3,1,2,0
28.53987,77.73477,23.55,23.5,32.4,1870.2,4.02,210.5,Urban,Clay,8163.4,1,3,0
26.79544,91.6814,103.63,28.6,86.8,9198.7,18.0,87.3,Urban,Alluvial,8706.9,0,2,1
21.77882,78.20416,98.27,34.7,73.8,3499.2,10.28,206.1,Water Body,Alluvial,5626.4,1,0,1
26.7828,91.77196,175.68,30.7,88.4,10223.2,18.0,85.8,Forest,Clay,5937.4,1,5,1
10.48671,75.92407,483.26,32.6,100.0,11393.4,18.0,39.7,Agricultural,Clay,7457.3,1,5,1
26.35085,81.42815,91.7,19.0,89.8,7013.1,16.19,38.3,Forest,Silt,8549.9,0,3,1
25.5566,82.06699,88.9,36.1,83.8,6870.3,15.47,99.8,Forest,Loam,9585.5,0,4,1
26.93424,81.26635,116.83,21.5,97.1,6836.9,17.24,101.8,Agricultural,Alluvial,6678.5,1,4,1
17.33079,77.08008,35.64,31.6,38.1,659.0,2.72,705.3,Agricultural,Alluvial,8680.6,1,4,0
21.03028,86.71008,10.54,35.4,39.6,2207.2,4.49,37.8,Urban,Alluvial,8675.2,0,1,0
22.9011,77.02813,6.57,28.2,29.2,2241.0,4.25,229.1,Water Body,Sandy,11971.6,1,2,0
28.4331,73.10467,2.61,28.7,41.4,136.7,0.49,293.2,Urban,Alluvial,1008.8,0,9,0
18.67041,76.43465,4.2,30.8,49.4,468.5,0.2,535.4,Agricultural,Alluvial,6569.5,0,0,0
10.55725,75.8516,35.75,27.8,48.9,2450.5,7.18,86.4,Urban,Alluvial,3856.1,1,2,0
26.44147,73.44064,29.25,21.2,68.5,205.0,1.87,260.2,Wetland,Alluvial,8461.1,1,4,0
20.89326,86.14937,198.15,27.5,100.0,9436.7,18.0,40.9,Forest,Silt,6259.3,0,6,1
29.49408,77.74553,158.26,29.1,100.0,6315.8,18.0,190.6,Wetland,Clay,2503.0,1,0,1
21.8787,78.34571,70.76,30.3,62.2,3457.3,9.59,221.8,Wetland,Alluvial,1520.4,1,5,1
29.04842,77.10566,46.88,28.6,38.4,3840.8,8.83,201.9,Wetland,Sandy,8325.1,0,0,1
27.72076,92.43395,68.81,27.2,45.2,6365.4,15.37,134.0,Forest,Clay,9882.2,0,3,1
26.0484,88.39138,45.55,23.9,66.7,5950.2,12.96,117.1,Agricultural,Alluvial,9202.6,1,7,1
22.31543,76.43181,22.16,32.4,52.8,1946.9,3.7,285.9,Wetland,Sandy,2989.5,0,1,0
18.01016,76.93909,31.65,23.5,56.2,573.4,2.11,674.7,Agricultural,Alluvial,4864.0,0,2,0
16.89544,79.62128,117.06,36.9,64.8,5728.0,15.5,109.1,Urban,Loam,6222.0,1,2,1
16.35104,79.77099,30.15,19.8,44.7,3270.4,6.76,73.0,Urban,Alluvial,5870.2,0,1,0
25.22657,80.76875,47.41,32.0,53.6,4296.1,10.11,60.4,Wetland,Alluvial,5186.4,1,2,1
28.32728,76.8536,116.47,29.3,74.7,5219.8,14.1,219.0,Urban,Clay,11662.7,0,4,1
9.62828,76.89178,17.76,33.4,28.4,2158.8,5.08,163.8,Forest,Alluvial,9742.8,1,2,0
21.28996,85.42742,16.44,33.7,55.7,4852.0,10.03,68.8,Agricultural,Sandy,1704.6,0,5,1
18.41711,81.33435,49.41,27.8,40.6,3861.4,9.48,177.3,Wetland,Loam,5528.4,1,3,1
28.29971,77.73359,187.31,24.4,100.0,6999.9,18.0,219.8,Agricultural,Sandy,5805.1,1,6,1
18.00948,75.93881,25.76,34.4,55.4,400.3,1.55,705.7,Agricultural,Alluvial,4859.4,0,2,0
27.49959,89.94384,7.68,22.2,61.3,6649.4,13.61,90.4,Urban,Clay,8952.3,0,0,1
21.71328,77.68948,43.21,31.2,55.4,1994.8,6.19,80.7,Urban,Alluvial,9175.6,1,3,0
26.5655,91.51147,281.01,25.4,100.0,16966.8,18.0,66.0,Urban,Silt,2478.6,0,2,1
11.05882,76.24806,403.88,24.4,100.0,10033.7,18.0,111.5,Agricultural,Alluvial,9435.5,1,5,1
21.04484,85.60568,73.41,34.7,86.1,4689.5,12.3,62.4,Agricultural,Clay,5575.1,1,2,1
21.21873,85.04871,57.31,21.2,56.7,5332.2,11.79,72.1,Water Body,Alluvial,8911.5,1,3,1
10.4486,76.08503,269.32,29.6,100.0,6362.7,18.0,77.4,Water Body,Silt,7346.6,0,2,1
20.40115,84.74669,34.13,23.3,65.5,3794.7,8.65,53.0,Wetland,Clay,681.2,1,5,1
20.99154,84.83472,138.1,33.2,90.4,6870.3,17.7,61.0,Water Body,Loam,416.8,0,5,1
18.00004,80.99031,28.94,31.4,59.0,2700.1,7.64,172.5,Water Body,Alluvial,9760.9,0,1,0
22.09337,73.92264,72.84,29.6,82.5,3164.1,7.32,280.5,Forest,Alluvial,2011.2,0,2,1
25.79804,91.721,12.4,29.4,49.4,6068.6,13.59,124.8,Urban,Clay,1924.4,0,3,1
25.41676,70.63774,15.53,30.1,49.8,113.4,0.69,309.6,Forest,Alluvial,1876.0,0,3,0
18.06343,80.50925,14.31,28.8,43.5,3398.5,6.97,132.2,Water Body,Clay,620.4,0,3,0
9.75222,76.41254,37.19,22.5,44.3,2876.3,7.64,153.7,Water Body,Alluvial,1253.5,0,1,0
28.39819,71.92894,0.47,28.6,20.0,208.3,0.2,341.7,Wetland,Loam,8769.2,0,3,0
27.6355,93.12,75.06,28.5,64.6,5565.2,14.48,125.6,Agricultural,Clay,1257.0,0,5,1
17.49583,80.7979,41.42,36.1,63.2,3942.7,8.92,61.4,Agricultural,Clay,7451.7,1,3,1
16.23568,76.76281,20.28,29.7,39.6,481.4,2.06,773.1,Urban,Alluvial,3239.6,0,0,0
26.20615,71.69695,9.62,24.3,70.9,143.2,1.58,285.1,Forest,Sandy,6405.5,0,0,0
21.12882,85.19183,145.79,21.6,87.1,9456.0,18.0,38.4,Agricultural,Loam,3326.1,0,2,1
16.28546,76.52086,18.13,21.0,43.7,455.7,1.83,637.5,Agricultural,Alluvial,1222.8,0,4,0
16.8409,80.54926,125.89,21.8,85.2,6241.5,16.24,165.0,Agricultural,Sandy,4670.6,0,3,1
25.62025,82.15147,0.8,33.6,43.1,4172.6,7.37,113.7,Urban,Silt,3583.4,1,6,0
28.8459,77.56659,25.99,29.3,46.8,3389.1,8.37,196.5,Water Body,Sandy,6099.1,0,2,0
17.29228,80.43687,3.52,29.2,20.0,1721.9,2.8,120.4,Water Body,Sandy,10535.1,1,6,0
16.85193,79.76532,190.08,37.6,100.0,7950.8,18.0,96.7,Agricultural,Silt,1795.3,1,3,1
22.0423,76.14837,185.88,30.5,100.0,5999.5,17.64,278.6,Urban,Loam,1342.3,1,3,1
27.06456,92.08748,139.63,31.5,98.3,12716.3,18.0,52.6,Water Body,Sandy,9773.8,1,4,1
25.25901,86.30292,678.84,25.3,100.0,28580.8,18.0,74.2,Agricultural,Alluvial,6096.1,1,1,1
19.84118,85.33247,151.68,14.0,85.3,6923.5,18.0,71.5,Agricultural,Alluvial,5916.5,0,3,1
17.86893,81.06335,30.21,38.4,48.5,3623.8,8.12,28.0,Agricultural,Alluvial,4070.6,1,3,1
20.29698,85.28444,19.85,24.1,61.6,2888.4,5.73,42.8,Agricultural,Loam,10093.1,1,3,0
10.63557,75.94583,147.28,25.2,89.3,4391.5,12.61,84.2,Agricultural,Alluvial,3039.7,1,7,1
17.63385,79.94456,191.23,30.4,100.0,7134.9,18.0,76.6,Urban,Clay,2147.3,1,0,1
18.16318,77.2368,36.16,25.9,41.6,405.3,2.86,787.6,Urban,Silt,2781.0,1,7,0
26.09264,91.41028,127.5,22.5,85.7,10882.2,18.0,50.2,Forest,Loam,8287.5,1,1,1
27.45357,89.91139,31.01,25.0,44.0,4247.9,10.24,53.6,Urban,Silt,8462.4,0,2,1
25.65143,71.00777,1.31,25.5,40.7,140.0,0.2,201.9,Agricultural,Clay,8585.1,0,0,0
16.7427,74.91299,5.05,28.9,50.4,567.2,1.08,711.1,Forest,Loam,11247.7,0,5,0
29.08745,76.97346,93.29,26.9,60.7,4515.7,12.29,205.1,Urban,Clay,1350.1,0,1,1
22.44247,75.139,37.67,24.1,72.0,2762.6,7.42,109.6,Forest,Sandy,3824.7,1,5,0
29.29253,77.12926,119.05,26.5,98.1,4918.8,14.2,227.4,Agricultural,Loam,918.8,0,6,1
20.50448,85.4726,78.5,33.6,77.1,5020.0,12.8,39.9,Agricultural,Sandy,4367.9,1,7,1
20.67279,86.04746,113.03,24.8,96.1,8315.8,18.0,19.1,Urban,Clay,9880.2,0,3,1
21.07272,85.07833,191.3,23.5,100.0,10233.6,18.0,79.7,Forest,Loam,3512.5,1,5,1
14.63544,76.0865,28.28,24.9,41.4,427.4,0.94,604.7,Agricultural,Clay,4308.0,0,2,0
20.19609,86.46335,0.53,25.1,60.3,1927.6,4.16,64.6,Urban,Silt,10799.2,0,4,0
22.33616,75.93275,7.06,25.5,70.2,2329.7,6.46,219.7,Agricultural,Loam,4645.8,0,3,0
26.73046,81.21456,31.68,24.5,59.3,5030.6,11.71,107.4,Agricultural,Clay,8434.0,1,0,1
25.42849,72.77945,1.87,24.8,34.8,148.2,0.2,193.2,Urban,Loam,1126.8,1,2,0
27.83801,72.23707,11.22,24.7,51.6,101.6,1.71,218.2,Water Body,Clay,3203.3,0,2,0
18.10764,76.64085,43.34,26.0,37.2,664.8,3.47,565.6,Water Body,Alluvial,2531.6,1,1,0
17.35052,80.90258,76.18,33.5,88.0,4308.1,10.76,121.7,Agricultural,Silt,9209.0,1,1,1
9.89987,76.16308,52.41,24.7,80.9,3367.3,9.79,106.2,Urban,Silt,9668.2,1,1,1
11.20556,76.50638,378.31,29.3,100.0,9613.2,18.0,106.2,Urban,Alluvial,11832.4,1,7,1
27.19551,81.30652,10.75,34.2,60.3,3639.9,7.42,103.9,Agricultural,Silt,9465.7,1,2,0
9.55055,76.51901,2.53,30.3,39.4,1560.1,3.76,20.0,Urban,Sandy,5335.7,1,1,0
22.91737,76.23157,29.1,27.3,46.1,2245.7,6.62,178.2,Forest,Loam,2649.2,1,2,0
17.16437,76.07512,8.27,20.3,44.4,418.3,1.87,558.2,Agricultural,Alluvial,8199.3,0,2,0
21.24995,85.65613,146.0,32.6,95.5,7877.9,18.0,46.7,Urban,Alluvial,4154.0,0,5,1
10.30828,76.83687,36.44,14.3,57.4,2834.8,7.25,144.2,Agricultural,Silt,2482.2,1,1,0
18.16068,80.6342,10.71,36.7,40.5,2459.2,6.34,178.5,Urban,Alluvial,6570.1,1,3,0
29.49857,77.31877,1.15,32.7,57.5,2601.7,6.68,238.2,Urban,Alluvial,11098.1,0,9,0
26.22643,70.86534,2.12,32.7,37.6,138.8,0.2,182.0,Agricultural,Loam,981.5,0,1,0
17.51278,79.87519,11.94,30.2,40.3,4413.0,9.16,63.6,Agricultural,Clay,3387.8,0,3,1
25.53294,85.37514,144.08,29.1,90.0,8415.7,18.0,100.5,Urban,Loam,3294.2,0,1,1
22.06953,74.857,15.88,31.6,45.1,1922.2,4.95,298.4,Agricultural,Clay,11047.2,0,2,0
14.97505,77.26046,8.57,29.7,41.6,493.7,0.29,585.6,Water Body,Alluvial,10014.0,0,3,0
26.30538,73.3561,10.4,28.8,20.6,186.9,0.55,284.8,Water Body,Silt,3977.3,1,2,0
9.7493,76.57734,50.57,23.2,65.8,2574.4,5.82,72.3,Forest,Alluvial,9532.9,1,3,0
29.3452,77.13633,133.39,36.0,77.3,5375.1,14.71,203.6,Agricultural,Alluvial,6136.2,1,0,1
22.02509,77.32795,224.0,28.3,100.0,6052.7,18.0,305.1,Agricultural,Alluvial,4944.0,1,6,1
28.61885,77.64432,201.28,29.1,100.0,6918.6,18.0,216.7,Urban,Sandy,3859.9,0,2,1
26.4397,94.47775,16.43,15.6,23.9,5891.3,12.13,129.5,Forest,Sandy,1174.5,0,5,1
25.91358,94.3764,343.83,28.6,100.0,19050.2,18.0,103.7,Forest,Alluvial,6554.2,1,3,1
14.86237,76.03484,7.02,25.6,38.0,450.5,1.11,682.4,Agricultural,Clay,9021.6,0,6,0
10.46905,75.91531,492.91,21.7,100.0,10514.2,18.0,64.8,Urban,Silt,3792.8,1,2,1
17.86283,75.2219,19.71,33.4,75.0,562.3,1.65,516.5,Urban,Alluvial,7755.4,0,2,0
17.01158,79.98547,33.72,29.1,51.6,4042.6,8.79,153.6,Forest,Silt,11723.0,1,2,1
27.18905,94.86603,257.09,28.7,100.0,16649.7,18.0,120.9,Urban,Alluvial,4086.2,0,1,1
26.95033,91.19073,96.94,24.0,91.4,9736.2,18.0,45.3,Urban,Clay,11111.0,1,3,1
16.8879,81.1079,47.38,27.7,73.2,3040.7,7.3,179.7,Wetland,Sandy,9066.0,0,1,0
26.90463,92.4137,27.92,30.2,44.8,5857.9,13.07,118.4,Agricultural,Clay,5950.2,0,7,1
25.97903,83.4452,129.26,34.1,81.6,8878.1,18.0,67.0,Forest,Alluvial,6343.0,1,2,1
18.30483,80.86976,62.7,24.0,50.4,3481.4,8.53,129.1,Forest,Sandy,10466.2,0,0,1
28.80227,77.62203,6.7,24.3,23.3,1922.7,3.74,199.7,Agricultural,Loam,4876.8,1,2,0
21.92253,76.10772,33.91,23.3,55.4,2039.7,4.64,56.4,Urban,Alluvial,11756.0,0,2,0
18.60764,74.9531,9.15,31.0,35.3,421.6,0.85,638.5,Agricultural,Clay,3406.1,1,7,0
22.75725,73.65201,163.66,28.0,96.6,4496.7,14.7,237.6,Urban,Silt,9794.4,0,1,1
26.06099,88.15268,96.05,32.1,73.8,6131.0,15.05,73.3,Agricultural,Silt,6176.1,0,2,1
22.67386,77.28469,201.56,30.0,100.0,5310.8,18.0,86.8,Urban,Loam,11342.8,0,3,1
22.10949,76.28686,11.11,29.7,37.0,1730.0,4.72,161.3,Agricultural,Silt,2982.3,0,2,0
10.57921,76.58526,67.08,32.5,54.0,2990.9,8.74,20.8,Urban,Alluvial,1606.5,0,2,1
26.7367,71.17929,11.58,27.9,23.6,176.0,1.0,279.8,Urban,Silt,1180.8,0,0,0
28.25291,76.95124,61.09,30.2,60.9,4162.1,10.57,235.8,Wetland,Loam,4200.5,0,0,1
10.656,76.46002,7.01,24.9,53.7,1309.5,3.19,150.5,Water Body,Clay,7858.1,1,6,0
26.48247,71.67628,7.36,30.3,51.5,134.3,0.88,179.7,Agricultural,Clay,1291.6,0,7,0
28.6202,76.81354,27.82,22.8,35.4,3857.8,8.63,229.9,Forest,Clay,8092.0,1,1,0
21.69939,75.22191,50.99,30.8,75.8,2546.3,6.99,137.8,Water Body,Clay,835.0,1,2,0
27.97918,71.6207,0.47,27.3,43.4,197.3,0.2,272.0,Forest,Alluvial,5075.2,0,3,0
26.89381,87.94348,84.61,25.1,88.4,8405.9,18.0,72.7,Agricultural,Clay,6376.2,1,5,1
27.10564,86.82781,114.01,34.4,96.2,7441.5,18.0,43.1,Wetland,Silt,6047.0,0,5,1
22.16663,75.87095,19.76,27.6,55.5,1482.7,3.99,163.8,Forest,Loam,3837.2,1,4,0
16.76038,80.33424,23.96,28.7,69.8,2560.4,6.78,82.5,Wetland,Loam,3763.2,1,3,0
25.39085,84.55699,35.84,23.4,47.8,6604.4,14.87,113.2,Agricultural,Loam,3910.2,1,1,1
21.2634,85.51197,87.89,25.9,62.1,3987.2,11.36,38.7,Agricultural,Alluvial,6441.0,1,5,1
21.77064,73.54508,37.86,31.1,68.1,2488.0,7.26,264.3,Urban,Loam,8262.1,1,5,0
26.97481,72.06219,35.33,28.6,48.5,173.0,0.2,276.3,Agricultural,Loam,4948.5,0,5,0
9.92375,76.70763,47.32,23.0,53.9,2658.5,5.89,25.1,Forest,Silt,11759.1,0,1,0
28.90278,77.12768,23.04,23.3,44.8,3574.4,7.51,200.3,Forest,Alluvial,4333.2,1,3,0
28.7761,77.29826,54.56,30.3,69.2,3775.1,10.61,211.7,Forest,Clay,711.7,1,0,1
25.75218,84.98412,23.41,24.0,39.4,4259.4,9.09,66.2,Agricultural,Alluvial,5601.1,1,2,1
25.84002,94.64651,298.88,32.3,100.0,18142.0,18.0,67.3,Urban,Loam,7775.6,1,3,1
18.40421,82.14818,13.99,23.0,41.4,3465.0,8.53,122.1,Urban,Alluvial,2139.2,1,2,0
17.24989,75.85899,67.75,30.8,56.9,548.8,2.57,608.1,Agricultural,Alluvial,4542.6,0,3,0
25.34696,85.64991,58.32,26.1,64.1,6532.5,13.84,113.0,Agricultural,Sandy,5102.1,1,4,1
20.44965,84.68393,192.07,24.6,100.0,9504.1,18.0,56.8,Wetland,Clay,8852.2,0,2,1
26.16199,73.1859,12.57,34.7,63.2,211.1,0.57,268.4,Agricultural,Loam,3800.5,0,0,0
21.54644,76.77684,1.67,30.0,28.7,1672.8,2.56,212.8,Urban,Clay,9135.8,1,2,0
26.37714,95.11298,42.38,32.8,65.7,6173.2,14.37,65.3,Agricultural,Clay,11161.9,1,5,1
21.91313,73.70539,248.27,28.3,100.0,6659.5,18.0,118.2,Forest,Silt,7410.9,1,1,1
27.50725,92.39976,168.05,29.1,66.9,12352.3,18.0,128.9,Urban,Sandy,2480.9,1,1,1
22.27584,77.18234,18.84,33.7,33.4,2423.5,4.83,92.1,Forest,Alluvial,2959.2,1,2,0
28.81252,76.97337,24.1,25.9,61.9,3497.2,8.7,208.9,Agricultural,Alluvial,8524.2,0,0,0
22.4026,76.32657,41.67,28.2,55.6,2748.4,8.09,71.3,Water Body,Alluvial,10066.0,0,2,1
11.01873,75.98282,19.99,28.0,53.1,2501.4,4.79,30.6,Forest,Loam,8737.0,0,4,0
21.43294,86.62446,29.38,30.7,54.9,4900.7,10.04,22.6,Forest,Clay,2736.9,1,3,1
26.48838,72.15445,25.14,39.0,64.9,140.2,1.94,210.8,Agricultural,Loam,11831.6,0,0,0
26.38309,83.59092,18.48,17.3,38.4,4100.9,8.94,120.0,Forest,Clay,11142.1,1,2,1
26.3894,92.4523,95.0,21.8,68.8,9177.1,18.0,128.5,Urban,Alluvial,5253.7,0,1,1
28.90322,77.65094,84.01,36.2,86.6,4614.6,11.7,230.4,Forest,Alluvial,3182.2,1,3,1
21.81807,76.55108,38.11,32.1,75.5,2402.3,6.0,99.8,Urban,Alluvial,8898.9,0,6,0
29.09872,77.45946,44.09,29.0,75.8,3026.8,8.71,190.7,Wetland,Alluvial,1468.6,0,2,1
26.06111,87.28589,6.58,35.8,42.7,6094.1,13.12,87.6,Agricultural,Silt,2306.4,0,7,1
9.96215,76.53425,126.67,30.2,70.4,4817.6,13.95,188.2,Agricultural,Clay,7344.4,1,4,1
28.97543,77.58956,120.49,27.3,70.9,5379.7,14.72,192.0,Urban,Clay,7853.3,0,1,1
19.98589,86.88475,144.41,33.6,88.2,7252.1,18.0,26.6,Forest,Clay,2767.9,1,0,1
17.80062,80.69316,13.96,35.5,20.0,3115.7,5.9,156.0,Agricultural,Alluvial,2046.2,0,6,0
23.18997,74.40093,282.18,35.9,100.0,6647.6,18.0,292.1,Urban,Clay,9353.9,1,1,1
11.32059,76.80731,259.83,35.1,100.0,7470.7,18.0,179.4,Water Body,Loam,5795.2,0,0,1
22.80103,76.46243,0.01,31.3,45.7,1587.9,3.35,114.7,Agricultural,Silt,4920.2,0,3,0
25.51683,73.80046,8.8,22.4,39.5,130.9,0.2,168.8,Agricultural,Alluvial,10711.4,0,6,0
26.87571,92.84431,68.39,28.3,74.1,7167.9,16.7,68.7,Urban,Alluvial,9427.6,0,1,1
25.89091,91.20501,44.29,21.0,66.7,7632.5,16.5,87.4,Water Body,Silt,10432.0,1,3,1
26.81149,73.64182,20.26,34.6,22.1,209.2,1.44,215.2,Urban,Alluvial,4311.6,1,5,0
26.15815,80.78848,103.79,32.5,83.4,8826.9,18.0,37.7,Urban,Alluvial,1960.2,1,1,1
10.76739,76.65865,26.04,32.0,45.6,2380.5,6.21,95.1,Agricultural,Loam,9285.5,1,0,0
17.02146,79.91174,49.47,27.1,62.3,4645.9,12.42,148.8,Agricultural,Clay,7232.7,1,0,1
29.10973,77.45397,85.86,28.6,73.4,4035.6,10.9,225.3,Forest,Alluvial,10210.2,1,0,1
21.52458,73.88715,145.68,22.7,97.5,4885.8,13.42,207.0,Agricultural,Sandy,6537.4,0,2,1
18.29529,80.32551,9.22,30.1,48.0,2984.6,6.69,101.3,Urban,Alluvial,6047.4,1,6,0
16.62259,75.88201,18.21,31.5,49.7,426.5,0.2,551.0,Wetland,Loam,9920.0,0,1,0
15.49768,77.24746,16.29,31.8,58.4,269.1,0.66,525.9,Agricultural,Alluvial,3643.8,0,0,0
10.92164,75.86986,64.74,18.4,51.4,3987.0,9.88,45.3,Agricultural,Clay,3919.1,0,3,1
29.13995,77.36054,41.01,38.3,53.0,2805.6,5.92,230.2,Forest,Alluvial,5468.9,1,7,0
20.34178,84.68779,246.05,24.0,100.0,12277.4,18.0,69.7,Forest,Loam,3638.4,0,0,1
28.99757,77.5279,134.1,33.3,88.9,4934.6,14.12,235.0,Agricultural,Silt,7994.0,1,0,1
27.0396,95.11594,215.95,27.5,100.0,13700.3,18.0,84.5,Forest,Alluvial,5948.0,1,3,1
26.38758,86.79039,152.43,25.2,85.2,9793.7,18.0,82.4,Forest,Clay,4769.7,1,0,1
27.43576,93.77821,18.48,29.1,38.3,5109.3,10.34,113.4,Urban,Alluvial,1680.3,1,1,1
17.72946,80.32482,109.24,17.0,91.4,4115.8,13.61,62.7,Agricultural,Alluvial,10883.4,1,3,1
26.15411,90.26261,709.33,26.1,100.0,34446.7,18.0,130.9,Water Body,Clay,10822.2,0,2,1
17.63616,75.38755,18.52,23.5,42.3,411.9,1.92,527.0,Agricultural,Alluvial,8535.9,0,1,0
18.2105,80.89865,96.81,27.2,57.7,6368.2,17.2,45.3,Urban,Silt,5961.4,1,4,1
26.54554,86.72208,30.49,34.2,51.1,5891.4,14.12,106.8,Urban,Sandy,5566.3,1,6,1
17.34144,80.16308,149.24,30.3,80.4,7404.6,18.0,20.0,Urban,Loam,1332.3,0,1,1
9.61505,75.84448,50.99,24.7,55.0,3152.7,9.17,121.6,Agricultural,Alluvial,7284.0,1,1,1
27.01702,85.6521,68.88,37.4,34.8,7494.0,16.25,106.0,Water Body,Loam,5759.2,1,8,1
28.02624,70.51908,0.27,27.4,20.0,150.3,0.2,163.3,Urban,Alluvial,9934.1,1,2,0
25.91801,88.1845,198.23,31.5,100.0,10137.9,18.0,114.4,Forest,Clay,2048.7,1,1,1
19.99304,86.88158,51.01,34.5,78.3,4510.0,10.82,22.2,Water Body,Sandy,11539.6,0,1,1
20.62798,86.71106,121.44,24.3,75.9,7267.1,17.25,58.2,Agricultural,Clay,8610.4,1,1,1
17.42344,76.82131,17.49,30.5,57.9,432.0,2.02,703.8,Urban,Silt,4837.2,1,4,0
17.86898,80.26316,10.07,27.1,42.5,3567.2,7.19,114.2,Agricultural,Silt,8015.4,1,1,0
25.62466,93.7268,63.98,27.2,44.1,7204.3,16.83,108.3,Agricultural,Alluvial,11338.2,0,2,1
20.50787,86.57686,13.84,33.9,40.2,4921.0,10.61,60.2,Agricultural,Loam,8591.4,1,2,1
23.14115,74.3006,23.23,40.6,64.5,2334.6,4.92,196.2,Forest,Loam,1451.6,0,3,0
20.95192,84.64166,178.17,31.9,100.0,9217.6,18.0,38.4,Agricultural,Sandy,8460.3,1,2,1
9.83959,76.85714,313.1,29.7,100.0,7567.1,18.0,197.7,Forest,Alluvial,10147.8,1,1,1
28.61383,76.89414,87.96,24.2,77.3,4310.7,10.94,205.1,Forest,Clay,10176.5,1,1,1
11.32046,75.94525,4.09,20.7,44.3,1716.5,4.06,195.3,Urban,Clay,1143.7,0,3,0
29.23982,77.32884,50.83,27.6,63.2,2987.9,7.37,220.6,Water Body,Clay,4435.6,1,6,1
20.37591,84.59991,87.42,29.7,77.3,4836.1,13.73,45.6,Urban,Clay,7344.6,1,5,1
9.75481,76.42183,29.5,21.0,62.4,1804.6,5.33,117.5,Agricultural,Loam,11769.8,1,2,0
22.23741,75.21141,55.58,28.4,64.6,2717.3,7.72,107.4,Agricultural,Clay,8731.6,1,2,1
26.89885,72.44087,9.65,21.1,52.8,168.7,1.03,334.2,Urban,Clay,4620.8,0,2,0
26.06508,83.99804,3.15,31.5,25.3,3577.4,8.1,92.2,Agricultural,Clay,7618.9,0,5,0
15.82736,76.23784,19.34,38.9,47.1,405.9,1.55,457.7,Urban,Sandy,3369.2,0,2,0
21.19226,86.27819,189.73,33.4,89.5,9475.2,18.0,79.2,Urban,Silt,11546.1,0,1,1
16.14385,76.09889,13.17,26.2,41.2,518.9,2.27,710.2,Agricultural,Silt,9583.7,1,1,0
29.11884,77.17106,72.79,35.3,61.9,3993.3,9.92,214.7,Urban,Sandy,4042.8,1,2,1
15.17633,77.38941,14.98,31.9,39.1,425.8,2.13,581.8,Agricultural,Loam,3822.8,0,1,0
22.91597,76.06377,4.18,28.9,40.8,2390.6,4.92,92.4,Water Body,Silt,4211.3,0,8,0
28.57352,77.50478,9.92,32.1,28.4,2084.2,4.02,208.7,Forest,Silt,8704.1,1,6,0
25.79458,83.47961,19.66,29.1,32.6,4383.0,9.97,67.6,Urban,Loam,3776.8,0,1,1
27.6183,71.6794,0.52,24.5,30.9,119.1,0.2,280.5,Forest,Loam,2122.2,1,1,0
15.49134,76.6866,0.62,34.8,57.2,362.9,0.2,641.6,Agricultural,Alluvial,10291.6,0,0,0
18.4724,81.09025,34.0,26.3,68.5,4390.1,10.27,150.3,Urban,Clay,6721.3,0,1,1
29.2143,77.47505,55.36,24.2,57.5,3498.9,9.53,206.3,Water Body,Silt,1325.4,0,0,1
25.66295,86.29266,18.91,22.6,41.7,2448.6,4.45,74.6,Urban,Sandy,7403.3,1,2,0
23.14862,75.24203,43.36,25.2,60.1,2649.1,7.32,186.2,Water Body,Silt,6862.5,1,3,0
29.39459,77.40047,4.08,36.0,45.9,3712.8,7.49,226.6,Water Body,Alluvial,1539.7,1,5,0
26.33995,87.16571,7.77,26.0,49.3,3564.1,6.27,93.1,Agricultural,Alluvial,2363.4,0,0,0
26.74601,82.4794,15.82,30.9,52.0,5406.2,11.61,108.4,Agricultural,Alluvial,2221.7,0,2,1
29.01543,77.60761,24.75,28.1,44.7,3235.7,7.23,228.7,Water Body,Loam,679.7,0,3,0
16.37675,76.70578,23.48,33.6,60.4,458.5,3.47,501.9,Forest,Loam,11611.2,1,4,0
16.64292,77.03164,4.5,29.1,43.0,403.4,0.84,536.5,Urban,Loam,1643.5,1,0,0
17.19932,80.52376,221.46,25.4,100.0,8652.1,18.0,178.4,Urban,Alluvial,5141.2,0,2,1
18.80794,75.61522,30.26,34.2,45.4,406.1,3.02,548.6,Urban,Loam,11744.4,0,0,0
19.97384,84.6959,7.88,29.8,31.1,3002.6,7.42,78.7,Agricultural,Loam,6262.9,0,0,0
29.23176,77.5631,103.27,29.4,88.0,4771.2,11.8,227.0,Agricultural,Alluvial,7396.3,1,5,1
25.6678,94.11162,21.2,36.1,56.8,4934.1,10.49,68.1,Water Body,Loam,3551.3,1,0,1
17.26944,76.1965,29.99,32.1,30.1,466.7,0.63,522.9,Urban,Loam,5336.8,0,0,0
26.80379,92.57279,72.84,36.3,58.6,8508.9,18.0,99.1,Forest,Silt,4249.8,1,7,1
26.94356,91.96986,39.94,29.8,38.5,7706.1,16.95,127.1,Agricultural,Silt,4011.3,1,1,1
22.95782,74.57994,19.95,25.1,57.6,2748.5,6.97,268.8,Agricultural,Clay,5083.7,1,1,0
9.70021,76.6182,267.39,36.8,100.0,6814.2,18.0,35.6,Forest,Clay,11846.2,1,5,1
26.14665,94.36503,125.25,28.3,100.0,10561.8,18.0,42.4,Water Body,Sandy,9054.8,0,5,1
28.30536,70.59259,6.33,33.4,56.5,142.8,0.2,292.4,Forest,Alluvial,5907.0,0,3,0
9.21244,76.04889,167.21,23.4,97.5,5090.5,14.4,46.8,Urban,Clay,8265.5,1,3,1
26.85457,93.96035,202.8,29.0,100.0,13797.9,18.0,68.5,Urban,Alluvial,1414.8,1,1,1
25.99521,73.11298,18.46,31.1,57.3,183.4,0.2,192.1,Agricultural,Alluvial,7079.4,0,0,0
10.09013,76.60797,116.3,19.9,64.3,3896.7,12.39,29.5,Forest,Sandy,6953.9,0,1,1
10.81379,76.72432,22.26,28.1,25.6,2362.1,3.73,25.9,Urban,Loam,1046.5,0,1,0
17.29794,82.19196,13.08,22.8,51.6,2904.6,5.94,85.3,Agricultural,Alluvial,9494.6,0,6,0
18.45729,75.49227,4.81,26.5,45.7,543.5,1.82,783.7,Water Body,Loam,11112.4,1,3,0
9.2239,76.63236,22.93,27.6,55.3,2836.4,5.64,175.3,Wetland,Alluvial,3191.9,1,5,0
14.55942,75.9123,46.66,27.7,52.1,724.6,2.64,764.8,Forest,Clay,7266.4,0,2,0
27.63952,74.07007,2.45,31.3,39.0,262.9,0.25,218.7,Water Body,Silt,6523.8,0,1,0
27.62909,73.34673,25.47,28.4,51.0,183.6,0.71,278.5,Forest,Loam,3503.1,1,1,0
26.58468,89.85923,11.87,31.0,39.3,4877.7,11.2,57.8,Agricultural,Alluvial,934.1,0,2,1
20.43703,85.30506,402.51,31.2,100.0,15120.1,18.0,84.5,Urban,Sandy,5651.7,0,1,1
18.26837,80.25223,7.97,36.2,20.0,2696.8,4.07,112.3,Water Body,Clay,10039.5,0,8,0
26.84685,94.30236,24.31,36.6,32.5,6840.6,13.46,129.5,Agricultural,Clay,1653.6,0,5,1
26.1509,83.47777,50.75,31.7,52.1,7874.5,17.84,42.3,Wetland,Clay,7807.6,1,4,1
26.40969,86.30716,43.85,27.1,58.5,5108.9,12.22,102.8,Agricultural,Silt,7789.0,0,1,1
10.18481,76.54445,34.28,35.6,60.0,2516.3,6.41,108.3,Urban,Sandy,7636.2,1,0,0
26.46259,93.61292,52.06,22.7,62.0,8419.7,18.0,107.8,Forest,Clay,1700.2,1,1,1
29.39569,77.44179,21.42,30.9,45.6,2916.9,8.23,209.9,Urban,Silt,2768.7,0,1,0
15.99495,75.56757,23.58,35.3,53.3,386.8,0.2,456.4,Agricultural,Alluvial,6097.2,0,2,0
14.64523,75.24481,2.83,27.5,20.4,431.6,1.27,722.2,Forest,Loam,762.5,0,1,0
9.76345,75.80512,42.12,29.8,55.0,3596.0,7.13,177.3,Agricultural,Alluvial,5323.9,0,6,1
25.83245,74.15754,16.15,31.4,41.2,222.4,2.07,205.5,Urban,Clay,6488.9,0,6,0
10.03612,76.18269,124.13,25.4,97.3,3414.3,12.08,98.9,Forest,Alluvial,3380.3,0,6,1
18.26142,75.53312,3.4,32.3,29.1,307.2,0.2,625.6,Agricultural,Clay,7117.3,1,1,0
25.88595,73.3059,17.02,28.7,35.8,104.2,0.2,334.7,Agricultural,Clay,471.6,0,1,0
17.19515,76.77121,28.61,23.2,48.0,726.8,2.0,694.4,Forest,Alluvial,1153.4,1,1,0
28.15327,71.01783,4.56,27.4,57.6,102.8,1.7,216.1,Agricultural,Alluvial,4738.7,1,3,0
22.50261,74.26719,44.44,25.7,59.6,2588.6,6.69,77.7,Urban,Alluvial,2367.0,0,4,0
9.80796,76.4286,182.12,28.0,100.0,5153.5,15.33,111.3,Agricultural,Alluvial,10395.7,1,6,1
11.48298,76.79859,21.89,34.8,43.3,1228.7,3.05,140.8,Urban,Alluvial,5030.5,0,0,0
20.65483,84.94804,51.54,30.1,49.2,4470.0,10.54,62.9,Wetland,Clay,5941.6,1,7,1
17.54212,75.78959,13.8,27.2,45.9,509.9,0.6,645.3,Agricultural,Sandy,10090.7,0,3,0
16.54785,76.7815,13.25,31.1,38.6,533.3,1.05,667.9,Forest,Clay,871.0,0,6,0
28.49991,72.88115,1.42,33.7,37.1,155.3,1.37,275.7,Water Body,Alluvial,8035.0,0,3,0
27.44862,73.96048,12.79,33.2,39.6,185.0,2.0,311.5,Urban,Clay,9748.9,0,6,0
14.64347,75.11462,9.22,32.4,39.4,531.4,1.34,705.8,Water Body,Alluvial,11366.2,0,7,0
23.02847,74.62162,34.07,25.2,48.9,2457.8,5.97,213.1,Forest,Clay,10010.4,0,3,0
21.22607,85.39468,52.98,29.5,73.3,4804.3,11.43,67.2,Agricultural,Clay,7475.7,1,6,1
21.87338,77.62948,58.4,30.7,65.7,1968.8,5.92,83.0,Agricultural,Sandy,2739.7,1,0,0
26.00196,84.63231,266.53,29.7,100.0,12557.5,18.0,33.3,Forest,Loam,2189.7,1,4,1
10.75363,76.20324,100.67,27.2,77.2,2834.0,10.34,101.5,Urban,Alluvial,10653.1,1,0,1
27.66158,94.97563,16.46,36.8,42.0,5084.3,11.09,103.8,Forest,Loam,1308.2,1,1,1
28.40238,70.6744,1.58,21.3,33.7,147.9,1.46,168.8,Agricultural,Loam,4598.8,0,4,0
21.28132,85.78483,119.14,29.7,72.5,7044.1,17.79,83.3,Agricultural,Loam,6682.3,0,1,1
9.64227,75.89571,60.13,20.9,67.4,3306.2,7.62,129.2,Urban,Clay,5997.9,1,4,1
23.05049,78.00181,124.64,31.8,61.9,4001.0,11.55,162.2,Forest,Loam,8969.6,1,4,1
27.34164,94.0958,106.33,18.4,77.5,9631.2,18.0,133.2,Water Body,Clay,11067.4,0,3,1
16.21936,75.73827,2.76,27.6,34.0,237.9,1.67,754.7,Forest,Alluvial,3432.8,1,1,0
27.55231,95.46493,139.18,30.6,92.7,9798.1,18.0,146.6,Forest,Alluvial,5627.5,0,6,1
18.33207,80.25577,10.07,27.4,38.0,3842.4,8.3,128.3,Urban,Silt,10175.5,1,2,0
22.38442,73.6769,61.16,31.3,55.8,2754.9,9.15,126.1,Water Body,Clay,3126.9,1,3,1
27.15257,74.06419,26.85,28.3,48.3,186.2,0.75,162.1,Agricultural,Alluvial,11801.3,1,5,0
22.10173,76.26579,75.31,27.4,46.2,3275.5,9.39,167.5,Urban,Silt,7232.6,1,1,1
27.94296,73.6441,29.15,31.6,46.2,183.6,0.25,152.8,Forest,Loam,5224.7,1,2,0
10.58858,76.58554,177.35,31.6,100.0,4813.0,15.94,177.2,Urban,Alluvial,11338.5,1,4,1
10.25897,75.84376,230.08,26.7,100.0,6611.5,18.0,178.9,Urban,Clay,7028.0,0,1,1
25.79216,86.31848,147.1,32.0,78.5,8271.2,18.0,46.6,Urban,Sandy,1858.0,1,3,1
22.70616,76.44144,50.85,20.8,64.5,3440.0,9.23,179.6,Agricultural,Loam,7180.2,0,6,1
10.22061,76.74341,10.46,31.6,59.2,3082.5,7.37,14.7,Wetland,Loam,7910.7,1,5,0
29.1932,77.43289,2.04,36.6,58.9,2205.3,5.2,230.8,Urban,Alluvial,493.6,1,5,0
26.56141,70.90197,0.08,34.4,40.2,230.9,1.3,227.5,Urban,Silt,4866.0,1,0,0
14.93117,75.71671,14.97,28.6,69.0,339.9,2.32,515.7,Urban,Sandy,9905.2,0,2,0
18.85512,77.40841,1.54,33.4,38.3,199.2,0.4,529.4,Agricultural,Clay,8980.6,1,7,0
17.36997,76.99599,12.52,32.7,49.4,542.8,0.2,580.6,Wetland,Alluvial,5599.5,1,0,0
25.61915,82.32858,3.43,26.5,30.8,4652.1,9.72,86.3,Forest,Alluvial,6958.7,0,1,1
27.61337,72.71652,7.62,25.1,37.6,212.4,0.2,271.8,Forest,Clay,7882.0,0,5,0
21.5037,76.56734,7.52,36.5,38.0,1885.8,4.35,146.1,Agricultural,Silt,4274.4,0,1,0
9.95721,76.3111,333.12,32.2,100.0,8099.9,18.0,171.0,Wetland,Clay,2556.5,1,4,1
17.78541,80.97771,117.89,27.4,80.4,5436.7,15.1,75.5,Forest,Clay,9866.4,1,1,1
20.01121,86.17791,1.91,31.7,38.8,2549.0,4.59,74.0,Urban,Alluvial,10798.6,1,7,0
9.47527,76.71915,36.21,33.6,44.0,2201.7,4.25,89.3,Agricultural,Alluvial,8441.4,1,1,0
10.41252,75.82101,41.28,31.9,53.7,2824.5,7.5,104.4,Agricultural,Alluvial,4656.7,0,4,1
26.45665,91.43795,238.34,28.3,100.0,14334.6,18.0,99.4,Urban,Silt,3472.1,0,5,1
28.89461,76.93463,8.94,38.2,39.0,1867.9,4.34,192.7,Forest,Clay,5791.0,1,1,0
28.36696,76.90175,14.75,30.6,20.6,3004.6,6.21,236.6,Water Body,Alluvial,1467.5,0,2,0
25.88833,86.56963,18.65,34.9,37.3,3045.8,6.34,67.9,Agricultural,Clay,3838.0,1,4,0
27.99203,73.16568,6.38,26.2,42.2,127.9,0.2,308.2,Forest,Clay,7450.9,1,0,0
20.6149,84.97303,15.44,31.6,63.4,2461.0,6.22,50.1,Urban,Loam,4731.9,1,0,0
29.43409,77.76487,88.12,32.2,58.9,3790.5,11.27,191.4,Agricultural,Loam,6141.3,0,0,1
20.81689,86.20482,109.67,31.3,76.2,6770.1,16.62,51.7,Urban,Clay,3388.0,1,0,1
10.48146,75.87099,201.78,24.7,100.0,5593.8,17.18,128.1,Agricultural,Clay,6115.3,0,3,1
17.86742,77.10516,14.18,32.8,68.3,597.5,0.6,528.4,Urban,Clay,6578.3,0,2,0
25.44117,85.46689,91.74,27.2,91.3,5901.8,14.56,115.0,Agricultural,Clay,4407.2,0,2,1
21.05503,85.30314,7.39,33.7,62.6,4517.5,10.13,78.5,Forest,Alluvial,7618.7,1,7,1
22.37769,78.21939,34.05,19.7,43.1,2550.9,6.0,179.1,Agricultural,Clay,630.7,0,3,0
26.72689,71.1599,27.61,38.9,67.2,254.3,1.26,173.2,Wetland,Loam,8265.4,1,3,0
28.79234,77.22758,37.03,25.6,53.2,3334.9,7.91,193.7,Wetland,Clay,6375.1,0,9,1
26.00215,72.71319,11.93,31.3,54.0,143.6,0.2,264.4,Water Body,Loam,2330.4,0,4,0
16.73962,80.96097,134.74,28.5,80.0,5587.4,15.92,106.1,Agricultural,Alluvial,4844.6,0,2,1
18.57235,75.68878,55.76,37.3,41.1,527.4,2.21,773.5,Forest,Loam,2338.9,1,3,0
10.77234,75.92392,22.21,28.5,44.0,2504.9,4.94,99.0,Forest,Alluvial,685.5,1,0,0
28.84296,77.61864,90.35,32.7,60.2,3760.3,9.98,231.9,Agricultural,Loam,1015.4,0,4,1
26.06771,92.65939,44.51,28.2,34.8,4488.1,9.78,58.2,Urban,Clay,10262.4,1,4,1
16.53472,80.79868,43.14,27.2,28.5,4510.6,10.89,139.4,Urban,Silt,11467.0,1,4,1
18.16017,81.11146,69.96,31.0,72.6,4309.8,9.78,112.7,Wetland,Clay,11283.6,1,3,1
10.90948,76.25244,410.32,34.9,100.0,10029.9,18.0,111.0,Water Body,Alluvial,9920.9,0,5,1
28.00198,74.07937,8.5,25.8,53.3,161.1,0.43,269.5,Agricultural,Alluvial,4847.0,0,1,0
19.97079,86.12839,146.41,27.7,80.9,7179.1,18.0,33.6,Urban,Clay,11908.0,1,3,1
18.37981,81.97112,108.76,24.6,62.3,5510.1,14.62,170.6,Agricultural,Alluvial,9428.6,0,3,1
26.35525,74.36591,20.5,33.2,42.1,159.0,1.34,166.9,Agricultural,Alluvial,4525.9,0,5,0
18.15816,80.39858,50.8,38.0,62.8,4740.5,10.46,168.4,Agricultural,Clay,8226.6,0,1,1
11.32096,76.4894,517.97,32.5,100.0,12398.2,18.0,164.1,Urban,Loam,10025.7,0,3,1
16.85011,79.91621,61.98,34.0,58.3,3679.4,8.55,66.0,Urban,Alluvial,6087.6,1,2,1
9.68133,76.78889,282.21,31.1,100.0,6708.2,18.0,14.1,Forest,Sandy,7040.4,0,0,1
16.40608,76.90554,6.05,26.6,51.2,313.8,0.37,772.5,Agricultural,Silt,6525.4,0,1,0
21.50738,74.92391,100.36,33.8,58.9,4008.7,10.48,223.8,Forest,Alluvial,8115.0,0,1,1
22.9317,74.98081,58.12,37.5,46.2,3358.2,8.39,292.2,Agricultural,Silt,6313.8,1,9,1
17.89448,79.87496,58.99,31.0,90.3,4061.3,10.01,154.2,Agricultural,Alluvial,10535.3,1,4,1
21.04149,84.94312,94.0,27.3,91.8,6028.2,17.02,57.4,Wetland,Clay,2831.3,1,2,1
22.88766,76.92908,115.28,28.0,90.3,4065.8,11.63,216.4,Urban,Sandy,665.4,1,3,1
27.32495,73.14251,11.33,31.5,51.3,176.8,1.68,254.1,Wetland,Clay,2450.2,1,2,0
19.98643,84.67964,65.47,31.1,64.3,6220.2,14.02,41.2,Agricultural,Alluvial,7537.5,1,0,1
17.2538,79.60774,30.8,28.7,41.5,3726.3,7.82,153.5,Agricultural,Alluvial,11425.5,0,3,0
17.22363,77.39431,50.77,32.6,32.2,525.6,2.43,745.3,Urban,Alluvial,1267.0,0,7,0
26.37928,91.94951,229.9,23.7,100.0,15263.2,18.0,66.2,Agricultural,Loam,5176.3,0,7,1
20.93224,86.72734,291.19,26.5,100.0,11653.0,18.0,19.9,Urban,Silt,1667.9,0,4,1
9.40294,76.08933,59.97,27.7,56.2,2945.8,7.8,79.7,Agricultural,Alluvial,8560.1,0,1,1
26.42193,89.8998,45.09,28.4,57.0,7427.1,17.13,88.1,Urban,Alluvial,10165.3,0,0,1
28.4217,73.64297,5.27,25.1,35.5,211.7,0.5,304.8,Agricultural,Silt,6720.0,1,4,0
26.46398,86.26226,6.79,19.5,41.8,3060.7,6.76,72.9,Agricultural,Sandy,1430.9,1,0,0
28.51997,77.02871,13.97,32.9,66.4,1775.7,5.03,204.1,Forest,Alluvial,7025.2,0,2,0
14.85946,75.44592,0.25,35.2,46.4,360.3,0.39,679.7,Urban,Clay,7993.2,1,2,0
29.38461,77.68511,35.66,30.2,66.8,3149.1,7.74,199.4,Water Body,Alluvial,2084.5,0,7,1
14.84092,75.66813,33.17,33.0,64.9,589.4,1.29,573.0,Urban,Alluvial,511.1,1,3,0
16.86812,81.79893,15.86,34.2,42.5,2210.0,3.69,36.2,Urban,Loam,3224.2,1,1,0
10.26109,76.70544,53.54,29.8,58.8,3238.7,9.41,132.3,Water Body,Clay,11420.7,1,1,1
10.92,75.8214,35.71,26.2,78.2,3369.7,8.51,86.2,Water Body,Clay,8368.3,0,2,1
10.77614,75.94774,34.92,31.8,50.5,2010.5,5.85,38.8,Urban,Loam,7653.7,1,1,0
25.94134,82.21201,32.83,31.0,38.2,5161.8,11.39,99.6,Urban,Alluvial,782.6,1,0,1
18.85027,75.91416,28.35,23.8,64.5,525.4,3.85,739.5,Agricultural,Sandy,6251.0,0,3,0
20.78425,86.42466,6.26,27.3,44.1,3064.5,5.8,54.3,Forest,Sandy,1766.7,0,2,0
26.63531,71.78644,3.62,21.5,29.4,141.8,1.64,262.2,Agricultural,Alluvial,9063.6,1,6,0
26.96513,88.40437,67.29,34.3,66.8,6456.4,15.68,107.6,Urban,Alluvial,1737.7,1,2,1
25.36602,80.69402,56.01,31.6,47.6,6031.0,13.27,65.8,Urban,Alluvial,4959.7,0,1,1
16.24725,76.82303,39.39,31.5,61.8,650.0,2.18,476.2,Urban,Alluvial,921.5,1,1,0
28.5544,77.70757,180.09,34.0,100.0,6089.3,18.0,235.2,Agricultural,Loam,3884.2,1,0,1
27.62808,74.24994,10.49,27.3,54.7,159.2,0.2,265.3,Urban,Silt,11516.2,0,1,0
20.77469,86.80827,180.47,26.5,100.0,7198.1,18.0,75.2,Agricultural,Alluvial,2864.1,1,3,1
19.8682,84.93686,18.81,28.5,36.7,4714.2,10.7,39.0,Agricultural,Clay,9163.5,0,4,1
17.68643,81.69484,82.27,30.0,72.7,4646.4,12.71,103.4,Water Body,Loam,10492.6,0,3,1
26.70664,71.17428,7.07,27.6,28.1,186.5,0.2,275.9,Agricultural,Silt,564.3,0,3,0
9.69644,76.16016,94.94,23.2,80.6,3696.1,9.69,14.2,Urban,Alluvial,3352.8,0,2,1
9.21455,76.33077,111.68,34.4,80.2,4052.4,11.14,108.8,Forest,Clay,3076.4,0,2,1
28.99194,77.37395,43.5,38.0,47.0,2222.8,5.48,212.0,Agricultural,Alluvial,4389.3,1,2,0
28.69988,76.90583,36.72,26.7,61.2,2130.5,6.2,235.2,Agricultural,Silt,3278.1,0,5,0
20.25309,85.40185,18.8,32.8,47.3,3310.0,7.31,66.1,Agricultural,Alluvial,3672.6,1,0,0
26.10155,73.65272,5.32,32.0,25.5,143.0,0.55,224.5,Agricultural,Alluvial,3957.0,1,6,0
26.08444,92.19463,120.41,28.2,100.0,10249.6,18.0,125.6,Wetland,Clay,7962.7,1,5,1
25.27895,73.33413,9.76,33.4,42.1,194.1,0.8,241.8,Agricultural,Alluvial,4523.1,1,2,0
17.99187,76.90219,13.15,32.1,33.5,413.9,0.41,686.8,Urban,Alluvial,9269.7,1,5,0
10.91286,76.39918,68.68,30.0,78.4,2660.2,7.26,83.2,Agricultural,Alluvial,11484.7,1,0,1
20.29664,85.02505,22.3,30.0,54.6,4015.0,9.52,72.7,Forest,Loam,10041.9,1,3,1
20.88063,85.81311,162.33,27.6,97.6,7367.8,18.0,72.5,Agricultural,Loam,1171.0,0,2,1
27.25842,95.1321,15.72,34.1,51.9,5968.4,13.18,45.8,Water Body,Alluvial,1644.6,1,5,1
26.48157,87.19154,32.67,28.6,75.9,5762.9,12.38,73.7,Agricultural,Alluvial,7607.9,1,6,1
28.62407,77.01435,77.82,25.7,65.3,4842.8,13.22,239.9,Water Body,Alluvial,11784.6,0,1,1
28.26476,72.61894,10.29,28.5,48.7,174.8,2.18,310.4,Agricultural,Alluvial,5994.4,1,3,0
20.02455,85.63574,328.67,23.3,100.0,14602.3,18.0,70.4,Urban,Silt,10020.1,1,3,1
18.08677,74.84465,3.55,27.4,60.0,566.1,1.45,492.9,Agricultural,Loam,5530.7,0,1,0
19.83433,86.7978,15.35,28.0,39.5,4827.5,11.38,69.3,Agricultural,Clay,2857.9,0,2,1
29.07809,77.43414,48.3,25.1,60.7,3467.3,8.34,207.9,Agricultural,Silt,3311.5,0,2,1
9.58583,76.6485,37.63,31.5,53.2,3597.8,7.83,119.3,Urban,Sandy,7853.8,1,1,1
25.88463,74.14662,34.35,30.0,51.8,261.4,1.86,168.4,Urban,Clay,8954.5,1,1,0
16.72108,75.07983,32.91,26.3,30.4,683.0,2.92,605.1,Forest,Loam,8826.8,0,2,0
9.41635,75.81325,149.5,31.9,90.8,4724.4,15.05,164.8,Forest,Loam,9812.8,1,1,1
19.85477,85.81191,65.13,27.8,66.4,6072.6,14.54,84.3,Agricultural,Clay,1351.4,0,2,1
17.66491,81.75313,35.98,24.9,43.7,4294.0,10.99,126.4,Agricultural,Alluvial,2624.9,1,1,1
28.25979,72.65553,9.66,31.7,40.1,188.8,1.45,242.4,Agricultural,Sandy,3853.4,0,1,0
19.16865,75.20758,6.98,33.5,61.7,308.4,1.35,478.6,Urban,Clay,1512.0,0,0,0
25.67201,82.11995,38.39,31.3,43.1,4774.6,11.44,83.6,Urban,Alluvial,6523.7,1,1,1
25.6171,71.50861,4.47,27.1,42.4,104.8,0.2,199.0,Forest,Sandy,6404.8,0,2,0
27.23289,90.40126,17.6,29.0,69.6,6405.5,14.02,133.7,Water Body,Silt,10227.8,0,6,1
21.22625,86.87406,43.98,34.1,56.9,4224.1,10.19,23.1,Forest,Clay,10379.2,0,3,1
17.29486,76.9053,10.0,22.5,48.0,585.1,1.19,536.4,Water Body,Alluvial,8079.9,0,0,0
25.33851,81.1313,58.57,31.7,73.6,5152.9,13.13,95.7,Agricultural,Loam,2721.0,1,2,1
27.19662,86.58877,97.87,26.7,71.1,9330.9,18.0,51.8,Urban,Clay,6372.4,1,1,1
21.47248,85.64349,295.73,28.3,100.0,12045.4,18.0,20.9,Agricultural,Alluvial,8205.9,0,1,1
22.4224,74.20965,128.71,25.3,78.2,3807.0,12.36,241.1,Urban,Loam,3181.1,0,8,1
21.04713,86.64098,122.85,36.1,78.9,7036.1,17.11,26.4,Wetland,Alluvial,7694.9,0,4,1
17.38198,79.7465,18.24,20.1,53.8,3027.8,6.72,173.2,Urban,Alluvial,7333.3,0,8,0
27.07418,84.56475,253.38,30.6,100.0,14425.3,18.0,80.5,Water Body,Alluvial,5142.4,1,0,1
16.65623,75.17957,2.18,37.5,56.6,289.3,1.88,709.6,Agricultural,Clay,3111.9,1,3,0
17.34733,75.24344,1.38,32.1,27.6,294.7,0.2,533.3,Urban,Clay,4368.9,1,4,0
16.87534,79.50249,15.96,24.8,40.6,2078.2,5.11,63.2,Water Body,Alluvial,2846.1,0,4,0
20.82776,85.44425,136.43,26.0,57.5,8177.5,18.0,60.5,Forest,Alluvial,1842.7,1,5,1
19.91085,85.12258,10.37,24.5,45.9,3660.9,7.57,47.3,Wetland,Clay,7587.9,1,3,0
9.337,76.57643,46.33,29.0,56.5,2889.3,8.79,82.8,Forest,Loam,8022.9,1,2,1
20.68326,85.97875,65.2,31.7,63.6,5356.4,12.71,41.0,Urban,Alluvial,2247.5,0,2,1
22.84721,77.40975,4.99,17.8,41.9,1081.4,2.74,73.9,Agricultural,Alluvial,2664.4,1,3,0
18.00887,81.92687,14.58,28.6,40.9,4204.6,9.19,62.7,Water Body,Clay,2561.3,1,0,1
25.00774,81.64735,118.89,35.3,65.3,7615.5,18.0,110.8,Forest,Loam,10635.2,1,3,1
19.28974,75.32816,33.23,32.5,59.8,580.6,0.2,790.1,Wetland,Clay,886.6,1,3,0
17.0097,80.37096,48.64,21.6,44.9,3521.8,8.67,99.7,Forest,Loam,3638.9,0,0,1
19.03311,74.92141,19.96,31.0,53.6,450.7,2.06,574.6,Water Body,Clay,7755.6,0,2,0
18.22773,75.60952,11.6,31.7,41.4,422.0,1.82,545.3,Agricultural,Loam,3060.8,1,0,0
28.31019,71.64001,58.81,33.8,46.6,248.9,1.23,181.1,Agricultural,Sandy,5420.5,1,7,0
19.97282,86.50237,85.83,23.0,49.9,6146.8,14.22,41.7,Agricultural,Alluvial,6684.1,1,4,1
27.60699,93.07929,87.23,31.5,62.7,8323.0,18.0,54.9,Agricultural,Clay,3709.5,1,3,1
25.84676,84.6505,29.49,28.2,51.6,5948.0,11.83,58.9,Urban,Clay,3905.1,1,1,1
22.27162,76.32578,15.03,30.2,57.8,1897.8,4.46,275.4,Forest,Alluvial,9740.7,1,1,0
21.10061,86.86565,99.52,36.0,86.0,6259.4,16.51,40.5,Wetland,Alluvial,11970.1,1,4,1
19.08154,75.6455,7.18,28.9,61.1,555.1,1.46,546.2,Water Body,Alluvial,6777.3,0,5,0
20.91958,84.5716,30.13,27.3,50.3,4992.4,12.63,48.8,Urban,Loam,10656.8,0,5,1
24.83229,80.84105,186.24,28.0,100.0,11126.5,18.0,91.0,Forest,Alluvial,8705.6,1,3,1
27.54162,71.30509,0.25,35.3,33.6,193.2,0.2,269.0,Wetland,Loam,2082.0,0,0,0
19.97783,85.93297,112.21,28.3,99.9,6965.4,17.03,26.8,Agricultural,Sandy,6353.2,0,3,1
25.42759,83.8283,62.41,22.3,61.6,5446.0,13.25,46.6,Urban,Clay,5154.0,0,1,1
26.41208,74.11841,13.84,27.3,33.6,187.4,0.69,194.9,Agricultural,Loam,7388.6,0,7,0
11.09128,76.59698,15.8,24.1,44.4,2095.6,4.98,34.3,Urban,Sandy,9783.7,1,0,0
16.58693,81.3198,50.16,27.0,44.8,4714.7,11.96,87.3,Forest,Clay,11449.3,1,2,1
26.76076,91.59487,25.39,33.1,43.3,7010.6,14.27,97.6,Urban,Loam,8576.2,1,1,1
26.36917,81.1303,41.8,30.8,41.7,7325.3,16.47,34.6,Water Body,Clay,909.0,1,5,1
28.61291,77.23843,47.54,21.8,54.4,3967.4,10.12,220.5,Urban,Alluvial,2176.2,0,2,1
20.31385,85.67888,3.59,21.2,21.6,3164.8,7.25,59.3,Water Body,Alluvial,6079.9,1,1,0
9.65711,76.81382,596.24,32.8,100.0,13012.9,18.0,136.0,Wetland,Alluvial,697.8,1,1,1
27.32859,91.14919,76.43,25.3,51.3,7536.3,16.8,49.5,Forest,Clay,9999.5,1,1,1
25.05057,81.09582,183.62,33.1,100.0,11319.8,18.0,75.6,Urban,Clay,11823.0,1,3,1
10.95394,76.70269,145.95,29.3,100.0,4656.4,14.3,66.9,Wetland,Loam,6341.6,0,5,1
21.22166,85.8163,90.82,26.9,79.0,4814.9,11.58,22.1,Water Body,Clay,5587.2,1,0,1
25.24,81.24282,107.87,35.8,54.8,6941.9,16.35,55.1,Agricultural,Alluvial,9882.3,1,0,1
16.51158,81.06512,73.16,24.4,62.0,5148.7,12.74,133.7,Agricultural,Alluvial,1479.4,1,4,1
25.53426,95.04509,4.62,36.0,34.6,6459.8,12.79,78.7,Agricultural,Alluvial,2753.8,0,0,1
26.98192,84.3631,78.24,28.9,92.0,6349.3,15.67,58.6,Agricultural,Loam,3261.5,0,7,1
25.6467,94.22032,52.91,29.0,44.0,5624.3,11.82,123.3,Agricultural,Alluvial,9577.4,1,5,1
9.49793,76.69215,18.94,21.6,43.8,2050.2,4.62,101.9,Wetland,Loam,3351.2,0,5,0
26.42298,93.44516,2.36,28.6,41.7,7314.7,13.84,92.1,Forest,Clay,8932.4,0,3,1
20.51147,85.0221,84.18,31.0,78.8,7704.3,18.0,36.8,Agricultural,Sandy,9866.7,1,2,1
29.47462,76.91448,46.34,32.7,55.8,4360.3,10.72,197.1,Agricultural,Loam,8645.6,0,0,1
22.27785,78.17909,28.01,23.2,54.1,2027.8,5.21,247.1,Water Body,Alluvial,3139.9,0,0,0
27.81671,73.39051,6.47,29.1,40.8,173.6,1.27,273.9,Water Body,Silt,9111.0,1,7,0
29.25999,76.8864,56.95,24.4,72.9,3300.0,8.02,202.0,Forest,Silt,10989.7,0,2,1
10.84326,75.9613,17.11,28.6,53.3,2276.0,4.66,21.6,Urban,Alluvial,9197.3,0,7,0
19.37216,75.8098,6.65,36.7,28.6,391.2,1.25,508.3,Forest,Alluvial,10806.7,0,1,0
26.57963,91.2797,22.91,30.3,69.0,5553.2,12.35,57.7,Urban,Alluvial,7459.4,1,4,1
20.52434,84.92874,194.91,30.1,78.9,9475.5,18.0,69.5,Wetland,Alluvial,10401.8,1,0,1
21.44058,85.41985,14.44,24.5,52.1,4291.5,8.49,81.8,Agricultural,Alluvial,5205.2,0,3,0
26.82141,82.63674,30.08,25.6,53.8,2970.5,6.72,65.4,Water Body,Alluvial,10024.5,0,0,0
26.28139,89.90289,155.16,26.8,80.9,9448.5,18.0,133.7,Forest,Loam,9299.0,1,3,1
10.16634,76.1352,14.57,33.0,38.4,2367.1,4.74,27.8,Agricultural,Silt,5368.6,0,8,0
16.45268,80.80652,45.07,26.4,48.6,3683.5,9.96,36.9,Water Body,Loam,8942.6,0,0,1
9.69979,76.58354,88.87,28.6,87.4,4161.7,11.41,95.6,Agricultural,Alluvial,6451.8,1,2,1
27.57938,71.11686,0.32,33.6,51.0,129.9,0.66,272.1,Forest,Alluvial,11381.1,1,0,0
27.74056,95.4409,243.33,24.4,100.0,15610.9,18.0,149.9,Forest,Loam,4636.0,1,7,1
16.60781,79.9798,134.09,24.7,85.9,6063.8,17.42,157.3,Agricultural,Clay,4634.2,1,3,1
11.26229,76.14943,42.79,27.2,58.1,2963.2,6.92,119.9,Urban,Loam,11654.8,1,1,0
17.37689,75.13733,31.33,27.1,48.6,505.5,1.65,724.9,Wetland,Loam,5971.9,0,2,0
27.15225,90.36797,91.78,26.9,69.5,8502.1,18.0,97.1,Urban,Clay,1907.0,1,0,1
25.75821,73.49559,1.15,32.5,38.5,116.6,0.32,335.3,Agricultural,Alluvial,3673.6,1,2,0
25.3085,73.70927,20.64,26.6,58.6,165.8,1.23,246.3,Forest,Alluvial,722.0,1,0,0
19.23731,76.55449,7.86,27.5,20.0,459.7,0.21,472.3,Agricultural,Sandy,11259.9,1,3,0
27.90856,73.40692,13.16,33.7,53.9,199.3,0.2,175.3,Forest,Clay,8096.7,0,3,0
28.72389,76.83061,13.96,27.6,32.4,2442.2,4.92,212.3,Urban,Loam,1314.2,1,4,0
20.69136,85.57312,6.28,29.1,54.5,3122.0,7.11,61.5,Forest,Sandy,11343.2,1,0,0
28.27902,77.10948,67.76,29.3,81.9,3448.8,9.51,198.7,Agricultural,Clay,10528.6,1,1,1
27.48989,94.54278,69.02,28.4,83.6,8240.5,18.0,122.9,Water Body,Clay,10368.4,0,0,1
26.36443,81.72395,8.42,33.8,46.6,3433.9,8.28,72.5,Wetland,Loam,9856.9,1,8,0
29.27455,76.97637,26.24,27.9,32.9,2807.6,7.01,208.7,Agricultural,Clay,7511.7,0,2,0
26.21076,73.32291,1.18,30.1,34.4,140.6,0.39,266.9,Wetland,Loam,2564.3,0,3,0
16.45183,80.31484,99.11,30.9,73.8,4393.3,13.54,24.1,Water Body,Alluvial,3483.2,1,2,1
21.13933,86.12219,215.23,36.3,100.0,11697.3,18.0,43.8,Agricultural,Loam,3387.6,0,1,1
10.55364,76.75087,26.18,38.1,43.4,3032.5,7.0,14.9,Urban,Alluvial,8096.8,0,1,0
23.12049,74.93671,30.64,34.2,53.4,1765.3,3.13,181.6,Agricultural,Loam,8977.1,1,2,0
27.60731,95.0487,111.44,23.0,80.6,9469.4,18.0,117.4,Urban,Clay,7890.2,1,0,1
17.00439,75.6013,10.45,34.4,42.4,421.0,0.57,751.8,Agricultural,Clay,1631.0,0,2,0
25.90014,83.28816,9.84,21.9,21.0,5246.4,10.74,103.6,Urban,Alluvial,7566.6,0,0,1
23.05225,78.00151,48.81,37.8,52.9,2244.9,6.33,79.1,Forest,Loam,6562.2,0,7,0
28.47373,70.58275,18.17,31.8,35.0,195.3,0.98,193.4,Agricultural,Alluvial,6361.5,1,2,0
21.95531,73.97534,94.01,26.2,76.2,3725.6,10.75,106.6,Urban,Loam,4798.3,1,2,1
22.44692,76.46543,8.08,24.0,34.8,1241.7,2.01,139.9,Forest,Alluvial,6904.7,1,5,0
19.07854,74.80039,0.2,24.7,49.4,254.0,0.2,661.7,Water Body,Alluvial,8136.0,1,0,0
16.24233,81.7711,322.77,33.9,100.0,10863.2,18.0,173.8,Agricultural,Clay,8543.0,0,9,1
11.20909,76.71267,4.8,19.8,44.0,1839.8,3.21,155.5,Forest,Alluvial,5557.3,0,0,0
20.85204,86.81939,51.58,32.4,56.0,3798.3,7.64,35.9,Agricultural,Alluvial,1681.2,1,3,1
20.33685,84.57249,90.18,31.6,80.8,5774.4,13.82,57.9,Forest,Clay,1735.1,0,4,1
10.81089,75.83085,1.52,26.1,38.0,1204.6,3.38,194.3,Forest,Clay,5265.1,0,0,0
26.27589,71.21465,36.26,27.8,74.4,257.0,1.79,216.3,Forest,Alluvial,6551.0,1,2,0
9.71375,76.10915,298.59,34.1,100.0,8416.5,18.0,11.9,Wetland,Clay,8665.3,0,5,1
15.43166,76.61176,5.93,23.3,35.6,750.6,0.82,788.5,Agricultural,Loam,10895.8,0,5,0
22.93864,76.49032,121.33,32.9,83.6,4120.5,12.55,284.9,Agricultural,Alluvial,10964.2,1,1,1
18.13622,76.09011,3.05,25.3,55.2,570.7,1.28,478.5,Forest,Alluvial,1541.4,1,4,0
29.12498,77.38265,107.68,27.7,89.8,3922.6,12.76,207.4,Water Body,Loam,7120.9,1,1,1
20.86784,86.7295,26.09,36.5,87.7,4623.8,9.31,35.0,Urban,Loam,5703.3,1,2,1
25.60324,88.36058,97.86,34.8,72.0,8100.7,18.0,35.8,Urban,Silt,2882.9,0,1,1
27.37922,93.50673,47.64,25.8,70.3,8002.1,16.71,132.9,Agricultural,Silt,6641.6,1,0,1
26.82979,94.31702,57.89,23.3,70.6,8119.3,18.0,98.7,Water Body,Loam,10152.5,0,3,1
22.65795,74.14951,18.12,34.1,31.4,2218.8,4.5,301.7,Water Body,Alluvial,4598.1,0,5,0
10.58235,76.24501,354.14,26.0,100.0,8706.1,18.0,22.4,Agricultural,Alluvial,4070.3,1,0,1
16.30527,79.7851,42.03,31.5,66.5,3409.3,7.78,90.5,Agricultural,Alluvial,3736.7,1,1,1
21.31526,85.32342,365.29,22.8,100.0,14313.2,18.0,26.5,Agricultural,Silt,667.6,1,3,1
25.66739,91.16085,244.07,19.3,100.0,15672.9,18.0,125.5,Agricultural,Alluvial,8123.9,1,0,1
20.66604,85.35586,9.5,23.3,49.7,4758.8,9.64,61.4,Urban,Alluvial,6140.3,0,0,1
11.02365,76.49427,59.3,30.3,56.1,2653.8,7.93,89.6,Water Body,Clay,5952.8,0,2,1
29.38119,77.66745,25.5,30.3,51.2,3175.7,7.87,193.1,Water Body,Loam,5307.9,0,4,0
22.68286,76.22615,81.77,31.1,63.2,2660.0,7.07,54.8,Urban,Sandy,7499.3,0,0,1
25.47855,88.40625,112.98,24.7,69.3,7514.4,18.0,115.5,Urban,Alluvial,2766.3,1,2,1
19.89665,86.57587,44.66,20.9,58.2,4617.6,10.45,78.4,Urban,Alluvial,5976.2,1,5,1
23.01111,78.33925,7.74,35.1,42.0,1464.6,3.35,238.4,Urban,Silt,6513.5,1,2,0
21.46108,85.29129,17.99,30.3,41.8,4138.5,9.62,62.2,Urban,Alluvial,10969.6,0,5,1
27.66076,95.01238,161.86,26.8,89.9,14423.5,18.0,44.8,Agricultural,Clay,2379.6,0,3,1
16.57827,81.55631,21.84,31.4,61.6,2228.7,5.54,158.6,Agricultural,Silt,5802.6,1,7,0
28.97798,76.82945,88.19,23.1,67.1,4270.2,11.02,239.5,Agricultural,Alluvial,4807.5,1,3,1
11.18551,76.04063,12.79,39.0,59.7,1903.8,3.18,131.0,Water Body,Alluvial,5440.3,1,2,0
16.08189,75.31166,16.59,31.7,49.9,351.0,1.41,665.7,Agricultural,Clay,5651.7,1,3,0
20.93286,85.44055,80.87,22.7,52.8,5489.5,15.21,19.7,Forest,Clay,2150.0,1,7,1
9.37678,76.47982,170.79,30.0,99.3,4361.0,13.61,102.8,Water Body,Clay,10502.4,0,3,1
17.14554,81.11042,0.98,27.5,34.5,3126.6,7.72,117.0,Forest,Loam,10296.9,0,1,0
19.87645,85.00601,16.99,30.5,53.3,3745.0,8.4,50.5,Agricultural,Alluvial,1414.1,1,0,0
25.04451,87.89252,172.91,24.4,100.0,9622.5,18.0,86.2,Forest,Clay,2160.1,1,6,1
11.01429,76.56118,13.46,29.9,46.0,1235.5,4.49,134.5,Wetland,Clay,7839.4,0,3,0
26.29917,84.6165,87.75,30.0,77.7,7234.3,17.85,57.0,Agricultural,Loam,2266.9,0,2,1
26.91207,91.71836,89.61,37.4,77.9,7648.3,16.8,120.7,Agricultural,Clay,5553.4,0,1,1
27.72862,93.63739,16.18,22.4,44.8,5589.8,12.79,44.7,Forest,Clay,3370.3,1,4,1
25.92662,94.7567,34.14,30.2,54.6,5355.4,12.09,123.0,Wetland,Alluvial,7991.9,0,6,1
17.39521,80.93107,25.39,25.7,34.8,2300.7,5.16,133.1,Agricultural,Silt,5802.5,1,0,0
27.05016,81.4624,65.02,24.1,68.0,6040.7,14.05,103.6,Forest,Loam,11074.8,0,2,1
21.71604,75.01989,7.04,24.2,50.4,2315.8,5.19,93.7,Forest,Alluvial,7053.5,0,1,0
28.25301,73.47003,7.76,34.1,22.5,106.0,0.39,176.8,Forest,Alluvial,7983.1,0,4,0
17.90755,79.70827,90.07,31.7,91.6,4392.0,11.9,81.4,Urban,Clay,4437.7,0,4,1
15.81135,75.20971,43.3,30.3,39.4,584.2,2.91,610.4,Agricultural,Loam,9965.1,1,5,0
18.10907,82.07045,60.38,35.0,67.3,4727.2,12.03,100.2,Forest,Loam,880.3,0,5,1
16.72778,81.06383,90.74,28.2,72.3,5551.9,14.73,148.7,Forest,Loam,5398.6,1,4,1
26.75973,94.03411,184.31,24.4,96.3,12203.4,18.0,116.5,Agricultural,Alluvial,1169.7,1,4,1
25.84553,80.96457,32.41,34.5,70.8,5760.0,14.62,109.4,Urban,Alluvial,6480.6,1,2,1
27.24297,94.85961,3.16,23.1,32.9,4992.1,11.89,98.1,Agricultural,Loam,7179.4,1,3,1
26.98256,91.60534,108.64,28.6,88.1,10929.6,18.0,52.2,Agricultural,Loam,3408.1,0,2,1
22.31605,77.16091,13.75,27.7,28.7,2346.5,2.27,203.0,Wetland,Alluvial,4814.1,1,7,0
21.07377,85.85947,23.45,35.4,29.5,3742.7,8.04,24.1,Forest,Alluvial,1969.9,1,0,0
25.87578,91.59982,164.5,25.5,100.0,11407.6,18.0,94.9,Agricultural,Clay,5378.0,1,2,1
26.10023,93.37602,36.38,21.0,38.7,6036.2,12.25,107.3,Agricultural,Alluvial,5618.6,0,0,1
21.19084,85.42669,86.64,30.6,77.6,7278.6,17.3,33.0,Forest,Silt,3457.3,0,2,1
19.89914,85.15953,256.24,31.2,100.0,10508.0,18.0,16.3,Urban,Alluvial,7538.9,1,3,1
9.2811,76.72411,284.03,23.3,100.0,7365.7,18.0,18.5,Agricultural,Alluvial,1768.9,1,0,1
28.63703,77.07548,6.71,29.1,54.3,1843.2,4.53,212.2,Agricultural,Alluvial,9866.7,1,0,0
22.90113,74.04824,45.88,30.8,40.2,4340.0,11.12,198.1,Agricultural,Silt,1378.7,0,1,1
25.92935,90.59003,88.73,27.9,78.0,9252.8,18.0,63.0,Agricultural,Silt,4783.0,1,2,1
17.70322,77.48372,3.83,34.5,32.8,400.4,0.67,513.5,Forest,Clay,2809.9,1,0,0
24.85529,82.38714,14.57,20.8,43.2,4360.8,9.24,54.1,Agricultural,Alluvial,5140.8,0,4,1
22.56235,76.95832,22.42,33.2,25.4,1900.6,5.81,216.7,Urban,Clay,11573.0,0,3,0
26.75495,87.65126,405.86,29.4,100.0,20309.7,18.0,93.6,Forest,Silt,4595.0,0,2,1
17.85539,74.98817,4.73,21.3,58.9,511.5,2.14,554.9,Forest,Silt,9910.0,0,1,0
26.30139,91.78925,99.1,35.0,79.1,8234.8,18.0,54.5,Urban,Alluvial,5366.0,1,3,1
26.24867,90.62372,32.6,20.9,62.7,7420.9,15.14,68.2,Forest,Alluvial,11048.9,0,4,1
28.67721,77.25545,10.58,28.4,36.6,2513.8,5.1,233.2,Forest,Silt,9028.6,1,4,0
22.65868,77.89321,123.23,25.0,89.5,4129.4,12.86,58.2,Water Body,Clay,11264.9,1,1,1
18.7235,76.43384,10.81,17.5,40.6,537.7,2.1,760.5,Forest,Alluvial,7778.0,0,5,0
19.93398,86.23959,20.21,21.9,35.9,3988.7,7.97,61.2,Wetland,Clay,6725.0,0,0,0
25.74273,92.9868,41.71,30.3,32.2,6834.1,14.91,106.1,Agricultural,Alluvial,2093.2,1,1,1
10.32164,75.87,103.72,28.3,66.4,4352.3,11.72,53.6,Urban,Loam,5116.4,1,1,1
16.94045,80.30026,75.05,29.7,48.7,4948.1,12.71,26.8,Urban,Sandy,10918.3,1,5,1
26.53323,84.93654,80.93,31.7,77.1,6094.5,14.2,41.4,Wetland,Silt,4092.7,1,1,1
28.71619,77.46969,179.02,27.2,100.0,5667.1,15.77,196.0,Agricultural,Alluvial,11893.8,1,1,1
18.97415,77.22566,0.47,27.5,52.1,283.9,0.2,547.7,Agricultural,Clay,6970.6,0,8,0
20.19118,84.82839,1.67,23.2,52.9,3362.2,7.68,84.0,Urban,Alluvial,4115.7,1,4,0
25.18288,72.81513,18.46,30.6,37.4,181.4,2.32,349.8,Urban,Alluvial,11278.6,0,2,0
22.65685,75.61999,44.25,29.8,52.5,3219.4,8.15,232.9,Urban,Clay,9292.8,1,6,1
25.82597,92.72168,68.75,24.3,69.0,7754.9,18.0,77.4,Urban,Loam,5772.9,1,4,1
15.38239,75.51805,10.55,21.8,51.8,382.9,1.56,496.9,Agricultural,Clay,11032.6,1,0,0
27.47751,93.40124,20.89,31.0,45.5,5683.7,11.72,41.9,Urban,Clay,9333.7,0,2,1
21.38468,84.74168,2.15,31.9,55.7,3059.6,7.7,45.9,Water Body,Clay,6363.4,1,2,0
10.3333,76.8665,143.93,31.3,84.5,4827.8,13.9,165.9,Wetland,Clay,8907.6,1,2,1
10.50441,76.67787,147.91,26.0,100.0,4850.8,14.51,70.9,Urban,Alluvial,6001.9,0,3,1
29.15533,77.44355,21.6,25.7,52.6,1902.2,4.57,216.4,Agricultural,Alluvial,1020.4,1,1,0
16.23415,76.16885,103.03,34.9,58.5,841.6,5.78,571.3,Agricultural,Clay,6158.9,1,0,0
26.84847,94.63858,223.81,30.6,100.0,16530.6,18.0,41.1,Forest,Alluvial,6369.5,0,3,1
19.31184,76.92235,6.79,22.0,45.7,381.2,1.07,685.9,Wetland,Sandy,2133.3,0,4,0
10.584,76.84717,263.24,26.5,100.0,6811.1,18.0,195.9,Forest,Silt,3090.8,1,3,1
28.73241,77.68703,137.53,35.2,100.0,5469.5,14.43,238.2,Wetland,Alluvial,9128.5,1,8,1
21.5692,73.716,8.12,31.1,48.9,2517.6,4.34,289.2,Agricultural,Silt,1054.5,1,1,0
19.95404,86.27342,111.08,31.4,59.1,7294.6,18.0,65.1,Water Body,Loam,3583.6,0,3,1
26.38931,83.43973,35.75,35.5,59.7,5031.6,11.95,115.0,Agricultural,Clay,4154.9,1,7,1
28.79795,77.52349,56.64,28.8,54.2,3502.9,7.59,208.5,Agricultural,Loam,6662.2,1,2,1
9.44319,76.01796,153.22,29.3,100.0,5124.0,13.92,168.3,Forest,Alluvial,9342.9,0,4,1
26.59677,91.45955,19.43,32.4,54.4,5449.9,12.04,144.0,Agricultural,Sandy,9692.7,1,4,1
27.73764,71.40784,7.91,31.2,32.5,221.0,1.1,175.7,Urban,Sandy,400.1,0,3,0
27.06844,72.25828,4.81,25.7,34.3,167.6,2.58,206.9,Forest,Alluvial,5745.6,1,7,0
17.75166,82.06218,86.18,23.0,57.9,5186.9,12.85,78.0,Agricultural,Alluvial,11988.0,0,2,1
20.32962,85.73321,41.31,31.7,57.4,5536.7,10.84,21.2,Forest,Alluvial,4369.8,1,4,1
17.35997,80.08641,12.16,29.7,37.5,2299.9,5.4,62.7,Forest,Sandy,1263.1,1,4,0
29.21176,77.77951,120.91,24.5,78.2,4428.1,12.88,194.4,Agricultural,Alluvial,8851.9,1,2,1
20.72308,86.85412,63.52,20.5,62.7,6854.7,16.06,15.9,Forest,Alluvial,9708.5,1,0,1
26.0282,81.57857,19.7,28.6,55.5,4396.2,8.61,75.3,Water Body,Clay,8895.2,0,0,1
27.25456,90.51198,89.92,21.1,71.5,8035.9,18.0,61.1,Urban,Alluvial,7090.8,1,1,1
26.50071,87.34282,41.42,30.2,55.5,6243.4,13.75,42.4,Urban,Alluvial,8549.2,0,1,1
9.26756,76.25161,0.05,26.1,52.3,1069.2,2.61,15.1,Wetland,Loam,4682.4,0,0,0
22.27016,74.65982,29.67,34.1,52.0,2530.6,6.89,298.3,Water Body,Sandy,11247.3,0,2,0
26.24279,70.53893,12.89,32.8,33.9,112.2,0.2,268.9,Wetland,Clay,3326.9,1,2,0
17.86486,80.6402,17.82,20.3,42.1,4341.3,9.72,105.7,Forest,Loam,881.7,0,1,1
28.60318,77.63042,110.68,29.9,72.0,4580.8,14.48,206.6,Forest,Sandy,8912.7,1,2,1
17.88535,81.4681,25.33,26.2,51.9,2969.4,6.44,110.4,Water Body,Alluvial,1498.8,0,6,0
28.6368,77.42441,87.21,23.4,68.9,4943.1,12.22,209.3,Urban,Alluvial,4765.9,1,3,1
16.82844,74.96232,26.03,18.7,20.0,637.3,2.51,510.9,Urban,Alluvial,1808.3,1,3,0
25.01567,87.52002,25.8,24.6,32.2,6687.8,14.26,116.3,Agricultural,Sandy,1558.8,1,1,1
21.00501,86.73051,142.07,25.4,100.0,8358.3,18.0,65.1,Agricultural,Clay,9212.8,1,1,1
27.42759,74.47244,1.59,29.7,24.6,187.8,1.43,268.1,Agricultural,Sandy,2697.2,0,5,0
10.96841,76.72729,43.46,32.6,44.9,2566.1,6.29,43.4,Water Body,Loam,10554.4,0,2,0
17.87483,80.23118,71.54,31.7,56.2,4136.0,11.62,70.2,Urban,Alluvial,11831.2,1,2,1
14.51608,76.71969,55.47,25.0,54.2,682.8,3.72,647.7,Urban,Loam,7150.9,0,2,0
21.37595,84.68748,122.16,23.1,74.1,8172.1,18.0,46.8,Water Body,Loam,5293.6,1,4,1
22.20128,76.33478,23.26,34.1,57.4,1789.8,3.97,289.0,Agricultural,Clay,3491.0,1,2,0
20.13204,86.75466,157.12,27.6,65.8,9300.6,18.0,70.6,Water Body,Alluvial,10887.1,1,3,1
28.50392,77.14747,84.83,24.0,78.6,4394.8,10.62,215.3,Forest,Sandy,9318.4,0,1,1
17.29304,75.5976,49.28,27.6,76.3,395.9,3.01,615.1,Water Body,Silt,3191.5,1,2,0
27.30959,93.02007,7.07,21.4,51.2,3095.2,6.4,109.9,Forest,Alluvial,1825.7,0,5,0
27.17803,90.12209,163.38,25.9,89.9,12992.7,18.0,105.1,Agricultural,Clay,1959.8,1,3,1
22.88622,78.18718,85.49,34.1,55.7,3691.1,9.9,102.3,Agricultural,Silt,9287.3,0,1,1
29.49552,76.957,74.01,26.0,61.1,3762.1,10.56,225.4,Water Body,Alluvial,1865.9,0,3,1
19.97149,85.06881,15.97,24.0,28.7,4792.9,10.45,71.0,Urban,Alluvial,2974.1,0,2,1
22.82651,78.13358,2.27,35.1,42.1,2174.8,4.19,277.8,Water Body,Alluvial,6126.1,0,1,0
26.17973,83.73682,67.8,26.2,47.6,5596.3,12.23,74.3,Agricultural,Alluvial,4964.8,0,1,1
26.97879,90.7943,270.13,34.4,100.0,15985.2,18.0,132.3,Agricultural,Alluvial,5009.3,0,2,1
15.36155,76.08298,1.07,27.9,20.0,315.4,0.97,540.9,Water Body,Sandy,3448.3,0,1,0
9.60272,76.65728,126.45,20.1,72.4,4190.7,12.05,146.1,Forest,Silt,10064.2,0,0,1
29.27326,77.12093,79.27,32.8,63.7,5153.5,13.06,229.9,Agricultural,Clay,10236.5,0,0,1
17.41732,76.21509,13.55,30.1,63.9,635.5,1.84,475.0,Urban,Clay,2117.4,1,3,0
19.97237,85.2519,97.64,26.9,95.2,7099.7,17.1,47.6,Forest,Sandy,4714.4,1,0,1
29.35498,76.85438,37.73,26.6,43.5,2750.7,6.53,221.4,Agricultural,Clay,7046.5,1,0,0
25.81774,72.43607,14.11,35.5,52.4,165.6,1.57,241.9,Agricultural,Alluvial,4307.3,0,5,0
29.03967,77.19815,34.1,36.7,33.1,2688.2,5.39,215.3,Agricultural,Loam,3406.5,0,0,0
27.03908,90.95495,37.44,24.0,45.1,5936.0,13.02,137.6,Agricultural,Silt,8385.7,1,0,1
25.80239,73.38486,20.27,28.9,46.4,172.6,0.71,344.0,Agricultural,Clay,5097.2,1,0,0
14.85281,77.24383,22.24,32.3,56.8,504.6,2.41,684.2,Agricultural,Clay,9416.0,1,3,0
21.07896,86.26929,5.9,15.7,74.6,3131.0,6.68,16.6,Forest,Clay,9022.6,0,3,0
21.22944,86.12441,207.36,24.3,100.0,10565.9,18.0,76.6,Urban,Clay,1734.0,0,3,1
17.90928,79.7817,398.03,26.5,100.0,13115.1,18.0,113.7,Agricultural,Clay,3827.7,1,4,1
11.18748,76.47635,89.12,24.3,79.5,3427.7,9.92,54.5,Agricultural,Loam,2132.4,0,5,1
28.84859,77.01089,59.79,28.7,46.3,3162.5,6.31,207.1,Urban,Alluvial,11583.7,1,2,1
22.11794,76.45893,36.12,29.6,46.7,2125.5,5.68,140.1,Forest,Loam,6080.9,1,2,0
20.97227,85.42776,307.15,22.6,100.0,12571.7,18.0,74.4,Water Body,Clay,7752.6,1,1,1
27.44303,95.48028,53.09,26.2,47.5,8468.1,18.0,145.3,Forest,Loam,4807.1,0,0,1
25.23181,72.81115,14.09,23.4,33.1,155.1,0.2,347.9,Agricultural,Loam,10449.0,1,3,0
22.10537,77.42741,12.2,23.3,33.3,1825.6,3.2,317.1,Agricultural,Alluvial,7617.6,1,2,0
17.78447,75.50004,3.25,36.3,61.6,430.8,1.95,580.8,Forest,Loam,1463.5,0,1,0
15.72277,76.77344,46.68,30.0,57.1,604.9,2.68,592.0,Agricultural,Loam,2424.3,1,8,0
17.76372,76.01018,10.86,33.3,37.9,570.9,0.2,570.8,Agricultural,Loam,428.5,1,1,0
26.92627,72.1701,0.45,30.1,46.7,132.4,0.82,187.3,Forest,Alluvial,8603.3,1,5,0
23.13571,74.59191,43.92,33.5,35.9,1781.2,5.36,247.9,Agricultural,Clay,5898.8,0,1,0
11.18345,76.69846,25.18,26.7,54.7,1652.0,4.16,50.7,Agricultural,Silt,10740.5,1,7,0
25.50893,70.73899,0.01,29.1,57.8,65.2,0.2,256.9,Agricultural,Clay,586.0,0,2,0
26.66903,82.69588,22.79,27.6,46.8,4268.5,8.62,38.8,Agricultural,Silt,10181.8,0,0,1
21.16786,86.81294,50.72,32.4,64.2,4965.4,11.28,15.5,Agricultural,Alluvial,6073.6,0,4,1
20.83505,85.07279,129.61,17.5,100.0,7159.4,17.82,20.9,Water Body,Clay,1455.3,0,8,1
29.09779,76.91147,84.86,29.1,51.3,4126.2,11.61,214.4,Agricultural,Alluvial,1947.6,1,2,1
20.37023,85.91866,12.51,31.4,47.7,3903.6,7.94,69.1,Urban,Clay,4336.6,1,1,0
28.86626,77.45718,145.06,34.5,85.7,5841.4,15.53,228.6,Urban,Alluvial,1510.9,0,0,1
24.98433,86.51981,26.86,29.6,51.9,3817.4,7.9,98.6,Agricultural,Alluvial,2917.5,0,0,0
29.37117,77.14183,50.94,24.3,58.6,3725.1,8.6,190.4,Urban,Clay,6552.7,1,0,1
20.53717,85.53388,59.59,28.6,85.2,4691.1,11.13,83.1,Water Body,Alluvial,1524.0,0,0,1
29.3761,76.89217,33.19,25.9,69.2,2907.9,7.96,212.6,Water Body,Alluvial,2993.8,0,2,0
25.99236,86.50164,0.25,31.3,41.6,4525.8,8.6,68.4,Agricultural,Loam,10734.1,1,6,0
21.39013,86.08205,134.63,34.0,75.5,7197.8,17.85,76.3,Water Body,Loam,9974.8,0,4,1
20.53701,85.83554,42.58,32.0,78.0,5086.5,13.96,24.5,Wetland,Sandy,4577.7,0,3,1
9.89692,76.05395,122.1,23.9,78.0,4075.3,13.03,52.4,Urban,Alluvial,3602.2,0,5,1
18.42194,80.78416,79.79,29.1,91.9,3849.7,9.4,101.6,Urban,Silt,9325.0,1,2,1
26.49168,93.82347,412.93,34.4,100.0,23692.0,18.0,82.1,Urban,Clay,1562.2,1,2,1
17.75931,81.17247,117.89,26.4,100.0,6948.2,18.0,67.0,Urban,Clay,9699.6,0,2,1
21.74191,74.4004,298.05,30.5,100.0,7247.0,18.0,268.8,Agricultural,Loam,11688.2,0,1,1
26.87298,86.02183,21.21,22.6,23.7,5296.5,12.45,89.2,Urban,Alluvial,5887.4,1,4,1
27.36829,71.79668,4.27,28.2,39.2,153.6,1.03,326.8,Agricultural,Alluvial,8906.5,1,2,0
22.12467,73.86579,201.49,23.1,100.0,5556.6,17.71,249.3,Agricultural,Loam,7857.8,1,1,1
17.11864,80.28944,56.34,26.0,33.2,4458.6,10.24,47.0,Agricultural,Alluvial,3325.0,0,2,1
28.38649,74.11877,0.48,25.5,42.7,120.7,1.48,271.9,Water Body,Sandy,5238.5,1,3,0
14.72389,77.48857,12.73,25.3,56.8,417.3,1.04,575.7,Agricultural,Alluvial,8630.4,1,2,0
19.88436,85.21591,389.9,19.8,100.0,15636.4,18.0,80.9,Urban,Loam,9920.9,1,2,1
22.97501,77.3828,23.17,23.4,42.1,1642.0,3.51,115.2,Wetland,Loam,10376.2,1,3,0
27.03507,71.66519,17.95,24.8,46.0,185.9,1.45,305.8,Urban,Loam,5098.2,1,2,0
22.751,76.56863,4.06,26.2,20.2,2266.6,3.63,71.6,Urban,Loam,9368.5,0,3,0
20.31472,86.0777,158.08,18.2,74.9,8213.3,18.0,18.9,Agricultural,Alluvial,2356.5,1,0,1
18.19395,79.83366,26.45,28.7,62.6,2903.9,6.37,81.6,Agricultural,Loam,2361.1,0,3,0
25.95038,80.90894,66.25,23.1,73.6,7142.8,15.98,91.3,Forest,Clay,7686.5,0,5,1
28.41923,77.48666,25.98,29.7,43.4,2095.2,4.65,238.1,Water Body,Loam,4349.1,0,4,0
24.9638,87.74423,124.87,34.6,90.7,9262.1,18.0,95.6,Urban,Clay,4279.4,1,6,1
18.30484,79.54276,17.37,23.6,34.7,3662.9,8.08,54.0,Forest,Alluvial,10419.5,1,1,0
17.47104,75.6844,7.31,23.1,20.0,326.4,0.2,674.0,Urban,Alluvial,5878.7,0,5,0
26.8772,93.14118,185.49,28.4,100.0,11996.2,18.0,110.6,Urban,Loam,6044.3,1,2,1
15.08974,75.5412,21.46,29.5,56.5,382.9,3.02,797.7,Water Body,Clay,9983.1,1,3,0
26.78992,90.70725,89.8,28.8,67.4,7804.5,18.0,75.1,Urban,Silt,7560.4,0,5,1
26.40357,91.24343,9.78,26.9,32.8,5077.6,11.12,139.5,Agricultural,Clay,10118.2,0,0,1
25.73781,71.09763,36.75,32.4,73.2,179.1,0.2,179.1,Urban,Sandy,9159.0,1,3,0
9.68769,76.31412,241.36,27.8,100.0,5847.8,18.0,122.7,Forest,Silt,7644.7,0,3,1
22.96299,76.88807,4.52,29.6,35.4,1685.1,3.7,104.1,Water Body,Clay,10891.5,1,1,0
26.90726,94.19161,80.44,29.5,58.8,6440.7,15.47,127.1,Urban,Alluvial,3410.1,1,4,1
21.14091,85.39683,1.56,26.4,25.3,3355.1,6.79,66.3,Agricultural,Alluvial,2660.8,1,3,0
9.81222,76.30076,13.95,26.1,62.2,2302.0,4.75,187.4,Agricultural,Silt,9103.3,1,7,0
29.23815,77.47079,55.27,34.9,69.0,3248.6,7.87,205.7,Urban,Clay,5469.7,1,4,1
23.06805,75.70019,41.09,30.3,63.7,2862.1,8.22,276.1,Agricultural,Alluvial,11137.1,1,2,0
17.79944,76.83193,15.1,27.3,21.5,555.6,1.76,517.2,Forest,Alluvial,9024.4,1,4,0
22.71002,74.62929,96.66,32.6,71.9,3440.1,9.9,100.6,Agricultural,Clay,6039.6,1,3,1
27.26771,72.57483,9.62,31.6,78.1,133.9,0.2,290.6,Urban,Silt,10714.9,1,3,0
25.99458,87.77675,40.89,32.9,51.9,5090.9,10.57,92.5,Wetland,Alluvial,7290.2,1,7,1
22.95509,76.76091,78.71,29.1,72.5,3436.5,8.22,109.5,Forest,Alluvial,8742.6,1,3,1
17.63393,81.08283,22.8,28.4,21.9,3205.2,8.12,74.1,Agricultural,Alluvial,8764.1,0,4,0
15.07514,75.26724,5.98,30.1,40.4,344.9,1.15,734.0,Urban,Alluvial,7290.3,1,1,0
17.42806,76.6075,12.3,28.8,53.3,505.2,0.23,736.8,Forest,Clay,8904.9,0,0,0
27.67558,94.15037,7.59,33.6,37.3,4960.1,9.41,60.8,Agricultural,Loam,404.8,0,3,1
10.99139,75.97344,26.14,24.9,53.3,2189.8,4.54,110.9,Agricultural,Clay,7136.2,1,0,0
26.53055,91.28646,50.79,25.9,43.4,5423.9,13.46,140.0,Urban,Alluvial,3406.3,0,1,1
28.73564,77.20518,41.43,28.1,59.7,2224.4,4.59,238.3,Agricultural,Clay,3278.3,1,2,0
17.56008,81.65476,2.51,31.4,38.9,3180.5,6.69,60.1,Forest,Alluvial,1159.1,1,0,0
9.45273,76.62861,122.15,23.1,83.2,4340.1,13.46,94.9,Urban,Clay,6553.0,0,6,1
10.70634,76.14522,128.02,23.8,82.5,4691.3,13.68,116.3,Agricultural,Alluvial,9960.3,0,2,1
20.37749,85.47068,24.01,27.2,48.1,3164.3,7.14,70.7,Agricultural,Alluvial,1355.3,0,2,0
14.50939,76.42156,14.21,34.9,39.3,448.6,2.37,770.6,Urban,Clay,3459.8,0,5,0
14.52926,75.70929,24.42,32.0,62.2,646.4,3.01,621.8,Agricultural,Clay,7550.7,0,1,0
20.4486,85.64102,8.98,25.3,52.9,3990.4,8.86,26.4,Urban,Silt,2270.8,1,2,0
27.65766,95.29057,69.67,29.9,74.6,7057.5,15.15,96.3,Water Body,Silt,11295.3,0,3,1
28.21581,76.97397,55.26,34.0,40.0,2981.9,8.85,230.4,Agricultural,Alluvial,7326.3,0,2,1
27.77281,74.10448,14.76,20.4,40.7,174.7,0.2,249.1,Wetland,Silt,11067.7,1,1,0
17.18385,81.36114,144.88,32.9,100.0,6614.7,18.0,90.4,Agricultural,Loam,11871.3,0,1,1
29.39845,76.82643,26.21,28.2,49.5,2704.3,7.76,210.4,Forest,Clay,5900.6,1,1,0
26.74952,84.21905,159.19,39.0,100.0,9939.0,18.0,39.1,Urban,Silt,3703.1,1,1,1
18.06613,80.36771,32.75,28.6,38.8,2744.8,7.75,49.7,Urban,Clay,9244.9,0,0,0
28.36304,77.76745,24.78,27.6,46.5,2634.0,6.37,228.9,Forest,Alluvial,9222.8,0,3,0
18.39762,79.59968,4.68,30.1,53.2,2012.1,4.26,66.7,Agricultural,Clay,4062.7,1,0,0
18.86186,77.24973,6.64,24.3,45.8,457.4,0.45,711.1,Water Body,Alluvial,1629.6,1,1,0
26.75482,94.71451,187.85,31.5,100.0,14101.8,18.0,115.4,Agricultural,Alluvial,3419.0,1,0,1
26.94347,92.7166,110.08,33.6,61.8,10512.0,18.0,93.0,Forest,Alluvial,5629.3,0,1,1
17.52421,75.85375,11.4,27.6,42.1,342.0,0.23,462.2,Agricultural,Clay,5385.3,0,0,0
10.06468,76.84315,22.14,31.7,62.8,2669.5,5.41,154.6,Urban,Silt,9612.3,1,1,0
25.61865,83.82848,83.8,28.4,72.0,7090.5,14.96,72.2,Agricultural,Sandy,8817.9,1,4,1
21.83578,75.0169,61.52,19.9,44.2,2818.3,6.78,66.4,Agricultural,Clay,2935.4,0,1,1
25.66772,91.97925,363.1,30.5,100.0,21062.5,18.0,96.6,Agricultural,Clay,6959.4,1,0,1
18.01601,81.2485,244.29,25.6,100.0,9485.2,18.0,151.4,Urban,Alluvial,2914.7,0,1,1
26.34537,84.91788,151.43,24.9,100.0,8780.1,18.0,50.6,Forest,Alluvial,8430.0,0,3,1
25.69029,82.94533,61.59,27.9,41.9,7275.9,17.95,44.1,Agricultural,Loam,10213.0,1,2,1
21.04185,86.07762,229.54,32.2,100.0,9472.2,18.0,59.8,Urban,Clay,8523.2,0,3,1
25.14027,74.2731,9.06,36.5,45.2,208.6,0.2,312.1,Agricultural,Loam,11592.0,1,2,0
21.94929,75.32394,13.87,34.9,48.0,1250.0,3.63,155.7,Forest,Clay,2290.9,0,3,0
21.17276,86.54798,42.25,38.2,47.6,5563.6,12.05,46.0,Water Body,Alluvial,11593.9,1,5,1
16.77845,80.36675,12.26,28.0,56.7,2975.5,6.75,68.5,Urban,Clay,11925.1,1,0,0
22.36774,74.32453,36.71,32.4,71.6,2315.1,6.69,86.7,Water Body,Alluvial,4643.3,0,6,0
9.92716,76.34174,224.68,18.7,100.0,6869.1,18.0,111.2,Forest,Alluvial,11845.2,0,3,1
10.03182,76.12442,29.99,23.7,52.8,3340.0,8.82,124.2,Agricultural,Clay,3247.3,0,2,1
10.83078,76.09624,0.02,23.0,45.4,1911.6,3.87,28.5,Water Body,Alluvial,1250.1,0,7,0
25.68064,91.88484,34.66,26.3,37.8,6592.6,14.46,84.2,Forest,Loam,3950.4,0,1,1
23.05333,76.7208,4.38,33.1,55.0,1276.0,3.34,202.4,Wetland,Alluvial,2165.9,1,4,0
23.09106,73.95559,68.83,26.8,74.4,3363.6,9.09,73.7,Water Body,Clay,2521.3,0,2,1
24.87875,83.80841,49.94,32.7,49.7,5384.2,11.38,104.7,Agricultural,Clay,6391.1,0,2,1
20.15482,86.87166,207.62,25.0,100.0,10858.1,18.0,75.6,Urban,Clay,4995.0,0,2,1
29.14022,77.09954,19.83,32.8,49.8,3551.4,8.09,220.3,Agricultural,Clay,8462.9,1,3,0
28.92555,76.89737,137.65,27.4,100.0,4668.5,13.81,237.7,Wetland,Sandy,3351.5,1,1,1
22.01405,75.44795,25.41,26.0,60.6,2383.4,6.65,133.4,Forest,Silt,2005.7,0,0,0
26.81486,94.26532,44.65,29.8,64.6,6087.5,13.57,93.5,Agricultural,Silt,11650.0,0,4,1
25.75919,92.87275,52.97,29.1,45.0,5509.1,11.71,123.3,Forest,Silt,6879.7,1,3,1
27.66295,71.53064,9.7,30.3,54.8,185.9,0.2,180.1,Urban,Sandy,9995.5,1,1,0
18.02934,80.07067,82.22,38.3,90.5,5131.0,13.35,49.4,Urban,Clay,10015.9,1,1,1
28.50267,77.7455,37.96,33.1,74.1,2516.3,6.44,213.1,Agricultural,Silt,2429.0,1,0,0
26.67671,83.20513,84.13,30.5,97.4,8137.8,18.0,70.8,Water Body,Alluvial,4349.4,1,4,1
17.96234,76.09133,2.9,29.9,45.5,527.1,0.2,676.0,Forest,Clay,9082.9,0,1,0
27.88105,73.79832,1.4,28.9,45.0,98.3,0.2,227.8,Wetland,Alluvial,675.6,1,2,0
22.57883,75.32134,1.4,24.6,43.3,2138.0,3.59,158.6,Agricultural,Alluvial,7098.1,0,1,0
28.85301,77.1287,6.16,27.6,39.7,2748.9,4.9,212.0,Agricultural,Alluvial,3430.2,1,4,0
16.73478,76.39557,3.94,28.6,35.5,511.8,1.44,487.3,Agricultural,Clay,2413.1,1,1,0
26.78192,81.53383,21.6,21.7,51.6,2792.6,6.33,41.6,Agricultural,Alluvial,11768.1,1,4,0
17.33513,81.48905,156.18,30.0,79.8,6214.1,18.0,55.6,Agricultural,Alluvial,11349.8,1,0,1
21.18622,85.64651,30.01,20.7,37.3,3453.6,7.62,27.7,Water Body,Alluvial,5504.0,1,3,1
18.02442,81.7993,81.27,35.4,76.4,5122.2,13.85,53.8,Wetland,Silt,3056.1,1,2,1
26.21067,80.80633,6.97,23.4,38.8,4473.3,9.67,49.2,Agricultural,Clay,3368.1,1,3,1
22.16488,75.25854,51.57,29.3,73.9,2468.5,6.44,290.7,Agricultural,Silt,8658.7,1,4,0
16.806,80.1617,86.43,26.6,82.2,5395.2,13.29,53.7,Forest,Alluvial,8677.9,0,3,1
25.37707,87.0526,62.92,27.4,53.0,5778.5,12.45,89.4,Forest,Alluvial,5598.1,0,0,1
26.56117,94.43132,6.55,30.2,42.3,4714.2,8.08,116.4,Forest,Alluvial,8549.1,1,2,0
11.31394,75.93973,174.8,31.8,100.0,5719.9,17.09,92.1,Wetland,Clay,6691.8,0,2,1
21.72595,73.86073,33.17,23.1,52.5,2320.2,5.29,273.5,Agricultural,Loam,6212.2,1,0,0
19.4837,76.6231,9.72,20.5,47.3,606.3,1.63,680.8,Agricultural,Clay,10201.1,0,2,0
21.51068,76.16117,20.65,23.6,73.0,2225.4,5.74,141.0,Forest,Loam,11873.9,1,3,0
28.80651,77.0549,187.97,28.5,91.1,5747.6,16.66,227.2,Agricultural,Sandy,3400.2,1,7,1
28.465,77.53418,45.91,31.9,55.8,3693.4,8.74,214.8,Forest,Clay,9369.7,0,3,1
28.75042,76.99545,93.48,34.2,80.7,4333.2,11.19,207.3,Wetland,Alluvial,1494.3,1,1,1
16.72441,80.95512,11.32,28.3,61.4,3541.0,7.37,75.6,Agricultural,Loam,4205.6,1,4,0
18.21271,75.03871,41.45,29.5,77.6,635.4,2.38,667.5,Agricultural,Silt,9482.8,1,8,0
27.38858,90.09156,13.22,29.4,57.4,6365.0,13.42,40.8,Urban,Clay,7859.8,0,0,1
17.11724,76.3041,5.31,33.5,50.8,257.0,1.09,462.7,Agricultural,Alluvial,11456.9,1,0,0
22.48786,74.66215,84.53,27.5,85.7,2709.7,8.96,302.3,Urban,Loam,5623.8,0,0,1
26.83819,70.75995,7.4,27.3,38.3,198.7,0.2,320.1,Agricultural,Clay,8583.5,1,2,0
22.25764,77.44894,47.05,28.7,45.9,2418.8,5.95,116.8,Agricultural,Loam,9030.2,0,0,0
26.01285,87.45529,86.25,35.0,57.8,8164.7,18.0,117.1,Urban,Alluvial,1272.6,0,3,1
21.86745,76.38111,9.11,31.0,45.0,2562.7,5.75,98.3,Urban,Loam,8902.5,0,0,0
14.6736,75.64835,5.01,30.7,38.0,384.0,0.2,704.4,Agricultural,Silt,3361.4,0,0,0
15.45475,76.71996,15.3,24.5,38.7,555.9,0.92,700.4,Forest,Loam,8613.9,1,1,0
20.02934,85.72576,16.76,33.3,43.5,5055.5,10.84,57.9,Urban,Alluvial,3179.6,0,2,1
28.55684,77.74143,26.78,36.2,38.9,2095.9,5.8,193.2,Forest,Clay,4300.8,0,3,0
9.65935,76.6324,69.98,26.4,47.2,3054.8,8.54,183.2,Urban,Loam,8122.4,0,3,1
20.50161,84.79283,58.07,20.7,45.7,4421.8,10.77,48.3,Urban,Alluvial,2720.0,0,1,1
29.38155,76.96159,15.34,29.1,39.7,2402.2,5.24,230.8,Wetland,Loam,10861.0,1,2,0
26.03858,92.08619,310.98,32.2,100.0,18914.4,18.0,51.3,Urban,Silt,5060.4,1,1,1
25.55057,81.40484,210.82,28.0,100.0,11809.7,18.0,77.8,Urban,Loam,11200.4,0,1,1
22.45723,78.07951,60.83,32.7,52.8,2900.4,7.76,290.8,Urban,Clay,7765.2,1,4,1
20.18173,85.2969,14.18,20.7,38.4,4044.3,8.88,76.8,Forest,Clay,9362.8,0,4,1
17.92573,80.11492,54.57,29.0,56.3,3786.5,9.27,153.2,Agricultural,Alluvial,2770.9,0,1,1
26.3779,80.62274,186.61,30.0,100.0,10860.4,18.0,57.1,Agricultural,Clay,7592.5,0,2,1
22.4425,74.0469,75.79,25.4,61.1,3172.8,8.77,130.7,Wetland,Clay,2866.3,1,3,1
27.28836,93.5069,32.14,30.9,70.1,4414.1,10.22,57.8,Forest,Loam,10668.9,1,3,1
26.17644,83.10296,60.84,26.4,82.1,5835.6,14.44,91.1,Agricultural,Clay,6306.4,1,4,1
19.94334,85.86347,28.01,29.6,56.1,3635.4,7.13,51.1,Forest,Alluvial,10603.4,0,1,0
15.05215,75.61085,1.98,25.9,30.2,548.0,1.71,799.7,Forest,Alluvial,7961.5,1,2,0
20.73459,85.43607,81.12,30.2,85.3,5023.6,12.03,19.6,Urban,Sandy,5030.9,0,2,1
28.9854,77.52984,31.93,34.0,50.4,3584.3,7.7,202.3,Forest,Loam,10202.2,0,6,0
27.65709,94.32345,24.97,23.8,35.1,5980.6,12.36,136.6,Urban,Alluvial,9395.2,1,4,1
10.56993,76.77652,534.01,33.7,100.0,12402.3,18.0,104.4,Water Body,Alluvial,2685.6,0,0,1
20.80173,84.70385,228.02,35.6,100.0,10041.7,18.0,71.9,Forest,Clay,1307.7,1,9,1
9.43122,76.41172,70.64,36.7,76.9,2629.8,8.25,78.0,Water Body,Silt,4064.9,0,6,1
16.31718,79.51338,23.32,26.8,43.8,3018.9,6.29,150.6,Forest,Loam,10622.4,1,2,0
15.78851,74.94377,1.83,29.6,73.1,340.1,1.42,565.6,Agricultural,Loam,11918.2,1,2,0
15.27116,76.45793,45.45,32.1,56.3,609.7,2.66,614.3,Water Body,Clay,4503.0,0,4,0
20.4827,86.02653,2.2,27.2,23.0,2829.9,6.63,66.3,Urban,Clay,11960.9,0,7,0
20.21649,86.42391,15.01,33.5,48.5,2498.9,5.54,18.5,Agricultural,Clay,5639.0,0,3,0
20.33732,86.33801,25.96,27.2,50.7,3765.6,7.45,37.6,Agricultural,Alluvial,1659.2,0,4,1
22.36907,76.72515,103.07,26.2,75.3,4156.0,11.47,229.9,Urban,Loam,6613.7,1,4,1
26.43289,73.23507,9.28,29.5,30.4,152.9,0.2,183.1,Forest,Silt,2317.4,1,2,0
28.93339,77.20628,18.62,30.4,45.6,2311.4,5.6,219.5,Agricultural,Loam,3436.5,0,2,0
17.91021,76.40247,29.07,32.5,51.1,626.3,2.45,771.6,Water Body,Silt,1184.2,1,2,0
26.60969,73.84987,7.46,26.1,33.4,131.4,0.78,213.7,Urban,Clay,907.8,0,5,0
25.63466,83.28393,2.23,37.1,58.7,3075.1,4.64,114.3,Forest,Sandy,10733.2,1,5,0
25.7051,80.60474,84.62,30.3,79.9,6327.8,15.72,46.0,Forest,Clay,7956.7,0,3,1
17.33663,75.76418,15.46,28.9,41.2,366.5,1.38,787.0,Water Body,Clay,1723.1,0,5,0
26.69788,82.8466,109.02,31.3,88.1,7056.6,17.9,108.0,Forest,Loam,4024.9,1,3,1
22.12275,77.44394,83.98,25.2,76.8,2971.5,9.28,296.5,Agricultural,Loam,9205.3,1,1,1
22.11829,75.91232,115.18,30.4,93.6,2994.6,9.64,277.3,Urban,Loam,3613.2,0,5,1
10.56705,76.16831,192.92,36.9,100.0,5846.9,17.34,35.7,Urban,Alluvial,767.2,1,2,1
9.89791,76.28982,121.72,21.5,90.7,4148.5,12.8,130.1,Urban,Clay,9087.6,0,1,1
20.14389,84.87269,35.54,21.8,63.8,4724.3,10.25,66.6,Agricultural,Clay,783.8,1,1,1
20.46802,86.83216,50.22,29.3,75.1,4166.2,8.34,84.3,Water Body,Alluvial,9758.7,0,6,1
9.72152,75.80314,33.64,22.7,61.9,2544.3,5.51,116.3,Agricultural,Clay,5713.2,1,2,0
21.28359,86.16232,199.83,22.7,100.0,9499.3,18.0,45.2,Water Body,Clay,9635.5,0,7,1
18.37189,81.96935,29.68,27.2,60.2,3634.1,7.46,107.8,Urban,Clay,9768.9,0,7,1
17.01434,80.44363,71.42,31.3,57.8,3912.4,9.42,44.2,Agricultural,Alluvial,5437.5,0,2,1
25.81035,94.27703,538.22,31.3,100.0,28826.5,18.0,43.4,Urban,Clay,3615.6,0,2,1
9.86104,76.34746,34.04,25.7,57.0,2445.4,6.4,40.6,Agricultural,Alluvial,5945.2,1,0,0
17.91631,80.6579,9.02,29.8,71.1,2108.2,5.12,67.9,Agricultural,Alluvial,9652.8,0,3,0
28.91439,76.86391,8.4,23.2,27.7,2102.4,4.97,198.8,Urban,Loam,8374.4,0,3,0
26.32186,94.60235,202.62,31.0,100.0,13316.3,18.0,127.1,Forest,Alluvial,10012.9,1,8,1
26.1788,90.20225,105.33,26.5,65.9,10428.6,18.0,85.4,Water Body,Loam,11601.1,1,3,1
18.17154,81.76818,39.93,27.8,63.6,2656.5,6.19,150.0,Agricultural,Sandy,7049.6,1,1,0
24.83162,87.94196,5.93,35.0,47.9,3249.6,6.54,110.8,Water Body,Clay,3453.7,0,3,0
17.77166,79.73091,58.55,31.1,66.8,3874.3,9.02,159.2,Water Body,Clay,5054.9,1,0,1
27.76821,91.14692,35.32,27.1,47.9,7308.5,15.82,77.2,Agricultural,Silt,11530.1,0,5,1
10.30647,76.20513,69.23,35.0,61.3,3390.1,9.78,48.9,Forest,Alluvial,7073.0,0,1,1
10.34742,76.66687,84.53,29.7,68.6,2889.0,8.67,69.4,Agricultural,Alluvial,722.7,1,1,1
28.81327,77.55471,6.14,22.7,52.1,2031.0,4.58,214.0,Forest,Sandy,2140.2,0,2,0
27.06777,84.90927,3.02,29.3,47.4,4537.7,9.25,88.5,Wetland,Alluvial,11200.7,1,0,0
10.35006,76.71772,0.61,26.3,39.9,2371.6,4.27,163.0,Wetland,Alluvial,648.5,0,1,0
29.47231,76.82499,104.07,32.1,86.5,5662.0,15.12,216.1,Forest,Clay,7309.9,1,1,1
14.54494,76.65608,13.12,17.0,37.4,314.3,0.78,518.4,Wetland,Alluvial,10741.9,1,1,0
28.95591,77.07266,44.58,34.0,56.9,2838.4,7.99,234.3,Urban,Alluvial,4333.5,0,0,0
28.33761,77.02089,47.81,23.8,51.1,3705.4,9.03,229.4,Agricultural,Alluvial,597.7,0,3,1
10.2137,76.30691,23.99,27.9,51.4,1938.1,6.11,36.6,Wetland,Alluvial,10032.5,1,0,0
26.92517,71.54766,10.26,32.6,50.0,115.5,0.2,341.5,Agricultural,Clay,1882.8,0,0,0
17.5758,76.77732,22.69,29.1,27.9,399.8,1.28,661.9,Agricultural,Sandy,4424.4,0,0,0
16.69182,75.07848,30.05,36.2,42.4,585.7,1.39,789.0,Urban,Alluvial,5333.0,0,2,0
26.66396,82.40359,108.47,22.8,94.6,8456.6,18.0,93.7,Agricultural,Silt,3237.8,0,2,1
11.26642,76.16372,4.03,26.5,43.5,2016.1,3.54,111.0,Agricultural,Loam,7339.0,1,1,0
26.30788,92.56495,73.14,39.6,69.2,7343.1,17.73,60.7,Wetland,Silt,5073.9,0,0,1
18.89521,77.24922,12.05,27.8,55.8,564.3,2.78,641.0,Agricultural,Alluvial,648.4,0,2,0
28.24085,76.90785,4.47,37.6,51.8,2277.0,3.76,219.6,Wetland,Silt,8791.0,1,2,0
20.8582,84.64406,89.97,25.6,72.3,4757.2,14.11,19.4,Agricultural,Alluvial,5070.5,1,0,1
25.60362,93.13326,120.86,18.8,93.7,8813.7,18.0,93.2,Agricultural,Loam,2052.5,1,6,1
18.37904,80.97797,26.88,32.6,63.0,2701.0,6.98,73.8,Urban,Loam,3862.4,0,1,0
9.80018,76.78325,163.44,36.3,78.4,4398.7,14.25,140.9,Urban,Loam,1805.6,0,2,1
17.9684,81.85837,275.74,26.3,100.0,9766.8,18.0,51.9,Urban,Alluvial,5433.2,1,7,1
11.40792,76.01928,182.43,32.2,100.0,5570.4,17.83,75.7,Forest,Clay,5818.2,0,3,1
26.97477,93.95884,52.98,23.2,60.6,8213.1,17.42,45.7,Forest,Clay,11281.7,1,1,1
22.99266,73.61232,15.83,26.9,51.3,1985.2,4.67,207.0,Agricultural,Loam,6592.1,1,3,0
26.45918,86.7583,16.31,29.3,42.6,4163.9,7.49,65.8,Agricultural,Alluvial,6297.1,1,3,0
18.12033,76.52242,26.81,16.9,46.6,506.6,2.62,705.0,Urban,Clay,799.3,1,0,0
9.33052,76.25791,31.79,33.6,51.7,1282.5,3.26,112.0,Forest,Clay,886.6,1,1,0
24.84949,87.95089,50.49,28.8,65.3,5812.6,12.67,52.7,Urban,Alluvial,10277.1,0,3,1
9.71135,76.3696,51.18,22.0,59.5,2673.8,7.17,23.1,Agricultural,Loam,5387.4,1,3,1
28.44167,76.85796,114.78,22.1,74.2,4723.3,12.94,205.7,Forest,Alluvial,6631.4,0,4,1
26.594,85.64647,15.8,33.6,52.3,3982.3,8.29,61.3,Agricultural,Alluvial,5630.2,0,1,0
26.27012,94.27745,45.3,30.7,70.6,6159.8,15.1,108.8,Agricultural,Alluvial,2224.9,1,5,1
27.37565,70.90694,7.77,26.2,39.0,184.0,2.02,253.4,Water Body,Alluvial,9582.1,0,0,0
26.54699,88.42775,136.91,38.0,92.6,9204.1,18.0,116.2,Urban,Silt,6080.1,0,2,1
19.12211,77.32291,28.79,29.7,61.9,511.1,1.38,797.8,Urban,Clay,8799.9,1,4,0
17.55308,81.94052,275.58,35.7,100.0,9200.8,18.0,120.2,Forest,Silt,2529.6,1,0,1
29.44728,76.94737,28.82,35.3,42.6,2931.5,6.87,211.8,Urban,Clay,5609.9,1,0,0
27.33036,93.8967,0.09,24.8,45.5,4631.3,9.66,64.8,Water Body,Silt,6870.5,0,2,0
26.31352,93.18721,134.92,27.3,91.4,10432.3,18.0,111.0,Water Body,Alluvial,736.7,1,1,1
25.05069,80.87842,20.78,29.9,79.8,3938.4,8.37,34.1,Urban,Alluvial,9049.7,1,4,1
29.34951,77.2978,173.19,22.1,100.0,6103.5,18.0,210.7,Water Body,Alluvial,11454.3,1,1,1
16.40777,75.159,63.83,25.9,39.6,654.6,5.45,547.8,Urban,Clay,1911.0,1,1,0
22.82096,77.12911,8.56,22.8,58.6,1212.2,3.01,60.6,Water Body,Alluvial,8689.7,1,2,0
26.58193,94.61992,21.13,28.5,20.0,7007.5,14.64,80.0,Agricultural,Silt,6364.6,0,0,1
28.174,72.27622,18.01,30.4,43.9,235.7,1.93,330.6,Urban,Alluvial,11632.8,0,5,0
16.38835,77.27323,45.68,24.3,68.4,576.0,1.38,791.5,Urban,Sandy,7044.1,0,1,0
20.76949,84.80121,157.13,36.6,83.9,6517.2,18.0,31.2,Agricultural,Silt,3666.6,0,1,1
27.75003,71.99446,6.54,32.8,55.9,166.6,0.2,176.5,Agricultural,Alluvial,4864.6,0,5,0
24.95846,86.36051,109.14,26.7,89.7,6321.8,16.19,72.2,Urban,Alluvial,11578.1,0,0,1
20.2902,84.53345,6.18,29.4,39.1,3249.4,7.37,41.2,Water Body,Alluvial,9421.2,0,5,0
17.10156,80.34969,12.49,29.0,64.0,2336.7,5.8,148.0,Agricultural,Silt,11197.4,1,4,0
25.78597,83.29877,3.04,30.4,39.3,3025.5,5.84,41.2,Agricultural,Loam,5325.1,1,4,0
16.45521,75.56976,1.06,26.1,25.7,423.0,1.4,644.7,Agricultural,Alluvial,6871.1,1,3,0
27.79337,92.64349,76.99,28.2,78.3,9581.3,18.0,75.2,Wetland,Clay,4110.8,1,0,1
22.08015,77.41056,36.07,24.9,36.6,2012.6,5.58,294.1,Agricultural,Clay,8611.1,1,0,0
26.62119,86.34254,229.67,32.6,100.0,12818.0,18.0,105.5,Agricultural,Alluvial,8569.8,1,5,1
28.7035,77.51777,97.97,27.6,75.8,4197.7,13.35,230.1,Wetland,Loam,7455.4,1,0,1
26.37459,83.02189,189.69,24.9,100.0,10535.4,18.0,61.2,Agricultural,Alluvial,10342.5,1,0,1
28.43752,72.00901,8.84,30.6,34.0,225.1,0.73,153.2,Agricultural,Silt,7949.5,1,1,0
26.77305,90.583,22.54,25.8,44.1,6076.1,13.41,114.2,Forest,Silt,6075.0,0,0,1
27.59489,72.12375,1.24,24.7,45.0,139.5,0.2,196.1,Wetland,Clay,6610.8,1,1,0
26.67412,81.79099,232.28,28.4,100.0,12624.7,18.0,40.0,Agricultural,Sandy,6253.8,1,8,1
18.403,80.01296,13.82,28.5,44.5,3454.1,7.89,67.0,Agricultural,Sandy,8276.3,1,1,0
21.40658,85.06714,130.54,27.9,62.7,7453.3,18.0,63.1,Forest,Silt,6689.3,0,0,1
15.17247,75.7031,6.71,28.1,28.6,552.6,1.32,529.6,Agricultural,Alluvial,8936.4,0,4,0
16.78807,81.74255,11.52,26.4,43.6,3755.4,7.23,150.6,Urban,Alluvial,6282.6,1,3,0
22.19205,77.60399,10.97,32.5,60.0,2473.7,4.17,102.0,Forest,Alluvial,7144.2,1,2,0
26.97082,86.85465,48.25,29.9,51.1,6525.1,14.4,102.1,Forest,Alluvial,7379.9,1,3,1
25.34687,82.38725,1.6,29.7,58.7,2966.2,7.39,99.1,Agricultural,Alluvial,1551.1,1,5,0
15.96326,76.79785,21.14,36.3,38.7,469.4,0.2,603.3,Forest,Alluvial,4205.8,1,0,0
26.67841,92.13555,278.99,28.6,100.0,16094.7,18.0,103.2,Wetland,Clay,5616.6,1,2,1
18.41837,77.47065,25.15,20.0,38.9,484.5,1.13,638.4,Wetland,Alluvial,7950.8,0,2,0
28.42923,77.31629,47.35,26.5,43.1,3073.0,7.68,208.9,Agricultural,Loam,6380.9,1,3,1
17.59328,77.42118,3.7,31.0,46.1,521.6,2.2,736.3,Agricultural,Loam,8955.9,0,1,0
18.13479,81.33601,113.69,31.1,82.7,5567.4,14.27,92.1,Forest,Alluvial,4194.7,0,4,1
26.6336,92.25606,282.14,32.0,100.0,16956.3,18.0,65.1,Water Body,Sandy,4596.3,0,1,1
26.98237,92.62809,132.92,32.6,78.2,10831.1,18.0,124.5,Wetland,Loam,7306.6,1,3,1
29.45447,76.83103,2.74,17.6,42.2,1255.4,2.74,208.3,Water Body,Loam,6820.4,0,0,0
26.38183,94.42979,99.4,32.1,100.0,7758.1,18.0,40.3,Forest,Alluvial,5643.8,0,2,1
22.92518,75.91718,40.16,24.2,69.9,3185.0,6.1,137.3,Agricultural,Alluvial,2028.6,0,0,0
25.64409,92.29722,103.16,23.6,66.0,9501.2,18.0,104.4,Agricultural,Clay,6964.4,1,1,1
22.51233,75.95837,44.28,37.1,62.5,2234.6,5.96,66.7,Water Body,Alluvial,11232.4,0,1,0
26.69425,80.82226,64.97,24.8,44.2,7656.3,16.92,32.0,Agricultural,Alluvial,9066.4,1,0,1
26.20475,84.41495,59.83,33.0,65.3,7572.5,18.0,90.6,Forest,Clay,2394.9,0,3,1
22.19042,77.29635,68.18,18.4,61.4,2571.3,7.02,51.5,Agricultural,Clay,5474.4,1,2,1
27.23908,71.25839,0.99,29.7,30.6,90.7,0.2,205.4,Agricultural,Loam,9454.7,1,0,0
27.95667,71.06216,9.21,24.5,31.4,177.6,1.27,161.3,Agricultural,Silt,7337.1,1,2,0
17.09169,81.03293,59.58,27.3,72.8,4802.1,11.1,171.5,Wetland,Loam,2416.6,0,4,1
17.78632,80.42197,47.48,31.6,74.1,4275.2,10.24,43.4,Wetland,Alluvial,9778.3,1,2,1
26.9922,86.54406,139.79,28.8,98.7,10289.0,18.0,63.1,Urban,Alluvial,1571.3,0,3,1
16.57195,81.62566,163.07,27.9,94.6,6082.2,16.83,102.7,Agricultural,Clay,2078.8,1,1,1
10.83027,75.82501,18.71,29.4,38.2,1820.2,3.78,80.0,Agricultural,Silt,1071.1,1,6,0
25.92856,83.21815,110.8,29.5,90.8,8350.3,18.0,76.7,Urban,Clay,1486.1,1,1,1
27.03733,70.63414,3.63,26.5,45.7,236.9,1.26,162.3,Agricultural,Alluvial,3289.9,1,2,0
9.56109,75.9282,39.06,26.6,73.6,2938.5,7.34,177.0,Water Body,Alluvial,10204.3,1,2,0
18.15749,77.10875,52.95,36.7,60.1,597.0,3.6,663.7,Urban,Alluvial,11674.2,1,2,0
29.40165,77.4582,107.9,29.7,67.8,4033.0,11.39,226.5,Urban,Loam,2273.3,0,1,1
17.26296,81.56801,7.76,32.0,61.7,2183.2,5.23,23.5,Water Body,Clay,7479.5,0,1,0
14.99041,76.41245,18.72,29.0,75.4,556.0,1.73,641.8,Agricultural,Loam,3496.8,1,0,0
26.38286,93.24225,139.12,28.7,85.1,10175.2,18.0,79.6,Urban,Clay,11727.8,0,0,1
22.19739,77.65254,76.23,33.1,66.8,3165.4,9.25,103.7,Agricultural,Loam,4096.6,0,7,1
27.58684,90.48736,37.91,25.2,48.3,7508.6,16.74,120.5,Wetland,Alluvial,7605.7,0,3,1
28.38119,77.09067,236.03,26.7,100.0,6337.6,18.0,238.8,Agricultural,Alluvial,6600.5,0,5,1
27.14626,74.20679,0.88,30.6,47.9,194.1,1.85,262.1,Urban,Clay,2681.6,1,2,0
27.06517,90.45467,40.13,32.1,70.5,6734.5,13.82,67.1,Forest,Clay,3253.1,1,3,1
27.33338,72.45407,2.54,30.3,21.0,64.1,0.2,300.7,Forest,Clay,8639.2,0,4,0
25.11819,71.43797,7.32,29.8,44.9,213.3,0.67,155.2,Agricultural,Clay,4957.8,0,0,0
9.96856,76.50207,4.3,35.5,22.2,2205.2,5.16,150.7,Water Body,Alluvial,1233.1,1,2,0
17.78004,75.59221,31.66,23.1,62.1,420.4,2.71,777.9,Urban,Clay,6068.7,1,5,0
16.66032,80.11252,222.41,20.6,100.0,7846.3,18.0,112.0,Forest,Alluvial,6542.7,0,1,1
10.70109,75.81438,44.39,28.8,26.7,3447.5,9.8,87.3,Forest,Silt,10685.9,1,0,1
19.52121,76.7216,5.77,31.2,46.1,537.9,2.44,631.1,Urban,Clay,8788.4,0,3,0
25.67519,94.46898,50.96,33.0,64.8,6899.4,16.4,55.6,Agricultural,Silt,6931.7,1,2,1
10.30524,76.20133,607.39,23.5,100.0,13958.4,18.0,75.3,Water Body,Loam,10170.0,1,6,1
27.33813,91.38587,98.75,31.8,79.6,10493.3,18.0,110.3,Water Body,Loam,11096.8,1,5,1
17.07464,75.45442,25.94,22.0,46.6,342.9,1.85,685.9,Wetland,Loam,3786.4,0,4,0
27.72575,92.24331,92.55,20.4,69.5,11051.2,18.0,139.8,Water Body,Loam,9987.1,1,1,1
28.53603,76.94658,74.27,37.8,70.9,3192.1,8.4,209.3,Urban,Loam,2305.8,0,1,1
14.74764,76.81114,0.52,28.1,40.6,228.9,0.2,493.7,Agricultural,Alluvial,11586.4,1,3,0
11.0343,76.4687,71.46,34.0,59.7,4171.6,11.08,154.8,Urban,Sandy,6433.3,1,1,1
28.57726,77.18819,8.32,27.9,45.6,1881.4,4.86,222.1,Agricultural,Silt,6805.5,0,0,0
18.62232,75.32546,11.86,24.2,46.6,393.8,1.14,655.0,Urban,Loam,11439.7,1,2,0
22.85469,74.37176,95.54,28.1,100.0,3558.5,8.99,199.8,Wetland,Silt,1676.6,1,5,1
27.60264,89.90498,102.11,25.2,100.0,9564.6,18.0,109.4,Forest,Alluvial,978.8,0,0,1
26.60541,82.03384,186.47,31.5,100.0,11118.3,18.0,63.0,Wetland,Alluvial,11091.0,1,0,1
29.30781,77.30612,8.75,21.1,32.2,3644.2,7.8,239.1,Forest,Alluvial,1431.9,0,5,0
25.80582,82.10405,73.69,22.8,55.0,4810.1,13.52,101.1,Urban,Loam,6197.2,0,1,1
28.74997,77.63958,124.0,28.4,71.0,5878.4,15.29,211.2,Forest,Clay,8765.0,1,4,1
14.62297,76.9447,4.09,37.2,43.6,549.3,1.43,538.1,Water Body,Alluvial,5733.1,1,8,0
26.95432,87.2689,190.49,22.5,89.0,10609.2,18.0,82.4,Agricultural,Loam,5272.8,1,7,1
28.72553,76.97627,31.13,37.4,46.7,2874.7,5.42,235.6,Water Body,Clay,5990.9,1,4,0
26.04924,90.46842,30.49,32.0,48.5,5105.9,10.18,46.4,Forest,Alluvial,8338.7,0,1,1
9.26219,76.12157,73.55,27.0,89.1,4073.2,11.88,77.7,Agricultural,Sandy,11487.9,1,0,1
27.41499,90.03701,158.4,29.8,98.7,9612.0,18.0,68.9,Water Body,Alluvial,6850.5,1,0,1
21.21285,84.96421,8.35,30.8,30.5,4610.9,9.3,30.9,Agricultural,Sandy,978.5,0,4,1
27.32965,92.59196,1.49,14.6,55.4,5602.3,9.79,69.7,Forest,Loam,3453.7,1,0,1
25.29753,87.52591,31.33,25.5,45.5,4785.6,11.43,101.0,Agricultural,Alluvial,10157.9,1,2,1
27.20526,71.9488,2.49,35.5,42.2,125.5,0.2,348.2,Agricultural,Sandy,10746.4,0,0,0
15.68304,76.34048,19.68,23.8,45.2,472.7,0.58,763.4,Agricultural,Clay,6291.5,0,3,0
27.98315,71.27758,2.84,27.0,69.1,137.3,0.2,233.2,Agricultural,Silt,1841.5,1,3,0
26.39182,84.08721,0.66,27.5,38.5,5082.3,10.13,46.4,Agricultural,Silt,8572.9,0,3,1
10.70602,75.95699,100.33,27.1,51.6,3666.9,10.95,84.6,Agricultural,Clay,3831.0,1,1,1
26.96197,83.48764,120.82,36.3,90.4,7171.6,18.0,45.9,Water Body,Alluvial,1968.6,0,4,1
20.46064,84.88088,129.23,25.8,58.2,7950.4,18.0,37.5,Agricultural,Clay,3999.7,1,3,1
29.03203,77.00179,172.37,28.4,97.1,5760.0,17.26,194.6,Water Body,Alluvial,730.7,1,1,1
21.28379,86.68712,11.51,30.9,54.9,4412.4,9.74,72.2,Agricultural,Alluvial,7069.2,0,3,1
28.22306,77.73784,33.5,24.1,60.8,2769.3,8.02,203.6,Water Body,Alluvial,2764.3,1,1,0
21.33106,86.89805,50.54,34.5,49.9,5391.4,12.48,72.2,Agricultural,Alluvial,11986.4,1,6,1
28.37679,77.03916,7.84,33.1,47.6,2020.9,4.56,233.4,Agricultural,Loam,4413.3,0,0,0
28.29538,76.87824,70.28,31.0,70.0,3846.1,10.44,200.7,Urban,Clay,1692.9,1,0,1
9.65379,76.29269,170.24,29.8,100.0,4810.0,15.82,104.3,Forest,Alluvial,1727.7,0,6,1
29.1141,77.36858,24.11,24.5,39.7,2206.8,4.98,215.5,Agricultural,Silt,10495.4,1,1,0
27.64686,90.28227,73.72,26.5,70.9,7726.3,18.0,131.0,Water Body,Loam,2546.1,0,0,1
29.41229,77.57902,54.14,23.4,52.4,3552.2,7.17,221.0,Urban,Sandy,1291.5,0,3,1
26.88702,73.57129,22.72,24.3,41.2,223.6,1.13,197.4,Urban,Alluvial,7976.7,0,0,0
18.85108,77.4137,16.85,30.4,37.7,479.8,1.48,463.9,Wetland,Alluvial,6906.5,1,2,0
20.34984,84.78225,105.42,28.4,70.6,6475.9,16.16,36.1,Urban,Alluvial,10121.8,1,3,1
17.37202,80.33397,52.36,27.8,44.0,2700.6,6.43,165.2,Urban,Silt,1694.1,1,4,0
26.67293,81.48797,271.25,31.7,100.0,13796.0,18.0,88.3,Agricultural,Alluvial,5033.9,0,4,1
28.79299,77.30206,77.2,33.8,72.4,4425.3,10.29,226.2,Urban,Sandy,1074.6,0,2,1
22.10791,75.28735,151.12,35.6,80.9,4034.1,14.6,248.5,Urban,Clay,4508.0,1,0,1
29.34554,77.26353,121.19,30.3,90.2,4485.3,11.48,237.2,Forest,Loam,10759.5,0,2,1
26.56427,93.9272,68.34,32.1,55.4,7740.9,17.51,73.1,Agricultural,Alluvial,10300.2,1,3,1
15.78621,74.98443,32.19,28.7,54.0,513.7,2.89,692.9,Agricultural,Alluvial,1008.3,1,7,0
29.16225,76.88405,84.29,28.6,56.6,3657.3,9.25,210.8,Water Body,Loam,11678.9,1,1,1
27.73318,90.02682,275.59,25.1,100.0,17739.9,18.0,89.1,Agricultural,Silt,10974.2,1,0,1
22.64796,78.13137,125.11,21.8,73.3,2748.4,10.02,136.6,Water Body,Clay,3617.1,1,9,1
28.5256,77.03882,5.63,37.6,40.2,2173.5,4.77,192.9,Agricultural,Alluvial,3367.5,0,3,0
16.62971,82.11122,131.67,31.4,79.8,5223.3,14.58,113.2,Forest,Loam,11952.3,1,0,1
28.86984,77.62719,7.34,22.9,34.4,2245.1,5.17,226.3,Forest,Loam,8862.8,1,3,0
15.92495,76.14391,1.69,32.9,52.9,387.5,1.62,668.7,Urban,Clay,1996.3,1,0,0
19.39745,76.463,4.61,26.1,40.8,511.9,0.34,496.4,Wetland,Sandy,6432.3,0,6,0
16.80231,75.68602,32.9,32.3,68.9,455.2,1.32,675.4,Forest,Silt,1747.2,0,3,0
28.93228,77.41481,114.69,30.5,59.0,4461.5,13.4,228.8,Urban,Alluvial,7069.7,0,3,1
27.44033,94.39316,14.61,24.7,42.9,4874.4,10.35,41.6,Agricultural,Clay,6704.0,1,7,1
17.61584,77.35318,11.53,38.8,40.0,550.3,0.92,717.5,Agricultural,Alluvial,2940.7,1,3,0
26.2405,94.93488,79.31,31.0,69.7,5947.0,14.86,89.7,Agricultural,Clay,7418.4,0,6,1
26.24036,85.95201,40.76,29.4,29.6,3580.4,8.98,81.9,Agricultural,Alluvial,3222.9,0,7,1
25.05936,85.23567,31.62,30.0,53.2,5380.0,11.96,50.9,Water Body,Clay,10931.0,1,0,1
26.4726,82.92413,112.86,28.1,100.0,8241.2,18.0,49.9,Water Body,Alluvial,3841.1,0,1,1
28.80543,77.54112,0.64,26.6,42.7,3122.3,6.4,235.5,Urban,Loam,3990.6,1,3,0
26.52879,83.8814,139.93,18.3,90.4,8822.8,18.0,61.8,Water Body,Clay,2812.9,1,1,1
16.83109,81.11295,8.16,19.8,45.8,2565.9,5.44,130.9,Forest,Alluvial,8396.9,1,4,0
28.48108,73.58077,11.42,29.6,43.4,172.8,1.45,220.3,Forest,Silt,3225.8,1,2,0
22.50548,77.18969,98.66,33.5,70.7,3427.7,9.17,168.8,Urban,Loam,3164.5,0,2,1
18.10347,75.10037,13.13,37.7,58.4,455.5,1.89,757.9,Agricultural,Loam,8756.1,1,7,0
28.25104,77.485,101.22,28.2,67.7,4855.3,12.4,209.3,Urban,Clay,9899.0,1,4,1
25.66151,72.72425,4.14,29.8,41.0,142.3,1.65,296.2,Agricultural,Loam,6186.6,0,2,0
28.21242,77.37278,229.48,29.1,100.0,7174.5,18.0,213.7,Forest,Alluvial,3135.4,1,0,1
21.55394,74.08845,23.42,30.3,55.9,2750.5,5.9,135.1,Agricultural,Sandy,9466.8,1,1,0
22.28582,77.99164,91.91,19.3,62.5,2489.6,6.92,62.7,Forest,Sandy,6100.9,1,4,1
18.37242,76.98367,7.26,37.8,39.3,465.0,2.26,763.4,Agricultural,Loam,4831.5,1,1,0
27.1023,72.37982,24.02,24.0,44.1,255.2,2.25,180.9,Water Body,Alluvial,3986.5,0,4,0
16.48547,75.22339,40.54,28.9,62.2,542.0,2.18,485.9,Urban,Alluvial,5646.6,0,3,0
9.2227,76.02937,4.64,31.0,43.4,1843.5,2.87,158.4,Agricultural,Clay,7596.4,0,0,0
21.58032,75.25608,42.54,28.5,47.2,3169.7,6.09,204.6,Urban,Clay,9190.9,1,3,0
9.98935,76.09194,70.46,22.4,60.3,2387.7,6.46,112.7,Agricultural,Loam,5960.0,0,0,1
17.75609,81.74067,72.94,30.7,50.2,4335.1,11.65,166.9,Wetland,Alluvial,8845.4,0,4,1
9.95374,76.71324,33.6,26.0,55.2,1881.0,4.13,57.9,Water Body,Clay,7899.1,0,6,0
20.67614,86.60593,77.11,24.2,57.6,4166.0,10.73,82.0,Agricultural,Silt,5875.1,1,0,1
20.16972,85.18738,234.77,30.8,95.1,11115.1,18.0,41.9,Agricultural,Clay,11387.4,1,3,1
21.15412,85.29603,272.89,26.8,100.0,11149.0,18.0,64.1,Agricultural,Alluvial,2467.2,0,0,1
11.36421,76.84433,1.47,29.5,40.2,1799.5,3.99,170.9,Agricultural,Silt,9199.6,0,0,0
21.48391,85.16796,35.66,26.0,48.8,3089.3,7.66,69.8,Urban,Alluvial,3312.7,1,2,0
20.71125,86.39059,348.71,44.3,100.0,12732.3,18.0,55.2,Agricultural,Loam,919.3,1,4,1
25.99992,91.01631,10.34,24.9,30.6,4350.5,8.57,49.0,Agricultural,Alluvial,6246.9,0,1,0
18.10467,82.1673,142.46,39.6,100.0,5740.8,17.26,55.7,Agricultural,Loam,10012.2,1,2,1
19.88574,86.71824,82.4,28.0,81.1,6288.8,15.77,21.2,Urban,Clay,8415.9,0,2,1
25.5293,72.14792,1.94,41.2,46.1,169.1,0.2,155.7,Agricultural,Sandy,4896.9,0,4,0
22.16563,75.43106,5.25,31.2,39.5,1131.2,2.14,250.1,Agricultural,Alluvial,9311.8,1,4,0
16.21123,75.48396,13.33,29.4,43.1,199.1,0.2,506.5,Urban,Silt,6116.9,0,4,0
28.66124,77.5191,2.76,26.8,56.4,1976.1,3.47,225.8,Forest,Sandy,7542.6,0,3,0
28.66623,77.73356,14.74,27.8,41.6,2934.6,7.69,223.5,Agricultural,Alluvial,10923.9,0,1,0
27.50057,94.06237,159.3,22.3,85.6,10874.2,18.0,78.0,Wetland,Clay,10233.4,0,1,1
9.69116,76.55314,67.63,26.8,89.5,2395.0,7.64,100.0,Forest,Alluvial,1501.9,1,3,1
11.39699,76.76067,77.48,27.1,43.9,3425.4,11.21,197.9,Forest,Silt,2323.4,0,2,1
16.58334,81.07807,14.2,18.2,38.2,3674.4,7.48,22.8,Forest,Sandy,5566.0,0,0,0
20.58015,84.53691,9.17,36.6,33.4,3215.0,7.53,74.0,Agricultural,Alluvial,7442.6,0,3,0
22.09122,74.74557,10.61,33.8,35.3,1549.7,3.44,163.0,Wetland,Clay,6860.8,0,1,0
28.36116,77.37046,0.13,33.9,60.4,1548.0,3.33,224.7,Forest,Sandy,1293.6,0,2,0
26.57814,86.00898,71.63,23.2,57.7,4707.3,9.78,40.6,Agricultural,Alluvial,10505.9,1,2,1
9.37761,76.6956,80.78,29.4,47.5,3569.0,9.98,87.1,Wetland,Clay,11884.4,0,0,1
17.71189,75.7218,5.56,25.0,62.4,555.0,1.34,518.5,Forest,Clay,11467.1,0,1,0
22.43085,75.89598,24.71,29.7,45.7,2320.6,4.28,319.0,Urban,Loam,11350.5,1,1,0
25.84788,84.48494,6.07,24.6,58.9,5440.8,11.5,119.2,Urban,Loam,10010.3,0,3,1
26.83215,84.0588,130.35,29.3,81.3,9411.7,18.0,89.8,Water Body,Alluvial,11030.7,1,0,1
21.56408,74.97083,25.74,25.9,64.3,2306.6,3.87,150.7,Agricultural,Clay,4740.8,0,0,0
27.57297,91.39814,107.46,34.9,98.5,9280.1,18.0,48.5,Agricultural,Clay,8959.0,0,2,1
26.4308,83.35568,171.18,27.8,98.7,9523.7,18.0,49.1,Agricultural,Loam,6205.0,1,1,1
23.02911,73.93239,34.69,21.4,63.3,1783.7,4.71,120.3,Agricultural,Clay,10251.4,0,2,0
10.69031,75.91545,1.53,24.7,34.5,2226.7,6.8,82.0,Forest,Loam,8689.7,0,0,0
20.91088,86.06568,23.52,32.3,40.7,4036.9,8.28,41.8,Agricultural,Alluvial,6266.6,1,3,1
17.58157,81.38383,169.22,42.5,100.0,5717.0,17.29,89.2,Urban,Alluvial,8730.8,0,2,1
19.39893,75.52815,4.99,28.6,31.7,383.2,1.5,511.5,Agricultural,Silt,3949.5,1,0,0
19.97994,85.5354,17.3,35.8,46.8,3037.2,7.33,34.4,Agricultural,Loam,6863.2,1,0,0
28.81108,77.79804,39.05,25.4,52.1,2653.3,7.26,207.8,Forest,Clay,7496.6,0,6,0
25.88874,81.47678,1.76,30.7,32.0,2158.4,4.56,89.9,Urban,Loam,2784.9,1,5,0
29.19015,76.8037,77.63,34.2,62.9,5101.9,12.85,201.2,Agricultural,Loam,3069.1,0,0,1
27.54997,91.76413,76.37,26.4,81.8,6448.1,16.26,59.2,Forest,Loam,8296.8,1,1,1
22.26083,78.46942,13.32,28.3,51.5,2495.6,5.97,161.4,Water Body,Silt,10100.5,1,2,0
25.94412,82.55692,133.0,30.2,88.9,8904.8,18.0,114.8,Agricultural,Loam,7392.6,1,3,1
21.24024,86.54526,191.27,23.0,100.0,10351.8,18.0,55.4,Wetland,Loam,9214.2,0,2,1
17.77382,79.67617,9.08,33.8,71.9,2931.6,6.43,26.3,Agricultural,Alluvial,10254.6,1,3,0
21.68268,73.78529,26.92,34.0,66.8,2299.5,1.92,151.8,Forest,Alluvial,11998.7,1,6,0
26.42788,90.12705,159.04,25.2,99.4,10560.1,18.0,112.9,Agricultural,Silt,1569.2,1,3,1
27.43424,72.09644,3.22,32.1,44.8,179.6,0.87,206.2,Forest,Sandy,9190.5,0,4,0
22.14034,74.96397,64.47,24.3,50.0,2129.8,5.49,114.6,Agricultural,Alluvial,3886.7,1,2,0
22.37229,77.28805,30.37,29.6,48.5,2514.0,6.07,275.4,Forest,Alluvial,5370.5,0,2,0
26.90872,91.74988,12.21,27.7,31.6,6234.7,13.75,130.6,Agricultural,Loam,1102.8,0,3,1
29.13096,77.50862,34.78,28.3,65.3,3138.7,7.2,239.9,Water Body,Alluvial,7322.9,0,0,0
26.14223,81.3358,21.92,24.3,49.3,5037.3,11.44,103.9,Urban,Loam,1361.6,1,2,1
17.47576,82.06474,92.88,26.2,56.8,4940.9,12.29,28.6,Water Body,Alluvial,3597.0,0,0,1
25.40315,81.96956,491.73,30.1,100.0,21087.0,18.0,70.4,Urban,Sandy,11120.8,1,7,1
18.1167,81.06444,130.36,36.4,72.1,7543.1,18.0,91.5,Urban,Clay,6855.3,1,5,1
14.6213,75.79779,0.8,19.3,43.5,301.6,0.98,777.4,Forest,Sandy,3545.5,1,0,0
10.13378,76.42118,47.82,32.6,59.3,3163.4,7.03,58.8,Agricultural,Alluvial,6959.0,1,3,1
28.96883,77.25641,75.63,25.5,55.2,4084.8,12.24,214.7,Urban,Loam,7593.1,0,4,1
26.25287,82.63499,187.84,34.0,89.4,10958.6,18.0,108.4,Forest,Silt,10514.0,1,7,1
25.62,73.17285,3.62,30.1,20.0,155.2,1.56,205.8,Agricultural,Silt,1039.0,1,4,0
28.04926,70.67705,25.8,22.3,40.0,159.5,0.2,203.2,Urban,Alluvial,2402.1,1,0,0
20.62355,86.04967,213.68,34.0,97.4,11154.6,18.0,18.8,Wetland,Silt,7474.4,1,0,1
22.78833,75.52723,80.92,27.9,76.9,4017.0,11.38,83.8,Water Body,Alluvial,7011.7,1,1,1
22.61788,75.91811,1.74,27.6,20.3,2042.9,4.45,107.4,Agricultural,Loam,11922.9,1,4,0
9.97773,75.81233,80.91,31.7,74.9,3873.4,8.62,197.5,Agricultural,Alluvial,1764.6,1,0,1
16.66654,82.1771,7.77,29.6,52.8,2617.2,6.33,170.5,Forest,Clay,4650.8,0,2,0
17.88818,76.18888,33.22,23.6,50.5,577.8,1.86,514.2,Forest,Clay,3950.5,1,3,0
22.44498,74.88368,11.58,24.5,49.3,2866.7,5.98,61.5,Agricultural,Loam,7140.4,0,6,0
17.02937,81.67151,101.97,23.2,93.8,6100.7,14.57,138.1,Urban,Silt,4695.9,1,2,1
15.52386,76.98542,41.49,21.9,55.2,551.0,2.86,699.8,Urban,Clay,10998.6,0,3,0
20.15689,84.65396,194.44,28.9,100.0,10213.5,18.0,77.0,Urban,Alluvial,3365.9,1,4,1
16.90336,81.70308,133.52,28.9,80.2,6619.1,16.08,143.6,Urban,Clay,1154.0,0,2,1
25.54873,80.50419,6.94,28.9,50.0,5471.5,11.23,59.2,Forest,Alluvial,695.4,1,0,1
20.40782,84.59249,273.6,34.4,100.0,11667.6,18.0,76.4,Agricultural,Sandy,6341.8,0,2,1
28.25046,76.99157,11.34,21.5,57.2,2997.7,6.67,236.7,Agricultural,Alluvial,2768.5,0,2,0
20.53482,86.7742,0.33,23.3,54.0,5218.7,9.19,44.7,Agricultural,Loam,11196.2,0,5,1
9.5358,76.82883,0.55,31.9,52.2,1714.7,1.85,114.0,Agricultural,Alluvial,11774.5,1,6,0
29.41691,77.54931,131.86,33.1,80.1,5339.4,12.38,222.2,Urban,Loam,10699.0,0,3,1
29.20756,76.93258,153.69,30.7,100.0,6172.3,17.47,229.5,Agricultural,Alluvial,11336.9,0,3,1
21.3125,86.41216,55.06,31.2,77.4,5805.4,13.14,73.0,Wetland,Silt,9403.8,1,3,1
24.81645,86.91945,343.58,25.7,100.0,15778.2,18.0,117.2,Urban,Clay,7413.1,1,0,1
27.57257,90.10034,192.4,28.4,100.0,14691.7,18.0,53.5,Urban,Alluvial,10770.0,0,4,1
21.63899,75.9137,24.01,25.2,47.1,2096.9,5.14,291.4,Forest,Clay,4322.7,1,3,0
20.75491,85.69335,3.44,30.0,44.5,4144.6,9.94,43.7,Forest,Alluvial,11218.7,0,3,1
26.90949,82.86729,77.54,28.3,58.2,6281.0,15.86,97.4,Agricultural,Clay,7568.9,1,1,1
22.34728,76.53185,10.53,34.4,41.9,2101.3,5.13,94.0,Agricultural,Loam,3786.5,0,4,0
22.97687,77.35002,124.35,30.0,76.1,3947.6,13.32,50.5,Agricultural,Clay,1179.2,1,5,1
28.91463,77.18238,15.31,31.3,20.0,2006.2,3.11,191.4,Agricultural,Alluvial,6922.5,1,5,0
18.23402,81.84523,77.65,28.4,52.9,5257.1,12.49,140.1,Water Body,Silt,9144.4,1,3,1
11.11406,76.54039,71.06,34.9,58.8,4381.2,11.61,125.1,Urban,Clay,1911.7,0,3,1
21.21274,86.07694,6.43,25.8,50.5,4629.9,10.22,30.4,Forest,Alluvial,10556.1,1,2,1
22.39784,74.92724,274.2,20.0,100.0,6486.5,18.0,91.1,Urban,Sandy,8637.1,0,3,1
21.36445,84.68968,66.66,24.6,59.6,7257.0,16.35,53.6,Forest,Clay,4804.1,0,1,1
20.75713,85.39796,77.5,26.1,55.0,6371.9,15.93,64.0,Agricultural,Alluvial,9328.2,1,7,1
11.29633,76.33637,159.92,35.7,90.1,4193.6,13.58,185.5,Urban,Clay,1693.0,0,2,1
20.34771,85.87137,2.89,36.5,48.9,2947.1,5.77,51.2,Urban,Loam,5838.0,1,1,0
16.74698,81.33588,109.47,30.7,76.0,5624.9,15.07,63.4,Agricultural,Silt,10300.5,0,9,1
11.03813,76.89627,7.48,25.2,35.8,1612.1,2.51,55.8,Agricultural,Silt,7105.0,1,3,0
28.31592,77.75168,51.4,25.8,55.7,3690.0,9.77,221.4,Agricultural,Alluvial,1238.3,1,0,1
25.6704,86.91779,103.59,23.3,86.3,7115.7,17.42,33.7,Forest,Alluvial,5917.3,0,9,1
27.55069,73.45023,5.29,28.4,37.3,121.4,1.91,348.3,Wetland,Sandy,9508.8,0,0,0
9.74881,76.54785,155.51,30.1,100.0,5394.2,15.37,125.6,Agricultural,Alluvial,7952.8,0,0,1
23.15659,78.16512,3.09,34.1,45.4,2538.3,4.65,274.5,Urban,Alluvial,7867.0,0,1,0
29.00459,77.52537,217.38,28.1,93.9,7925.1,18.0,200.4,Forest,Silt,1250.9,1,2,1
20.04636,85.02946,109.36,31.2,55.6,7727.9,18.0,53.5,Wetland,Loam,1084.8,1,4,1
28.74395,76.8342,50.76,36.0,65.4,3600.9,10.53,207.1,Agricultural,Loam,9781.8,0,2,1
29.07842,77.39158,65.77,23.6,86.8,3707.3,9.87,206.2,Water Body,Alluvial,9178.6,1,1,1
27.54039,93.03346,106.26,33.1,67.5,10364.6,18.0,103.2,Forest,Loam,2266.3,1,2,1
23.16595,78.47026,48.38,25.3,64.1,2612.9,7.89,69.5,Agricultural,Alluvial,3881.7,0,7,1
10.66422,76.78841,189.72,27.5,100.0,5527.6,17.15,63.2,Forest,Clay,9834.8,1,3,1
26.65168,89.92844,53.91,23.1,61.5,6025.3,12.71,59.9,Urban,Sandy,9734.7,1,3,1
22.16573,77.31228,11.69,29.0,48.5,2154.1,4.11,166.4,Forest,Clay,7898.9,0,2,0
26.64483,71.74313,18.3,27.1,39.2,170.1,0.2,231.0,Agricultural,Loam,11950.3,1,6,0
28.60021,77.51099,3.36,45.8,50.4,2332.6,5.32,220.3,Forest,Alluvial,6059.8,1,2,0
19.2512,75.55184,10.91,17.2,49.9,476.4,1.64,551.3,Agricultural,Clay,5399.9,0,4,0
11.33909,75.80618,134.86,30.1,85.3,3919.7,13.5,25.0,Agricultural,Loam,2035.2,1,0,1
17.31275,80.7856,63.43,34.3,56.0,3599.8,8.46,95.3,Agricultural,Alluvial,1443.4,0,6,1
21.25396,85.84398,155.47,25.4,88.0,7364.8,18.0,77.2,Forest,Clay,7341.9,0,4,1
21.04887,85.318,148.45,34.3,89.0,8668.0,18.0,78.1,Urban,Silt,8861.4,0,0,1
26.38387,94.91241,10.98,34.0,26.1,7370.9,14.91,104.9,Forest,Clay,11848.6,1,0,1
18.44777,80.54587,9.65,26.8,34.3,1988.8,4.19,174.3,Agricultural,Alluvial,5388.1,1,3,0
25.69905,93.32954,192.87,36.2,100.0,13072.6,18.0,67.3,Forest,Loam,7025.6,1,0,1
17.06843,77.17935,23.59,27.0,65.8,560.0,2.93,678.1,Agricultural,Alluvial,1723.7,1,2,0
10.10685,76.86351,147.27,35.1,89.1,4455.4,12.73,142.7,Agricultural,Loam,7335.9,0,4,1
29.44208,77.56368,333.31,26.6,100.0,9692.5,18.0,226.3,Agricultural,Alluvial,8656.2,0,3,1
20.33621,84.80125,225.96,24.8,100.0,10631.5,18.0,49.2,Agricultural,Clay,3475.1,0,8,1
26.67522,91.34449,165.12,28.7,100.0,11628.0,18.0,125.9,Agricultural,Alluvial,5640.3,1,0,1
26.2348,71.28265,9.14,29.9,51.4,130.6,0.76,217.7,Urban,Alluvial,1508.3,1,2,0
22.22442,76.72087,75.42,29.0,77.4,3355.7,7.34,146.4,Forest,Silt,4976.0,0,3,1
27.5381,74.49013,13.85,29.9,46.0,155.9,0.99,332.4,Water Body,Alluvial,6939.9,0,1,0
28.60158,77.03552,22.29,31.3,34.6,2181.1,5.74,222.0,Agricultural,Loam,11326.2,1,2,0
21.82534,75.63111,43.64,33.6,31.0,2716.6,7.12,225.4,Forest,Sandy,7246.4,0,1,0
17.45885,81.9432,17.17,38.5,49.1,3235.8,7.03,154.1,Wetland,Alluvial,400.2,1,5,0
26.26522,93.27815,46.61,27.0,30.6,8231.7,18.0,119.4,Agricultural,Sandy,7383.1,1,3,1
17.45166,79.82096,2.63,19.8,48.6,2486.0,5.84,75.6,Agricultural,Sandy,7855.4,1,0,0
27.54543,91.14896,32.65,26.6,70.1,5514.0,11.64,149.6,Forest,Alluvial,7407.9,0,2,1
26.73761,82.43217,46.76,25.3,62.3,3172.5,7.53,74.8,Forest,Alluvial,4879.1,0,1,1
27.62591,74.12905,11.67,16.7,44.1,198.4,0.47,192.2,Agricultural,Loam,8589.0,0,0,0
28.83742,77.61009,138.55,27.2,100.0,4273.8,12.33,204.9,Urban,Loam,3563.7,1,6,1
16.33228,75.03174,1.57,28.9,30.2,674.8,1.64,613.0,Forest,Loam,5422.8,1,1,0
9.95695,76.06243,84.6,19.8,75.2,3530.7,10.21,24.9,Water Body,Clay,2603.0,1,6,1
22.15638,73.55424,36.51,17.8,72.0,2806.2,7.41,317.2,Forest,Loam,7838.7,1,5,0
28.891,77.13645,67.88,31.1,59.9,3785.8,9.29,225.7,Agricultural,Alluvial,9986.0,1,4,1
28.29839,71.87889,32.55,28.6,70.1,135.1,1.39,256.2,Agricultural,Clay,818.6,1,2,0
28.45016,73.1155,1.05,30.6,23.6,136.7,0.31,238.0,Urban,Clay,2033.6,1,0,0
18.55333,76.53703,27.72,23.4,58.2,645.5,2.54,759.8,Agricultural,Clay,7896.7,0,4,0
10.38313,76.10669,85.74,31.1,87.4,3785.5,10.37,161.5,Forest,Clay,7976.6,0,1,1
9.87421,76.61371,180.39,18.4,100.0,5387.4,15.26,36.6,Agricultural,Clay,8972.6,1,4,1
22.77105,74.54549,4.34,34.6,21.0,1435.3,1.22,91.1,Water Body,Loam,4356.1,0,4,0
16.25621,75.14094,24.92,26.5,46.2,399.5,1.19,772.5,Forest,Loam,6178.7,1,1,0
28.2144,77.46873,74.76,29.7,74.8,3254.7,8.5,206.6,Agricultural,Sandy,7538.2,0,1,1
27.41863,91.78948,83.8,30.6,56.3,7623.0,18.0,131.4,Agricultural,Alluvial,4070.6,0,3,1
27.26681,94.76973,129.28,35.5,97.0,10689.4,18.0,146.0,Agricultural,Loam,2278.3,1,4,1
9.85232,76.46791,147.6,30.2,91.0,4321.1,14.47,77.4,Forest,Clay,3757.3,1,1,1
26.19057,94.87392,66.26,33.2,65.1,8485.6,18.0,104.1,Agricultural,Alluvial,6982.2,0,5,1
25.80441,90.55081,157.39,23.9,86.8,11020.8,18.0,43.9,Agricultural,Loam,7056.5,1,1,1
10.69689,76.61948,221.87,25.2,100.0,5937.7,18.0,114.6,Water Body,Clay,8889.7,1,2,1
9.92445,75.88541,22.95,31.1,44.4,2559.3,5.97,17.1,Agricultural,Clay,8749.1,1,2,0
11.44758,76.30415,208.37,31.5,78.7,5809.8,17.14,195.2,Urban,Silt,8673.3,1,2,1
9.6374,76.36536,211.04,26.6,100.0,6002.4,18.0,29.6,Agricultural,Alluvial,2387.2,1,3,1
26.32244,87.05224,9.09,30.9,22.4,6117.4,12.39,89.5,Wetland,Sandy,6306.1,0,1,1
26.08312,88.18296,65.4,31.1,60.2,5094.5,11.64,53.6,Agricultural,Loam,508.1,1,6,1
26.37883,93.72065,16.95,32.5,48.9,5452.1,12.3,66.6,Urban,Loam,11951.1,0,1,1
25.09258,85.5364,47.1,32.1,55.1,6460.3,14.7,61.7,Water Body,Clay,800.9,0,6,1
22.73524,74.84597,51.82,29.8,72.3,3258.8,8.56,56.8,Urban,Sandy,6562.2,1,4,1
26.23776,71.55595,11.11,26.1,42.8,164.4,1.01,237.9,Water Body,Alluvial,9796.8,0,3,0
15.27668,76.54127,10.87,37.2,51.5,400.3,1.62,610.7,Agricultural,Clay,4420.1,1,1,0
22.8168,78.09204,104.0,29.9,81.8,3898.6,12.03,77.2,Agricultural,Loam,6311.6,0,1,1
26.29756,71.08457,12.45,25.2,43.3,108.4,0.2,205.7,Agricultural,Clay,2549.8,0,2,0
28.40253,77.68042,96.75,33.9,78.5,4537.1,12.9,218.5,Urban,Alluvial,10623.8,0,3,1
17.21277,82.05206,130.15,25.0,83.0,4859.6,14.15,157.8,Agricultural,Alluvial,10803.9,1,2,1
10.72567,76.21429,11.23,30.6,35.7,2028.1,5.72,197.3,Agricultural,Alluvial,4320.5,0,5,0
28.29906,71.3503,8.05,21.1,43.9,188.9,1.31,259.2,Wetland,Clay,6757.9,1,6,0
21.19467,85.71234,189.58,25.8,100.0,9335.3,18.0,42.2,Water Body,Alluvial,9301.8,0,1,1
26.04952,73.91792,21.02,23.9,40.8,120.8,2.37,192.4,Urban,Clay,4967.2,1,3,0
29.05157,77.1394,45.39,25.8,39.2,3265.8,8.14,206.5,Forest,Clay,5354.4,1,5,1
26.31257,82.78393,223.48,28.2,100.0,11900.9,18.0,45.0,Urban,Alluvial,4811.5,0,4,1
23.04554,76.52139,40.88,30.7,42.5,1933.6,5.5,239.9,Water Body,Sandy,2281.2,0,0,0
26.76245,70.87905,0.74,26.8,37.0,232.0,0.85,297.9,Water Body,Loam,11548.8,1,1,0
20.07387,86.78161,40.77,24.2,54.9,3518.4,8.69,29.4,Wetland,Silt,6715.3,0,0,1
21.58924,77.05793,94.93,28.0,49.8,3549.6,10.36,106.8,Forest,Alluvial,958.5,1,2,1
26.28542,84.97636,143.33,28.7,100.0,10152.6,18.0,111.5,Forest,Clay,5976.5,0,1,1
17.90559,79.85414,8.79,25.8,37.5,2821.9,4.32,50.8,Agricultural,Clay,6141.2,0,5,0
28.03811,71.47566,6.23,32.8,24.0,148.7,1.73,294.4,Agricultural,Alluvial,11118.4,1,2,0
22.03257,77.15211,37.06,31.0,59.0,1975.2,4.38,189.5,Agricultural,Silt,11241.7,0,3,0
25.79237,72.12987,14.4,23.7,60.8,204.3,1.2,187.5,Forest,Clay,11069.7,1,6,0
21.51999,74.46302,2.47,25.9,46.5,1535.4,3.66,181.7,Agricultural,Clay,4428.3,0,6,0
17.88135,80.08214,89.85,27.9,73.6,5373.9,13.71,177.8,Agricultural,Alluvial,6030.6,1,2,1
28.66064,76.83675,32.75,33.4,54.5,2356.6,5.66,226.3,Agricultural,Clay,10170.8,1,5,0
18.07907,80.8913,99.94,26.9,67.3,4346.2,11.54,156.8,Water Body,Alluvial,8489.9,0,0,1
26.38783,91.2853,39.38,27.2,39.6,6719.1,14.14,127.9,Forest,Alluvial,8460.5,0,3,1
15.39053,77.48622,0.04,33.8,41.7,226.1,0.2,773.1,Agricultural,Alluvial,9567.3,1,2,0
28.79956,77.28799,113.27,28.2,100.0,4170.5,11.96,217.1,Urban,Sandy,7851.5,1,4,1
28.59707,77.407,9.98,27.9,44.4,2581.8,5.08,230.2,Urban,Clay,3280.7,0,0,0
19.20187,75.47036,7.18,22.4,41.5,445.9,0.2,482.9,Agricultural,Alluvial,2687.7,1,7,0
27.06634,94.9618,194.57,27.7,100.0,12107.5,18.0,72.9,Water Body,Alluvial,3931.3,1,5,1
25.69024,81.29868,72.81,30.1,78.3,6752.1,15.79,30.1,Agricultural,Alluvial,10777.8,0,5,1
16.14182,74.89287,2.32,28.0,51.7,415.2,0.52,478.9,Urban,Alluvial,2265.8,1,0,0
9.3998,76.40761,3.45,39.6,25.5,2349.7,4.2,75.7,Agricultural,Loam,7116.6,1,2,0
25.14205,81.85114,25.74,20.6,57.4,5301.3,11.16,50.0,Agricultural,Clay,7294.4,0,4,1
14.72576,75.27833,8.46,32.1,56.8,361.4,0.7,735.8,Water Body,Loam,3889.3,1,3,0
26.40923,85.74862,131.75,26.5,96.3,9274.0,18.0,37.4,Urban,Silt,5969.5,1,3,1
25.92329,84.73478,168.25,23.8,100.0,9156.3,18.0,103.4,Urban,Alluvial,1244.0,1,0,1
10.57449,75.98586,81.37,26.7,58.7,3141.2,11.01,43.2,Urban,Clay,11474.7,1,3,1
25.50021,94.62117,371.65,22.7,100.0,20874.1,18.0,64.6,Wetland,Alluvial,6786.8,1,4,1
28.32701,77.27806,69.49,23.1,73.4,3893.0,9.73,193.7,Agricultural,Loam,9689.2,0,3,1
21.79649,74.07604,13.82,25.2,34.4,2034.5,5.91,179.9,Urban,Clay,7879.5,1,0,0
21.99809,73.91782,3.38,24.7,38.5,2197.7,3.6,181.7,Water Body,Sandy,1933.1,0,0,0
27.87374,71.29303,7.1,33.7,24.0,81.7,0.42,259.6,Forest,Alluvial,7860.9,1,4,0
28.57777,77.43703,13.12,28.9,54.2,2798.7,6.68,192.7,Agricultural,Silt,1459.3,1,3,0
11.25967,76.21829,99.34,30.4,70.9,3863.6,11.58,172.8,Urban,Clay,9642.3,1,4,1
19.06117,76.94624,15.05,31.8,46.5,577.9,0.2,797.5,Agricultural,Clay,1336.9,1,8,0
26.7225,82.43388,100.48,28.8,68.0,8423.3,18.0,47.8,Forest,Alluvial,4512.7,1,4,1
22.6981,76.90506,46.85,28.3,67.7,1580.4,5.26,250.3,Forest,Loam,3086.1,0,3,0
9.46715,76.23241,75.09,27.6,70.7,3116.1,8.82,73.9,Agricultural,Clay,1261.6,1,1,1
26.95123,91.1918,4.57,30.2,34.3,4531.1,9.34,51.3,Agricultural,Clay,7876.4,0,7,1
22.00535,76.80294,58.6,28.6,65.8,3567.8,8.91,286.2,Wetland,Alluvial,11369.4,1,6,1
25.82501,93.42599,69.43,24.0,68.2,8919.5,18.0,122.0,Agricultural,Alluvial,2650.3,1,5,1
11.12825,75.87854,36.31,29.3,54.4,3481.7,8.77,99.6,Agricultural,Alluvial,8625.5,1,3,1
16.52668,81.0913,16.73,32.0,30.1,2970.1,5.96,93.5,Agricultural,Alluvial,9918.4,0,5,0
29.04744,77.65046,77.63,14.1,62.3,3272.6,9.03,226.2,Agricultural,Alluvial,7571.4,1,7,1
20.07777,86.29759,58.71,24.9,78.8,5391.1,14.38,55.6,Urban,Clay,2861.7,1,4,1
19.27415,76.53353,0.74,32.9,59.3,364.5,2.68,513.4,Forest,Silt,11443.2,0,2,0
16.06426,76.03792,17.48,32.0,43.5,196.2,0.86,617.2,Urban,Clay,7393.3,1,6,0
10.38709,76.43844,417.5,30.2,100.0,9184.7,18.0,191.3,Agricultural,Alluvial,1243.8,1,3,1
17.11909,79.56121,153.25,30.5,93.7,6935.9,18.0,79.2,Urban,Alluvial,8519.7,1,5,1
25.99917,92.26533,21.15,31.0,40.7,5759.5,11.5,70.2,Urban,Silt,3583.8,0,2,1
25.25465,81.44004,131.73,18.3,72.4,9031.8,18.0,105.5,Agricultural,Alluvial,1821.7,1,5,1
22.68374,78.14426,8.86,34.7,47.5,906.6,2.76,156.5,Urban,Silt,1136.8,1,1,0
15.05065,77.18547,8.78,29.3,43.1,410.4,1.32,475.8,Water Body,Clay,3569.7,1,1,0
28.51818,76.90796,16.77,25.5,53.7,2496.7,4.9,236.5,Forest,Silt,3201.1,1,1,0
17.4656,77.14695,117.07,24.0,96.3,903.2,6.39,789.2,Agricultural,Sandy,9072.7,1,2,1
21.39761,86.50629,30.97,34.9,63.2,3416.1,7.17,59.0,Agricultural,Loam,3799.5,1,6,1
25.81592,90.77303,185.67,33.8,100.0,13612.7,18.0,67.6,Urban,Sandy,9054.2,0,3,1
10.62146,76.23224,122.58,30.7,96.0,4766.6,12.92,188.0,Urban,Clay,5067.4,0,2,1
19.6478,77.0635,58.04,28.3,64.9,545.4,3.24,489.5,Urban,Clay,976.3,1,6,0
20.85582,84.61024,6.67,26.9,65.4,2920.4,5.22,76.9,Urban,Sandy,9193.6,1,0,0
21.78005,76.65971,129.64,29.8,76.1,3436.4,10.35,68.5,Agricultural,Loam,3440.4,0,7,1
10.55779,76.26198,90.09,38.9,73.4,3789.2,9.95,154.7,Agricultural,Silt,2009.0,0,7,1
9.83647,76.69662,358.37,26.3,100.0,9151.2,18.0,19.9,Wetland,Alluvial,9020.1,0,4,1
21.19605,86.25952,4.36,24.2,37.0,2961.8,4.86,83.2,Urban,Clay,11073.1,1,5,0
22.26883,76.73013,92.28,19.7,74.4,3777.5,9.34,193.8,Water Body,Alluvial,1514.2,0,1,1
20.10783,85.2945,64.46,29.4,57.7,5952.1,12.46,41.6,Urban,Alluvial,9316.5,1,4,1
25.76026,72.67456,24.2,28.8,28.2,257.3,1.51,306.8,Agricultural,Alluvial,8584.9,0,0,0
9.30695,76.28305,97.25,34.1,73.9,4366.0,9.78,75.9,Agricultural,Clay,1677.4,0,1,1
26.40716,94.51052,5.17,26.2,34.6,4542.2,10.27,133.8,Agricultural,Sandy,11134.1,0,0,1
26.67738,73.3798,16.9,33.0,38.0,159.9,1.3,182.9,Urban,Silt,7932.7,0,3,0
28.29037,76.88372,73.94,31.0,60.4,4038.6,11.81,203.7,Urban,Sandy,6084.4,1,9,1
20.47016,85.10476,79.22,34.4,82.0,6076.4,14.91,44.5,Agricultural,Alluvial,9814.7,0,1,1
28.57574,77.19616,385.6,23.0,100.0,10549.1,18.0,224.7,Urban,Clay,8055.8,1,5,1
25.23027,82.27455,29.02,30.6,51.6,5118.9,10.3,77.8,Wetland,Alluvial,4655.5,0,3,1
27.55257,93.89644,25.5,27.6,64.4,5115.4,9.85,58.8,Urban,Silt,1229.9,0,3,1
18.44956,80.02499,90.99,26.1,70.7,5120.3,12.55,100.7,Agricultural,Alluvial,4342.7,0,0,1
27.53108,89.86861,154.03,22.7,97.6,11353.4,18.0,125.1,Urban,Clay,2661.0,0,2,1
18.32124,76.58591,11.81,24.8,37.4,329.7,0.36,540.8,Urban,Clay,5630.3,1,3,0
26.51273,71.54973,7.1,29.6,41.4,172.0,0.94,244.5,Agricultural,Clay,8711.0,1,3,0
15.76654,75.47637,25.34,31.3,39.4,547.0,3.03,562.1,Urban,Alluvial,5132.2,1,0,0
27.47838,95.39892,82.23,35.3,86.2,8999.6,18.0,52.7,Wetland,Sandy,9132.9,0,0,1
21.25345,84.90064,26.68,28.5,49.5,4686.3,9.57,18.2,Urban,Clay,6709.5,0,5,1
16.91971,80.57942,82.28,32.8,69.8,5571.3,13.77,28.9,Urban,Alluvial,11401.9,0,5,1
15.85082,75.46545,5.54,33.1,61.4,456.7,0.89,579.6,Agricultural,Alluvial,2870.4,1,1,0
28.84316,77.71529,77.31,27.4,74.8,3828.5,9.35,195.1,Wetland,Loam,7870.1,1,0,1
18.83228,77.49427,9.35,36.2,54.5,413.3,2.63,606.5,Agricultural,Silt,11515.8,1,3,0
17.79916,75.07313,30.39,29.0,30.6,621.3,0.8,636.9,Agricultural,Clay,9032.7,0,2,0
10.78206,75.86278,56.66,26.2,56.8,3016.9,8.14,118.1,Water Body,Loam,6107.7,1,4,1
25.71341,70.6524,29.33,32.0,36.5,232.8,2.53,179.0,Agricultural,Clay,5271.1,1,0,0
24.98457,81.55155,103.39,26.6,68.8,9112.1,18.0,53.5,Wetland,Loam,6876.3,0,2,1
28.81233,77.02267,319.17,32.8,100.0,8668.5,18.0,215.9,Agricultural,Alluvial,10308.8,1,5,1
28.62085,77.24339,5.41,27.2,45.9,2909.2,6.82,191.0,Wetland,Loam,1893.4,1,2,0
19.14228,77.31705,7.3,32.2,37.4,503.4,1.53,590.0,Urban,Clay,8243.7,1,2,0
20.1715,85.0492,0.71,21.3,53.8,2824.7,5.43,48.7,Wetland,Alluvial,1491.9,1,2,0
26.38765,86.04679,97.65,25.6,82.4,7407.3,18.0,111.0,Urban,Loam,4534.2,0,1,1
28.31781,77.39262,41.66,34.3,60.3,3866.3,8.11,233.3,Agricultural,Loam,2924.2,1,0,1
25.21732,81.25519,111.35,36.4,72.4,7223.6,17.91,37.7,Forest,Loam,1710.5,1,1,1
25.11193,72.27217,26.11,30.8,45.6,218.2,0.94,342.9,Forest,Clay,10965.2,1,1,0
28.6137,77.41218,115.3,31.0,67.2,5565.4,14.75,193.2,Water Body,Alluvial,8255.3,0,0,1
16.57809,80.11596,41.3,28.1,58.5,2173.1,6.6,40.9,Agricultural,Clay,6883.2,0,5,0
28.31081,77.79078,114.05,22.6,100.0,4293.8,12.58,227.4,Forest,Clay,11498.1,1,1,1
29.28186,77.46368,43.63,31.3,48.1,3258.9,8.13,212.1,Agricultural,Silt,9568.7,1,8,1
28.5519,77.62086,50.82,26.2,70.1,2588.5,5.9,208.8,Urban,Loam,6433.0,1,3,0
26.27856,81.01231,46.29,31.7,47.7,4398.2,11.29,32.9,Urban,Alluvial,8423.5,1,1,1
10.35214,75.86507,29.45,25.8,57.9,3387.3,8.39,46.9,Forest,Loam,8724.2,0,2,1
16.62498,80.60375,246.97,25.2,100.0,7952.3,18.0,122.4,Water Body,Alluvial,8575.6,1,1,1
17.20283,74.89478,21.3,25.1,46.0,434.4,0.2,469.3,Forest,Alluvial,11939.7,1,3,0
28.97621,77.42298,189.51,20.0,97.1,6887.8,18.0,228.3,Wetland,Sandy,3064.5,1,1,1
11.48257,76.52545,78.82,29.1,54.5,3184.9,8.13,85.2,Agricultural,Sandy,7646.4,0,0,1
20.59365,84.66357,40.94,34.1,50.5,4199.3,9.06,61.0,Agricultural,Alluvial,10205.8,1,3,1
22.41337,76.36294,9.93,26.6,68.1,2396.1,4.25,318.4,Forest,Silt,10594.9,1,1,0
26.55901,70.60397,5.19,24.7,56.5,155.1,0.66,155.9,Urban,Alluvial,9668.5,1,2,0
15.58757,75.27673,5.35,20.0,39.2,225.8,1.23,533.1,Water Body,Sandy,5085.5,0,1,0
22.14189,76.85743,52.02,33.0,64.3,2413.7,7.43,269.3,Agricultural,Alluvial,7085.5,0,2,0
17.47729,76.76915,1.43,30.3,45.6,384.7,0.56,649.9,Agricultural,Silt,11767.1,0,2,0
27.48938,72.63569,1.99,34.6,48.3,146.6,0.2,307.3,Agricultural,Alluvial,3993.6,0,5,0
19.80752,84.8695,86.48,34.3,78.8,5966.1,16.57,15.4,Water Body,Clay,5559.9,1,4,1
9.7353,76.64769,101.73,29.0,91.3,4189.8,10.62,132.4,Wetland,Loam,7703.6,1,2,1
27.18095,93.07516,24.71,24.5,51.6,4613.4,10.6,58.7,Water Body,Silt,3805.8,0,3,1
25.83053,92.82944,7.86,30.2,22.4,4113.0,8.83,149.2,Water Body,Loam,5695.5,1,4,0
28.5771,77.41942,120.37,34.9,83.4,4629.3,13.02,197.1,Forest,Alluvial,3230.2,1,0,1
27.67484,89.91402,169.83,30.1,100.0,12450.0,18.0,89.0,Forest,Loam,8871.2,1,2,1
28.82834,76.94733,146.68,33.9,100.0,5683.4,17.04,196.9,Agricultural,Alluvial,3152.4,1,3,1
29.25626,77.45083,44.74,33.6,57.3,1976.0,5.36,229.2,Forest,Alluvial,11516.9,0,3,0
25.47977,73.79144,4.77,30.6,53.9,171.3,0.2,264.4,Forest,Silt,5133.6,1,3,0
27.51628,72.97868,4.24,25.9,39.5,176.5,0.2,211.3,Forest,Loam,4750.9,1,2,0
26.74493,82.44849,65.79,28.8,63.9,6470.9,15.47,107.4,Forest,Clay,11493.3,0,2,1
26.16948,86.42494,14.43,28.0,42.6,3712.8,7.03,84.8,Forest,Alluvial,9917.2,0,3,0
27.23474,93.44488,174.04,31.4,100.0,12726.5,18.0,62.7,Urban,Clay,6278.2,1,1,1
20.09857,86.58018,27.07,28.0,58.8,5302.3,11.58,33.3,Agricultural,Clay,1172.1,1,1,1
26.43444,83.58712,13.71,21.9,42.8,4732.9,9.2,62.3,Wetland,Loam,5705.6,0,0,1
17.75211,80.05832,36.27,28.3,56.0,4524.6,10.11,159.5,Agricultural,Loam,3656.1,0,2,1
10.01469,76.79815,468.15,34.1,100.0,10981.9,18.0,190.4,Wetland,Clay,2567.1,1,4,1
26.36284,74.18842,17.43,27.6,21.3,263.2,0.2,220.1,Forest,Silt,3335.3,0,0,0
22.01467,77.98597,42.99,25.2,63.2,2235.9,4.86,137.7,Forest,Silt,6741.8,0,2,0
25.70308,93.16082,199.95,32.3,100.0,13794.3,18.0,145.2,Forest,Clay,1570.9,1,6,1
28.43986,77.44902,187.54,31.3,96.0,6901.1,18.0,213.3,Urban,Alluvial,4412.9,1,2,1
25.29088,80.67918,48.65,29.6,36.7,4663.7,11.61,86.2,Forest,Alluvial,11845.3,1,3,1
25.32637,85.21962,141.83,36.8,72.6,10052.6,18.0,45.7,Urban,Loam,7965.2,1,2,1
22.43826,77.23809,71.73,34.5,84.3,2939.1,8.2,218.6,Water Body,Sandy,9770.3,1,0,1
27.94422,71.07302,3.5,31.2,63.7,147.6,1.57,237.0,Urban,Alluvial,11990.2,0,3,0
28.75774,76.89657,20.6,27.4,20.0,2367.9,4.69,195.8,Agricultural,Clay,1652.7,0,3,0
21.18972,86.51092,30.07,19.8,68.4,3626.2,8.27,35.1,Wetland,Alluvial,2474.4,1,1,1
19.20886,76.31767,7.75,36.5,49.3,238.5,0.59,576.6,Forest,Clay,5357.5,1,1,0
21.43379,86.16336,330.42,33.6,100.0,14502.0,18.0,25.6,Agricultural,Loam,4091.1,0,0,1
17.89389,80.05517,153.12,32.0,96.2,6637.0,18.0,67.9,Agricultural,Loam,10598.9,1,2,1
26.42651,95.23591,97.25,26.0,81.4,7664.6,18.0,48.4,Urban,Clay,1385.2,1,3,1
17.79138,81.63794,119.23,34.3,86.6,6342.0,17.5,50.5,Urban,Alluvial,6469.6,0,2,1
18.23546,80.0709,65.86,29.7,78.3,3926.8,10.71,60.4,Urban,Clay,889.0,0,0,1
20.461,84.76809,166.71,29.3,96.4,8322.4,18.0,23.0,Urban,Loam,4061.5,1,5,1
17.6709,79.92364,70.29,34.9,46.0,3931.7,11.24,95.6,Urban,Loam,3300.6,1,6,1
20.82523,85.75073,10.96,23.6,43.6,3011.5,6.29,51.2,Water Body,Alluvial,11296.1,1,4,0
14.78525,76.53231,2.71,21.0,58.1,494.8,0.98,747.3,Agricultural,Alluvial,11271.7,0,6,0
19.05118,75.36584,8.92,25.5,50.1,290.3,0.87,767.4,Agricultural,Alluvial,6849.6,0,2,0
27.25367,90.40721,167.93,29.7,93.8,12270.8,18.0,69.9,Forest,Loam,2978.1,1,1,1
28.31142,73.58723,0.07,34.3,43.3,198.4,0.29,167.5,Urban,Clay,4780.1,1,1,0
25.58084,74.10764,0.62,33.1,53.8,153.1,2.36,195.5,Wetland,Alluvial,6317.9,1,0,0
25.98403,94.03644,251.43,29.4,100.0,16726.9,18.0,105.2,Forest,Clay,1644.5,1,0,1
20.98297,86.84041,91.69,27.1,100.0,5665.0,13.48,71.1,Agricultural,Sandy,5336.8,1,6,1
25.70129,86.21774,111.38,27.6,88.1,8368.7,18.0,56.7,Agricultural,Clay,7756.3,0,6,1
23.12905,77.73843,61.42,29.4,43.4,3061.2,8.93,298.9,Forest,Loam,10234.0,0,2,1
10.6664,76.8396,21.13,29.8,48.7,1815.5,5.37,86.2,Urban,Sandy,6079.6,0,3,0
25.54531,90.51458,52.71,28.3,59.6,7683.4,17.08,132.4,Urban,Clay,6412.8,1,1,1
22.31788,77.36651,12.6,39.0,42.2,2565.8,4.88,295.5,Forest,Clay,1420.3,0,2,0
29.21611,77.13433,29.77,30.1,52.7,2823.3,7.64,223.3,Urban,Clay,5323.7,1,3,0
26.36645,95.10079,73.53,20.9,74.7,8624.7,18.0,61.2,Agricultural,Loam,1107.2,0,2,1
17.31743,75.96722,2.66,25.8,44.1,577.6,1.72,660.0,Agricultural,Silt,2163.6,0,2,0
17.48643,81.72109,35.09,25.4,55.5,3483.9,7.42,150.0,Water Body,Loam,8162.9,0,2,0
25.58922,94.2149,359.64,30.0,100.0,22185.6,18.0,54.6,Agricultural,Loam,1275.1,1,0,1
28.93873,77.05827,78.22,29.2,69.2,4538.6,10.13,221.9,Urban,Alluvial,1395.0,1,1,1
26.36989,82.32226,283.45,25.0,100.0,14096.2,18.0,106.4,Water Body,Sandy,7746.3,1,3,1
20.32101,86.50322,64.38,26.5,52.0,3854.3,9.73,30.1,Urban,Alluvial,11480.5,0,1,1
10.63719,76.29347,17.01,41.7,41.9,1742.8,3.49,48.8,Urban,Alluvial,1626.5,1,1,0
22.40009,74.68396,1.13,34.8,43.3,1379.9,2.27,216.6,Agricultural,Clay,9924.6,0,4,0
20.14505,85.75713,183.37,24.9,100.0,9335.9,18.0,61.9,Agricultural,Alluvial,10618.6,0,0,1
27.15987,82.47403,2.27,32.1,50.3,2974.2,4.94,95.3,Forest,Alluvial,7942.8,0,2,0
22.18175,73.75566,12.97,25.8,43.6,2087.8,4.49,118.2,Wetland,Alluvial,10960.6,0,1,0
22.75814,76.37681,81.88,24.7,61.2,3511.2,10.34,308.2,Agricultural,Clay,11022.2,0,2,1
27.37121,73.03628,3.94,31.0,35.0,161.2,0.26,262.0,Agricultural,Alluvial,6491.5,1,1,0
20.33542,85.5152,196.23,25.6,100.0,9214.9,18.0,67.2,Forest,Loam,5379.5,1,4,1
25.30338,73.37322,1.47,31.1,50.5,98.0,0.2,202.9,Urban,Alluvial,4452.6,0,2,0
11.15813,76.8274,58.83,30.0,56.9,3417.1,9.45,12.8,Agricultural,Clay,3437.6,0,8,1
20.36185,85.85265,0.24,29.2,30.2,2607.8,5.42,24.9,Forest,Loam,11302.8,1,7,0
25.2406,81.95753,114.06,28.0,88.2,8327.9,18.0,39.7,Agricultural,Silt,2282.5,1,1,1
28.6108,77.79827,15.84,35.9,52.4,1429.4,4.5,201.3,Agricultural,Loam,2925.5,1,1,0
28.53783,77.1128,4.67,27.0,35.8,2142.7,5.64,220.7,Agricultural,Loam,8857.7,0,5,0
20.61117,86.44053,94.88,26.4,56.4,6266.1,14.62,62.8,Agricultural,Loam,10561.1,0,2,1
17.26968,82.02673,10.17,21.2,37.4,2840.3,6.19,135.8,Urban,Clay,4127.7,1,1,0
28.88967,76.91361,16.98,22.3,64.4,2439.7,5.06,197.8,Urban,Loam,6866.6,0,6,0
19.08732,76.27105,0.67,26.8,43.1,312.5,0.47,547.2,Water Body,Alluvial,8907.2,0,0,0
9.67029,76.111,142.69,25.8,100.0,5150.7,15.84,94.5,Forest,Alluvial,6205.3,1,4,1
22.10188,75.2507,20.38,21.4,69.3,2404.5,5.07,107.6,Urban,Silt,3589.3,1,2,0
20.22698,86.08027,16.94,28.8,49.4,3777.6,8.25,81.2,Agricultural,Clay,3770.4,0,3,0
28.93558,77.47068,65.76,34.8,53.3,3835.7,10.0,212.3,Forest,Loam,9957.6,0,0,1
20.66214,86.78566,127.0,40.5,89.7,7406.3,17.83,72.8,Agricultural,Alluvial,11433.3,0,0,1
29.24436,77.30027,26.29,26.3,53.3,3451.4,7.71,203.9,Agricultural,Alluvial,10527.4,1,6,0
28.64248,77.76369,43.67,25.0,51.7,4537.3,11.03,209.5,Wetland,Clay,1453.4,1,0,1
29.02947,77.07814,68.52,28.5,65.4,3224.8,8.52,230.7,Urban,Clay,10777.2,1,1,1
26.44832,81.35033,21.9,31.0,62.3,5320.2,11.33,96.9,Agricultural,Loam,5845.9,0,5,1
18.15406,81.1976,2.24,23.5,39.6,2173.4,4.29,120.6,Urban,Alluvial,6762.2,1,3,0
17.78937,79.64189,19.13,32.3,38.7,2805.4,5.52,109.8,Forest,Loam,957.8,0,3,0
21.42422,85.23674,56.45,23.7,65.3,4560.4,11.45,33.1,Urban,Clay,1735.7,1,1,1
27.09454,70.97287,40.38,41.9,48.9,228.3,1.71,304.8,Urban,Silt,7944.9,1,7,0
9.86316,76.65746,139.1,31.1,97.2,4583.2,14.24,170.5,Agricultural,Loam,1201.7,1,4,1
17.09902,77.3823,16.54,31.0,37.0,497.4,3.48,736.7,Forest,Sandy,7686.3,0,3,0
10.99804,75.8545,72.46,30.3,71.2,3991.5,8.71,117.1,Agricultural,Clay,7755.4,0,1,1
25.14797,87.41621,64.65,26.2,38.6,5961.6,14.4,110.4,Agricultural,Loam,11249.1,0,5,1
17.49075,80.53954,35.29,34.4,57.7,3593.0,6.82,167.1,Urban,Clay,4759.5,0,0,0
27.65523,91.17785,1.06,27.5,30.7,3261.7,7.37,73.1,Urban,Loam,5814.5,1,1,0
26.33244,72.57458,0.58,34.5,46.3,148.1,0.77,298.5,Agricultural,Silt,10195.0,1,1,0
26.50349,90.27272,33.03,18.7,32.8,7344.2,15.85,101.0,Forest,Silt,7039.2,1,2,1
17.16859,80.19234,148.72,30.7,85.9,5627.0,15.5,22.1,Wetland,Loam,8368.3,1,1,1
25.94578,73.83817,3.35,29.8,51.8,135.0,0.38,269.9,Water Body,Sandy,6926.1,0,2,0
28.94689,76.9281,13.55,25.2,57.7,2671.2,4.6,236.0,Forest,Loam,3111.6,0,5,0
18.27728,75.52604,8.88,21.9,34.3,414.7,0.33,727.2,Urban,Clay,8810.1,1,0,0
21.87732,73.90787,96.17,23.4,71.3,2774.6,9.01,145.4,Wetland,Clay,11802.4,0,0,1
20.99356,86.13606,190.29,26.0,100.0,9111.5,18.0,15.8,Urban,Loam,2560.4,1,5,1
20.66448,85.5214,41.0,31.4,35.3,5070.4,10.81,37.9,Forest,Alluvial,7719.8,0,7,1
26.01864,91.9887,216.48,22.4,100.0,13261.2,18.0,143.4,Urban,Clay,8024.0,1,7,1
9.61202,76.5518,151.4,31.0,92.1,4944.0,14.9,159.9,Water Body,Clay,2267.7,0,2,1
21.79928,75.09105,37.07,36.3,64.5,3041.8,6.89,220.2,Forest,Loam,2134.0,1,3,0
18.15555,80.1917,42.55,32.0,66.7,3213.0,8.62,116.2,Forest,Loam,5697.5,0,1,1
29.23209,77.31937,163.61,39.1,86.9,5792.2,16.93,222.3,Urban,Loam,3505.7,1,0,1
23.01793,76.77192,40.48,26.4,65.0,1881.4,5.67,147.9,Agricultural,Alluvial,10286.4,0,1,0
17.97077,76.76137,2.35,25.4,52.1,367.5,0.3,741.7,Water Body,Loam,7329.6,1,2,0
26.47988,73.46196,13.74,25.8,31.0,198.2,0.34,256.5,Forest,Alluvial,8488.9,1,0,0
16.80296,81.86938,1.53,31.1,41.0,2498.6,4.71,69.8,Agricultural,Silt,3519.2,0,2,0
29.2779,76.99783,4.71,26.1,27.7,2623.5,5.78,202.0,Urban,Alluvial,2097.2,1,2,0
26.78412,71.77252,19.02,39.4,71.3,177.9,1.47,153.9,Agricultural,Alluvial,536.3,0,0,0
19.90991,85.29468,237.5,29.7,100.0,11273.4,18.0,23.8,Water Body,Loam,5390.2,1,2,1
25.10316,86.44215,94.77,28.4,69.2,7620.6,18.0,59.9,Agricultural,Sandy,9532.1,1,6,1
25.83565,71.68725,17.27,31.9,62.6,195.3,0.99,243.6,Agricultural,Alluvial,10580.1,0,5,0
25.57401,71.40945,15.2,31.0,35.0,182.6,0.62,181.2,Water Body,Clay,11607.7,0,1,0
25.50586,81.15112,121.33,30.3,74.2,9451.7,18.0,62.2,Agricultural,Alluvial,11126.9,0,3,1
26.05408,82.54414,12.01,25.0,87.1,3869.2,9.07,100.0,Forest,Loam,7953.3,0,6,1
26.71781,73.6442,17.22,34.8,62.6,166.3,1.21,199.5,Agricultural,Alluvial,8823.0,1,2,0
20.91971,84.68142,43.32,17.2,80.2,4747.8,9.79,35.6,Wetland,Alluvial,8291.6,1,6,1
27.05879,91.09141,593.41,26.0,100.0,33786.6,18.0,117.0,Wetland,Loam,8589.1,1,2,1
19.1983,75.18847,33.57,27.9,48.8,437.2,1.43,730.3,Wetland,Clay,9231.2,1,2,0
15.8854,77.47058,1.41,30.7,40.2,403.7,0.97,678.2,Water Body,Clay,6309.4,0,6,0
26.78561,91.78695,59.49,32.0,63.5,8312.1,18.0,45.6,Urban,Alluvial,11655.4,1,1,1
10.03406,76.31546,159.69,25.5,82.8,5386.9,15.53,173.6,Agricultural,Sandy,9873.6,0,4,1
25.20986,86.15254,107.82,25.4,70.5,7047.2,17.46,32.8,Agricultural,Alluvial,6008.5,0,0,1
21.13209,84.77536,91.39,24.7,56.5,5665.3,13.79,70.8,Forest,Clay,8374.8,1,0,1
29.18341,77.09768,15.54,27.4,34.3,3304.5,6.66,222.4,Agricultural,Alluvial,7754.4,1,1,0
22.82958,78.45138,37.85,37.6,46.5,2468.5,7.15,115.5,Agricultural,Loam,9012.7,0,7,0
19.84102,85.33618,98.3,23.6,74.7,6502.0,16.73,48.5,Agricultural,Sandy,10637.9,0,3,1
26.33441,72.77165,57.94,32.0,61.3,248.0,1.96,330.2,Agricultural,Loam,10465.6,0,7,0
26.09394,73.84343,14.11,31.1,57.5,148.2,0.2,158.1,Agricultural,Alluvial,457.0,0,4,0
21.37764,85.56257,12.74,28.9,32.9,3058.5,7.28,68.1,Forest,Loam,10936.0,0,0,0
20.41083,85.67459,28.23,22.2,63.6,3456.1,7.63,47.3,Agricultural,Loam,9192.2,1,4,1
15.00236,75.63757,18.96,25.4,39.7,490.7,1.73,626.2,Agricultural,Clay,5502.0,0,7,0
20.50621,85.09996,148.55,38.8,88.3,7395.7,18.0,61.5,Agricultural,Alluvial,8077.8,1,0,1
28.01683,71.98714,0.86,21.8,39.3,155.1,0.2,316.1,Urban,Alluvial,1348.2,1,0,0
28.83528,77.36764,14.99,29.2,32.3,2935.2,7.07,197.7,Agricultural,Silt,1625.7,0,5,0
20.10564,86.48815,57.28,30.4,65.0,4049.4,9.92,28.9,Water Body,Clay,8078.6,0,2,1
29.26908,77.20603,7.09,27.8,44.8,2198.7,5.29,221.2,Forest,Silt,518.8,0,6,0
28.20489,73.99782,1.02,28.6,71.0,183.0,1.28,163.9,Urban,Alluvial,7418.2,1,7,0
20.78214,84.808,1.74,26.2,52.1,3596.5,6.73,63.1,Forest,Silt,4827.7,0,3,0
14.71916,76.77021,11.02,24.2,29.8,532.1,2.17,674.3,Water Body,Loam,9192.2,0,0,0
26.52627,92.86691,35.27,33.8,39.8,6279.9,13.69,90.8,Wetland,Silt,7145.1,1,1,1
14.57569,77.26119,9.11,32.0,33.5,527.4,1.85,469.6,Forest,Clay,5122.5,1,0,0
19.97663,86.56818,71.8,35.4,70.4,3389.2,8.54,50.4,Agricultural,Alluvial,2608.0,0,5,1
21.87176,73.51195,31.92,26.8,67.7,2641.1,6.2,182.9,Urban,Clay,3412.6,1,1,0
17.19075,79.82361,66.47,28.0,74.9,5909.2,14.69,39.2,Agricultural,Alluvial,7234.0,0,3,1
24.81308,83.94381,63.91,32.5,50.0,5665.1,14.44,97.1,Agricultural,Clay,4638.9,1,4,1
11.42525,76.60122,33.27,32.3,70.6,2541.6,6.84,183.8,Agricultural,Clay,2938.4,0,2,0
21.82618,74.93935,24.86,25.0,47.2,2075.5,5.26,280.3,Wetland,Sandy,5453.8,1,9,0
28.74612,77.34503,1.64,22.0,45.1,2375.9,4.32,213.0,Urban,Loam,10057.1,1,2,0
25.84344,94.56661,49.92,25.5,50.9,7052.5,15.74,79.6,Agricultural,Clay,3050.7,0,0,1
21.30384,86.73669,1.76,28.6,56.8,3623.8,6.62,50.3,Agricultural,Alluvial,11044.7,1,0,0
22.66841,76.52926,58.25,32.4,61.7,2363.4,6.25,239.3,Forest,Alluvial,8284.8,1,0,0
20.18231,86.81106,29.7,21.4,42.9,3164.4,7.82,38.5,Forest,Alluvial,885.8,1,4,1
28.68977,77.64173,37.2,32.0,49.4,2408.8,6.55,208.2,Forest,Alluvial,4998.3,1,3,0
23.08324,77.37276,15.73,27.5,45.5,2757.2,6.99,73.9,Forest,Clay,5647.6,1,4,0
16.09496,76.19481,2.34,22.7,27.8,455.0,1.43,738.0,Agricultural,Loam,4975.6,1,9,0
10.57705,76.24713,150.38,23.1,75.6,4803.4,13.99,108.4,Agricultural,Silt,5495.5,1,1,1
25.2835,74.3343,11.71,22.5,47.3,155.1,0.8,228.4,Urban,Sandy,11460.7,1,1,0
29.07273,77.33951,168.15,28.8,97.8,5615.8,16.71,236.2,Agricultural,Alluvial,8265.6,0,0,1
10.53628,76.06877,39.3,33.1,34.2,1556.5,5.1,111.3,Urban,Sandy,2425.4,1,0,0
28.89877,77.0498,49.96,34.7,65.0,3310.2,7.99,197.7,Agricultural,Sandy,2220.5,0,8,1
15.99137,75.05088,1.37,30.1,43.7,417.0,0.42,753.1,Forest,Loam,6681.1,0,5,0
22.10088,77.92705,56.69,35.0,59.2,2142.8,6.65,113.8,Forest,Clay,7424.1,1,6,1
25.39398,71.93534,12.7,31.0,41.9,228.7,0.87,248.9,Urban,Loam,6523.1,1,2,0
21.6853,74.77845,66.54,26.0,45.2,2844.4,7.49,264.6,Water Body,Clay,7827.4,0,1,1
28.11386,73.15479,0.78,35.2,51.9,172.6,0.2,322.9,Wetland,Silt,3241.6,0,2,0
22.1078,74.3594,37.92,36.8,56.1,2987.6,5.89,182.9,Urban,Silt,4394.2,0,9,0
25.27384,83.40561,135.26,29.6,97.8,8197.1,18.0,114.3,Agricultural,Sandy,7726.4,0,3,1
26.307,90.9914,145.81,23.0,79.1,12291.7,18.0,140.4,Agricultural,Alluvial,11533.4,1,0,1
11.13779,76.02423,178.86,38.3,100.0,5093.7,16.07,133.3,Agricultural,Loam,8541.8,1,2,1
17.2334,80.21149,90.83,39.6,69.0,5826.1,14.58,55.7,Agricultural,Sandy,3214.2,0,2,1
25.36889,72.49537,1.14,35.2,57.4,162.6,0.2,162.5,Forest,Alluvial,3281.3,1,4,0
21.5334,76.96866,72.85,28.3,88.3,3055.9,8.36,254.1,Water Body,Alluvial,8696.0,0,0,1
10.57675,75.98919,5.98,35.1,54.9,1453.5,2.1,63.0,Forest,Sandy,4978.6,1,3,0
27.68016,71.42885,11.68,30.2,29.5,216.5,0.66,340.7,Agricultural,Silt,9818.9,1,1,0
26.76193,94.97283,450.68,27.5,100.0,23388.1,18.0,63.7,Wetland,Loam,10921.0,1,4,1
19.78192,75.67775,37.26,30.8,39.1,414.1,1.54,685.1,Urban,Silt,1976.2,1,3,0
25.4493,71.52562,16.96,22.0,44.7,120.0,1.13,346.9,Urban,Alluvial,4411.9,1,1,0
22.38489,76.29017,30.67,21.5,57.9,2785.1,4.5,149.0,Agricultural,Silt,4974.5,1,5,0
15.58859,76.89218,6.91,38.5,54.2,439.6,2.22,592.1,Wetland,Loam,2285.5,1,3,0
20.7242,85.07957,27.45,23.5,65.2,3219.4,6.95,75.7,Agricultural,Clay,7139.8,1,3,0
16.94393,80.63585,5.36,23.3,35.8,3106.5,7.19,22.9,Wetland,Silt,11740.9,0,2,0
29.41481,77.52134,145.28,32.7,100.0,5616.5,16.71,237.8,Urban,Loam,6374.0,1,2,1
16.9847,77.22027,4.44,26.3,52.8,605.2,2.21,658.9,Forest,Alluvial,10309.5,0,0,0
25.69324,80.93691,49.17,29.2,56.5,3527.8,8.6,44.9,Agricultural,Clay,9470.0,0,2,1
9.45799,76.26969,130.02,31.5,91.8,3563.1,12.37,132.2,Urban,Alluvial,1713.9,1,4,1
18.67093,76.77428,9.33,29.4,24.7,467.7,2.26,676.1,Wetland,Alluvial,11980.8,1,5,0
26.69592,81.33424,359.83,30.6,100.0,16995.7,18.0,38.2,Agricultural,Loam,10064.2,1,5,1
27.58512,71.17761,10.19,25.5,37.2,165.3,0.23,207.2,Urban,Silt,5765.2,1,3,0
21.87674,75.06915,135.64,30.2,98.2,3916.2,10.88,76.3,Agricultural,Alluvial,1700.7,1,2,1
19.1234,75.99239,12.09,31.2,60.5,381.5,0.2,505.1,Wetland,Silt,1839.2,1,7,0
21.94868,77.28462,53.33,33.0,77.1,1597.4,5.45,238.5,Urban,Silt,10440.3,1,1,0
14.50757,74.99685,4.17,33.1,28.7,440.9,1.01,576.0,Wetland,Clay,4108.4,0,1,0
29.26904,77.08365,287.03,22.8,100.0,8178.2,18.0,218.9,Agricultural,Alluvial,3127.1,1,1,1
21.70085,77.22612,29.26,23.3,87.4,1946.2,5.43,298.8,Forest,Loam,2837.4,0,3,0
21.93856,74.62311,80.15,28.4,73.9,4031.3,10.97,98.5,Forest,Silt,2029.1,0,1,1
22.26124,75.82573,185.91,43.9,93.5,5560.0,17.5,115.0,Agricultural,Clay,3186.2,1,2,1
29.35023,77.47762,61.16,26.9,78.9,3609.9,8.38,222.6,Forest,Alluvial,2998.6,1,1,1
25.70804,74.16847,5.62,25.4,40.9,130.5,0.22,177.1,Forest,Alluvial,598.8,1,4,0
25.33594,86.08074,149.32,29.6,77.2,8303.2,18.0,100.0,Forest,Alluvial,1728.3,1,1,1
17.03113,81.04562,32.53,24.4,46.2,3007.4,6.2,171.7,Water Body,Clay,6853.5,1,4,0
18.24063,75.12957,2.5,30.2,54.1,495.4,2.35,559.8,Water Body,Silt,9292.5,0,2,0
25.20889,72.64511,0.37,31.1,42.1,177.4,0.68,219.8,Urban,Alluvial,500.2,0,0,0
28.82822,77.34854,73.26,32.8,73.8,4060.2,10.55,231.9,Forest,Loam,2036.1,1,0,1
17.68395,79.61955,25.73,21.8,26.3,3507.7,7.69,32.6,Urban,Sandy,817.1,0,1,0
17.24779,75.08274,0.65,30.3,38.3,540.5,0.64,475.8,Urban,Alluvial,6829.6,1,6,0
26.02911,70.93805,3.95,30.5,54.6,163.6,1.34,283.6,Forest,Alluvial,6235.5,0,3,0
27.00818,71.76058,0.5,21.7,34.0,137.2,1.03,249.9,Urban,Clay,9807.2,0,5,0
16.78461,81.44226,83.25,24.3,57.5,5088.2,13.35,50.9,Forest,Sandy,2211.8,0,1,1
22.51219,76.44142,107.97,28.9,76.3,3626.6,10.7,90.0,Agricultural,Loam,6166.2,1,3,1
16.64488,81.37639,13.14,27.8,33.8,3750.3,7.59,174.4,Agricultural,Alluvial,11079.7,0,3,0
21.96713,77.38407,154.8,37.3,84.7,4377.8,14.51,93.8,Agricultural,Alluvial,3681.3,1,2,1
17.74857,80.634,140.88,32.3,94.7,6354.1,18.0,162.3,Wetland,Sandy,1674.6,1,0,1
10.89511,76.10157,68.59,27.2,74.3,3181.9,7.43,131.7,Agricultural,Alluvial,7550.1,0,2,1
14.61961,76.34263,5.42,28.4,28.7,456.8,1.15,588.8,Agricultural,Alluvial,8937.8,0,2,0
11.42299,76.00399,36.87,21.4,43.8,2588.0,7.42,23.1,Urban,Sandy,1850.7,0,1,0
22.47939,75.78487,220.79,31.3,100.0,6455.1,18.0,72.1,Agricultural,Clay,7525.9,1,1,1
16.12115,76.0617,14.71,20.9,46.7,525.7,2.19,737.0,Urban,Alluvial,9548.1,0,2,0
9.43748,76.32814,14.47,31.1,20.2,1546.5,4.33,90.2,Agricultural,Loam,5298.1,1,0,0
18.68089,75.36847,16.8,27.3,39.9,662.7,2.12,536.5,Agricultural,Alluvial,9944.6,0,3,0
18.33993,81.6319,88.22,32.5,88.9,5242.5,14.67,143.9,Water Body,Sandy,3199.4,1,7,1
9.90942,76.40662,63.23,31.3,52.4,3442.5,8.35,10.1,Agricultural,Sandy,5566.8,1,3,1
26.61344,81.57589,41.85,25.8,60.5,5906.1,12.97,82.1,Urban,Loam,4055.8,0,1,1
26.09677,80.65699,288.61,24.2,100.0,16449.1,18.0,114.6,Water Body,Silt,10008.8,1,5,1
16.30971,79.50196,8.11,28.7,55.8,2401.6,4.67,100.3,Water Body,Loam,8728.4,0,3,0
25.51103,87.97091,6.14,28.5,32.3,3828.2,7.43,49.7,Agricultural,Clay,11720.4,0,1,0
20.09142,86.2057,283.79,22.6,100.0,12902.6,18.0,43.3,Water Body,Alluvial,5237.0,1,2,1
26.60659,80.59779,12.98,27.2,36.7,2282.7,5.15,56.4,Water Body,Alluvial,1480.7,0,2,0
21.37295,85.77506,22.76,32.6,46.9,2885.6,6.14,49.7,Agricultural,Clay,7343.6,0,4,0
14.86187,76.30576,1.19,25.6,20.2,464.8,1.32,628.3,Urban,Alluvial,10723.3,0,2,0
21.96022,78.42257,31.3,26.1,54.3,2681.9,6.61,79.1,Water Body,Sandy,7106.4,1,1,0
21.37689,85.94582,5.19,24.7,31.3,3903.6,8.03,43.5,Water Body,Clay,600.7,0,5,0
26.62805,81.80221,102.17,35.3,58.9,7040.5,17.94,83.5,Forest,Loam,4541.8,0,1,1
27.42648,91.89151,255.58,24.7,100.0,17028.0,18.0,61.3,Urban,Alluvial,8538.9,1,7,1
15.34845,75.47998,3.81,27.8,64.7,440.0,0.31,712.8,Forest,Clay,10970.1,0,5,0
28.99456,77.78683,111.63,30.6,74.2,5135.1,13.93,219.1,Forest,Clay,1663.7,0,3,1
17.62069,80.13475,86.82,31.9,75.0,4906.0,12.46,175.7,Water Body,Alluvial,9171.3,1,3,1
18.04957,75.23759,9.11,31.4,58.5,421.0,1.15,466.1,Agricultural,Alluvial,5673.0,1,5,0
23.08177,77.67344,51.07,29.9,79.9,2596.8,6.3,176.5,Urban,Loam,4310.6,1,2,0
29.12861,77.69784,85.02,31.8,53.2,3915.8,10.47,232.4,Forest,Loam,2216.8,0,0,1
19.73373,76.79775,12.94,30.2,38.8,385.9,0.2,745.5,Forest,Silt,6040.5,1,2,0
20.68134,86.56551,130.85,37.9,100.0,6669.1,17.18,52.7,Agricultural,Clay,9791.2,1,1,1
28.74084,77.37094,22.96,30.4,40.7,2735.4,6.34,222.4,Agricultural,Loam,10211.7,1,0,0
28.28571,73.5639,7.77,27.3,29.9,216.8,0.2,258.0,Agricultural,Alluvial,10242.4,1,4,0
20.07891,84.51716,135.43,28.6,82.3,6861.9,18.0,20.6,Forest,Clay,7636.4,0,2,1
9.95742,76.0381,89.16,20.9,51.9,4150.3,11.82,95.2,Wetland,Alluvial,4408.4,0,6,1
29.30817,77.78523,8.8,27.5,41.8,1900.5,4.26,217.5,Urban,Alluvial,6801.5,0,3,0
21.76305,77.71572,2.37,29.7,38.3,1719.7,3.9,99.0,Agricultural,Clay,5256.8,0,0,0
17.07739,81.89725,192.01,28.2,100.0,7007.3,18.0,22.4,Water Body,Alluvial,3384.4,1,1,1
17.98705,79.63072,35.95,28.3,52.6,2622.7,6.4,73.3,Urban,Clay,9032.1,1,6,0
17.70325,81.39941,41.46,31.5,43.0,4483.5,9.73,70.2,Urban,Clay,5865.7,0,0,1
22.60955,75.62636,47.01,25.0,56.8,2054.9,5.34,185.1,Agricultural,Loam,7122.0,0,1,0
24.81115,82.62179,7.79,27.2,32.9,4811.1,10.53,113.0,Urban,Sandy,3170.3,0,2,1
27.769,91.03355,97.6,24.9,59.0,6583.5,16.73,60.2,Agricultural,Alluvial,1964.3,0,8,1
20.71649,85.57879,252.64,29.5,100.0,11566.4,18.0,79.9,Water Body,Silt,7149.6,1,4,1
26.79541,91.90385,15.8,27.9,37.4,2542.7,5.85,131.6,Forest,Alluvial,10040.2,0,2,0
26.69288,91.28923,37.4,35.1,59.5,6241.4,14.96,100.1,Urban,Loam,11609.6,1,3,1
20.34287,85.35672,242.45,26.6,100.0,9398.3,18.0,39.2,Urban,Alluvial,6183.4,1,3,1
28.58645,77.2516,20.95,23.2,58.8,2421.7,5.53,221.7,Urban,Alluvial,9755.3,1,6,0
22.13694,75.33765,33.35,29.1,65.6,1656.7,3.97,275.7,Urban,Clay,4172.6,0,1,0
17.47851,81.75997,125.54,36.1,100.0,5683.7,15.98,151.2,Urban,Alluvial,10620.1,0,2,1
11.1963,76.15387,132.09,27.6,83.2,4556.5,12.88,149.2,Urban,Loam,9470.8,0,4,1
21.43283,85.05696,374.03,30.2,100.0,16319.4,18.0,49.2,Agricultural,Alluvial,9633.3,1,2,1
18.91365,76.27443,0.32,29.7,36.8,325.4,2.42,609.1,Forest,Sandy,3257.7,1,5,0
9.66807,76.37305,10.83,31.4,20.0,2920.8,5.68,114.9,Forest,Clay,5337.7,1,3,0
19.19635,75.55282,25.47,24.8,20.0,641.8,1.93,769.4,Urban,Alluvial,6182.1,0,3,0
21.71041,77.14281,18.47,14.5,41.3,1532.1,2.99,253.8,Urban,Silt,10066.4,0,4,0
21.31152,86.60435,57.25,36.2,41.4,5214.5,13.28,55.0,Urban,Alluvial,8151.7,1,2,1
16.9199,76.04105,5.59,32.4,48.4,426.1,1.76,636.9,Agricultural,Silt,9130.9,1,3,0
18.2328,75.10763,0.7,24.3,20.0,263.1,0.76,797.6,Agricultural,Loam,796.0,0,0,0
27.024,84.00178,54.97,32.4,30.5,5272.3,12.92,108.7,Agricultural,Silt,11025.3,0,4,1
26.93311,92.63594,147.97,31.2,81.0,13352.7,18.0,136.2,Water Body,Loam,11289.2,1,0,1
26.38415,94.73238,129.33,36.5,83.3,9761.0,18.0,65.3,Urban,Clay,3759.6,1,1,1
29.43305,77.40692,124.23,23.4,78.0,5574.7,16.96,202.1,Agricultural,Alluvial,5433.3,0,1,1
25.25487,71.71197,5.84,29.7,46.8,137.6,0.42,279.0,Water Body,Alluvial,9742.9,1,2,0
26.2341,70.51525,1.63,33.5,31.0,207.3,0.51,168.0,Forest,Clay,6198.4,1,3,0
29.32986,76.87144,8.4,31.3,49.6,3555.2,7.43,222.8,Forest,Clay,10909.1,0,6,0
25.84684,72.34508,2.01,29.3,58.7,168.5,0.2,299.2,Forest,Loam,9155.5,0,3,0
20.96769,85.01025,8.68,22.0,39.4,1986.6,4.54,75.7,Forest,Sandy,8625.4,0,3,0
25.9451,70.97282,8.19,32.8,58.0,226.4,0.45,176.2,Forest,Loam,2747.6,0,1,0
29.20764,77.05267,102.21,22.8,70.4,3423.4,9.58,192.8,Forest,Sandy,2798.7,0,1,1
29.16685,77.51717,10.06,31.1,27.4,2251.4,5.4,192.3,Wetland,Alluvial,11126.9,1,2,0
20.4652,85.01297,81.25,29.7,87.2,6336.5,15.18,54.3,Urban,Silt,5151.1,0,0,1
18.46412,79.85823,35.51,30.6,60.0,3974.8,9.21,138.3,Water Body,Alluvial,2634.0,1,6,1
16.2881,81.2369,52.24,33.7,33.3,3942.0,10.23,51.1,Urban,Clay,4178.6,1,2,1
25.07728,72.63791,4.82,33.1,59.3,94.7,1.17,248.3,Agricultural,Silt,6710.0,0,2,0
16.62619,80.26188,47.15,35.6,56.4,4016.9,9.52,120.6,Forest,Clay,10866.6,1,2,1
19.97215,85.95579,72.27,27.9,64.0,3895.4,10.51,43.5,Wetland,Clay,11008.5,1,2,1
29.11041,77.44109,82.61,21.6,73.4,3797.3,11.38,198.0,Agricultural,Alluvial,5055.3,0,1,1
25.16107,72.34198,10.16,33.9,42.2,169.2,0.33,254.5,Water Body,Alluvial,6157.2,1,1,0
27.56311,90.55976,58.08,29.4,61.3,6911.0,17.07,72.4,Urban,Alluvial,8511.9,1,1,1
21.17799,84.94756,93.27,35.8,77.5,6673.1,15.35,73.1,Urban,Alluvial,7630.9,0,4,1
27.26484,90.43053,679.98,34.0,100.0,34398.8,18.0,88.8,Wetland,Alluvial,11915.4,0,1,1
25.03302,83.32981,14.3,21.3,43.3,3285.4,8.66,115.8,Water Body,Alluvial,11962.6,0,2,0
25.17412,83.13932,113.48,24.7,88.2,9005.7,18.0,83.2,Forest,Silt,8655.9,0,4,1
17.5208,80.45535,46.73,23.6,78.1,3391.2,9.26,167.4,Water Body,Alluvial,8624.0,1,3,1
22.994,74.302,49.89,17.5,57.5,2755.6,7.88,81.4,Agricultural,Clay,4391.2,1,3,1
17.25349,81.39712,4.21,36.1,23.9,3005.7,5.68,169.2,Agricultural,Clay,7457.8,0,1,0
20.28466,84.63978,191.69,30.0,100.0,9178.7,18.0,74.0,Water Body,Clay,743.8,1,2,1
26.1709,95.18725,138.57,23.6,77.2,8284.7,18.0,137.7,Water Body,Alluvial,8803.8,1,5,1
22.23632,74.87912,38.28,28.7,38.1,2873.7,6.81,230.0,Forest,Loam,4195.1,0,5,0
22.33048,76.56035,5.08,29.8,40.9,1659.5,2.05,150.0,Forest,Alluvial,4164.3,0,2,0
25.08823,85.28653,116.34,27.4,88.8,7822.8,18.0,39.0,Forest,Loam,3754.0,0,6,1
22.53083,77.60979,11.97,30.8,22.7,1722.4,4.0,235.9,Forest,Loam,2503.8,0,1,0
26.42456,72.62229,5.57,30.3,32.8,113.3,1.08,294.9,Urban,Loam,8559.7,0,3,0
20.30038,85.66638,106.73,35.7,86.5,5871.2,16.13,77.7,Urban,Clay,2114.9,1,3,1
20.52573,86.57775,138.39,33.7,87.2,7532.6,18.0,26.2,Forest,Loam,1674.0,0,1,1
20.18531,84.7228,32.29,28.3,60.0,3935.2,9.53,46.1,Water Body,Clay,775.4,1,1,1
19.61334,76.82603,24.12,32.3,35.7,388.1,1.02,650.6,Urban,Loam,9299.8,1,0,0
16.68753,75.3789,6.19,29.7,41.5,534.1,1.85,583.9,Water Body,Clay,1165.0,0,3,0
28.78897,77.49209,55.97,32.0,61.8,3333.1,8.04,198.6,Wetland,Alluvial,9833.1,0,0,1
22.80646,74.02072,8.46,29.1,24.5,1479.2,2.71,153.4,Agricultural,Loam,1785.3,1,1,0
20.51384,85.79526,45.34,25.0,56.7,4625.7,12.49,52.1,Forest,Loam,1708.1,0,4,1
28.68596,77.46204,2.53,35.0,20.0,3915.4,7.91,215.7,Agricultural,Silt,8328.7,0,3,0
26.4531,84.27952,67.3,27.3,76.6,6076.7,14.48,51.8,Wetland,Sandy,4881.0,1,1,1
17.29332,76.7988,6.92,25.6,44.6,496.2,1.66,658.6,Agricultural,Silt,1860.6,1,6,0
16.87799,79.69229,49.59,32.2,63.7,4203.9,9.92,67.6,Urban,Alluvial,11130.1,1,2,1
28.28595,77.11203,175.42,29.6,70.9,6475.3,18.0,218.3,Wetland,Clay,2648.5,1,0,1
10.22656,76.64232,83.46,28.0,51.0,2190.6,7.42,178.5,Agricultural,Clay,4113.9,0,7,1
26.19487,92.67767,56.25,25.2,54.4,6798.4,16.51,92.5,Agricultural,Clay,7075.7,1,3,1
15.79592,76.38986,0.8,24.9,51.6,381.8,1.12,601.2,Wetland,Clay,706.3,0,0,0
29.32888,77.60627,127.45,22.5,81.9,4752.8,13.71,199.1,Water Body,Alluvial,8207.9,1,4,1
17.09332,80.37081,96.93,26.8,95.1,5601.2,13.61,175.7,Agricultural,Clay,5229.6,0,1,1
25.92394,87.09301,193.87,27.4,100.0,11184.3,18.0,70.2,Urban,Loam,861.3,1,2,1
20.79556,86.66623,86.15,34.8,80.7,5941.7,14.99,30.2,Agricultural,Silt,2450.8,0,2,1
28.38746,77.25075,47.79,30.4,44.9,3271.1,8.08,224.1,Forest,Alluvial,9524.5,1,2,1
18.94775,76.41696,42.76,26.6,41.1,397.3,2.66,602.5,Wetland,Clay,1000.0,0,2,0
17.10647,81.03116,29.15,36.3,67.4,1674.0,5.49,109.2,Urban,Clay,8667.3,0,4,0
10.42599,76.23926,33.13,37.7,37.9,2880.0,6.22,116.3,Agricultural,Silt,10227.9,1,1,0
27.68194,90.56772,85.52,29.8,78.0,10043.0,18.0,131.9,Forest,Loam,8907.5,0,0,1
22.58465,74.35938,12.3,31.5,42.1,2038.1,6.57,196.1,Water Body,Alluvial,11750.0,1,3,0
29.01749,77.69153,53.2,36.8,51.5,3853.6,9.29,204.4,Agricultural,Clay,6123.4,1,2,1
28.70324,77.49112,124.87,35.0,90.1,4091.5,12.24,202.9,Agricultural,Clay,4259.5,0,4,1
11.24139,75.99253,535.52,29.5,100.0,12232.8,18.0,196.2,Urban,Alluvial,11460.5,1,4,1
23.03051,74.05949,25.99,30.8,59.4,2397.0,6.34,304.6,Water Body,Loam,2274.8,1,0,0
9.83288,76.05241,282.74,28.1,100.0,6780.9,18.0,105.6,Urban,Alluvial,10631.0,1,1,1
20.06729,85.72129,50.25,31.4,36.3,5334.7,11.47,44.3,Urban,Loam,4047.7,0,2,1
9.7531,75.95387,17.38,30.0,37.2,2601.8,4.79,178.1,Agricultural,Alluvial,1207.8,0,3,0
21.09706,85.6457,46.41,21.5,70.7,5096.9,10.64,43.3,Agricultural,Alluvial,657.9,0,2,1
19.84089,85.03556,282.03,23.7,100.0,11307.4,18.0,21.7,Wetland,Sandy,8009.4,1,2,1
16.74582,75.44656,4.67,22.1,46.8,300.6,1.99,490.4,Water Body,Clay,7622.2,1,6,0
16.93185,80.71353,8.23,35.5,63.9,2696.1,6.11,71.2,Agricultural,Alluvial,3313.5,0,3,0
26.09984,89.80845,10.39,26.0,30.2,5406.5,10.6,71.7,Agricultural,Loam,7348.8,1,0,1
25.08224,80.98713,46.47,31.5,37.9,4645.7,9.75,47.4,Agricultural,Sandy,1163.7,1,1,1
28.3959,77.72703,5.99,31.3,37.6,2799.5,5.46,210.9,Urban,Clay,10587.8,0,1,0
25.84882,92.06379,136.95,31.2,100.0,12535.5,18.0,78.1,Forest,Silt,9816.1,0,2,1
20.92268,86.88499,289.51,28.7,100.0,11066.3,18.0,18.2,Agricultural,Silt,3810.0,0,3,1
11.3954,75.97548,78.96,32.6,57.0,3235.8,10.24,181.3,Forest,Clay,2627.6,1,6,1
20.68186,85.04706,24.23,32.3,35.7,3407.1,6.67,18.2,Urban,Loam,5900.1,0,4,0
17.21136,80.85154,191.75,26.0,99.8,7514.8,18.0,47.1,Agricultural,Loam,3967.3,1,1,1
19.8319,84.94824,5.39,23.1,37.1,3035.2,5.1,44.0,Forest,Clay,9309.6,0,0,0
9.92384,76.37957,104.98,29.1,81.3,3878.5,11.91,99.2,Urban,Alluvial,4274.2,1,0,1
26.94935,73.66833,6.83,27.7,39.2,160.9,0.93,157.6,Forest,Alluvial,6581.2,0,2,0
19.65432,75.89339,13.93,28.7,40.3,494.7,2.37,588.6,Wetland,Alluvial,2273.7,1,0,0
21.08102,85.94233,101.08,36.2,83.7,6705.4,15.29,84.6,Water Body,Silt,3952.9,0,5,1
22.81541,74.26178,107.86,28.4,64.0,3602.1,11.1,244.3,Agricultural,Loam,1528.1,0,2,1
26.88669,93.39147,105.9,13.5,59.9,7181.7,16.74,47.1,Agricultural,Loam,3878.9,0,2,1
26.98565,74.02657,0.64,20.1,58.6,166.0,0.26,303.8,Agricultural,Loam,11618.2,0,0,0
25.56211,87.16597,6.3,28.2,37.3,6133.8,11.98,49.3,Forest,Alluvial,8333.5,0,9,1
17.60284,81.21752,10.32,25.8,48.8,3786.4,8.87,74.4,Water Body,Clay,652.8,1,2,0
11.28308,76.23203,0.62,32.0,43.0,2407.7,4.71,17.5,Agricultural,Alluvial,9660.5,1,0,0
22.78801,75.78644,25.56,23.5,46.1,2118.1,4.83,55.3,Agricultural,Silt,9208.5,0,0,0
26.93656,91.30971,12.76,28.4,58.8,6011.3,11.05,58.5,Forest,Clay,8598.0,1,0,1
17.96302,81.09983,56.87,33.6,69.7,4703.1,9.54,82.9,Agricultural,Clay,10204.2,0,3,1
25.45633,80.98206,11.08,22.5,38.0,2408.3,4.81,102.1,Water Body,Sandy,11322.0,1,8,0
26.96692,82.49048,87.28,26.1,69.7,7633.8,18.0,114.6,Water Body,Loam,11645.2,1,6,1
28.23271,77.21908,155.38,34.8,100.0,5771.0,17.2,223.0,Agricultural,Alluvial,3257.3,1,6,1
28.99995,77.21171,74.16,33.4,59.9,3406.5,10.32,198.9,Agricultural,Alluvial,8837.1,1,1,1
27.1689,94.34126,39.43,22.6,47.5,6700.1,15.88,64.6,Agricultural,Alluvial,4180.1,1,4,1
17.58671,81.70195,174.98,29.2,95.7,7170.0,18.0,68.2,Agricultural,Loam,3755.9,0,1,1
9.98509,76.47336,111.55,32.8,88.2,4000.7,11.95,38.1,Urban,Silt,1368.8,1,8,1
29.45321,76.82334,16.53,24.9,55.9,2783.0,6.08,190.6,Agricultural,Alluvial,10528.3,0,3,0
21.12177,85.53799,11.81,27.1,44.4,2191.5,3.82,69.1,Wetland,Clay,10922.3,0,2,0
10.48015,75.98992,120.89,30.1,65.5,3973.6,12.91,139.6,Urban,Loam,1221.3,1,7,1
26.51389,72.99281,3.03,28.6,37.2,155.1,1.23,321.5,Agricultural,Loam,7064.4,0,3,0
18.04832,81.10299,26.33,30.2,54.9,3408.3,7.45,57.4,Agricultural,Alluvial,6011.3,1,2,0
9.60958,76.18599,6.2,30.9,20.0,1716.4,3.24,13.2,Agricultural,Alluvial,7718.4,1,5,0
21.59362,74.70653,113.94,35.2,79.3,3913.5,11.85,60.1,Agricultural,Clay,9871.4,1,7,1
21.48518,85.91275,44.28,27.9,68.4,4658.0,10.87,67.6,Forest,Alluvial,9635.2,0,2,1
28.15208,71.71497,18.0,34.3,42.7,230.6,0.63,215.4,Agricultural,Sandy,4197.7,0,7,0
21.11336,85.21034,35.74,30.1,32.3,3706.2,7.96,52.2,Forest,Clay,4863.3,1,1,1
25.3785,82.11963,11.09,25.3,30.1,3359.7,8.71,93.9,Agricultural,Alluvial,8199.9,0,4,0
18.82582,75.26624,37.52,30.0,35.1,594.7,2.59,582.1,Urban,Alluvial,2307.1,0,7,0
22.42919,77.94358,40.07,29.0,53.6,1910.8,6.31,291.9,Wetland,Loam,7898.7,0,0,0
10.84736,76.38314,92.75,32.8,84.4,3996.1,11.3,89.1,Forest,Alluvial,7569.5,1,0,1
27.39126,95.43924,129.08,27.0,86.5,11773.3,18.0,116.8,Agricultural,Clay,11147.3,0,1,1
9.8081,76.03957,20.69,28.7,44.3,1893.2,3.19,145.4,Forest,Alluvial,837.4,0,6,0
27.79319,94.39245,151.56,41.2,100.0,13378.1,18.0,90.2,Urban,Loam,8716.6,0,8,1
25.92827,73.8934,33.76,23.7,62.4,244.3,2.36,278.3,Agricultural,Sandy,9387.0,0,2,0
10.62965,76.28105,599.89,27.1,100.0,13205.6,18.0,106.4,Wetland,Clay,10396.5,0,2,1
11.1862,76.4706,260.37,24.8,100.0,7736.4,18.0,42.9,Agricultural,Silt,5314.9,1,1,1
21.63543,77.53681,19.82,27.9,45.3,2221.0,5.0,150.6,Forest,Loam,3847.7,0,5,0
26.37833,73.30171,25.23,30.5,38.9,158.5,0.2,340.0,Agricultural,Loam,8861.7,0,4,0
19.91589,85.27507,64.55,29.1,85.9,4644.1,10.25,70.4,Agricultural,Alluvial,5087.3,1,5,1
21.37244,85.34836,2.44,32.2,54.0,3983.8,8.09,73.9,Wetland,Sandy,7334.5,1,1,0
10.48132,75.96335,52.95,29.0,42.1,3503.4,9.6,42.7,Agricultural,Clay,5907.8,0,3,1
27.78707,90.50928,20.55,32.4,45.9,6128.4,13.46,99.0,Agricultural,Sandy,4671.8,0,3,1
20.06303,85.06646,56.77,33.7,48.5,5752.6,14.25,53.2,Water Body,Silt,1224.9,1,0,1
16.91508,80.98716,78.87,34.7,58.4,4767.2,12.72,143.8,Forest,Silt,10186.2,0,9,1
22.56142,75.916,16.4,33.8,66.6,2396.4,5.16,141.2,Forest,Alluvial,11343.0,1,6,0
9.55553,76.15597,248.37,25.7,100.0,6939.9,18.0,145.5,Agricultural,Clay,11900.4,1,5,1
22.40129,75.65172,129.58,25.4,91.8,4133.6,12.16,173.1,Forest,Alluvial,4495.5,1,5,1
26.95453,94.8889,110.08,31.7,72.1,8366.8,18.0,118.9,Wetland,Sandy,6637.0,1,3,1
27.37022,73.66836,13.24,34.1,56.9,161.1,1.48,205.4,Urban,Clay,1125.6,0,6,0
27.57276,90.98986,87.28,36.2,56.6,8093.2,18.0,134.6,Urban,Clay,4638.7,1,1,1
26.76188,93.14108,15.9,31.6,40.5,4860.7,10.92,128.8,Urban,Clay,9863.4,1,0,1
26.27458,92.86023,16.95,29.4,55.4,4550.0,10.58,129.9,Wetland,Silt,10255.4,0,2,1
26.82473,70.82245,7.44,29.4,49.6,140.6,0.74,204.8,Water Body,Clay,11086.2,0,3,0
25.82788,91.35068,63.83,23.4,71.1,3926.9,9.41,47.4,Agricultural,Alluvial,6594.2,0,1,1
20.77089,85.52328,81.04,34.7,82.6,5595.2,13.93,70.2,Water Body,Silt,6597.2,0,3,1
20.45443,84.79256,49.47,25.7,44.0,5384.2,11.47,15.9,Forest,Silt,8517.0,0,4,1
22.64105,77.35079,58.64,25.8,68.4,2538.7,6.37,92.0,Water Body,Alluvial,7137.8,1,2,1
25.13913,71.83996,1.49,22.9,50.1,130.2,1.96,295.9,Urban,Alluvial,2948.7,0,2,0
26.23352,82.66848,69.62,23.9,82.6,6253.7,15.13,116.2,Forest,Alluvial,6638.3,1,1,1
18.59152,75.78936,20.16,31.2,43.1,533.7,0.2,624.4,Water Body,Alluvial,1835.6,1,4,0
16.5759,80.56631,15.3,40.6,39.7,2580.5,6.19,130.4,Wetland,Sandy,542.6,0,0,0
17.15842,80.34718,39.47,29.1,51.2,3018.2,7.77,134.2,Agricultural,Alluvial,10617.2,0,1,0
26.95302,74.4219,0.09,27.7,30.5,126.4,1.36,180.0,Forest,Loam,9614.5,0,2,0
28.56943,77.63803,8.94,25.9,34.2,2303.8,5.07,229.0,Forest,Alluvial,6809.1,0,3,0
26.40575,94.99294,37.0,28.2,45.4,6356.0,13.81,54.2,Wetland,Loam,1598.7,0,7,1
26.13557,83.32344,28.56,29.4,47.9,5998.6,11.92,119.9,Urban,Clay,4752.7,1,5,1
29.38082,77.73838,17.57,31.4,37.7,3086.7,7.02,228.3,Agricultural,Alluvial,8887.0,0,2,0
26.42645,82.67424,27.18,32.8,56.7,5613.3,12.07,117.4,Forest,Alluvial,805.4,1,5,1
27.42077,91.02405,104.66,23.5,91.5,10096.6,18.0,86.9,Agricultural,Loam,7399.1,0,5,1
10.89418,76.61235,29.59,27.5,42.1,1569.0,5.25,149.6,Urban,Alluvial,1805.1,0,7,0
25.42963,72.36884,38.94,24.9,42.8,249.9,1.97,280.9,Agricultural,Alluvial,3487.1,0,2,0
18.52733,75.66801,15.5,31.4,52.7,315.5,1.4,676.8,Water Body,Clay,633.4,1,5,0
21.88712,75.76025,73.89,30.2,83.1,3613.8,10.12,219.6,Forest,Sandy,10545.9,0,7,1
18.92109,75.24692,5.95,30.2,27.5,401.0,3.0,697.3,Urban,Alluvial,3131.2,0,3,0
25.31061,87.32377,8.48,34.2,44.6,3994.5,7.72,91.2,Water Body,Silt,9394.2,0,2,0
18.14214,80.9066,80.11,25.9,68.5,2940.6,8.2,171.9,Agricultural,Sandy,11138.1,0,2,1
27.33429,93.34806,62.44,27.6,62.0,7438.7,17.45,147.5,Agricultural,Alluvial,4604.1,0,1,1
20.14491,84.81573,117.58,25.8,83.7,6246.7,16.92,77.2,Wetland,Sandy,7297.4,1,5,1
22.88619,73.70433,23.49,30.8,54.2,2715.3,6.66,130.2,Agricultural,Silt,3116.9,1,1,0
20.65815,86.46079,101.44,29.5,67.3,7836.7,17.84,59.5,Water Body,Alluvial,527.2,0,5,1
18.75497,76.27171,59.73,28.3,66.9,656.5,2.83,519.2,Agricultural,Alluvial,10745.0,1,2,0
25.779,82.96882,263.92,31.7,100.0,14645.7,18.0,41.4,Forest,Clay,2144.9,1,1,1
24.95651,86.95187,24.27,41.5,23.2,3583.1,9.02,111.7,Agricultural,Alluvial,2258.8,0,0,0
18.1931,80.232,149.17,24.2,100.0,6956.1,18.0,49.0,Agricultural,Clay,6516.3,1,2,1
25.44472,83.94694,117.55,30.5,85.5,10071.0,18.0,41.5,Urban,Alluvial,944.5,1,3,1
28.57267,77.26332,50.74,24.9,80.2,3520.4,9.41,233.7,Urban,Clay,9995.9,1,6,1
11.4475,76.11359,82.14,30.5,60.3,3823.5,12.24,19.5,Wetland,Clay,11158.5,1,1,1
28.35804,77.70405,176.91,30.3,100.0,6808.9,18.0,221.8,Agricultural,Alluvial,7955.8,1,0,1
26.56462,83.29717,1.99,28.4,45.8,2374.9,4.97,86.3,Agricultural,Clay,9066.1,0,2,0
25.56081,92.96264,1.48,31.7,40.6,7513.5,15.63,93.4,Urban,Silt,9970.0,0,3,1
21.25104,85.49701,306.09,33.5,100.0,13161.5,18.0,73.8,Urban,Sandy,10452.3,1,3,1
22.85402,76.54651,74.93,32.2,80.0,3134.0,8.05,287.0,Urban,Clay,8710.6,0,0,1
17.98342,81.52324,12.36,24.8,58.4,2462.5,4.09,171.5,Agricultural,Alluvial,9313.3,1,0,0
25.52432,82.24249,17.97,29.7,70.0,5341.5,10.88,77.3,Urban,Alluvial,3913.6,1,4,1
25.37042,71.35406,18.51,24.4,54.3,183.9,1.11,207.4,Water Body,Alluvial,1951.3,0,2,0
29.32867,77.06776,108.65,24.8,67.1,5256.1,14.86,221.3,Wetland,Silt,9935.8,1,0,1
17.75198,82.185,34.81,29.6,57.8,3189.6,7.8,119.0,Wetland,Sandy,3142.5,0,3,0
17.05254,79.93378,34.84,24.3,64.6,3331.8,7.66,135.9,Urban,Clay,3373.5,0,0,0
28.59736,77.25507,113.91,23.6,82.3,3740.2,10.69,204.3,Agricultural,Loam,9833.1,0,0,1
16.50661,79.78373,37.3,22.6,52.1,3026.4,8.54,90.2,Forest,Alluvial,6948.7,1,2,1
28.74024,77.24276,52.28,23.2,34.1,2962.0,8.93,194.0,Forest,Loam,9320.3,0,3,1
21.193,85.60586,212.86,35.8,100.0,10513.0,18.0,57.3,Agricultural,Clay,10740.1,1,7,1
28.09418,73.01083,5.95,19.7,35.9,192.5,0.45,256.6,Wetland,Clay,2958.8,0,5,0
27.49169,73.36567,16.82,30.6,59.0,231.6,0.2,217.8,Water Body,Silt,765.6,0,0,0
22.87056,78.42154,91.46,28.8,65.3,3289.9,8.94,82.2,Agricultural,Sandy,8035.8,0,5,1
22.31785,77.09939,82.29,33.3,40.6,3567.6,10.26,198.2,Forest,Clay,3468.0,0,1,1
21.19095,85.74365,266.88,31.2,100.0,11459.3,18.0,18.2,Urban,Sandy,8045.0,0,2,1
11.31455,76.20048,474.42,35.1,100.0,10726.5,18.0,177.2,Forest,Alluvial,4109.6,1,3,1
10.42432,76.29682,157.3,31.3,92.8,5826.9,17.29,188.9,Urban,Alluvial,1320.9,0,1,1
26.32437,94.97077,81.94,32.6,53.5,7281.6,16.27,130.8,Agricultural,Clay,2594.1,1,9,1
21.06391,85.33046,256.63,30.7,100.0,11906.8,18.0,63.4,Forest,Loam,10478.2,0,3,1
19.98857,86.3839,1.83,31.1,53.1,2121.8,5.63,72.8,Water Body,Alluvial,8721.2,0,3,0
18.32545,77.15486,16.64,21.9,55.2,356.5,0.2,529.7,Forest,Alluvial,5782.9,0,5,0
9.33436,76.87823,14.68,37.1,49.7,2051.9,4.03,105.2,Urban,Sandy,4091.5,1,6,0
26.37891,71.74365,2.76,32.6,47.1,70.1,0.23,311.8,Wetland,Clay,5358.3,0,5,0
22.51634,73.90471,7.53,34.2,43.3,1368.9,2.91,296.6,Agricultural,Sandy,11997.2,1,6,0
20.26915,85.3855,44.95,29.2,44.9,4373.8,10.58,15.8,Urban,Alluvial,9999.7,1,3,1
26.10046,82.09061,118.8,26.1,77.3,8709.4,18.0,102.4,Urban,Alluvial,10134.7,0,3,1
20.08013,85.63636,4.01,31.3,48.5,3937.1,6.82,43.9,Agricultural,Loam,8432.8,0,5,0
28.42067,77.48766,8.43,29.1,41.4,3021.9,6.67,213.3,Forest,Silt,3792.1,0,0,0
21.8736,77.52659,91.31,36.5,90.8,3774.4,9.68,227.2,Urban,Alluvial,2487.4,1,6,1
26.62716,91.48179,56.56,25.3,53.4,6427.0,15.85,74.1,Water Body,Silt,9111.2,0,4,1
26.52847,71.05541,16.93,33.8,50.3,140.6,0.2,173.8,Forest,Loam,707.6,1,4,0
20.7692,86.53108,67.23,30.8,61.0,5502.9,12.65,18.1,Agricultural,Alluvial,892.8,1,4,1
27.41962,72.68553,13.1,28.1,28.2,100.7,2.39,221.6,Agricultural,Loam,8010.8,1,6,0
29.18815,77.07957,30.98,35.2,57.6,2535.1,6.44,228.1,Water Body,Sandy,3107.7,0,7,0
28.78955,76.83454,1.8,26.1,37.5,1932.9,3.94,236.6,Urban,Clay,1260.4,1,1,0
18.08719,79.5514,16.93,31.6,49.7,3145.1,8.16,36.5,Urban,Loam,1625.4,0,1,0
28.62839,77.56918,130.89,28.9,99.7,5176.7,13.98,198.6,Water Body,Alluvial,10117.9,1,8,1
26.56543,92.54458,403.92,32.6,100.0,21780.9,18.0,121.8,Agricultural,Loam,4205.4,1,1,1
20.61981,85.85381,25.98,31.8,57.1,4888.4,9.9,68.9,Urban,Clay,8526.8,1,8,1
20.5073,85.92849,24.84,25.3,54.7,4063.1,8.24,38.1,Agricultural,Loam,10911.6,1,6,1
28.24604,72.35122,9.65,26.7,42.8,118.1,1.19,343.5,Agricultural,Alluvial,6868.8,0,8,0
17.84552,75.99263,16.2,22.9,30.5,370.1,2.06,494.0,Water Body,Sandy,9800.3,1,2,0
26.52265,73.10157,11.5,24.3,24.2,208.0,1.68,344.4,Agricultural,Loam,6786.7,1,6,0
28.24463,77.18043,51.61,30.2,60.2,2974.7,8.21,218.7,Agricultural,Clay,9287.9,1,1,1
10.88341,75.85495,193.11,35.7,100.0,5558.1,18.0,193.0,Agricultural,Silt,10372.2,0,6,1
29.1221,77.07972,85.76,30.2,67.1,3732.4,9.36,205.2,Agricultural,Alluvial,11754.8,0,3,1
26.72868,86.57559,83.21,31.4,56.7,7938.0,18.0,32.0,Agricultural,Alluvial,11003.7,1,2,1
27.4622,91.48618,217.17,21.9,100.0,13547.9,18.0,56.8,Urban,Clay,6654.4,0,8,1
26.50049,82.56765,151.23,23.8,86.1,9823.5,18.0,68.2,Agricultural,Loam,11004.2,0,0,1
21.57937,74.1424,238.07,36.5,100.0,6355.5,18.0,204.1,Agricultural,Clay,4213.5,1,2,1
18.17458,79.62845,32.64,34.7,57.7,4048.2,9.85,75.7,Urban,Silt,5204.1,0,3,1
17.10481,81.13599,1.93,28.0,22.4,2949.1,4.8,48.6,Wetland,Clay,9179.5,0,7,0
28.97562,77.78333,338.27,25.9,100.0,9142.3,18.0,230.4,Agricultural,Clay,1124.6,1,3,1
20.01155,86.57551,16.03,35.2,54.7,2964.3,6.65,58.8,Urban,Alluvial,3114.4,0,5,0
21.42447,85.13215,73.97,27.5,50.8,5714.6,13.77,21.4,Agricultural,Loam,11403.8,1,2,1
16.74043,75.23504,47.05,27.3,43.0,443.5,3.47,505.0,Urban,Clay,6024.9,0,1,0
16.45412,81.80335,82.96,28.5,65.4,4448.3,11.64,47.6,Urban,Alluvial,11797.1,1,5,1
20.22306,85.95849,73.02,26.3,85.5,5845.2,15.2,67.2,Urban,Silt,10107.2,1,3,1
11.18623,75.85785,37.96,26.5,54.6,3189.2,7.51,183.3,Agricultural,Alluvial,1299.5,1,2,0
27.12633,73.66848,5.14,20.3,32.7,238.8,0.2,194.6,Agricultural,Clay,5400.1,1,4,0
22.94962,76.52516,89.81,35.1,71.8,3442.6,10.53,252.8,Urban,Alluvial,11291.5,0,2,1
9.37318,76.35993,43.23,31.0,61.5,1992.3,5.83,163.2,Water Body,Alluvial,7273.2,1,2,0
22.36363,77.11345,14.82,29.2,40.6,2065.3,4.92,173.4,Agricultural,Alluvial,7801.1,1,1,0
16.20364,76.1863,61.2,26.6,58.4,438.6,2.48,677.5,Forest,Sandy,7863.0,1,1,0
19.88761,86.14565,40.26,39.8,43.1,4646.3,10.32,67.5,Agricultural,Loam,8796.4,1,0,1
17.60311,81.43018,16.27,27.2,59.6,3980.8,10.23,61.8,Agricultural,Alluvial,3908.7,0,2,1
22.83016,74.93623,32.63,35.1,39.4,1437.9,4.1,281.2,Urban,Alluvial,9359.0,1,1,0
28.43132,72.73158,2.88,33.5,38.9,154.6,0.2,157.1,Forest,Alluvial,4061.9,0,1,0
25.86361,90.93619,58.28,29.3,82.9,4314.3,11.79,44.1,Agricultural,Alluvial,2807.2,1,2,1
27.0004,85.41907,96.8,30.9,73.1,7949.3,18.0,56.9,Agricultural,Alluvial,10049.1,0,0,1
29.21687,76.95147,14.11,34.4,52.9,1216.5,1.84,208.7,Agricultural,Clay,3348.9,0,3,0
18.49732,80.26394,52.51,21.9,54.8,3408.2,8.68,108.4,Agricultural,Alluvial,1840.5,1,3,1
14.54561,75.83213,61.38,38.5,68.3,553.9,3.82,457.5,Agricultural,Alluvial,3231.2,1,7,0
9.56209,75.87198,23.49,36.7,56.4,2341.4,5.4,55.4,Forest,Alluvial,10851.3,1,1,0
17.58063,74.85898,13.95,33.8,53.7,460.1,0.96,540.1,Agricultural,Loam,3691.8,1,3,0
15.59668,76.175,115.76,30.2,83.3,864.6,5.85,641.7,Agricultural,Clay,1855.3,1,3,1
14.76075,75.47476,16.02,28.7,41.5,398.2,0.82,702.9,Agricultural,Loam,2175.6,1,4,0
26.84318,92.88827,216.36,31.8,100.0,14123.3,18.0,104.0,Forest,Alluvial,1653.6,0,2,1
28.45756,72.72619,6.47,31.7,39.3,179.5,1.81,294.7,Agricultural,Alluvial,3324.0,1,5,0
29.114,77.29494,23.44,29.1,59.4,2481.5,6.78,191.0,Forest,Alluvial,8943.8,1,0,0
22.26603,76.58377,47.42,27.6,64.1,2490.2,6.29,186.2,Wetland,Alluvial,2763.7,0,2,0
17.85225,75.07982,12.09,31.9,36.2,629.0,1.49,672.4,Wetland,Clay,10815.7,0,1,0
18.24057,79.99942,7.53,33.3,39.7,3823.1,8.62,113.7,Urban,Sandy,7632.4,0,0,0
28.71743,77.64286,21.35,31.6,49.0,3339.2,7.72,233.0,Agricultural,Loam,653.5,1,3,0
11.33496,76.3518,54.15,25.4,77.4,2317.4,8.17,105.4,Agricultural,Silt,5199.3,0,3,1
27.11618,72.33184,2.47,28.3,42.4,132.6,0.2,348.5,Water Body,Clay,4991.1,1,3,0
11.41382,75.94888,64.43,31.0,68.1,3355.4,9.57,100.4,Urban,Clay,10146.6,0,2,1
25.17916,72.55202,1.89,29.6,52.0,173.6,1.24,304.9,Urban,Silt,8730.5,0,3,0
26.23963,81.42031,49.88,23.2,58.8,4487.2,10.45,109.8,Agricultural,Alluvial,3683.9,1,0,1
26.38583,86.53637,264.55,32.1,100.0,15834.6,18.0,98.5,Agricultural,Alluvial,4035.2,0,1,1
20.73733,86.10164,135.59,28.2,91.0,8661.3,18.0,20.9,Urban,Clay,8055.4,1,1,1
25.47703,88.21182,230.89,30.1,100.0,11500.2,18.0,67.4,Forest,Sandy,1011.5,0,3,1
25.82761,71.42014,2.26,30.7,46.0,160.8,0.2,231.4,Forest,Alluvial,3769.8,0,1,0
27.1799,94.9362,76.92,21.5,80.1,8492.8,18.0,71.5,Forest,Silt,3393.8,1,4,1
27.43473,73.10794,12.3,29.8,35.9,172.3,0.2,284.6,Urban,Alluvial,7609.3,0,2,0
20.77747,85.74331,115.7,33.0,78.4,7600.0,18.0,37.7,Water Body,Clay,3639.7,0,3,1
26.46906,83.65775,106.24,29.6,77.5,7504.7,18.0,44.2,Forest,Alluvial,11558.0,0,1,1
21.63442,75.22031,35.54,33.7,51.1,2758.4,6.71,184.3,Urban,Alluvial,8015.6,0,1,0
29.28665,77.11562,93.84,30.3,81.5,4674.0,12.48,197.0,Agricultural,Loam,10857.0,1,3,1
23.0502,75.00136,134.63,28.8,91.5,3708.4,11.79,56.6,Agricultural,Alluvial,11934.8,0,2,1
19.80832,85.75108,133.76,27.5,95.1,9038.3,18.0,49.9,Urban,Loam,4642.6,1,1,1
10.8505,75.95633,24.35,34.6,37.2,2718.6,5.38,96.9,Agricultural,Alluvial,4885.7,1,8,0
14.79084,75.15151,21.33,25.5,29.2,449.8,2.63,725.9,Forest,Alluvial,8807.8,1,2,0
21.53066,77.45022,28.62,31.0,44.4,2616.4,6.28,270.2,Forest,Silt,3065.9,0,2,0
18.00827,80.597,141.35,32.0,100.0,5878.9,15.99,57.9,Agricultural,Clay,3370.7,0,2,1
26.70439,82.12343,11.59,22.0,37.2,5644.5,11.88,74.4,Wetland,Alluvial,9020.3,1,0,1
16.71678,75.94824,0.77,28.0,20.7,281.6,0.71,650.2,Urban,Loam,9512.5,0,9,0
16.81009,79.95869,55.58,29.4,64.5,2917.1,6.55,63.5,Urban,Alluvial,9647.4,1,0,1
25.65604,86.76631,132.37,27.5,87.5,9627.6,18.0,69.1,Urban,Clay,10433.9,1,1,1
21.20052,86.5972,32.42,27.9,28.2,4878.1,11.33,36.4,Urban,Clay,2905.7,1,2,1
29.21556,77.20133,190.07,36.9,100.0,5938.5,16.4,213.3,Water Body,Clay,11847.7,1,4,1
25.78975,80.92298,4.07,28.6,44.3,4683.7,10.81,31.7,Agricultural,Clay,3906.6,1,6,1
17.40522,76.99801,12.57,31.0,63.0,574.7,3.18,655.7,Forest,Loam,8835.2,1,4,0
11.08939,76.14148,16.96,27.7,43.2,1316.4,4.79,178.3,Forest,Alluvial,9144.5,1,1,0
29.13367,77.48037,270.49,28.8,100.0,6917.8,18.0,218.1,Wetland,Clay,11295.0,1,1,1
18.46909,81.58216,10.56,27.8,21.8,3003.0,5.93,119.7,Urban,Loam,8190.0,0,7,0
20.64445,86.70457,111.94,29.0,64.7,7021.7,18.0,74.9,Agricultural,Sandy,592.0,0,6,1
20.55503,86.21407,176.01,25.7,100.0,8069.4,18.0,69.6,Forest,Loam,11556.0,0,2,1
26.45625,90.31188,86.49,33.2,78.7,8602.5,18.0,61.6,Agricultural,Loam,7169.1,0,2,1
27.26535,91.94456,11.58,28.6,46.7,6356.5,13.81,64.0,Urban,Loam,508.0,0,2,1
25.77766,92.08171,15.83,31.2,55.8,3211.2,5.99,70.3,Water Body,Alluvial,2103.3,1,5,0
23.00749,75.87831,77.96,30.2,84.0,3222.4,9.93,137.2,Water Body,Clay,2080.6,0,3,1
25.79831,85.16957,12.94,29.1,53.1,5113.8,11.52,59.0,Agricultural,Clay,7385.1,0,3,1
16.18027,76.5,38.98,27.6,62.9,486.5,2.08,548.2,Agricultural,Alluvial,9183.9,0,0,0
25.60463,94.50569,53.71,33.4,56.2,8347.1,18.0,73.3,Water Body,Clay,3400.6,0,1,1
27.93436,72.49831,18.95,33.5,33.2,153.4,1.12,230.7,Urban,Loam,5483.2,1,8,0
17.55896,80.52637,0.85,25.7,41.5,2835.3,4.54,120.9,Forest,Clay,5260.2,1,4,0
10.24083,75.85985,70.4,30.9,74.9,3791.8,9.14,177.5,Agricultural,Alluvial,8148.0,1,3,1
19.12942,75.63163,73.31,28.4,33.0,674.0,4.78,450.4,Agricultural,Alluvial,7002.2,0,0,0
29.38706,77.00551,59.26,18.3,73.4,4268.4,10.66,234.7,Agricultural,Loam,5233.0,0,2,1
10.97474,76.2119,53.64,26.5,79.9,3307.5,8.13,120.0,Agricultural,Clay,9572.5,0,1,1
20.39317,84.95765,452.72,32.7,100.0,18410.4,18.0,71.4,Agricultural,Alluvial,1377.4,0,3,1
16.47627,80.43991,5.46,26.5,22.6,1754.2,2.13,65.1,Water Body,Alluvial,11323.1,1,3,0
16.43326,79.52258,95.33,31.3,80.2,6121.0,15.15,89.6,Forest,Alluvial,2357.2,1,3,1
25.99031,91.37704,361.54,29.1,100.0,20685.0,18.0,117.9,Forest,Alluvial,10475.3,1,1,1
25.29692,71.59824,16.39,29.4,40.8,127.5,0.3,263.6,Urban,Alluvial,9560.3,1,4,0
22.77433,78.36791,196.94,26.8,95.3,6199.3,18.0,180.2,Water Body,Alluvial,8016.3,1,3,1
25.88166,82.1441,17.88,28.4,40.8,4530.6,9.33,72.5,Urban,Clay,11769.7,0,2,1
18.20989,81.87297,25.54,34.3,56.7,3049.1,8.12,81.6,Forest,Silt,9178.9,1,2,0
20.60496,86.81189,51.63,25.3,69.2,5301.0,11.06,36.4,Agricultural,Loam,10942.7,0,7,1
18.33705,80.96776,72.36,21.2,71.3,4784.1,10.85,83.2,Urban,Alluvial,4093.3,1,0,1
28.25248,77.40204,128.78,27.8,91.2,4656.0,14.42,211.3,Agricultural,Alluvial,8270.5,0,2,1
21.06816,85.43118,3.59,28.4,28.1,3244.0,6.44,46.8,Agricultural,Alluvial,1157.8,0,2,0
21.57704,75.60271,46.37,31.3,56.0,2552.0,6.39,168.7,Wetland,Clay,7025.4,0,1,0
18.39021,79.9,115.12,37.3,100.0,5351.9,14.52,75.1,Urban,Alluvial,2597.7,0,0,1
21.70119,75.82516,18.83,30.5,52.5,2100.4,5.83,67.0,Agricultural,Alluvial,407.8,1,4,0
25.19419,81.65653,4.92,34.8,23.1,2993.1,6.03,45.1,Water Body,Alluvial,7391.1,0,3,0
22.58997,77.91069,226.46,31.7,100.0,5819.0,18.0,216.7,Wetland,Alluvial,11452.9,1,0,1
27.11206,88.25688,58.04,23.3,49.4,4699.6,13.13,112.3,Wetland,Clay,4216.2,1,0,1
20.3339,86.00247,48.91,25.1,41.8,5196.4,12.21,38.0,Agricultural,Alluvial,3461.2,1,6,1
20.27826,84.64962,29.98,18.4,58.6,4258.6,9.41,44.5,Water Body,Silt,2840.1,0,1,1
29.18957,77.34301,21.94,37.0,55.2,3991.9,8.84,199.1,Forest,Clay,11735.4,0,6,1
18.44169,79.91163,13.73,32.0,36.6,3444.9,7.64,173.1,Agricultural,Clay,8824.2,0,5,0
25.57392,91.54917,266.84,35.6,100.0,17022.3,18.0,50.6,Urban,Loam,11746.8,0,3,1
10.10079,76.8501,11.8,23.3,33.2,2044.7,4.74,77.7,Agricultural,Alluvial,11944.5,1,3,0
22.33576,75.94571,107.27,31.6,69.5,3457.8,9.8,92.4,Agricultural,Alluvial,11449.9,0,2,1
14.63013,77.03088,23.24,24.2,72.8,607.7,1.34,564.2,Agricultural,Silt,5472.4,0,4,0
20.2533,86.88929,98.43,32.7,78.3,7271.3,16.21,58.4,Agricultural,Loam,1257.4,1,4,1
25.4047,87.04149,26.32,29.2,68.6,5581.4,11.84,115.5,Agricultural,Loam,7272.4,1,2,1
19.93843,86.69168,57.22,31.7,74.4,3735.7,9.04,43.3,Agricultural,Clay,7718.8,1,3,1
25.08749,81.63044,30.52,31.5,64.6,4030.4,9.07,62.8,Urban,Clay,10641.4,1,6,1
16.36011,76.95037,20.62,14.6,45.6,421.5,0.82,543.2,Urban,Loam,3894.9,0,5,0
21.98369,74.81376,0.69,22.9,20.0,818.2,3.63,121.0,Forest,Clay,2590.4,0,6,0
26.21826,87.56932,55.88,31.0,67.6,5787.2,15.3,66.4,Wetland,Alluvial,8818.1,0,0,1
26.42,95.02644,188.72,21.8,100.0,13055.3,18.0,143.1,Forest,Clay,4679.3,0,2,1
15.08366,76.58661,16.49,34.2,46.8,556.9,1.53,569.5,Forest,Clay,9356.6,1,4,0
17.52402,76.58753,16.67,28.1,60.1,524.5,2.1,678.8,Urban,Clay,10085.2,1,0,0
26.47491,90.06878,32.87,26.8,35.6,5322.7,12.31,68.7,Agricultural,Clay,9887.9,0,1,1
21.4521,85.34427,24.02,36.2,41.4,5005.7,10.98,72.4,Wetland,Alluvial,11124.4,0,2,1
18.11901,81.54927,11.91,25.9,32.2,1539.4,3.8,163.0,Agricultural,Alluvial,2246.7,1,2,0
21.20051,86.18147,10.95,20.9,39.6,4229.2,8.03,73.2,Water Body,Alluvial,1839.6,1,0,0
27.90043,72.59138,0.25,32.2,31.5,170.5,0.67,331.7,Agricultural,Silt,11116.6,1,2,0
11.10778,76.72035,119.14,33.6,76.6,4361.1,11.38,118.5,Urban,Sandy,11400.2,1,2,1
26.72362,73.66564,9.0,27.0,53.4,156.5,1.5,271.1,Urban,Loam,10583.0,1,2,0
17.80068,80.38621,91.89,30.0,59.3,5796.5,14.68,134.7,Wetland,Loam,4202.5,1,0,1
27.17285,90.00638,97.63,30.3,58.4,8229.0,17.69,106.4,Agricultural,Silt,4641.6,1,0,1
16.97427,80.6495,14.13,27.6,52.2,1667.1,1.42,129.9,Water Body,Clay,9986.6,1,3,0
10.34703,76.73596,271.28,27.8,100.0,7962.9,18.0,120.9,Urban,Clay,2132.9,1,7,1
28.81722,77.71692,164.72,31.5,91.0,5997.4,18.0,239.2,Forest,Silt,11932.3,0,1,1
22.85528,74.65575,6.18,31.5,49.2,1829.7,3.62,127.8,Agricultural,Clay,6461.5,1,4,0
26.209,71.76059,5.37,43.4,33.2,124.2,0.2,307.2,Forest,Silt,830.1,1,3,0
20.97954,86.60582,46.7,31.3,61.4,5148.2,10.6,20.5,Urban,Silt,8873.0,0,3,1
17.78845,81.6857,67.45,35.1,79.3,5705.2,14.36,83.4,Water Body,Sandy,1464.9,0,2,1
16.31529,79.99472,141.57,32.9,89.1,6035.7,16.46,62.8,Water Body,Clay,7281.9,1,3,1
26.7773,92.52804,110.91,30.4,62.3,9523.0,18.0,102.3,Agricultural,Alluvial,2281.2,0,2,1
25.74221,81.91406,179.75,30.1,100.0,11312.3,18.0,112.2,Urban,Clay,10382.4,1,3,1
25.54455,92.04058,64.51,25.7,66.8,8018.4,17.28,64.2,Agricultural,Alluvial,11659.8,1,3,1
25.15929,81.75175,40.48,36.9,58.3,4674.3,10.43,64.6,Agricultural,Alluvial,11198.1,0,6,1
26.98946,92.07815,62.76,22.6,58.6,8789.4,18.0,138.8,Agricultural,Loam,8077.5,0,1,1
22.60562,73.94174,160.7,30.8,100.0,4770.6,14.34,135.1,Urban,Loam,8882.1,1,0,1
27.41258,92.43081,111.8,30.9,81.7,11151.5,18.0,126.7,Forest,Clay,4821.6,1,1,1
25.20799,74.09602,6.2,35.6,31.9,140.3,0.57,184.6,Agricultural,Clay,11882.1,1,5,0
9.47633,76.71127,71.4,24.6,56.3,3390.8,9.26,148.7,Urban,Silt,7168.0,1,3,1
25.33342,83.25997,100.7,33.8,72.1,8224.7,18.0,57.2,Water Body,Loam,2120.4,0,2,1
25.44217,71.17803,7.85,27.6,36.9,162.3,1.11,325.3,Agricultural,Clay,1694.8,1,0,0
25.20218,72.27437,17.56,31.7,22.5,143.5,2.03,329.9,Agricultural,Alluvial,9523.6,0,1,0
10.64409,76.43692,0.93,26.9,32.8,2327.7,5.94,128.1,Forest,Clay,9036.4,1,3,0
16.70118,81.30907,69.79,31.1,79.9,4021.0,9.52,29.3,Water Body,Clay,3360.7,1,3,1
26.8783,83.09073,83.16,24.5,69.0,10054.9,18.0,49.7,Urban,Alluvial,415.5,1,1,1
11.12874,75.83302,102.12,26.8,80.0,3659.6,11.36,141.4,Urban,Loam,10368.5,0,2,1
11.10598,75.94633,4.18,32.2,41.3,2352.9,4.79,184.5,Urban,Loam,11935.8,0,0,0
26.35205,71.1554,12.46,23.6,51.9,155.3,0.44,244.7,Wetland,Alluvial,2353.1,0,1,0
29.19549,77.41722,53.68,20.9,44.4,3376.7,9.38,232.8,Urban,Alluvial,3371.1,1,2,1
26.90173,93.27758,64.82,28.8,76.2,8615.4,17.32,43.4,Agricultural,Clay,1970.0,1,0,1
28.47299,76.85836,294.83,25.2,100.0,8330.3,18.0,222.6,Agricultural,Alluvial,9617.4,0,0,1
25.42597,81.453,28.2,27.6,50.3,5764.9,12.19,84.4,Forest,Silt,8989.5,1,5,1
21.05529,86.48504,50.37,32.9,83.0,3556.2,9.35,73.5,Forest,Loam,2673.0,0,2,1
17.73296,80.78573,19.82,25.6,37.6,3224.3,7.65,124.4,Urban,Alluvial,8795.3,1,1,0
16.56403,82.16982,123.68,33.0,73.5,4790.3,14.16,143.7,Agricultural,Loam,4987.3,0,2,1
10.58524,76.11018,40.28,35.3,56.1,2840.5,7.52,84.4,Agricultural,Sandy,6941.0,1,5,1
26.5255,86.91917,210.15,29.8,100.0,10971.5,18.0,82.0,Forest,Sandy,9678.5,0,7,1
10.26088,76.84157,29.39,28.1,44.3,2028.8,5.02,195.6,Urban,Sandy,8952.7,1,8,0
26.62732,83.79369,30.29,19.6,46.0,3464.4,8.4,119.5,Water Body,Loam,11335.4,1,1,0
9.25558,76.22143,35.25,31.0,46.6,2453.5,5.02,115.5,Wetland,Loam,6173.6,0,2,0
29.26929,77.44985,6.48,31.6,38.0,1451.9,5.28,229.5,Forest,Loam,8569.6,1,2,0
26.61829,92.51505,173.55,29.7,87.4,15023.1,18.0,131.8,Forest,Loam,9071.7,1,1,1
21.15841,86.73224,64.5,27.2,67.8,5139.1,11.65,70.5,Urban,Alluvial,7187.4,0,5,1
29.49583,77.15939,9.94,31.3,44.5,1962.1,4.9,215.8,Agricultural,Clay,1536.2,1,2,0
25.15594,73.01595,18.75,23.8,46.0,155.6,0.6,306.9,Urban,Loam,2482.3,1,2,0
18.85906,75.95483,58.04,29.1,56.5,706.0,4.03,579.6,Agricultural,Clay,464.7,1,3,0
16.6847,81.72789,71.29,21.7,49.4,4949.1,12.14,134.9,Agricultural,Silt,2919.4,1,5,1
29.22012,77.1042,24.94,23.2,36.5,3291.0,6.53,216.1,Forest,Alluvial,8421.6,0,1,0
29.02066,77.78049,24.18,22.0,50.8,3744.3,8.43,230.5,Urban,Alluvial,484.8,0,4,0
28.57974,77.78194,42.93,24.7,72.5,2416.9,5.84,199.7,Agricultural,Sandy,3664.2,1,5,0
27.31946,90.08386,48.64,24.7,26.4,9113.8,18.0,100.3,Forest,Sandy,9248.2,1,2,1
27.23778,90.31704,128.68,28.1,73.0,9279.0,18.0,97.2,Forest,Alluvial,6901.4,1,6,1
27.3809,90.45542,73.44,26.9,74.5,9952.1,18.0,100.3,Agricultural,Sandy,11543.6,0,1,1
27.44512,93.20624,89.89,30.3,71.0,8622.3,18.0,72.8,Agricultural,Silt,6656.3,1,3,1
25.53109,89.80796,90.54,29.9,64.6,11120.3,18.0,64.8,Forest,Alluvial,11065.7,1,4,1
20.0079,86.15823,82.67,31.2,54.4,4298.1,10.26,81.0,Water Body,Loam,6301.8,0,1,1
28.32107,77.62098,50.65,35.0,66.7,3093.4,9.33,198.5,Urban,Sandy,9579.7,1,4,1
10.58856,75.85383,189.84,32.0,90.5,5466.2,18.0,192.3,Forest,Alluvial,4858.5,0,2,1
22.44816,77.00853,26.15,29.7,39.5,2566.8,7.35,155.0,Agricultural,Alluvial,2250.1,0,2,0
19.4535,76.09089,13.42,28.2,50.6,628.5,2.56,604.2,Water Body,Alluvial,10725.5,0,6,0
16.3161,81.19585,212.17,29.1,100.0,7203.4,18.0,110.1,Urban,Silt,6774.6,0,0,1
20.34105,85.96849,15.82,22.1,67.5,4394.7,10.69,69.3,Forest,Clay,1042.3,1,3,1
17.17505,80.35123,11.01,26.7,45.4,3792.6,8.34,46.7,Forest,Silt,3477.0,0,4,0
27.02894,82.44882,298.88,28.1,100.0,13960.0,18.0,88.8,Forest,Alluvial,4725.4,1,1,1
21.87703,75.61233,123.55,24.8,72.5,4446.7,11.66,253.9,Agricultural,Silt,11744.9,1,8,1
21.3057,86.27005,73.75,32.7,73.5,5296.3,13.47,24.4,Agricultural,Loam,11832.9,0,2,1
26.70671,84.7049,12.95,27.1,45.0,3690.6,7.11,114.0,Agricultural,Silt,5813.2,1,6,0
22.6971,73.51821,33.29,35.1,63.8,2019.6,5.03,225.0,Wetland,Alluvial,2993.8,0,1,0
17.10374,77.49044,11.71,35.2,37.8,418.6,0.2,467.1,Forest,Loam,6723.4,0,4,0
19.7482,76.09193,6.98,22.3,30.3,375.5,1.14,508.0,Agricultural,Alluvial,5661.8,0,5,0
16.67389,79.82669,45.25,27.4,54.2,2934.3,7.75,154.3,Urban,Clay,7326.8,0,3,1
28.39076,77.10615,8.24,30.6,50.8,2136.2,4.07,239.1,Urban,Loam,5026.9,0,1,0
28.97775,77.18273,8.97,25.0,40.1,2335.5,4.9,210.3,Agricultural,Silt,4964.4,1,3,0
10.09786,76.24866,25.3,29.5,50.5,1945.1,3.52,22.0,Agricultural,Alluvial,7985.4,0,6,0
15.88803,74.83733,42.89,26.9,69.4,753.6,3.09,476.9,Agricultural,Alluvial,1132.8,1,2,0
29.08383,76.87252,36.45,25.0,57.5,2823.4,6.47,222.8,Agricultural,Alluvial,1351.4,0,4,0
28.3715,76.90133,272.69,31.3,100.0,8577.0,18.0,236.2,Urban,Clay,7314.4,1,5,1
18.45581,80.51877,259.51,27.3,100.0,10066.2,18.0,70.7,Agricultural,Alluvial,11764.2,1,4,1
18.50429,77.23915,28.0,31.7,53.6,494.7,1.79,625.3,Urban,Alluvial,11952.6,0,2,0
25.25343,85.04285,113.13,29.8,81.0,7203.8,18.0,38.4,Water Body,Alluvial,10835.3,1,0,1
19.2573,77.22697,43.81,29.4,64.3,669.9,4.04,654.8,Urban,Clay,8304.1,1,1,0
25.16952,84.46206,10.26,30.0,43.4,4821.6,9.01,81.3,Water Body,Silt,3953.3,0,1,1
26.82815,72.89597,5.95,32.5,37.1,145.0,1.65,154.1,Forest,Alluvial,7792.1,0,4,0
18.04281,80.32833,45.85,30.6,49.8,3366.7,8.45,141.3,Agricultural,Clay,7980.7,1,1,1
19.80512,84.65998,94.75,28.6,79.7,4792.8,11.97,78.0,Urban,Clay,569.9,1,5,1
27.13703,81.53182,140.8,32.0,83.5,7319.2,18.0,77.6,Water Body,Loam,7538.5,1,1,1
26.52434,70.67416,21.24,30.1,55.3,152.9,0.76,170.7,Wetland,Sandy,9021.1,1,0,0
22.30771,75.59699,20.19,28.2,57.0,2177.8,5.04,231.3,Forest,Clay,10368.9,1,2,0
29.2303,77.10493,61.4,23.7,68.0,3201.3,8.08,195.7,Wetland,Alluvial,523.4,1,5,1
27.33347,92.36282,61.07,27.8,61.3,5432.4,12.08,64.7,Water Body,Alluvial,2917.1,1,1,1
26.96468,90.95503,167.36,20.6,100.0,12504.1,18.0,123.3,Agricultural,Sandy,7054.0,1,3,1
18.06858,80.20653,87.82,30.8,67.9,4737.8,10.79,148.8,Forest,Alluvial,7490.9,1,0,1
20.51626,86.23034,183.49,37.7,100.0,8779.9,18.0,50.0,Agricultural,Alluvial,3422.4,0,3,1
15.20389,76.87467,4.21,26.3,33.9,330.3,0.2,500.1,Urban,Clay,5032.5,1,5,0
10.21407,76.73591,264.78,23.8,100.0,7651.3,18.0,63.0,Forest,Loam,5671.3,1,2,1
25.13492,71.83334,16.4,31.8,41.3,120.6,2.06,179.7,Forest,Alluvial,2039.4,1,3,0
26.68479,86.38092,103.42,23.6,75.1,8883.1,18.0,60.5,Wetland,Alluvial,4498.1,0,4,1
15.10421,77.23968,5.05,28.6,32.8,314.9,1.22,545.0,Urban,Alluvial,9756.1,0,0,0
28.37834,73.9775,7.27,31.6,64.1,205.2,0.2,167.4,Urban,Silt,9429.8,1,5,0
15.84432,75.61074,12.49,23.7,52.8,516.5,0.4,589.0,Agricultural,Alluvial,2351.6,1,5,0
26.48723,73.35398,39.01,33.9,40.1,209.2,1.2,243.8,Water Body,Clay,10148.0,1,0,0
29.09235,77.63218,58.56,31.2,52.7,2943.0,7.1,198.2,Forest,Silt,4382.7,1,3,1
27.69541,72.06155,1.39,29.5,43.3,99.9,0.2,257.3,Urban,Clay,8207.1,1,3,0
27.75245,72.53922,26.47,29.9,48.8,253.7,0.63,156.4,Agricultural,Alluvial,11196.9,1,2,0
28.49687,74.08058,2.26,35.0,42.5,117.7,0.2,234.6,Agricultural,Alluvial,2453.7,1,1,0
26.64715,86.7648,7.53,33.5,52.4,3514.4,9.15,61.6,Wetland,Loam,10211.8,0,6,0
22.84307,76.87406,9.35,39.0,52.8,2151.8,6.08,57.0,Agricultural,Loam,11243.1,0,3,0
20.39832,86.15206,155.09,32.1,100.0,8035.0,18.0,26.7,Agricultural,Silt,6137.9,1,3,1
22.6289,76.82073,63.05,30.8,67.3,3194.7,7.79,130.2,Water Body,Loam,2057.2,1,4,1
9.67218,76.30184,80.57,29.1,73.4,3664.2,10.81,92.4,Urban,Loam,7905.9,1,0,1
18.57723,75.80066,14.58,20.0,46.9,486.9,0.53,768.8,Forest,Alluvial,8493.6,1,3,0
21.64739,76.78472,44.26,34.1,59.2,2359.5,6.61,92.1,Water Body,Alluvial,4229.5,0,4,0
15.35935,77.45571,3.83,25.5,24.6,489.6,1.65,668.1,Wetland,Alluvial,10714.5,0,1,0
10.72287,76.76307,25.57,29.1,54.0,2888.7,6.07,118.4,Agricultural,Alluvial,4111.4,1,2,0
10.5166,76.88518,138.45,30.6,72.5,4266.6,13.7,153.2,Urban,Loam,8213.6,1,3,1
16.88673,79.76007,29.63,28.6,70.1,3291.7,6.05,121.4,Agricultural,Alluvial,11342.9,1,0,0
16.24201,77.01111,85.07,23.5,59.2,684.5,3.54,774.6,Agricultural,Alluvial,9914.7,1,3,0
26.01486,74.25017,13.26,28.0,49.4,134.8,1.5,196.3,Urban,Silt,3592.2,1,2,0
21.79419,75.82032,63.51,29.9,60.2,3230.0,8.84,79.7,Urban,Loam,10617.3,0,9,1
15.62212,75.92024,43.41,29.7,34.3,698.3,3.27,453.0,Agricultural,Loam,1764.9,1,6,0
26.78498,94.22696,33.88,22.5,28.8,6044.1,12.68,42.2,Agricultural,Alluvial,8185.5,0,5,1
9.94873,76.88559,393.42,30.0,100.0,9215.5,18.0,86.2,Water Body,Silt,11232.7,1,1,1
26.05117,92.25076,8.85,25.9,44.2,4282.1,8.6,129.3,Agricultural,Silt,1045.7,0,2,0
16.77496,81.60148,73.33,36.5,68.1,4112.8,10.49,113.4,Water Body,Silt,6009.6,0,0,1
25.89068,72.97368,37.8,26.2,57.1,228.9,0.2,259.6,Agricultural,Loam,9796.3,1,0,0
28.3748,77.51971,19.82,25.9,24.9,2384.6,5.02,191.9,Agricultural,Alluvial,11598.9,1,5,0
10.7199,76.79485,16.4,29.2,56.9,2540.9,4.44,181.5,Agricultural,Clay,9870.7,0,1,0
26.55784,71.7133,29.06,28.4,45.1,127.0,1.84,334.7,Forest,Alluvial,7314.2,0,1,0
28.52449,77.22685,23.34,33.8,36.2,2931.2,5.26,193.2,Urban,Alluvial,3392.6,0,2,0
20.27668,85.94899,2.93,24.4,29.3,2815.6,6.39,83.2,Water Body,Clay,3210.2,1,5,0
17.17205,75.88742,20.95,33.0,50.5,613.4,3.02,732.0,Urban,Loam,10990.8,1,6,0
9.95902,76.30729,207.21,26.2,100.0,6534.1,18.0,44.9,Forest,Sandy,5478.7,1,2,1
28.75752,77.7077,14.89,31.3,54.0,2417.7,5.2,191.3,Agricultural,Clay,944.5,1,2,0
20.0309,85.27752,0.23,30.8,44.2,3439.4,6.98,79.7,Urban,Alluvial,10534.4,1,3,0
29.2007,77.19744,10.94,26.7,21.9,2635.3,5.47,211.8,Urban,Clay,9350.7,1,3,0
16.95658,81.52536,8.93,22.2,59.9,3831.7,7.63,168.3,Water Body,Alluvial,952.2,1,2,0
27.11784,82.67429,120.93,30.2,74.3,7921.0,18.0,85.9,Forest,Clay,11085.5,0,1,1
18.92596,76.15704,42.51,29.2,61.2,695.8,2.67,614.2,Water Body,Alluvial,7084.2,0,3,0
22.47696,76.78639,52.41,26.4,50.2,1925.5,6.78,210.6,Agricultural,Alluvial,5780.3,0,0,0
27.53069,72.49226,8.59,29.9,46.6,122.1,0.2,260.2,Urban,Alluvial,6084.7,0,1,0
17.55097,81.16584,45.55,26.5,56.3,3322.3,8.89,27.4,Forest,Clay,11949.5,0,0,1
21.41855,86.07689,55.87,32.9,76.9,3542.3,8.25,47.4,Wetland,Loam,2798.6,0,6,1
26.2162,94.26351,224.44,28.6,100.0,16378.8,18.0,88.1,Urban,Alluvial,8797.0,0,1,1
16.34807,75.68322,71.57,32.2,73.9,615.8,3.46,478.2,Agricultural,Silt,2491.5,1,2,0
20.42236,86.04456,55.13,29.8,57.9,5564.2,13.82,70.3,Urban,Clay,6228.5,0,0,1
17.38502,80.67276,40.77,24.6,39.4,3107.9,8.0,60.8,Forest,Silt,7209.6,1,2,1
17.63298,76.54317,6.59,25.3,46.2,509.0,2.4,699.4,Agricultural,Sandy,10557.8,1,8,0
26.62961,95.08915,70.05,30.0,50.3,7057.3,16.27,90.8,Agricultural,Loam,8943.7,1,2,1
21.52272,76.66763,36.18,25.8,48.0,1717.2,3.97,159.5,Wetland,Sandy,7869.4,1,4,0
18.0518,80.84795,7.18,37.6,42.3,2804.4,6.02,95.7,Agricultural,Alluvial,11423.1,1,1,0
25.25519,86.2357,13.77,23.9,42.3,4415.7,9.5,30.7,Agricultural,Alluvial,4868.2,1,7,1
16.20501,80.87673,8.69,20.2,47.2,3047.1,7.24,142.5,Water Body,Sandy,9783.0,1,0,0
20.72625,85.55193,128.52,28.7,79.0,8814.2,18.0,48.4,Forest,Alluvial,6872.2,1,5,1
25.10929,72.72366,10.41,25.6,47.8,176.9,0.2,288.2,Water Body,Alluvial,5460.4,1,4,0
29.1081,77.21533,12.21,26.9,58.9,1860.2,4.98,208.8,Forest,Alluvial,7650.2,1,3,0
29.49586,77.34926,74.53,23.6,68.9,3373.6,8.71,216.6,Urban,Alluvial,11679.0,1,0,1
25.67039,82.50559,50.23,31.4,58.1,6135.0,14.36,106.8,Urban,Alluvial,1856.4,1,2,1
25.267,85.21235,79.62,28.9,69.4,5877.5,13.91,96.7,Agricultural,Silt,11384.2,1,2,1
22.48862,75.82986,4.06,23.1,38.2,2005.1,4.49,91.1,Forest,Alluvial,7618.0,1,2,0
25.59068,72.03627,7.32,25.0,25.9,164.7,0.73,164.7,Forest,Loam,6842.4,1,6,0
9.93892,76.13561,209.19,26.5,100.0,5908.8,17.63,169.1,Agricultural,Alluvial,884.0,1,1,1
25.59734,71.62218,7.28,27.1,38.0,220.2,0.8,220.7,Forest,Alluvial,6407.6,0,3,0
26.67612,87.24598,192.98,34.8,100.0,11690.7,18.0,111.7,Water Body,Alluvial,7435.5,1,3,1
16.39086,82.10819,68.52,27.1,74.9,5708.6,14.95,118.8,Wetland,Alluvial,9203.4,1,5,1
21.40356,86.30884,279.55,27.1,100.0,13205.2,18.0,60.3,Forest,Silt,2175.7,0,4,1
9.31298,76.35352,55.81,27.7,54.7,3302.8,6.68,96.6,Forest,Alluvial,1567.8,1,8,1
28.35152,70.65669,32.99,35.7,51.7,252.5,2.82,282.8,Forest,Alluvial,4951.7,1,0,0
11.17688,76.75516,24.79,29.3,59.9,2593.1,5.21,189.5,Agricultural,Alluvial,1312.3,0,5,0
10.36377,76.5989,172.36,31.9,81.0,5106.0,17.79,18.2,Urban,Alluvial,5378.7,1,4,1
17.10859,79.57397,94.61,31.4,88.1,4952.8,13.79,119.5,Forest,Alluvial,2046.7,0,4,1
25.22406,84.19859,14.2,35.7,48.1,3059.7,6.56,104.1,Agricultural,Alluvial,11731.7,1,3,0
26.96129,91.35935,69.96,28.3,50.7,7645.9,16.63,84.0,Urban,Sandy,3257.6,1,0,1
27.96221,73.50513,3.13,33.2,73.0,141.4,1.31,338.5,Urban,Loam,7436.9,1,4,0
21.2265,86.14649,1.95,33.9,29.5,4146.8,8.4,47.6,Forest,Loam,2389.5,0,1,0
27.58018,94.21355,275.76,31.9,100.0,19098.5,18.0,80.1,Agricultural,Loam,3016.7,1,3,1
29.29262,77.4995,21.32,32.7,45.7,2446.7,6.27,212.1,Agricultural,Loam,5348.3,1,2,0
21.16788,86.37213,96.71,30.6,54.1,6832.6,18.0,53.1,Urban,Clay,9450.5,0,0,1
26.45304,94.25317,78.2,26.6,70.9,7726.9,16.28,76.5,Forest,Silt,8742.2,0,2,1
20.58085,85.71478,175.06,31.9,100.0,7778.1,18.0,64.1,Forest,Alluvial,10839.6,0,3,1
19.43767,76.16098,117.58,32.0,80.9,735.9,4.96,475.6,Forest,Clay,10624.9,1,1,1
26.57384,71.4623,7.48,22.4,46.8,204.4,0.2,332.7,Agricultural,Clay,1726.5,1,4,0
22.2601,77.64602,9.03,23.7,37.6,1491.9,4.55,278.9,Forest,Silt,5187.9,1,2,0
22.39976,75.49519,1.41,29.6,41.4,1502.8,2.97,83.8,Forest,Silt,4154.4,0,1,0
25.57117,80.79796,20.8,24.0,53.1,5775.6,11.84,42.4,Urban,Alluvial,6663.7,1,6,1
28.53409,77.7214,9.66,28.2,36.0,2795.1,6.11,190.9,Forest,Alluvial,7764.1,1,0,0
25.547,81.75691,2.34,27.2,51.3,2112.9,4.25,35.3,Urban,Alluvial,2371.8,1,6,0
18.16269,79.99759,8.88,40.1,20.0,2505.4,5.94,125.8,Agricultural,Loam,2960.3,0,2,0
10.70197,76.33118,19.01,29.5,49.4,2289.1,4.92,155.3,Agricultural,Alluvial,10865.1,1,0,0
18.32794,80.85313,27.11,29.2,42.1,3256.2,6.57,36.0,Agricultural,Loam,5994.2,1,7,0
28.54561,77.45619,105.56,22.4,82.2,4454.9,12.89,235.6,Urban,Alluvial,11421.8,1,1,1
21.90935,75.80968,3.86,31.1,39.4,1444.8,4.16,214.9,Forest,Silt,2160.6,1,2,0
17.71855,75.40196,2.43,34.2,32.6,362.3,1.62,697.3,Urban,Sandy,9228.5,1,1,0
25.53395,95.14023,197.77,31.6,95.2,13864.7,18.0,122.9,Wetland,Alluvial,9772.1,1,1,1
26.80461,94.30336,25.93,24.0,48.1,6209.5,14.52,68.6,Agricultural,Silt,8897.7,0,2,1
23.14248,76.84301,51.81,29.9,47.5,2772.1,8.27,190.4,Urban,Clay,3625.1,0,1,1
18.83663,76.18137,16.86,42.3,75.6,449.2,1.7,764.0,Forest,Alluvial,1469.2,1,0,0
27.92985,73.59281,7.57,28.7,37.6,123.3,1.11,178.8,Water Body,Alluvial,801.0,0,1,0
25.74713,95.48144,80.69,32.4,69.7,7441.6,17.97,150.0,Forest,Alluvial,5390.9,1,4,1
11.08325,76.73692,147.72,32.9,86.9,4218.1,12.98,105.3,Urban,Clay,7657.7,0,1,1
10.1309,75.92282,45.75,34.8,79.5,2936.2,8.89,152.8,Forest,Alluvial,8117.2,0,2,1
16.54646,79.63314,85.68,30.5,71.1,5520.3,13.37,50.5,Urban,Clay,5814.8,1,4,1
27.45205,92.0757,6.65,28.3,37.2,4896.2,8.89,123.5,Urban,Sandy,10272.8,1,5,1
10.04664,76.3477,121.21,29.0,100.0,4236.9,11.0,55.6,Urban,Loam,5638.6,1,6,1
22.35036,76.26837,35.27,29.1,35.9,1984.6,3.17,174.9,Urban,Alluvial,9252.8,0,4,0
17.80796,81.76822,162.84,27.9,98.6,6508.6,18.0,106.9,Agricultural,Loam,7788.8,1,6,1
11.26336,76.78442,31.55,28.8,67.7,2350.1,6.32,56.6,Urban,Loam,5510.7,1,5,0
17.41032,81.78713,149.69,28.6,88.6,6195.8,17.8,101.9,Agricultural,Alluvial,3899.9,0,4,1
17.2234,81.46696,37.07,35.0,63.4,3863.7,9.47,88.5,Forest,Clay,3974.1,0,5,1
20.9312,85.12121,8.06,27.0,49.0,2423.9,3.57,82.9,Forest,Clay,2558.6,0,4,0
19.96315,85.38061,27.89,20.0,50.5,2845.5,7.06,32.1,Agricultural,Silt,10683.1,1,2,0
26.24598,86.32198,33.01,34.0,38.5,4232.2,11.02,79.0,Agricultural,Loam,4021.1,1,3,1
10.35955,76.61712,55.23,26.8,46.4,2761.9,7.8,57.1,Urban,Clay,7122.1,0,3,1
19.75663,77.44516,21.42,35.8,39.6,314.8,0.24,502.2,Water Body,Clay,8981.2,1,3,0
28.66842,77.61115,81.8,35.9,52.4,3230.6,10.12,229.5,Water Body,Sandy,4047.5,1,2,1
26.16419,94.4569,16.81,31.5,31.5,4946.5,10.09,82.4,Agricultural,Clay,11684.5,1,0,1
25.8157,89.80864,52.59,32.6,54.0,6738.9,14.57,50.2,Wetland,Clay,1935.8,0,3,1
26.80405,93.81359,348.51,36.9,100.0,19769.4,18.0,94.9,Agricultural,Alluvial,11880.8,1,3,1
10.38471,76.65596,471.48,30.1,100.0,11410.1,18.0,73.6,Forest,Loam,7199.9,0,5,1
17.35729,81.07806,74.53,30.5,82.0,3323.3,9.3,55.3,Water Body,Loam,5971.3,1,1,1
29.36586,76.80323,36.82,25.9,37.3,2162.1,5.09,200.9,Urban,Clay,11740.7,1,8,0
18.88847,76.31562,21.65,29.8,56.5,414.0,0.69,507.8,Forest,Clay,4440.8,0,5,0
21.29522,85.95661,89.24,33.2,84.3,5938.0,15.1,26.0,Urban,Alluvial,11407.8,0,1,1
20.74536,86.29631,48.7,26.2,66.8,5680.4,13.13,40.1,Urban,Loam,10207.2,1,1,1
9.34911,76.03147,42.34,26.6,67.0,2979.4,8.15,178.2,Agricultural,Clay,2460.9,0,4,1
21.02735,86.69088,143.06,33.1,100.0,7758.0,18.0,77.3,Urban,Clay,5181.0,1,4,1
28.60346,77.56982,0.76,28.0,42.3,2302.9,4.48,217.9,Forest,Clay,11863.9,0,1,0
29.33792,77.67513,1.24,31.4,20.0,1218.9,2.12,225.2,Agricultural,Clay,3589.7,1,2,0
9.81117,76.54721,81.71,22.6,62.7,3659.1,8.3,192.9,Wetland,Alluvial,3085.0,1,3,1
20.369,86.38915,42.18,29.7,64.1,3187.6,7.14,67.3,Urban,Loam,6816.7,1,3,1
27.712,73.84088,7.93,31.7,60.6,201.5,0.33,304.6,Forest,Alluvial,683.4,0,2,0
26.48231,72.41791,8.04,26.8,44.8,145.0,1.42,155.3,Urban,Alluvial,7333.5,0,0,0
17.15055,82.05743,17.88,30.2,55.0,3162.9,6.61,58.6,Water Body,Alluvial,4841.6,0,3,0
27.37197,73.13382,9.73,23.6,66.9,153.7,1.17,157.0,Urban,Loam,7420.6,1,1,0
18.4568,80.97841,196.57,26.6,100.0,8239.1,18.0,63.6,Urban,Alluvial,11295.0,1,5,1
25.21995,83.54039,33.98,25.3,58.1,3579.1,9.55,85.9,Agricultural,Clay,1094.8,1,4,1
26.49223,82.32582,123.86,29.4,80.6,8332.9,18.0,94.6,Urban,Clay,6402.5,1,2,1
17.94083,80.76595,32.88,31.4,61.4,3735.9,8.93,153.5,Agricultural,Clay,9275.7,0,0,1
9.8438,76.80884,0.47,27.0,43.8,1214.8,2.77,199.1,Wetland,Silt,7306.6,0,4,0
28.32289,77.71194,38.83,27.2,60.7,2262.4,4.29,191.8,Forest,Alluvial,8541.3,1,5,0
11.46217,76.25116,4.43,25.9,51.5,1621.3,4.14,72.2,Urban,Clay,10910.3,0,1,0
10.04501,76.08167,44.37,24.1,57.1,1805.6,5.16,74.2,Wetland,Clay,1560.1,1,7,0
26.22742,84.75642,76.95,29.2,71.2,7308.0,15.69,77.4,Forest,Alluvial,7740.2,1,6,1
28.76699,77.64847,81.59,28.6,61.7,3761.5,10.52,208.3,Agricultural,Alluvial,9060.1,0,5,1
21.80032,76.33382,78.64,34.4,71.5,3665.8,10.09,146.2,Water Body,Loam,7059.2,1,1,1
10.00478,76.55529,10.0,24.1,34.7,2575.0,4.73,125.8,Urban,Clay,7496.1,0,0,0
26.52297,92.11787,145.14,31.3,80.5,10595.3,18.0,41.1,Agricultural,Loam,9312.7,1,4,1
28.9954,77.36045,5.25,23.5,64.1,1494.7,2.84,209.6,Urban,Loam,5960.6,0,0,0
25.9151,80.6654,15.72,24.0,44.8,3716.2,7.36,46.3,Wetland,Alluvial,5310.2,1,1,0
25.17666,84.2983,60.54,27.3,45.4,5569.5,13.47,104.1,Agricultural,Sandy,4811.5,0,3,1
26.74309,88.03636,65.37,26.3,73.0,5332.8,12.83,70.2,Forest,Loam,1176.1,1,2,1
18.2704,81.63543,22.2,23.1,39.8,3723.3,6.61,152.8,Water Body,Clay,8481.6,0,7,0
29.00223,76.93469,37.7,32.3,49.4,3230.7,7.36,237.2,Agricultural,Silt,10541.8,1,0,0
21.53083,76.7177,229.71,43.2,100.0,5694.2,18.0,202.8,Forest,Silt,10488.5,0,4,1
18.49017,81.79349,36.93,27.8,53.3,4534.8,10.2,61.0,Forest,Loam,2078.1,1,5,1
10.79609,76.1738,269.32,37.8,100.0,7693.2,18.0,200.0,Water Body,Alluvial,6134.4,1,1,1
10.43035,76.40228,256.68,29.7,100.0,7219.0,18.0,72.7,Forest,Clay,3633.3,1,2,1
25.00133,83.88206,150.35,25.7,86.6,10005.5,18.0,110.5,Agricultural,Clay,10382.7,1,1,1
11.01233,76.20953,53.06,25.0,73.3,3202.8,9.02,38.6,Forest,Sandy,10763.6,1,1,1
15.70375,75.80597,4.68,26.1,67.2,462.8,1.18,739.4,Water Body,Alluvial,1064.4,1,3,0
20.67861,85.85471,73.69,30.6,88.9,7254.5,18.0,64.1,Urban,Clay,10549.7,0,2,1
27.38658,70.98434,3.15,27.4,20.0,166.3,0.98,242.4,Urban,Silt,6206.3,0,2,0
25.14443,73.10828,19.79,23.4,33.0,148.1,0.6,240.2,Forest,Loam,10004.0,0,2,0
26.57533,84.06458,207.01,26.0,79.1,9955.9,18.0,110.7,Urban,Alluvial,10191.6,1,5,1
16.75675,79.76218,43.14,30.5,57.7,3362.8,8.05,144.7,Agricultural,Alluvial,2130.2,1,7,1
22.7441,77.15743,2.9,30.7,56.1,1997.3,3.47,83.3,Forest,Clay,9885.6,0,2,0
17.92967,80.23861,12.61,31.0,41.4,3125.7,7.27,22.7,Forest,Loam,9438.5,0,2,0
17.57189,81.83519,58.88,30.4,60.8,4404.3,11.82,88.4,Forest,Alluvial,8923.1,1,0,1
20.02775,85.33542,134.37,26.3,82.6,8127.1,18.0,25.4,Urban,Alluvial,10616.0,0,2,1
28.30674,77.5406,11.34,26.4,42.9,2201.0,4.96,206.7,Urban,Clay,7210.1,1,0,0
24.86448,83.34294,27.29,21.5,58.1,4534.2,9.5,113.9,Agricultural,Alluvial,7640.4,1,0,1
9.78834,75.91621,191.02,29.0,100.0,4527.6,17.06,63.5,Urban,Alluvial,7608.2,1,4,1
28.57385,76.91681,29.97,27.8,52.2,2785.1,5.9,211.5,Water Body,Alluvial,8429.7,1,1,0
16.25777,79.63399,42.24,25.8,53.8,3127.3,7.01,26.1,Agricultural,Loam,8486.0,0,4,1
26.82841,71.0822,15.6,36.5,40.8,192.5,0.36,196.6,Agricultural,Loam,6868.6,1,1,0
18.28421,81.26236,92.62,21.0,72.1,4426.7,11.95,148.8,Water Body,Loam,6804.6,1,2,1
26.44125,71.77437,14.27,21.7,50.6,140.2,0.2,268.6,Urban,Silt,6332.4,1,1,0
21.37442,85.01426,46.7,35.4,36.6,5987.8,12.74,39.2,Agricultural,Alluvial,11403.4,0,3,1
18.02024,80.45749,28.88,24.7,67.0,3897.9,8.62,56.5,Urban,Alluvial,5818.3,0,7,1
16.85815,75.86918,102.82,21.4,100.0,840.7,5.15,668.2,Forest,Alluvial,10987.2,1,1,0
18.43112,80.74659,41.28,32.3,43.2,4321.3,9.4,22.1,Agricultural,Loam,6797.8,0,2,1
11.06319,76.48737,55.85,27.1,61.7,3051.7,9.19,157.7,Agricultural,Silt,6169.4,1,8,1
16.68345,77.00182,8.66,32.0,40.1,592.1,0.85,748.1,Agricultural,Loam,2413.8,1,8,0
14.63325,76.00072,41.28,30.7,75.4,612.0,2.77,502.4,Urban,Clay,10178.1,0,7,0
9.33098,75.97253,8.8,30.5,38.4,2639.9,5.59,46.6,Urban,Silt,1347.0,0,4,0
22.55259,74.97578,9.76,34.5,41.8,1961.0,4.36,278.9,Urban,Clay,11350.3,1,3,0
20.51462,84.53372,1.99,41.1,35.0,2725.4,6.15,73.2,Forest,Loam,5124.9,0,0,0
17.87089,80.52822,34.09,33.9,56.9,4047.5,10.8,129.3,Forest,Alluvial,1210.8,1,0,1
29.01003,77.32977,52.11,31.0,61.1,3253.9,8.48,226.1,Wetland,Alluvial,615.1,1,1,1
28.39734,70.6978,11.26,32.2,51.1,220.2,0.2,203.9,Forest,Alluvial,3929.0,0,6,0
28.21928,77.12502,282.73,29.7,100.0,8718.9,18.0,209.6,Urban,Loam,2617.8,1,4,1
16.80708,81.70385,60.74,20.2,45.4,4957.1,12.93,94.3,Agricultural,Alluvial,1923.4,0,5,1
27.32285,71.69566,17.26,26.6,58.9,220.0,0.32,248.0,Forest,Clay,5275.0,1,0,0
26.17541,82.18223,125.8,31.5,87.4,8177.2,18.0,99.7,Agricultural,Loam,6447.6,0,0,1
15.20874,76.32921,95.35,33.9,67.6,708.9,4.12,550.9,Urban,Alluvial,10246.9,1,2,0
20.83143,86.54576,200.9,36.5,99.4,8760.2,18.0,67.1,Agricultural,Sandy,5471.0,0,0,1
22.84482,74.35118,6.61,31.1,43.6,1841.6,3.66,154.7,Forest,Clay,4331.9,1,1,0
29.27931,77.18551,12.72,21.9,64.6,1413.5,2.15,190.1,Urban,Alluvial,1130.1,0,0,0
9.46267,76.08764,14.29,28.8,55.6,2209.6,4.56,134.8,Agricultural,Clay,5894.3,1,5,0
15.37182,74.98402,47.35,33.1,60.2,708.7,3.9,740.4,Water Body,Alluvial,1034.9,0,2,0
22.14031,75.33502,78.69,22.4,76.0,2562.9,8.54,55.4,Urban,Loam,9785.7,1,4,1
16.87043,76.78903,17.1,19.5,26.9,362.1,1.33,462.7,Wetland,Loam,1384.3,0,1,0
26.73385,90.6311,191.58,22.7,100.0,12821.3,18.0,147.1,Agricultural,Clay,956.0,0,2,1
28.26666,77.58596,11.68,26.3,55.7,3082.2,5.5,208.4,Wetland,Clay,9804.3,1,0,0
9.43083,76.65367,12.05,31.1,20.0,2606.2,6.18,117.7,Urban,Clay,2269.0,1,3,0
17.37375,81.76957,128.61,26.0,74.0,6632.4,15.41,134.1,Agricultural,Clay,8369.7,1,0,1
9.38842,76.6933,249.79,30.1,100.0,6860.0,18.0,59.1,Agricultural,Alluvial,11200.1,0,1,1
10.50316,76.0946,178.63,34.7,94.6,6083.8,18.0,189.3,Agricultural,Alluvial,3341.5,0,2,1
19.88957,85.39112,49.47,27.3,27.4,3638.2,9.61,39.8,Forest,Alluvial,1151.6,1,1,1
20.40731,85.26445,35.08,25.3,63.0,5151.6,11.69,34.1,Urban,Loam,6334.8,0,0,1
22.71991,78.22677,82.4,27.7,69.0,3035.8,9.49,140.1,Agricultural,Loam,9554.5,0,3,1
19.20058,76.69349,41.74,30.8,57.2,567.9,3.61,780.1,Agricultural,Alluvial,750.9,1,3,0
11.34757,76.85475,112.1,31.8,90.4,4166.6,12.85,93.7,Agricultural,Clay,1250.0,0,1,1
9.9429,76.72037,44.91,25.4,62.2,2537.7,7.85,199.9,Forest,Alluvial,10279.2,0,6,1
21.06465,85.13734,188.63,29.8,85.0,8928.0,18.0,63.0,Agricultural,Clay,7614.0,1,3,1
18.87156,76.44078,27.69,35.2,56.3,575.7,2.25,461.3,Agricultural,Clay,843.6,1,1,0
22.55246,77.13784,46.29,26.6,81.6,2276.9,6.16,132.9,Wetland,Clay,2780.7,1,1,0
25.07122,84.81581,19.05,23.9,39.7,5011.1,10.14,98.7,Agricultural,Loam,6123.1,1,6,1
26.10236,85.4055,124.42,28.6,85.4,7586.3,18.0,89.0,Urban,Clay,9572.0,0,3,1
17.75143,80.692,23.15,23.6,50.8,3461.2,9.1,86.0,Water Body,Sandy,10846.8,1,1,1
17.95844,76.72231,123.79,30.1,72.8,1138.2,7.07,506.4,Agricultural,Alluvial,11952.7,1,2,1
10.59829,76.43162,192.25,32.2,97.1,6214.7,18.0,81.6,Forest,Alluvial,11237.4,1,1,1
27.68657,90.21766,74.15,33.8,57.0,7179.6,16.0,99.4,Forest,Clay,1978.7,1,4,1
27.13264,73.00395,16.39,29.8,29.2,196.7,1.13,249.9,Forest,Alluvial,5837.0,1,1,0
26.72672,80.87628,138.73,27.6,91.4,7867.8,18.0,78.6,Agricultural,Loam,6313.1,1,1,1
17.82135,80.34828,102.2,32.3,66.0,5921.5,14.58,47.5,Water Body,Alluvial,1189.2,1,3,1
29.247,77.15081,28.73,27.7,47.1,2290.4,5.24,200.9,Agricultural,Alluvial,5403.4,1,2,0
18.37816,81.50471,15.88,25.1,41.5,1410.3,4.55,139.1,Agricultural,Alluvial,11204.2,1,1,0
26.37512,91.51573,56.84,32.9,63.2,9092.8,18.0,75.3,Agricultural,Alluvial,1994.0,0,0,1
22.09185,77.41809,46.29,32.3,52.5,2489.4,6.25,128.6,Urban,Loam,2273.3,1,4,0
26.15327,94.31614,47.11,38.5,66.2,4585.0,9.88,127.3,Water Body,Alluvial,9621.2,0,4,1
22.52915,76.16759,42.64,29.9,53.8,1496.3,3.8,129.7,Forest,Loam,8101.9,1,0,0
27.22414,93.77714,132.17,26.6,73.1,9604.8,18.0,127.4,Urban,Silt,4251.4,1,5,1
25.736,70.99171,2.5,33.5,70.3,227.8,1.17,298.1,Water Body,Alluvial,6840.8,0,1,0
17.7428,74.95171,45.02,24.6,34.5,753.2,3.76,695.9,Agricultural,Loam,9779.3,1,2,0
26.01526,70.64419,24.92,19.4,38.6,172.0,0.24,256.3,Agricultural,Sandy,753.4,0,0,0
27.52095,73.42932,0.04,30.6,20.0,63.3,0.53,216.5,Wetland,Clay,2013.0,0,0,0
25.13299,72.15467,5.32,28.8,34.2,139.3,0.87,252.1,Agricultural,Clay,4448.5,1,8,0
10.12485,76.11067,53.68,23.2,48.4,3181.8,9.06,130.8,Forest,Clay,10137.9,0,1,1
21.3645,84.8286,16.2,35.1,45.5,3185.5,6.56,29.9,Agricultural,Sandy,528.3,1,3,0
27.21624,90.22424,9.02,25.9,45.5,4789.5,9.69,90.8,Wetland,Loam,446.7,0,0,1
27.07663,94.13074,264.86,33.3,100.0,16742.4,18.0,128.5,Wetland,Sandy,10812.2,0,1,1
24.93256,86.98159,78.78,28.2,54.0,7723.5,18.0,54.4,Agricultural,Alluvial,5049.3,0,6,1
18.2941,80.33542,21.96,27.0,42.0,3431.2,7.96,121.9,Wetland,Alluvial,1491.9,0,3,0
26.07828,84.97806,56.27,39.2,55.2,6093.7,13.41,104.6,Urban,Alluvial,9858.8,0,2,1
17.63089,81.03126,265.03,20.6,100.0,9268.4,18.0,59.8,Wetland,Alluvial,3229.1,1,1,1
18.03841,74.84378,15.63,34.2,69.7,527.3,1.34,782.2,Urban,Loam,4585.6,0,2,0
18.19831,81.64814,117.46,30.4,95.9,5052.5,13.47,157.1,Urban,Alluvial,5070.7,1,3,1
23.00981,78.28676,5.32,31.7,64.7,1873.7,3.85,233.8,Urban,Loam,4404.4,1,4,0
17.47718,79.75884,75.39,28.5,65.4,4407.5,11.67,99.1,Agricultural,Clay,2582.0,1,2,1
29.39626,77.69593,9.58,24.4,53.6,2733.9,5.22,227.1,Wetland,Alluvial,2302.1,0,7,0
27.16764,94.53054,92.17,25.1,81.3,9366.2,18.0,116.2,Water Body,Sandy,11622.4,1,1,1
26.12281,72.2668,12.93,25.9,42.6,151.4,0.56,301.0,Urban,Alluvial,5635.3,1,4,0
20.70174,85.88585,52.08,27.6,66.6,6420.1,14.15,81.8,Water Body,Loam,2203.3,0,0,1
9.50669,76.03593,5.81,33.1,60.1,1948.4,4.56,11.6,Agricultural,Alluvial,2166.1,1,1,0
10.84284,76.48886,67.95,25.3,66.4,3242.0,7.51,28.9,Agricultural,Alluvial,9211.8,1,5,1
23.18769,77.44602,10.18,20.8,22.9,1673.8,3.8,143.0,Agricultural,Silt,7866.0,0,1,0
25.07946,81.1519,11.31,36.3,38.6,3887.7,8.89,93.3,Wetland,Loam,10683.3,0,0,0
27.04202,92.40439,67.03,28.4,71.8,7435.1,17.98,59.0,Forest,Loam,9224.6,1,7,1
22.55723,74.46249,35.64,25.5,47.8,3307.6,5.41,121.3,Urban,Alluvial,740.4,0,2,0
22.29015,74.46927,13.88,24.5,33.0,2071.5,5.89,166.2,Forest,Silt,7495.4,0,5,0
26.56468,87.67555,64.86,26.2,60.4,5133.6,11.65,42.6,Forest,Alluvial,6847.0,1,4,1
27.37236,73.16695,3.81,29.1,40.4,192.2,0.51,186.1,Agricultural,Loam,1596.6,1,6,0
29.37245,76.89056,2.05,26.2,37.8,2270.9,6.06,238.5,Urban,Clay,4112.6,0,3,0
25.77012,81.28644,202.37,25.3,94.8,11888.3,18.0,92.3,Urban,Clay,6568.4,0,0,1
17.87696,75.65367,31.96,26.1,57.3,609.2,1.67,493.3,Wetland,Silt,8336.2,1,1,0
25.57032,88.27547,4.39,25.3,41.6,3447.5,8.03,109.4,Water Body,Alluvial,8914.4,0,1,0
20.94504,85.86866,21.8,33.2,39.9,4794.8,10.34,30.0,Urban,Alluvial,6103.6,1,3,1
9.29292,76.13065,30.26,32.5,53.2,1097.0,2.69,184.7,Urban,Sandy,2449.4,1,1,0
29.34921,77.44332,238.29,32.5,100.0,7078.0,18.0,190.5,Agricultural,Clay,2467.6,1,9,1
28.65029,77.50565,174.25,34.5,92.5,6516.4,18.0,201.9,Urban,Alluvial,1477.5,1,2,1
15.55586,76.48195,39.27,33.6,62.2,669.4,3.51,681.5,Agricultural,Sandy,7810.0,1,5,0
25.03101,82.42082,111.87,31.7,81.1,8234.5,18.0,102.7,Water Body,Clay,4473.1,1,4,1
23.10667,74.25316,256.07,36.6,100.0,6566.1,18.0,142.0,Forest,Alluvial,6279.4,1,5,1
25.91573,81.87095,60.12,25.5,43.4,5028.4,11.82,53.2,Urban,Alluvial,6451.3,1,3,1
15.26587,75.07376,2.63,28.5,37.4,364.2,1.14,640.4,Agricultural,Clay,10561.3,1,2,0
25.3554,81.96691,22.97,24.3,57.5,4986.7,11.0,67.1,Agricultural,Loam,10347.5,1,2,1
18.32319,82.07307,63.16,32.2,58.0,3069.2,8.17,116.1,Wetland,Loam,5790.0,0,0,1
21.90256,74.92519,45.02,30.8,47.3,2291.7,5.67,282.7,Forest,Clay,8799.1,1,2,0
17.19932,79.60013,212.78,21.2,93.3,8101.3,18.0,128.9,Agricultural,Silt,9110.0,1,5,1
21.76474,75.29954,10.43,20.6,40.5,1846.2,2.77,280.1,Urban,Loam,4702.3,1,3,0
22.91475,76.50003,7.29,20.2,31.5,1275.5,2.93,241.2,Agricultural,Alluvial,838.7,0,4,0
20.86055,85.43321,66.85,24.0,57.9,5340.9,14.07,68.9,Wetland,Silt,5272.2,1,2,1
20.84181,86.51791,22.23,31.1,60.6,4590.7,9.75,41.5,Forest,Clay,5208.8,1,5,1
18.95355,77.06188,0.77,27.0,30.1,393.4,0.61,719.8,Water Body,Alluvial,11721.6,1,7,0
16.39813,75.67086,1.16,27.8,20.0,431.2,0.67,562.2,Urban,Sandy,1263.4,1,1,0
26.69905,89.90435,309.78,24.6,100.0,19432.1,18.0,71.1,Agricultural,Alluvial,9629.0,1,1,1
20.2213,85.65438,6.08,38.1,46.6,3520.8,8.6,47.1,Water Body,Loam,2650.1,0,0,0
18.27427,76.23224,26.35,25.9,30.6,423.2,1.9,660.3,Water Body,Alluvial,8041.5,1,2,0
16.30998,81.01664,101.8,24.2,72.6,5757.0,15.15,120.6,Urban,Alluvial,4218.7,1,2,1
23.17872,73.73332,80.8,40.2,60.7,3289.1,9.92,183.8,Urban,Loam,4755.0,0,1,1
23.08594,76.31679,118.74,28.5,57.7,4374.6,13.64,307.9,Wetland,Sandy,2560.7,1,5,1
20.37481,85.00068,39.16,41.0,55.2,3549.8,7.3,29.9,Urban,Alluvial,10923.3,0,0,1
28.00198,72.8556,3.64,29.3,30.1,154.7,0.21,289.9,Urban,Alluvial,10501.1,1,3,0
26.52366,94.74867,173.73,36.1,90.9,12503.4,18.0,92.3,Wetland,Silt,4418.4,0,1,1
21.86662,74.90114,67.96,30.8,40.4,3296.7,9.25,72.5,Agricultural,Alluvial,10243.0,0,5,1
18.29739,80.80444,49.78,27.7,69.1,4087.5,8.83,47.2,Water Body,Alluvial,880.3,0,1,1
22.22874,76.98875,60.75,33.7,50.5,3378.4,8.96,241.8,Agricultural,Alluvial,7762.0,0,7,1
27.37744,70.89024,12.65,32.3,31.3,147.6,1.37,243.1,Urban,Silt,460.3,0,2,0
29.49618,77.17082,31.98,25.1,57.3,3494.6,7.96,237.4,Agricultural,Alluvial,6463.5,0,1,0
19.96265,86.81908,113.01,28.2,59.6,6579.7,17.42,67.1,Agricultural,Alluvial,2904.5,0,4,1
23.01255,76.84945,42.53,24.9,59.3,1846.4,7.14,121.8,Agricultural,Loam,7780.1,1,2,0
17.52123,76.34445,2.35,33.4,41.5,468.4,0.2,535.6,Urban,Clay,5976.0,0,3,0
29.20231,77.47339,11.26,34.5,57.0,2590.1,5.08,225.3,Urban,Alluvial,1308.6,1,0,0
27.19302,74.44937,4.39,31.4,34.6,173.5,0.2,291.5,Urban,Loam,9481.6,1,7,0
26.13162,93.44285,62.83,30.9,63.7,7731.9,18.0,87.3,Agricultural,Clay,9530.7,0,3,1
26.81208,72.84373,20.49,28.5,48.3,189.2,1.1,257.5,Agricultural,Loam,10391.9,1,0,0
22.96689,76.8355,117.94,31.7,90.2,4237.6,12.4,220.6,Water Body,Sandy,3259.8,1,0,1
26.67694,94.42333,152.31,31.5,100.0,11878.7,18.0,139.2,Forest,Silt,6262.7,1,3,1
10.69331,76.86128,3.77,28.0,28.7,1660.8,2.92,35.3,Water Body,Alluvial,5234.8,1,1,0
16.67186,80.11243,15.85,31.4,41.2,3240.2,5.43,95.8,Urban,Loam,4859.6,0,1,0
28.01467,71.46093,21.58,26.3,45.7,165.6,1.9,280.2,Water Body,Clay,4566.9,1,4,0
28.17006,70.76879,2.04,27.9,37.5,209.1,0.4,207.5,Water Body,Clay,2229.9,0,2,0
26.28839,85.16225,45.07,38.8,69.2,5524.5,13.07,34.3,Forest,Alluvial,7190.3,0,1,1
25.90359,83.14918,83.1,23.4,63.2,7725.0,18.0,53.2,Water Body,Clay,3641.5,1,1,1
25.25694,85.5334,65.99,30.0,62.9,6522.3,15.77,105.7,Agricultural,Loam,4134.5,0,1,1
27.74541,92.74516,164.18,26.8,100.0,12625.5,18.0,64.0,Urban,Silt,7126.6,1,0,1
19.20069,75.72221,35.16,38.0,51.5,479.1,3.43,656.0,Urban,Clay,1815.1,0,1,0
17.96719,81.1417,45.16,30.9,37.4,4391.4,11.53,152.2,Agricultural,Silt,11668.9,1,0,1
22.44631,77.44168,188.75,34.0,95.6,6281.7,18.0,145.1,Urban,Loam,6937.0,1,1,1
27.06866,87.55616,122.09,33.3,78.5,7333.5,18.0,65.2,Agricultural,Alluvial,7208.3,1,2,1
28.22031,71.31608,14.77,34.9,49.1,160.3,0.4,324.0,Urban,Silt,1546.1,1,0,0
10.61247,76.42186,41.91,32.0,47.2,2124.6,4.26,42.5,Forest,Alluvial,4782.6,1,4,0
25.17872,85.17812,206.77,21.8,100.0,11870.8,18.0,101.0,Agricultural,Loam,2247.2,0,7,1
11.01514,76.7038,182.73,25.5,98.9,6627.0,18.0,20.6,Agricultural,Loam,8684.9,0,3,1
26.57068,70.9002,2.31,31.1,44.2,173.3,0.2,239.9,Urban,Clay,7656.2,1,0,0
25.47503,86.33437,33.91,23.9,57.1,4445.4,10.74,101.6,Urban,Sandy,5300.8,1,5,1
21.32949,85.80368,7.46,30.5,51.5,4016.7,7.56,27.2,Forest,Loam,10749.2,0,7,0
19.76025,77.42611,4.28,34.4,40.0,215.3,0.2,590.0,Forest,Loam,11636.9,1,7,0
29.32427,77.15093,182.25,35.4,100.0,6144.5,18.0,230.5,Agricultural,Silt,8204.7,1,3,1
28.72582,76.89339,184.2,26.3,95.5,6042.3,17.89,227.3,Agricultural,Alluvial,4868.0,1,4,1
26.60783,74.13589,15.66,39.8,73.0,143.4,3.37,286.0,Agricultural,Loam,4897.1,0,0,0
23.16461,75.27412,88.21,22.4,67.7,3130.0,8.53,129.5,Urban,Sandy,5390.9,0,1,1
20.06397,85.93608,13.54,23.3,46.5,2420.3,5.34,38.0,Wetland,Loam,9161.3,1,3,0
20.79771,84.53015,2.48,18.3,37.1,3022.8,5.27,39.2,Agricultural,Clay,2398.8,1,0,0
23.07775,78.0698,4.82,24.8,31.5,1954.5,4.22,308.1,Urban,Alluvial,5899.9,0,2,0
22.13551,75.22689,25.43,23.7,34.9,1937.4,5.55,237.2,Urban,Clay,3627.6,1,2,0
18.45764,80.16621,68.16,18.5,52.6,4325.2,11.79,142.1,Agricultural,Clay,3600.1,0,0,1
26.73127,73.14528,23.75,31.9,40.6,115.3,0.8,212.9,Agricultural,Clay,11187.8,0,6,0
9.59102,76.78401,311.76,23.1,100.0,7660.0,18.0,53.9,Forest,Loam,8685.8,0,7,1
25.27146,70.76694,22.76,24.1,59.4,197.3,0.2,297.6,Urban,Clay,7692.8,0,2,0
22.78166,77.77536,187.52,34.2,96.3,4795.2,14.86,165.5,Forest,Alluvial,2845.5,0,1,1
16.8947,76.65946,14.73,31.2,48.7,333.9,1.29,791.9,Water Body,Clay,9198.7,1,0,0
20.284,86.51407,8.27,33.7,20.0,2885.2,4.26,56.9,Water Body,Silt,6204.7,1,3,0
16.37989,79.98196,15.54,30.3,34.2,2676.6,6.01,122.5,Forest,Loam,5006.0,1,0,0
9.20112,76.54163,233.8,33.2,100.0,6393.2,18.0,182.7,Wetland,Sandy,8278.2,0,0,1
22.99712,75.07701,8.39,33.3,26.6,1627.0,2.91,301.5,Agricultural,Loam,1797.7,1,0,0
25.46435,85.57953,194.49,33.2,100.0,11951.7,18.0,77.1,Urban,Silt,7974.5,0,6,1
29.22761,77.3982,30.98,21.6,51.6,3124.3,7.79,204.4,Wetland,Clay,10500.9,1,5,0
15.79279,75.53524,42.35,38.8,41.3,636.6,3.04,648.4,Forest,Loam,11856.1,1,4,0
26.20867,85.92629,173.21,33.5,100.0,10029.3,18.0,84.4,Agricultural,Loam,8059.0,1,1,1
17.79129,77.1385,25.47,23.1,76.6,284.9,0.25,761.9,Forest,Loam,6371.2,1,2,0
21.08084,85.80911,13.2,28.1,38.5,4070.1,8.78,28.9,Agricultural,Clay,5838.2,0,4,1
17.66878,79.84921,27.91,24.3,48.3,2761.5,7.62,135.9,Forest,Clay,966.9,1,3,0
25.96357,93.35876,61.67,25.5,60.2,9116.6,18.0,70.3,Wetland,Sandy,3411.9,1,2,1
27.13139,87.19289,69.13,26.2,65.7,6223.9,14.33,58.1,Forest,Alluvial,10539.9,1,2,1
20.09913,86.56495,118.11,28.3,83.0,7796.5,18.0,62.5,Wetland,Loam,11440.3,1,5,1
29.3227,77.45307,43.98,29.2,44.9,2421.3,6.77,200.5,Wetland,Alluvial,7560.6,0,6,0
17.67841,80.6573,5.6,30.5,33.5,2209.8,4.11,87.8,Forest,Alluvial,3128.7,1,4,0
27.64158,94.52171,0.52,24.2,49.0,4560.9,9.54,129.2,Agricultural,Clay,6626.1,1,3,0
9.50355,76.8732,77.44,29.5,58.8,3180.0,10.68,107.5,Water Body,Loam,848.0,1,9,1
27.24402,94.33692,43.23,21.3,53.0,4973.7,11.52,53.7,Urban,Alluvial,3827.9,1,2,1
22.46973,73.85659,9.56,24.6,31.5,2249.5,4.78,228.8,Agricultural,Alluvial,2358.1,0,1,0
24.92633,86.1866,1.0,31.9,51.8,3277.2,6.4,48.2,Agricultural,Alluvial,11217.0,1,7,0
28.51064,77.62695,55.32,35.1,67.9,3403.4,8.26,202.5,Agricultural,Silt,826.3,0,1,1
28.56246,77.68421,20.1,33.5,50.2,1377.8,3.64,233.8,Forest,Alluvial,2276.1,1,0,0
27.71804,94.91008,190.06,27.8,83.8,14248.3,18.0,48.9,Urban,Clay,10265.4,1,2,1
25.30391,81.13628,50.58,22.0,69.6,5465.1,11.85,68.9,Agricultural,Clay,9282.5,1,0,1
25.36114,80.63132,23.84,29.6,57.3,4580.9,9.94,110.1,Urban,Alluvial,1626.1,0,1,1
18.07872,75.99795,9.34,30.7,30.1,470.3,1.11,797.9,Agricultural,Alluvial,2042.9,1,2,0
28.61993,76.87837,37.57,23.8,41.7,3039.6,8.23,229.2,Urban,Clay,11340.9,1,0,0
26.0641,94.64565,39.35,21.8,37.3,7417.2,14.98,109.2,Urban,Alluvial,1388.7,0,0,1
26.35035,81.79964,6.02,31.9,31.6,4372.8,10.97,33.2,Water Body,Silt,5257.7,0,4,1
20.27269,85.68328,108.03,24.1,60.9,5741.8,16.42,22.0,Urban,Alluvial,8798.9,1,1,1
17.7798,81.64554,142.04,30.5,100.0,5832.8,15.31,27.8,Wetland,Silt,7655.4,1,1,1
29.18201,77.18226,16.67,31.9,38.3,3582.4,9.29,230.8,Agricultural,Alluvial,4454.9,1,1,0
28.92415,77.74281,40.51,26.3,60.4,3068.7,8.44,202.3,Wetland,Alluvial,8379.9,1,4,1
25.49255,83.20413,95.54,23.2,74.7,7173.4,17.38,59.2,Agricultural,Clay,7139.3,1,1,1
10.19224,76.89015,66.63,29.9,57.6,4014.3,9.3,10.5,Urban,Clay,4493.6,1,0,1
10.51276,76.82406,61.6,28.6,41.5,4345.9,11.78,92.1,Urban,Sandy,8560.6,0,1,1
26.33124,72.72545,3.48,37.1,29.7,180.9,0.2,174.1,Agricultural,Silt,11108.0,0,2,0
17.8234,81.74704,32.85,26.1,39.7,2867.8,6.46,82.3,Agricultural,Silt,4174.5,0,2,0
18.40302,81.20587,64.35,32.0,61.7,4945.9,10.59,67.6,Water Body,Sandy,9670.3,1,2,1
22.27482,75.34551,97.55,26.4,92.7,3022.3,9.48,312.1,Wetland,Sandy,10625.3,0,1,1
17.82411,77.02939,7.73,21.0,51.3,384.7,1.62,644.7,Agricultural,Silt,11910.5,1,1,0
18.72596,76.43355,4.32,27.9,49.6,463.3,1.32,671.8,Agricultural,Clay,848.5,0,1,0
19.85419,84.89356,324.85,28.3,100.0,14118.8,18.0,79.5,Forest,Clay,3170.6,1,4,1
22.08071,74.10462,5.16,26.9,61.8,1761.2,3.47,242.6,Forest,Silt,8353.3,1,5,0
21.56139,77.66681,97.3,23.7,78.6,3421.1,11.37,91.2,Forest,Silt,3419.5,0,9,1
14.70905,75.60946,78.29,28.9,70.2,766.7,5.27,670.7,Forest,Loam,6748.9,1,3,0
21.46443,86.41663,262.96,29.0,100.0,10352.1,18.0,39.0,Urban,Loam,5257.6,1,3,1
22.56169,76.7635,177.74,27.0,96.8,4513.2,16.44,94.3,Urban,Sandy,1271.6,0,6,1
15.54256,77.01224,95.63,27.3,79.4,700.4,4.46,777.9,Urban,Alluvial,7836.6,1,6,0
20.52402,86.14136,33.34,35.1,51.8,3697.4,6.96,27.8,Wetland,Alluvial,7569.6,0,2,0
27.24008,93.40575,79.75,31.2,69.1,9141.2,18.0,40.5,Agricultural,Alluvial,5360.4,0,0,1
16.70242,75.982,15.98,31.3,29.9,441.9,1.66,781.4,Agricultural,Clay,11852.2,1,3,0
26.61957,82.25897,105.09,24.5,90.7,8156.7,18.0,59.5,Forest,Alluvial,10896.6,1,2,1
29.46313,77.51719,19.84,31.1,27.8,2166.8,5.69,229.6,Agricultural,Alluvial,3906.2,1,0,0
22.31152,73.67603,3.31,40.8,38.3,1167.1,2.4,64.2,Urban,Alluvial,7363.9,1,3,0
18.29579,80.60957,11.84,37.6,20.0,3293.2,8.04,142.9,Agricultural,Alluvial,11686.3,0,0,0
26.25195,90.5288,106.19,34.9,89.1,11339.7,18.0,117.9,Urban,Loam,10964.6,0,4,1
17.69484,80.67801,0.63,34.4,39.4,2905.5,7.06,70.8,Agricultural,Loam,8997.5,0,0,0
25.49452,72.90229,20.78,22.3,43.4,234.0,0.65,312.3,Wetland,Clay,2663.4,0,7,0
23.12783,77.84952,72.06,27.8,57.5,3087.2,8.57,213.6,Forest,Alluvial,7743.9,0,0,1
28.43624,77.67206,13.57,29.8,26.1,2402.0,3.45,234.9,Urban,Alluvial,5826.7,0,3,0
28.24117,77.41222,40.52,24.0,45.5,3678.2,8.43,230.8,Wetland,Sandy,6874.7,1,1,1
15.50044,77.24051,39.64,31.8,37.8,485.6,1.96,454.9,Urban,Clay,11068.1,0,0,0
26.31201,72.36051,4.26,29.7,32.9,170.0,1.2,245.6,Agricultural,Sandy,9060.5,0,2,0
14.60237,74.9727,0.88,23.7,54.2,435.7,1.14,750.8,Wetland,Alluvial,5305.0,1,6,0
16.36474,80.04476,74.28,26.8,68.6,5006.4,13.44,99.3,Agricultural,Clay,9305.8,0,7,1
23.07759,78.18312,29.47,28.8,45.2,1753.1,5.31,223.2,Agricultural,Clay,6141.0,1,2,0
28.88476,77.24065,56.52,26.9,37.7,3344.2,8.94,221.7,Forest,Clay,1542.5,0,2,1
10.12374,76.72749,74.88,28.4,69.6,3089.3,8.43,182.7,Urban,Loam,5083.9,0,0,1
16.40047,76.77168,7.08,24.5,47.5,398.2,1.82,562.0,Urban,Alluvial,9505.6,1,3,0
26.57955,72.55186,7.58,27.5,52.4,226.9,0.2,217.5,Agricultural,Silt,11016.0,1,0,0
28.36553,77.4209,4.49,26.1,37.6,2766.1,5.08,230.5,Agricultural,Loam,9370.3,1,5,0
28.56483,76.95056,7.65,28.5,53.0,2581.0,5.97,215.2,Water Body,Silt,1018.2,1,1,0
19.73989,76.5702,19.48,29.1,37.2,580.2,0.96,492.8,Agricultural,Loam,3065.2,1,3,0
27.4741,90.63589,15.57,27.2,39.9,6559.5,14.76,123.4,Agricultural,Alluvial,7508.2,0,3,1
17.66236,74.85773,5.55,25.3,32.5,329.1,0.2,521.3,Water Body,Alluvial,4457.2,0,7,0
10.51663,76.11698,14.6,31.8,37.8,1139.8,3.05,64.5,Wetland,Loam,3999.2,0,1,0
26.96791,80.92477,101.0,25.9,57.0,5564.0,14.99,88.5,Forest,Alluvial,604.8,1,6,1
11.32547,76.15435,245.31,29.9,100.0,6151.6,18.0,130.4,Agricultural,Clay,4308.6,1,5,1
22.54389,75.37607,93.31,26.9,73.8,3498.4,9.4,133.2,Forest,Silt,6368.5,0,1,1
20.1775,86.45634,8.12,20.4,40.5,3724.5,7.81,68.0,Forest,Loam,5018.3,0,2,0
9.33601,76.12443,582.84,28.7,100.0,13539.4,18.0,118.9,Forest,Silt,6460.6,0,3,1
26.92797,72.92237,10.88,35.0,51.9,116.0,0.85,217.6,Agricultural,Alluvial,1413.0,1,0,0
21.45828,84.73287,296.33,27.7,100.0,12892.8,18.0,23.7,Agricultural,Alluvial,11168.0,0,2,1
26.34936,92.86351,86.06,34.6,83.9,8714.0,18.0,135.5,Wetland,Alluvial,2810.8,1,4,1
27.74077,94.75832,183.44,26.0,100.0,12801.5,18.0,47.1,Forest,Silt,1552.9,1,1,1
18.60242,76.39565,20.2,27.0,59.1,562.8,2.39,500.5,Forest,Silt,2079.9,1,3,0
28.33247,77.29401,113.36,29.0,73.1,5228.5,14.67,197.5,Agricultural,Sandy,6127.8,1,1,1
21.72304,78.19178,106.18,34.7,65.8,3748.3,11.48,286.3,Agricultural,Loam,5391.9,1,2,1
16.20154,82.19686,21.7,31.2,64.8,3346.1,7.72,86.7,Agricultural,Clay,6231.3,1,1,0
25.67687,93.86689,22.05,24.8,76.1,5886.5,13.39,43.9,Wetland,Silt,4346.5,1,5,1
17.51714,75.32493,33.04,26.5,44.6,314.4,0.2,613.3,Agricultural,Loam,3521.5,0,0,0
28.96908,76.98117,132.34,32.1,93.4,5066.1,14.71,234.7,Wetland,Silt,4597.9,1,6,1
22.98914,75.66622,7.07,35.0,38.0,2282.0,5.35,269.1,Forest,Silt,7274.0,0,6,0
17.59222,80.74749,34.09,32.6,61.6,3548.6,9.3,108.4,Water Body,Alluvial,749.6,1,0,1
26.4363,90.05007,4.86,30.3,43.7,4750.2,10.49,137.6,Agricultural,Loam,10793.0,1,4,1
18.55923,75.33271,2.78,31.7,43.6,609.9,1.55,686.8,Wetland,Alluvial,7330.3,1,0,0
28.91805,77.29768,83.75,34.7,61.5,4330.3,12.35,207.2,Agricultural,Silt,3320.7,0,3,1
28.9688,77.04799,339.11,24.2,100.0,9538.2,18.0,229.7,Forest,Loam,11473.2,0,7,1
19.07424,75.39986,33.29,33.0,65.0,568.0,2.48,758.4,Water Body,Alluvial,8777.0,1,1,0
10.69765,76.64816,178.51,34.4,89.5,5003.5,17.21,165.3,Urban,Alluvial,2331.1,1,2,1
23.14286,78.32871,25.51,31.3,46.2,2336.3,4.88,92.0,Agricultural,Sandy,11574.3,0,2,0
25.04043,81.42918,1.43,25.3,45.0,4513.8,9.74,93.4,Urban,Loam,9566.7,1,4,1
20.88372,86.00124,49.54,26.9,40.2,6116.4,14.54,62.3,Agricultural,Alluvial,3263.9,0,2,1
17.60568,80.78981,139.13,29.9,100.0,7483.0,18.0,174.6,Urban,Silt,3546.3,1,1,1
10.97624,76.23311,262.57,29.5,100.0,7258.2,18.0,78.0,Agricultural,Silt,4718.2,0,8,1
20.38142,84.77464,213.12,30.6,100.0,9865.5,18.0,57.8,Water Body,Alluvial,10663.8,1,3,1
21.31253,86.19542,182.25,34.5,100.0,10277.6,18.0,37.0,Urban,Clay,3571.6,0,3,1
14.62144,77.18114,23.9,25.0,33.5,518.6,2.4,689.6,Urban,Alluvial,7343.1,0,0,0
26.62154,87.36457,16.74,31.2,41.2,4572.9,9.88,37.5,Forest,Alluvial,5136.5,0,7,1
9.87119,76.55199,35.52,27.8,77.1,2437.2,5.75,186.1,Water Body,Alluvial,7007.8,1,3,0
27.57159,73.19705,7.71,31.8,23.6,143.7,0.7,176.6,Forest,Clay,10128.8,1,2,0
20.79774,86.81275,49.73,28.1,38.6,3129.8,7.49,65.3,Water Body,Silt,6804.8,0,3,1
29.49551,76.86868,28.42,31.3,33.7,2871.3,6.18,191.1,Agricultural,Loam,1928.2,1,3,0
26.11362,86.16591,77.13,29.8,69.3,6828.8,16.39,119.2,Urban,Alluvial,9502.3,1,1,1
25.60685,89.99468,416.91,29.9,100.0,21661.7,18.0,58.9,Agricultural,Clay,3998.1,0,2,1
26.22018,81.00305,84.42,37.2,64.9,6444.0,15.18,71.1,Agricultural,Silt,5019.9,1,3,1
11.41228,76.51534,134.34,31.8,77.2,4690.6,15.07,131.3,Water Body,Sandy,9889.7,1,0,1
25.45296,86.81843,42.23,28.7,34.6,6948.4,15.24,112.0,Forest,Clay,6821.9,1,3,1
17.24209,75.53864,4.15,26.9,33.0,439.8,1.51,794.4,Agricultural,Sandy,10841.7,0,3,0
16.93462,80.60035,77.96,28.1,71.8,5485.0,15.18,146.9,Agricultural,Alluvial,2632.7,1,2,1
24.98934,83.40397,88.55,23.0,52.5,7900.4,17.53,60.9,Agricultural,Sandy,10746.9,0,2,1
25.53752,91.09625,56.63,29.9,53.7,5807.7,13.13,71.4,Forest,Alluvial,6961.4,0,2,1
26.97828,82.58172,134.76,26.3,100.0,8396.7,18.0,61.3,Agricultural,Loam,2952.4,0,1,1
29.33455,76.80421,66.75,23.6,74.4,3576.2,9.73,199.0,Agricultural,Sandy,5958.6,1,2,1
28.59363,77.51452,156.67,26.2,83.3,5924.2,15.83,195.0,Wetland,Loam,1724.6,1,2,1
16.4378,76.51596,19.13,29.8,39.5,282.2,1.77,513.9,Water Body,Loam,7923.8,1,1,0
21.8831,78.3955,200.42,34.4,100.0,5110.8,15.43,294.6,Agricultural,Alluvial,1243.5,0,2,1
25.89624,93.94884,64.82,28.7,58.8,8343.1,18.0,111.0,Water Body,Clay,5080.9,0,0,1
17.63459,74.95754,11.04,21.7,59.8,500.6,0.75,472.3,Urban,Loam,11498.1,1,1,0
27.78258,93.75375,220.3,29.0,100.0,13481.4,18.0,74.7,Urban,Clay,4794.7,1,1,1
26.56919,80.55927,17.0,23.4,51.4,2445.2,5.48,79.1,Urban,Loam,1353.7,1,4,0
25.59767,89.8122,105.48,30.4,57.9,8034.5,18.0,79.4,Forest,Sandy,7825.5,1,1,1
10.90029,76.71276,55.84,31.8,67.9,1805.7,5.9,58.5,Wetland,Clay,9262.2,0,1,0
23.01684,77.70608,134.64,26.9,100.0,3392.7,12.75,156.3,Urban,Clay,9766.0,0,3,1
16.3156,80.80115,4.14,28.7,22.8,1068.1,2.59,82.6,Wetland,Sandy,2608.8,1,5,0
10.62851,76.72099,30.05,26.3,60.3,2174.2,5.4,106.1,Wetland,Silt,1761.4,1,1,0
27.03108,73.34752,1.99,28.9,51.9,199.5,0.44,152.2,Urban,Loam,6272.2,1,3,0
21.31813,86.7308,113.74,32.3,77.6,8094.4,18.0,46.5,Urban,Clay,9007.1,0,0,1
27.27457,74.17843,58.8,35.3,63.1,224.8,1.89,153.4,Wetland,Alluvial,5181.7,0,2,0
17.90148,76.13151,38.94,24.7,56.3,729.0,1.79,735.2,Urban,Alluvial,11400.7,1,1,0
26.70985,94.50847,380.76,31.6,100.0,22590.3,18.0,63.3,Urban,Alluvial,11834.8,0,0,1
9.91897,76.19335,34.31,22.0,56.1,2188.6,6.11,77.2,Forest,Silt,3550.9,1,0,0
25.2191,84.11633,56.79,26.6,67.1,5573.6,13.68,108.9,Urban,Alluvial,6263.7,0,6,1
22.80014,74.14614,34.62,26.9,49.8,2410.2,6.55,54.1,Water Body,Silt,7120.5,1,7,0
16.87162,76.05074,2.48,24.9,32.7,401.7,0.89,799.3,Wetland,Clay,10794.5,0,0,0
16.389,76.97041,2.49,29.6,31.1,287.9,0.2,467.7,Agricultural,Alluvial,2524.3,0,9,0
25.02135,85.2797,296.82,30.0,100.0,14875.2,18.0,100.9,Forest,Alluvial,9509.0,1,3,1
25.67906,72.40289,14.21,27.2,34.7,223.5,0.54,212.4,Urban,Alluvial,10265.4,1,0,0
27.38256,89.81801,67.49,34.1,70.7,8312.0,18.0,41.7,Water Body,Alluvial,5506.1,1,2,1
9.59257,76.26147,134.8,23.3,90.3,3511.9,11.26,125.3,Urban,Clay,7462.5,0,1,1
22.00605,75.39436,93.87,28.2,70.7,2985.7,9.51,178.7,Agricultural,Loam,5607.8,1,4,1
20.48111,85.95095,25.63,34.9,38.2,3774.8,8.43,20.9,Agricultural,Sandy,2486.3,0,1,1
16.91912,80.95646,66.93,30.7,50.2,5046.1,11.94,128.0,Agricultural,Sandy,7531.9,0,2,1
27.26693,74.3831,3.91,35.4,46.0,191.3,0.2,194.9,Urban,Silt,3334.3,1,2,0
26.26636,80.88297,35.95,34.3,51.3,4462.6,9.25,89.6,Urban,Clay,11187.0,1,2,1
10.03047,76.40476,1.06,36.3,36.6,2222.3,4.64,66.2,Forest,Alluvial,3495.1,0,4,0
28.48416,72.02933,0.13,21.3,50.8,228.2,2.38,249.3,Wetland,Alluvial,7017.0,0,2,0
17.78344,80.02727,37.03,18.8,46.0,3359.1,6.69,95.0,Urban,Alluvial,9504.2,1,4,0
25.21093,70.57841,0.37,25.2,28.2,199.1,0.2,203.5,Agricultural,Sandy,11389.3,1,2,0
15.73838,77.46362,6.65,34.1,60.4,371.4,1.69,791.2,Water Body,Silt,8167.4,1,3,0
17.1684,76.85374,8.69,25.5,32.1,368.8,0.88,541.5,Urban,Loam,3235.6,1,2,0
28.07877,72.73845,18.42,34.1,48.5,185.4,0.75,250.2,Urban,Alluvial,2481.6,0,4,0
15.71784,75.52947,10.7,24.4,39.6,467.2,1.48,484.8,Urban,Alluvial,8938.6,1,0,0
26.47221,73.98079,8.54,26.7,28.5,140.5,0.8,164.3,Urban,Clay,3548.5,1,0,0
21.44799,84.59676,5.14,31.6,41.8,4499.1,10.86,26.9,Water Body,Sandy,8503.2,1,1,1
14.90977,76.86051,11.17,26.6,30.3,511.8,1.27,738.8,Agricultural,Sandy,1662.3,1,1,0
20.72585,85.85388,117.13,28.8,90.1,6976.6,18.0,78.1,Forest,Alluvial,7494.9,1,2,1
29.49598,77.62516,8.05,30.5,48.1,1387.8,4.26,212.2,Wetland,Alluvial,4122.6,1,3,0
19.80828,86.58482,10.85,29.4,43.0,4308.6,10.21,20.0,Forest,Loam,9052.8,0,3,1
29.25109,77.64475,162.6,30.2,100.0,6986.6,18.0,195.3,Agricultural,Clay,11646.5,0,1,1
25.90513,74.47108,6.83,32.6,43.7,203.1,0.84,294.1,Agricultural,Clay,2178.5,1,0,0
26.10714,73.72751,7.59,38.3,56.4,136.3,0.2,296.5,Agricultural,Alluvial,4052.4,1,2,0
24.82001,81.21155,43.49,22.7,48.1,4992.4,10.37,33.3,Urban,Alluvial,5106.0,0,5,1
9.50645,76.19572,30.02,35.3,55.7,2238.0,4.37,163.0,Water Body,Clay,7414.8,0,5,0
18.0521,75.6555,0.32,32.7,37.0,486.6,0.2,720.6,Agricultural,Clay,9052.9,1,1,0
25.97068,85.41053,139.19,26.7,100.0,9839.7,18.0,72.1,Agricultural,Clay,8798.1,0,0,1
28.48198,74.00377,5.95,20.8,48.2,128.0,1.87,286.0,Urban,Alluvial,7460.8,1,0,0
16.57719,75.39465,78.45,27.4,82.8,672.7,3.87,692.3,Forest,Alluvial,8328.8,1,5,0
21.21096,86.23564,10.69,31.8,38.2,5173.1,11.04,39.7,Water Body,Loam,10330.2,0,6,1
25.89545,91.89204,41.26,26.1,40.8,5779.5,14.45,84.5,Agricultural,Clay,11263.6,1,4,1
19.96109,84.69964,119.81,32.3,93.0,7362.6,18.0,48.0,Urban,Loam,6336.4,0,1,1
26.18361,91.66918,213.45,25.8,100.0,13753.1,18.0,81.9,Forest,Loam,2725.0,0,7,1
22.35027,77.4344,106.85,26.9,70.6,4442.6,11.92,318.1,Agricultural,Silt,964.6,0,1,1
26.04512,91.01685,99.52,23.7,76.8,10429.6,18.0,112.9,Forest,Alluvial,5351.6,0,2,1
27.11605,95.2179,12.85,27.6,46.4,8905.4,18.0,119.8,Forest,Alluvial,10547.1,1,0,1
25.16889,70.85866,2.78,30.9,36.8,184.0,1.38,341.6,Agricultural,Alluvial,9987.9,1,2,0
28.75633,77.34647,100.73,34.7,77.8,4665.4,13.05,210.6,Urban,Alluvial,11771.0,1,1,1
25.5458,71.55055,1.01,22.3,45.9,151.8,0.53,186.9,Agricultural,Silt,7600.7,0,2,0
10.9598,76.56316,76.07,17.2,74.3,3177.2,10.5,80.5,Agricultural,Alluvial,6554.5,1,2,1
15.8051,75.21375,39.94,30.7,58.7,621.0,2.87,764.5,Urban,Silt,11046.4,1,3,0
16.86626,82.04174,28.7,20.5,43.8,2959.1,7.63,51.1,Urban,Sandy,4081.9,1,1,0
21.1641,84.6334,143.88,37.8,91.9,8158.3,18.0,38.2,Agricultural,Loam,2868.9,0,5,1
28.07186,71.62288,6.18,27.5,44.8,157.7,0.71,240.2,Wetland,Clay,1604.1,0,2,0
17.68772,82.08021,63.63,28.3,71.6,3802.8,11.27,94.1,Wetland,Clay,10673.6,1,3,1
25.34085,71.98353,13.53,25.7,54.1,162.2,0.3,173.2,Agricultural,Loam,5073.6,0,6,0
28.78138,77.21,91.26,25.4,54.5,4506.7,10.71,208.2,Wetland,Clay,11631.2,1,4,1
26.02308,81.75893,33.67,29.5,50.2,5436.7,11.86,31.9,Agricultural,Loam,3402.0,0,6,1
27.12863,94.18939,154.19,17.5,75.9,9498.0,18.0,40.8,Forest,Alluvial,6879.8,0,3,1
25.20899,80.69427,22.5,25.9,34.6,4997.9,10.2,41.0,Agricultural,Clay,1624.0,0,4,1
23.08701,78.39094,82.87,30.2,57.3,3386.5,10.74,304.2,Urban,Clay,7804.3,0,2,1
25.74187,93.11296,18.68,21.7,56.6,6417.3,11.87,45.1,Agricultural,Alluvial,8221.6,1,2,1
15.42067,75.3922,44.29,32.1,59.8,285.6,0.65,521.9,Water Body,Alluvial,657.6,0,4,0
25.54686,73.40033,8.23,32.0,60.6,118.7,0.97,176.0,Water Body,Sandy,2190.7,1,2,0
26.19681,72.38552,1.48,27.4,20.0,157.0,0.84,155.7,Urban,Loam,2919.1,1,2,0
10.15637,76.12555,11.93,26.9,46.4,1139.8,4.12,16.8,Wetland,Sandy,8058.5,0,2,0
24.93906,87.29227,10.31,28.9,35.4,3634.5,8.03,30.4,Forest,Alluvial,11890.2,1,4,0
11.11187,76.81591,68.97,25.6,63.7,3308.6,8.9,56.8,Agricultural,Alluvial,2613.9,0,1,1
11.38302,76.78568,240.0,28.8,100.0,6238.3,18.0,71.5,Forest,Clay,11953.2,0,6,1
24.96907,87.74791,16.94,35.2,44.0,2502.6,6.15,63.0,Urban,Clay,7341.3,1,4,0
27.35049,91.59755,35.03,26.4,40.0,6157.1,12.98,53.1,Urban,Alluvial,2537.1,1,0,1
27.08383,86.72503,16.13,33.6,52.1,6128.0,14.43,104.5,Urban,Clay,2146.3,1,3,1
21.25687,84.79195,91.98,24.8,82.6,6740.0,17.73,68.4,Water Body,Clay,6844.4,1,2,1
18.87533,76.28805,4.79,37.9,56.5,307.1,0.31,739.7,Agricultural,Loam,11982.2,1,2,0
15.30568,75.68282,72.33,25.9,67.5,784.7,4.03,541.1,Agricultural,Loam,9369.0,0,5,0
22.20981,77.18692,77.07,29.3,67.8,3331.5,9.32,242.8,Urban,Sandy,2119.7,0,5,1
20.98212,85.10113,27.48,23.8,48.4,4297.8,9.18,29.9,Urban,Clay,4994.0,1,4,1
27.73417,92.0439,12.81,27.9,47.7,3088.6,6.99,123.3,Wetland,Silt,9718.4,1,6,0
9.66224,76.05574,90.69,18.8,51.9,4195.7,11.13,198.2,Forest,Alluvial,4607.1,1,2,1
26.94452,93.23282,90.58,26.2,70.6,8590.7,18.0,147.2,Water Body,Loam,2737.2,1,6,1
27.02049,83.4877,34.28,34.3,25.3,3865.7,10.61,52.6,Agricultural,Alluvial,4852.2,1,3,1
18.06296,82.10756,386.88,27.0,100.0,12137.6,18.0,72.3,Agricultural,Loam,11702.9,1,5,1
10.90244,76.41555,83.02,22.0,82.0,3197.6,9.37,95.2,Agricultural,Silt,6137.8,0,0,1
27.33744,74.31565,27.42,31.1,49.8,207.2,1.61,239.2,Forest,Silt,7276.5,1,5,0
22.48982,78.27795,45.55,28.6,44.9,2588.3,6.38,308.2,Water Body,Clay,6785.7,0,0,0
26.27799,91.39229,150.45,29.7,72.8,11005.0,18.0,102.8,Urban,Clay,949.2,1,3,1
17.57938,79.99185,71.03,33.0,39.6,4750.8,11.41,97.4,Water Body,Alluvial,9602.6,0,1,1
29.43611,77.08368,4.34,31.9,42.4,2786.4,4.74,199.6,Agricultural,Alluvial,5530.7,0,5,0
26.67407,92.82172,133.02,23.7,91.6,10957.2,18.0,107.0,Wetland,Loam,1452.3,0,0,1
29.15098,76.96694,32.53,27.0,51.1,3360.1,7.72,235.0,Wetland,Clay,3112.7,1,1,0
29.09659,77.59522,46.72,32.9,55.8,3100.7,7.3,192.5,Forest,Alluvial,10162.1,1,1,0
20.6893,85.01062,122.61,30.9,95.8,6053.3,16.65,58.2,Forest,Loam,5060.4,0,0,1
25.78437,85.66691,146.47,35.3,100.0,8369.2,18.0,37.7,Urban,Loam,7414.9,1,2,1
27.33137,93.08011,4.39,31.4,35.2,5173.9,10.84,149.4,Water Body,Clay,11209.3,0,7,1
16.57693,81.48741,16.19,28.6,64.8,2990.1,6.82,67.3,Water Body,Sandy,660.6,0,1,0
21.19199,84.83889,165.1,28.1,100.0,7951.8,18.0,64.8,Agricultural,Alluvial,1398.6,1,1,1
26.0069,71.29074,4.1,30.2,42.2,250.2,0.36,188.8,Water Body,Alluvial,2486.6,0,1,0
26.82978,91.43235,204.12,31.3,100.0,14795.6,18.0,129.0,Wetland,Loam,11494.2,0,5,1
18.08417,81.41906,75.41,28.4,74.8,4557.9,11.36,96.9,Water Body,Alluvial,8443.7,1,1,1
9.36854,76.38984,41.0,38.7,84.2,2936.5,6.35,95.5,Wetland,Silt,1383.3,0,7,0
17.46595,79.70172,8.15,26.7,44.8,2840.0,4.97,154.9,Urban,Alluvial,1979.6,0,8,0
18.71498,77.15891,9.41,28.8,70.7,447.8,0.71,752.7,Agricultural,Loam,2671.4,1,4,0
26.53382,73.67477,18.48,25.6,54.7,155.0,1.27,309.5,Forest,Alluvial,11058.4,1,3,0
21.20248,86.60042,353.87,30.2,100.0,13590.8,18.0,63.2,Forest,Loam,2311.1,1,0,1
16.5357,81.0431,60.75,22.0,55.6,4564.7,10.83,88.0,Urban,Alluvial,1526.1,0,0,1
25.94403,70.99616,9.36,32.8,60.2,91.1,1.98,168.8,Forest,Silt,7678.1,0,3,0
17.39976,75.56879,14.45,27.1,53.1,338.6,0.54,522.0,Wetland,Loam,6445.7,1,1,0
10.73196,76.01898,227.0,24.5,100.0,5447.3,18.0,170.2,Forest,Alluvial,3450.8,1,3,1
20.01308,84.64029,59.14,26.0,65.4,5106.3,10.36,57.9,Agricultural,Clay,1580.3,1,3,1
19.988,85.87283,38.95,30.4,67.1,3146.5,6.81,64.9,Urban,Loam,4622.9,0,7,1
10.58622,76.46198,131.73,28.2,97.6,3851.6,12.92,33.3,Agricultural,Alluvial,3201.4,0,3,1
9.866,75.98492,187.0,32.4,100.0,5841.1,17.28,95.5,Agricultural,Alluvial,3660.4,1,0,1
11.12315,76.24224,44.96,15.6,55.8,1759.2,6.0,165.8,Agricultural,Loam,5210.3,1,4,0
27.62318,90.7398,23.98,29.0,38.0,4974.5,11.65,148.4,Agricultural,Alluvial,11838.5,0,3,1
22.541,77.2672,62.51,40.4,50.7,3241.1,8.93,250.4,Urban,Alluvial,5012.1,1,2,1
20.34736,85.56798,175.15,26.2,86.3,8438.0,18.0,63.5,Forest,Clay,1949.3,0,6,1
16.59857,81.45787,21.91,29.3,30.7,3440.3,7.36,162.1,Urban,Alluvial,10705.7,0,6,0
23.05007,75.08821,38.91,23.6,47.3,3067.5,6.67,116.5,Water Body,Silt,9179.1,0,2,0
29.20996,77.21304,38.4,23.3,54.7,3205.5,7.74,219.5,Forest,Alluvial,10420.8,1,1,0
25.27056,86.80029,34.48,31.0,35.0,3768.9,7.89,113.5,Water Body,Clay,2295.9,0,3,1
27.10705,93.84659,55.83,29.4,77.3,7498.2,15.77,69.8,Forest,Alluvial,1719.8,1,2,1
25.71195,91.64501,104.26,36.3,81.5,10621.1,18.0,129.7,Urban,Alluvial,1066.0,0,0,1
25.41675,70.98714,7.9,27.5,55.8,87.9,0.2,314.5,Wetland,Clay,9159.1,1,1,0
26.75277,94.67809,6.65,34.7,48.6,4815.1,10.58,131.5,Forest,Sandy,10003.0,1,2,1
25.87068,91.5441,511.2,35.3,100.0,27876.3,18.0,76.7,Urban,Loam,9649.6,1,6,1
26.54249,91.93897,74.18,18.2,76.3,7240.5,16.92,108.4,Wetland,Alluvial,9364.6,0,0,1
17.82599,81.20154,49.94,34.0,59.0,3517.4,9.44,112.2,Forest,Clay,11134.8,0,2,1
28.65487,76.892,137.63,19.5,57.1,4845.7,13.87,213.1,Urban,Clay,7264.8,0,2,1
21.24721,84.59373,31.41,25.4,42.2,4636.0,10.47,84.2,Wetland,Loam,4445.0,0,2,1
26.37899,72.41906,3.0,28.0,44.3,163.1,0.23,282.4,Agricultural,Alluvial,1963.6,1,5,0
22.83555,76.40724,28.08,28.1,55.9,2047.1,6.14,193.1,Water Body,Alluvial,7952.6,1,6,0
22.65955,78.34495,16.65,29.9,53.7,1329.8,4.68,230.4,Agricultural,Clay,4646.3,1,0,0
18.38139,76.60577,33.92,23.9,51.6,452.0,1.57,605.9,Agricultural,Loam,4296.8,0,3,0
25.2874,74.22824,26.28,28.9,53.7,202.1,2.34,290.0,Wetland,Alluvial,560.3,0,0,0
16.70645,79.75992,20.17,25.1,46.3,2412.8,5.54,97.9,Urban,Alluvial,10543.2,1,7,0
25.54986,88.26725,0.78,27.1,45.1,3789.5,6.81,64.4,Urban,Silt,9098.5,0,3,0
10.87654,76.71375,96.65,25.3,89.6,3828.3,10.83,130.8,Urban,Silt,9549.5,0,4,1
16.68415,82.08718,3.8,22.5,42.6,2112.3,4.22,77.9,Urban,Clay,4296.2,0,3,0
25.7541,88.11092,56.35,26.9,75.1,6518.6,14.37,74.3,Water Body,Alluvial,10374.8,0,1,1
27.92818,71.39022,7.09,25.6,44.3,143.6,0.2,229.8,Water Body,Alluvial,10625.7,0,1,0
28.25913,70.74483,6.24,30.0,30.1,156.6,0.2,222.7,Urban,Alluvial,8766.1,1,4,0
21.22386,86.20179,95.24,34.3,70.6,7782.6,18.0,44.5,Wetland,Loam,3717.1,1,6,1
17.42387,82.17217,44.7,29.6,42.1,4086.0,9.37,140.5,Agricultural,Alluvial,3929.1,1,2,1
28.37818,77.17853,133.61,23.2,90.3,5587.4,16.0,206.9,Forest,Loam,3427.1,1,0,1
28.96049,77.34044,22.98,28.5,39.9,2640.8,6.7,234.3,Agricultural,Loam,8955.6,1,2,0
29.47493,77.23774,79.9,29.0,84.2,4035.7,12.29,199.8,Agricultural,Alluvial,2415.4,1,2,1
9.96144,76.66291,13.15,43.9,37.4,1613.0,2.2,162.6,Forest,Clay,9076.2,1,1,0
25.85288,82.3961,46.03,35.1,63.0,4874.7,10.82,57.7,Urban,Sandy,2301.8,0,2,1
28.0033,70.95154,4.56,20.9,26.8,196.6,0.28,171.6,Water Body,Silt,9161.3,0,0,0
14.82167,77.24032,27.72,27.4,51.9,491.5,0.83,465.0,Forest,Silt,6511.2,1,1,0
9.57848,76.74906,114.02,31.8,80.7,3854.4,10.36,165.7,Urban,Clay,4856.9,1,2,1
17.92125,80.25403,29.5,20.1,32.7,3041.1,8.06,171.5,Urban,Loam,11533.0,1,4,0
27.50331,95.28804,254.67,27.3,100.0,13697.7,18.0,108.5,Agricultural,Alluvial,8766.4,0,2,1
16.75827,77.21145,3.12,30.4,48.1,563.7,1.39,763.3,Agricultural,Alluvial,3403.7,1,2,0
29.18864,77.55975,30.09,21.4,42.2,3479.0,8.25,209.3,Urban,Sandy,1768.3,1,1,0
9.21428,76.14206,44.06,29.3,60.4,3571.9,9.42,57.3,Agricultural,Sandy,11689.8,1,1,1
27.1418,72.43027,8.5,21.9,45.9,108.8,0.2,222.0,Agricultural,Sandy,5121.9,1,0,0
25.12197,85.24166,46.01,31.4,41.1,6598.8,15.36,58.6,Water Body,Clay,6977.7,1,3,1
26.67089,80.68165,131.97,29.4,90.1,9101.9,18.0,106.3,Agricultural,Alluvial,1211.2,1,0,1
26.93731,92.31986,62.36,28.5,74.3,8662.4,18.0,57.2,Forest,Alluvial,3143.3,1,2,1
26.0161,71.88989,8.57,28.3,46.1,255.2,0.2,304.7,Water Body,Clay,3331.5,1,0,0
26.981,73.10687,9.8,39.3,50.5,181.4,1.16,190.2,Agricultural,Silt,4557.7,1,3,0
10.73026,76.35313,18.25,32.4,53.9,1965.1,4.39,29.6,Wetland,Clay,1956.1,0,0,0
25.45091,81.07507,33.99,34.3,54.7,4446.8,10.94,98.2,Water Body,Clay,6200.3,1,0,1
25.64048,81.87397,60.28,32.5,58.4,5006.3,12.04,106.0,Urban,Alluvial,10049.3,1,0,1
21.79082,77.51853,32.61,29.7,51.5,2364.0,6.86,276.6,Urban,Silt,6688.7,0,2,0
20.73679,85.15505,52.78,28.7,58.6,6142.4,15.37,46.2,Agricultural,Alluvial,10135.3,0,1,1
27.41003,71.25424,6.42,26.4,44.5,112.4,0.2,216.6,Urban,Loam,3136.8,0,4,0
29.12601,77.23601,54.84,31.2,74.4,3099.1,8.52,213.7,Urban,Alluvial,456.2,0,0,1
25.10538,83.82681,59.49,30.0,66.2,6311.4,15.27,120.0,Water Body,Alluvial,4714.1,1,1,1
29.32979,76.92249,9.15,25.1,39.2,3115.9,7.27,201.2,Urban,Loam,666.7,0,1,0
15.2821,77.2769,17.19,36.9,49.2,415.5,1.24,596.6,Agricultural,Clay,6837.0,1,0,0
28.61051,76.92445,22.79,33.4,63.4,2841.5,7.89,234.8,Forest,Clay,4780.2,1,2,0
28.326,77.1189,94.34,37.9,65.1,4700.0,13.21,211.0,Water Body,Sandy,3991.3,0,1,1
25.67324,94.66505,38.33,23.0,38.8,6641.2,14.11,138.9,Agricultural,Silt,10590.8,1,5,1
17.73577,81.69528,76.89,27.8,64.3,4735.3,12.53,72.0,Water Body,Clay,2194.8,0,6,1
9.67651,76.07862,12.45,28.0,47.1,1917.5,5.09,60.0,Agricultural,Clay,8672.5,1,3,0
11.17856,76.70725,11.15,24.0,51.4,1952.4,5.43,37.8,Urban,Sandy,1045.1,0,5,0
27.5051,95.09359,106.02,26.8,60.5,10145.4,18.0,48.5,Agricultural,Silt,8318.1,1,7,1
20.54983,84.96466,182.44,18.1,100.0,9062.8,18.0,59.1,Urban,Clay,5565.1,0,1,1
25.80727,94.15501,33.04,28.2,46.5,6659.1,14.35,139.3,Agricultural,Alluvial,2103.9,0,1,1
27.23258,92.13364,71.25,30.3,71.9,7087.5,17.47,135.4,Urban,Silt,11806.4,1,4,1
17.74317,80.60582,87.78,37.1,59.6,4585.9,12.07,23.1,Forest,Loam,2209.3,1,1,1
22.39622,75.06933,76.03,30.9,69.1,2431.1,8.65,185.1,Urban,Alluvial,2150.7,1,3,1
28.12248,72.70915,0.76,27.3,34.8,160.6,0.63,163.8,Urban,Alluvial,7786.7,1,1,0
9.5907,76.52367,481.43,37.0,100.0,11571.9,18.0,184.6,Forest,Alluvial,10220.9,1,3,1
26.05487,86.77328,96.18,25.8,91.7,7219.2,17.22,55.6,Urban,Alluvial,1883.3,0,4,1
10.49515,75.84821,305.18,36.1,100.0,6878.9,18.0,178.1,Urban,Loam,5387.8,1,8,1
26.87927,73.9724,11.22,24.6,62.9,164.0,0.37,288.2,Urban,Clay,504.5,1,1,0
26.55627,73.9182,2.09,32.4,40.7,106.9,0.2,281.1,Wetland,Alluvial,8926.5,0,5,0
28.50642,77.08562,170.05,33.7,95.4,6498.2,18.0,216.5,Forest,Alluvial,3140.5,1,4,1
26.54538,74.34564,1.45,22.3,54.6,110.6,1.82,231.4,Urban,Alluvial,623.1,0,4,0
26.81964,72.24411,7.32,32.7,49.4,166.3,0.56,168.7,Water Body,Alluvial,5698.5,0,3,0
27.2395,93.7744,171.11,25.4,100.0,13753.4,18.0,87.5,Water Body,Alluvial,6910.4,0,2,1
18.13768,79.69974,38.0,23.8,49.5,3017.6,7.32,29.9,Urban,Alluvial,4912.6,1,5,1
20.30109,84.67048,14.9,32.1,33.7,4312.4,9.22,70.5,Wetland,Alluvial,4160.7,0,2,1
11.08343,76.67705,71.27,28.3,78.0,3084.8,7.62,166.6,Agricultural,Clay,8040.0,1,1,1
25.88199,93.33531,162.23,31.9,71.5,12597.4,18.0,131.7,Wetland,Sandy,4201.9,1,0,1
25.65647,73.53246,13.76,25.2,35.2,220.5,0.76,207.9,Forest,Alluvial,8912.8,1,3,0
26.13479,83.47511,158.16,34.2,100.0,10350.5,18.0,37.3,Urban,Loam,4269.0,0,6,1
23.13918,73.73736,76.16,36.5,51.5,3393.5,8.71,268.5,Agricultural,Alluvial,10471.6,0,2,1
28.79032,77.65985,77.47,30.1,68.7,3272.5,8.62,219.3,Urban,Silt,10034.9,1,0,1
21.63345,77.19481,39.72,24.1,64.1,2849.0,7.31,66.9,Water Body,Alluvial,3584.4,1,5,1
18.32106,81.05146,1.31,36.6,55.1,1829.9,4.61,61.9,Water Body,Alluvial,10115.5,1,1,0
26.83946,90.98079,224.91,26.2,100.0,15177.1,18.0,80.6,Agricultural,Alluvial,8426.8,1,1,1
29.41466,77.7256,498.92,26.5,100.0,12789.0,18.0,193.1,Wetland,Clay,9286.7,0,5,1
25.05962,81.33136,53.7,33.5,58.6,6622.1,14.82,103.6,Water Body,Loam,1582.8,1,3,1
16.50604,80.98748,42.07,31.6,63.2,4344.9,9.26,36.9,Agricultural,Loam,7040.9,0,3,1
9.50685,76.8332,14.14,32.3,53.3,2308.1,5.55,101.4,Urban,Clay,4854.9,1,3,0
16.76384,81.35853,1.75,36.9,55.1,2195.1,4.63,144.9,Urban,Alluvial,4550.9,0,2,0
28.63879,77.09282,146.73,24.9,73.6,5742.8,16.93,228.6,Forest,Loam,3847.3,1,5,1
26.11453,84.98502,184.85,21.6,100.0,10813.5,18.0,115.9,Urban,Loam,4662.6,0,6,1
17.89647,81.92435,95.87,19.7,65.3,6518.2,16.32,136.7,Agricultural,Loam,2222.1,0,0,1
27.24117,93.6041,295.94,24.9,100.0,17820.1,18.0,145.1,Water Body,Alluvial,7283.2,1,2,1
25.05018,82.01497,249.86,32.3,100.0,14129.4,18.0,100.0,Agricultural,Silt,9657.3,1,5,1
16.45318,81.86054,126.94,27.4,83.4,5996.4,15.91,111.4,Urban,Loam,5265.5,1,5,1
28.73677,77.52956,24.0,31.2,50.0,3157.4,7.35,235.9,Wetland,Sandy,9198.3,1,0,0
16.65602,81.1634,15.56,25.5,42.0,1873.8,4.62,68.1,Water Body,Alluvial,4470.9,1,1,0
25.66665,90.70814,134.56,26.7,86.8,10112.5,18.0,69.9,Agricultural,Alluvial,1804.3,0,5,1
20.14918,84.75308,83.11,31.0,82.1,4388.7,11.49,42.6,Agricultural,Loam,1723.1,0,4,1
22.6608,76.49627,140.05,33.1,85.9,4113.1,12.81,110.9,Forest,Sandy,3355.2,1,5,1
28.58576,77.44388,35.41,37.1,57.2,3446.7,8.31,194.7,Wetland,Sandy,9264.2,1,0,0
26.0145,80.77237,255.31,37.8,100.0,14002.0,18.0,40.4,Water Body,Alluvial,7640.1,1,8,1
10.18153,76.0878,167.68,31.0,100.0,4948.8,16.6,165.2,Forest,Alluvial,10616.4,1,5,1
10.27667,76.27551,8.32,29.4,49.8,2293.5,3.44,189.9,Forest,Alluvial,8171.1,1,8,0
22.35237,73.53238,83.22,29.9,72.6,3198.3,8.66,136.2,Agricultural,Alluvial,11995.6,0,1,1
16.38919,79.72367,55.54,31.0,34.3,4556.9,11.55,120.5,Urban,Alluvial,439.8,0,5,1
26.75464,86.50568,38.88,30.0,62.0,6112.9,13.03,79.0,Forest,Alluvial,1725.1,1,1,1
24.9163,85.82279,86.64,25.1,74.3,7239.2,17.86,82.7,Urban,Clay,4568.1,0,5,1
22.28893,76.11234,48.05,31.7,61.2,2219.1,6.24,167.8,Forest,Clay,7706.6,0,1,0
17.96805,81.98947,34.2,31.1,40.6,3658.8,8.48,90.4,Agricultural,Alluvial,6930.1,1,4,1
20.38338,85.21684,89.74,26.9,76.9,6235.6,15.79,75.0,Agricultural,Alluvial,9506.5,1,1,1
17.46784,81.70887,94.7,33.1,82.9,5588.1,14.65,143.5,Agricultural,Clay,8535.0,0,4,1
20.36193,85.3995,101.7,33.9,92.5,6645.8,16.7,75.1,Water Body,Loam,8266.6,0,2,1
29.16441,77.59525,36.8,31.6,50.4,3455.9,8.97,213.7,Wetland,Alluvial,7709.6,1,9,1
27.13042,93.10604,187.26,30.3,97.5,13877.4,18.0,66.9,Agricultural,Silt,2897.4,1,2,1
16.49855,79.88022,31.54,30.7,73.7,2798.1,6.43,147.5,Agricultural,Silt,9812.2,0,0,0
18.27546,81.02592,22.12,25.8,49.2,2612.5,5.02,142.9,Agricultural,Alluvial,1365.9,1,2,0
9.45094,76.65687,188.53,31.2,100.0,5382.6,16.6,170.9,Agricultural,Alluvial,7126.2,1,9,1
25.11755,72.57547,3.53,30.0,30.2,132.1,0.67,337.2,Agricultural,Alluvial,10204.0,0,4,0
16.54841,74.87101,37.25,26.3,62.7,477.9,2.01,639.0,Urban,Loam,6805.9,0,2,0
20.27913,85.08612,122.4,33.1,79.0,6940.3,17.59,44.8,Urban,Clay,11950.1,1,6,1
27.21239,74.35469,5.24,25.7,47.1,122.3,2.4,281.6,Agricultural,Loam,1774.5,1,5,0
29.25563,77.25407,19.05,25.9,44.2,1872.1,3.17,239.0,Agricultural,Clay,7555.5,0,1,0
25.04308,80.5731,253.37,29.8,100.0,15458.6,18.0,34.1,Urban,Clay,1445.9,0,2,1
27.3342,73.71543,33.11,26.6,47.0,237.8,1.12,186.9,Urban,Alluvial,11485.0,0,1,0
16.79019,81.13555,101.63,33.1,83.5,6359.8,14.51,49.4,Urban,Loam,6047.3,1,5,1
17.33652,75.75879,8.64,30.8,31.3,442.2,1.17,606.3,Urban,Loam,11939.3,1,2,0
20.10955,84.51432,111.14,22.3,62.0,6733.1,18.0,21.0,Forest,Silt,6279.6,1,3,1
28.73677,77.30032,36.99,31.3,29.6,2558.5,4.81,222.1,Urban,Silt,5175.8,0,4,0
17.67653,76.69719,2.81,25.4,54.1,532.2,0.2,516.9,Agricultural,Alluvial,1062.3,1,6,0
26.50793,91.93015,107.62,24.2,82.2,10449.0,18.0,134.5,Urban,Sandy,10049.8,0,0,1
20.21174,85.07059,119.35,27.6,79.2,6701.5,15.07,16.1,Forest,Clay,1847.0,0,7,1
20.34883,86.064,21.38,34.6,42.2,4371.8,9.67,82.0,Water Body,Loam,781.7,0,1,1
26.79608,90.47995,0.85,24.8,29.5,5284.1,8.31,110.6,Agricultural,Clay,8173.6,0,3,0
17.71617,80.25361,5.52,28.6,25.2,2497.6,3.97,39.3,Urban,Loam,10586.7,0,1,0
21.98831,73.70193,146.14,33.6,89.2,4524.8,14.06,78.8,Urban,Loam,6972.9,1,2,1
22.00718,74.7544,41.07,24.3,61.3,3297.4,8.3,158.5,Urban,Clay,2779.4,0,4,1
22.12487,74.73843,78.34,27.4,93.7,3615.2,10.2,61.8,Forest,Silt,2737.3,1,2,1
29.16695,76.85764,28.8,28.1,49.7,2721.2,7.68,231.9,Wetland,Alluvial,6154.4,0,4,0
27.47227,90.50979,31.88,24.8,63.5,7545.4,17.68,61.5,Agricultural,Clay,1771.0,1,1,1
10.3931,76.47533,30.17,21.1,49.7,1727.2,2.84,58.9,Agricultural,Alluvial,11685.7,1,5,0
28.2025,77.3191,66.08,24.5,67.1,3667.7,9.86,231.3,Urban,Clay,1234.9,0,4,1
21.9763,74.87418,17.84,30.6,29.6,1983.0,4.28,192.1,Forest,Alluvial,9088.4,0,2,0
22.95966,75.40205,18.03,23.8,53.7,1899.6,5.11,254.3,Agricultural,Clay,5505.2,1,2,0
16.83123,81.50851,46.33,22.4,45.1,5381.4,13.19,127.3,Agricultural,Alluvial,10606.8,0,3,1
29.24315,77.24757,27.59,36.2,61.4,2934.1,5.83,213.2,Agricultural,Loam,6725.3,0,2,0
18.35091,80.3421,70.51,32.6,67.1,4472.9,10.47,26.0,Urban,Clay,9672.7,1,5,1
27.21886,72.70626,25.97,27.7,32.1,240.5,1.8,262.2,Forest,Alluvial,2974.2,1,2,0
25.27951,88.25642,80.85,32.8,84.1,5815.5,12.76,57.9,Water Body,Loam,671.8,0,1,1
28.94996,77.16651,44.95,16.5,56.7,3801.7,8.35,231.3,Urban,Loam,6544.6,0,0,1
11.31684,76.06292,69.07,23.9,65.3,2973.4,8.93,10.5,Urban,Loam,10244.3,0,1,1
17.84341,76.33376,22.08,31.4,67.2,336.5,1.4,552.3,Agricultural,Alluvial,1243.5,1,3,0
27.63469,91.9704,58.74,34.0,24.2,6370.1,15.24,84.0,Agricultural,Clay,2361.8,1,0,1
9.98085,76.32608,3.62,27.9,29.0,850.0,1.99,147.7,Wetland,Loam,6383.5,0,1,0
22.88721,74.46037,24.11,26.5,41.8,2934.7,6.5,270.7,Agricultural,Clay,609.0,1,3,0
18.39921,79.74716,48.33,28.0,68.4,5774.3,13.54,130.5,Water Body,Loam,3649.3,1,4,1
16.75115,82.11652,88.7,26.9,69.1,4167.2,10.08,158.1,Urban,Alluvial,8150.1,0,3,1
28.15512,73.68868,11.3,33.1,48.5,131.4,0.94,180.3,Agricultural,Loam,10978.5,1,2,0
28.23212,76.80826,11.87,34.5,36.1,2775.1,4.48,205.1,Water Body,Loam,6916.4,1,1,0
26.57746,91.65585,100.15,26.6,79.8,7702.9,18.0,77.0,Agricultural,Silt,2189.6,1,0,1
17.39747,75.39392,41.99,30.6,50.1,550.9,2.91,505.0,Urban,Alluvial,8591.2,1,2,0
29.32055,76.94219,133.23,21.2,90.5,5101.2,13.47,234.8,Agricultural,Loam,9699.0,1,4,1
18.13159,80.6527,4.68,27.2,43.7,2889.2,7.08,156.0,Agricultural,Clay,10878.7,1,1,0
10.99895,76.51973,94.46,30.0,72.1,4067.7,11.25,23.0,Urban,Alluvial,4880.7,1,2,1
25.99235,70.94598,12.44,28.4,57.2,188.0,0.2,199.2,Urban,Clay,1586.6,1,5,0
25.58782,91.39706,81.53,28.1,70.9,9397.5,18.0,55.2,Agricultural,Alluvial,1932.4,1,1,1
16.25435,75.57959,17.34,24.6,45.3,387.6,1.3,475.7,Wetland,Alluvial,8808.0,0,2,0
21.1241,86.39646,128.94,27.7,94.2,9060.5,18.0,72.6,Urban,Clay,1839.3,1,0,1
27.85039,74.17439,21.02,21.9,47.5,133.7,1.3,344.3,Urban,Silt,6023.6,1,3,0
29.47299,77.05303,18.86,28.7,59.9,2791.5,6.45,205.7,Forest,Alluvial,809.1,0,3,0
18.5618,75.45872,51.29,34.5,67.8,587.0,2.21,503.6,Urban,Loam,6076.6,1,6,0
26.0362,84.36778,30.61,19.3,39.0,5971.2,13.3,105.3,Forest,Clay,7798.8,0,0,1
17.02754,75.60376,67.05,33.5,54.9,720.9,3.96,777.4,Urban,Alluvial,2081.9,0,3,0
29.2577,77.65809,5.97,30.1,41.1,2218.8,3.55,225.3,Agricultural,Alluvial,4153.0,0,5,0
20.15633,85.915,59.74,26.1,75.0,4254.4,9.94,57.7,Water Body,Alluvial,7130.3,1,2,1
28.23121,77.54108,205.23,30.3,100.0,6202.9,18.0,216.1,Agricultural,Clay,5397.7,0,5,1
14.70965,76.89521,32.99,22.0,62.4,546.1,4.13,475.3,Forest,Clay,9365.3,0,1,0
26.94601,90.60822,22.42,26.0,62.1,6202.3,12.7,144.1,Water Body,Alluvial,11700.2,0,0,1
29.2099,76.95209,3.38,37.1,34.7,1756.6,4.16,210.1,Forest,Alluvial,4023.2,1,5,0
26.1294,91.92482,76.11,29.0,61.8,7742.9,18.0,83.1,Wetland,Sandy,2817.4,1,3,1
11.31847,75.83749,45.63,26.5,33.4,2360.9,6.63,194.9,Agricultural,Sandy,10571.4,0,3,0
26.12015,83.42619,85.68,26.4,52.2,7143.1,17.26,62.6,Agricultural,Alluvial,8044.5,1,5,1
26.04032,86.25714,162.48,29.8,88.4,8372.7,18.0,45.8,Urban,Loam,680.4,0,2,1
23.02137,77.19666,133.31,26.0,77.5,4554.8,13.42,207.9,Agricultural,Alluvial,11503.7,1,3,1
22.14739,74.73931,31.66,19.8,55.0,2750.5,7.15,204.2,Agricultural,Loam,1450.3,0,1,0
16.73433,81.69285,57.74,27.5,72.1,4850.9,10.43,90.7,Water Body,Alluvial,9232.3,0,3,1
26.77894,95.14559,46.05,35.5,53.5,6264.9,14.98,143.2,Agricultural,Silt,4771.7,0,0,1
16.95083,81.09464,89.63,25.4,64.9,4368.3,12.94,91.7,Agricultural,Sandy,6015.5,0,2,1
17.96175,80.02701,3.34,33.7,51.5,3961.4,6.28,75.5,Forest,Alluvial,7440.8,1,3,0
25.69437,90.04787,24.06,23.0,70.6,7046.4,15.42,102.7,Urban,Clay,11331.1,0,0,1
22.85715,76.38261,113.19,23.8,85.3,3993.9,10.47,57.9,Agricultural,Silt,4559.6,1,3,1
23.07168,75.69992,83.44,29.7,75.1,3407.2,8.38,270.0,Urban,Alluvial,9554.6,0,3,1
11.42285,76.39515,26.09,35.9,32.9,2562.3,5.74,92.0,Urban,Loam,1773.0,1,2,0
21.71677,77.37569,21.95,31.8,48.4,2111.9,4.88,284.3,Urban,Alluvial,8191.5,1,0,0
26.98962,70.63555,23.93,22.6,52.3,212.3,0.66,168.2,Agricultural,Alluvial,8765.0,1,5,0
16.80539,82.1926,40.88,36.0,43.0,4476.9,9.42,61.8,Wetland,Alluvial,4699.9,0,1,1
27.20515,72.69244,19.35,27.9,43.6,96.3,1.0,251.7,Urban,Loam,6154.5,0,1,0
20.18382,86.58066,35.04,28.7,44.4,4555.1,9.65,25.0,Urban,Clay,6290.7,1,7,1
26.78626,73.40718,33.93,22.3,66.1,150.0,1.03,188.5,Agricultural,Silt,8511.3,0,0,0
9.5104,76.81279,126.58,30.9,78.5,4370.7,12.76,54.0,Agricultural,Clay,4649.3,0,0,1
29.23212,77.01349,74.16,32.6,85.4,4472.7,12.89,220.4,Wetland,Loam,4494.0,0,0,1
18.2406,77.05073,0.7,33.9,42.4,451.8,1.32,741.0,Agricultural,Alluvial,2400.0,1,0,0
27.27986,90.04833,37.54,28.9,68.0,5206.5,11.82,130.4,Agricultural,Sandy,11140.3,1,2,1
25.11296,87.4605,145.31,35.2,79.4,7234.8,18.0,114.8,Agricultural,Loam,3570.0,0,2,1
21.56171,75.89901,31.49,27.2,35.3,2349.3,5.36,289.4,Forest,Loam,7798.7,0,2,0
27.49529,92.40962,291.02,28.3,100.0,18964.2,18.0,112.3,Wetland,Loam,7845.3,1,5,1
22.37453,77.41364,83.53,29.1,67.3,3203.8,10.1,99.0,Forest,Clay,7908.6,1,2,1
25.61623,85.75799,147.09,30.2,74.9,8794.6,18.0,47.3,Agricultural,Clay,11232.9,0,1,1
11.10575,76.5111,111.66,28.8,68.9,3948.9,10.53,169.0,Agricultural,Loam,5495.9,0,0,1
21.79751,75.74493,12.69,31.4,55.8,2530.5,5.01,162.7,Wetland,Alluvial,4606.0,1,0,0
9.71299,76.72907,165.16,32.3,74.0,4641.8,14.97,182.8,Wetland,Clay,5408.3,0,7,1
17.61304,80.44541,51.25,30.3,52.7,3425.9,7.23,149.3,Forest,Alluvial,11742.2,1,1,1
17.38604,75.824,18.79,24.1,32.4,458.4,1.42,460.3,Urban,Silt,6583.7,1,4,0
27.71122,90.21913,19.33,18.9,35.3,5109.4,10.25,94.8,Water Body,Alluvial,11808.7,0,1,1
28.58354,77.78476,83.44,31.5,42.8,3698.7,9.77,205.8,Wetland,Clay,5745.4,1,1,1
9.73638,76.10904,269.0,26.1,100.0,6897.7,18.0,12.9,Agricultural,Clay,5877.3,1,6,1
11.21644,76.04157,32.84,35.9,37.0,2281.6,7.12,33.1,Urban,Clay,5895.6,1,3,0
17.35308,76.04455,1.64,33.9,39.6,421.9,1.29,526.8,Water Body,Clay,5093.2,1,5,0
11.1276,75.99765,70.6,17.0,56.3,3560.5,11.27,122.4,Water Body,Loam,9096.1,1,3,1
25.18167,74.12546,13.76,17.8,46.3,146.7,0.76,267.9,Forest,Alluvial,4258.9,0,5,0
27.30536,95.17176,29.93,28.5,55.9,4204.0,8.84,74.9,Urban,Clay,8789.0,1,0,1
27.17237,92.41342,121.72,29.4,60.7,11281.7,18.0,107.7,Urban,Sandy,5041.4,1,3,1
21.1547,84.58015,92.45,20.5,71.0,5648.6,13.61,34.2,Forest,Alluvial,7288.2,0,4,1
25.56584,91.39022,148.49,22.5,91.0,12162.0,18.0,118.6,Urban,Sandy,6210.1,0,2,1
25.50821,93.31264,15.47,31.0,42.0,6741.3,13.76,117.3,Agricultural,Loam,5003.2,1,1,1
17.40004,81.25195,66.89,29.8,61.3,3651.7,10.56,69.1,Agricultural,Sandy,2661.8,1,1,1
26.58065,87.96164,67.78,27.1,57.4,5792.0,13.32,109.1,Agricultural,Silt,668.1,0,3,1
29.03131,77.44407,5.03,26.7,32.5,2728.6,4.94,200.2,Agricultural,Clay,6628.5,1,4,0
21.39074,85.1294,151.15,28.4,100.0,7959.1,18.0,21.0,Urban,Clay,6066.5,1,3,1
26.59002,72.23978,5.92,33.0,42.4,190.8,1.27,284.2,Water Body,Sandy,4858.9,0,6,0
22.13825,73.88148,18.78,30.2,59.0,1826.7,3.49,206.9,Agricultural,Loam,3099.6,0,6,0
26.26509,81.90771,58.77,34.7,59.4,6006.4,13.06,94.9,Forest,Loam,462.8,1,7,1
19.14227,75.77419,7.74,33.2,25.8,367.6,0.77,572.7,Forest,Sandy,6292.6,1,5,0
28.9562,77.42555,40.22,24.9,63.0,2070.9,6.48,203.0,Urban,Loam,6739.9,1,2,0
16.39252,80.13005,201.11,27.0,100.0,8621.0,18.0,147.1,Wetland,Alluvial,4881.6,0,2,1
24.90845,81.83787,158.31,29.4,85.9,11896.2,18.0,39.2,Forest,Loam,2129.4,0,6,1
17.32368,76.17707,3.73,30.8,38.5,348.0,0.24,668.0,Agricultural,Loam,410.5,1,2,0
27.4313,94.96376,169.96,27.9,100.0,13592.5,18.0,132.6,Wetland,Loam,2812.2,1,4,1
18.41636,81.55326,90.8,27.2,72.7,5339.3,14.8,152.7,Urban,Alluvial,5981.8,1,3,1
18.50975,74.98264,16.22,26.7,52.3,688.4,2.57,702.6,Urban,Loam,4912.7,0,2,0
25.25169,72.70986,26.39,27.8,44.0,212.2,2.09,173.1,Agricultural,Silt,7774.1,0,4,0
17.97342,80.90702,43.0,34.0,41.2,4062.9,9.58,23.3,Agricultural,Loam,6434.7,0,3,1
10.48917,76.56984,49.79,24.5,52.7,3359.1,7.75,110.4,Agricultural,Silt,2348.8,0,4,1
9.65805,76.32873,115.87,29.9,80.8,3911.0,12.13,127.6,Forest,Clay,1218.0,0,4,1
17.42339,80.96267,60.79,35.7,55.1,4366.9,10.77,76.9,Agricultural,Alluvial,4078.4,1,6,1
16.34085,77.48359,10.23,34.7,55.2,446.2,1.2,733.1,Water Body,Loam,2983.0,0,1,0
21.25785,85.5298,158.11,29.0,79.6,7405.5,18.0,70.5,Urban,Alluvial,8542.8,1,2,1
25.5653,94.27813,85.69,30.9,52.5,7411.1,18.0,82.2,Agricultural,Clay,5234.7,0,2,1
21.7555,76.01891,123.1,26.4,86.2,4596.7,13.05,267.8,Agricultural,Loam,11667.1,1,1,1
26.24664,81.61475,206.04,17.2,100.0,11160.5,18.0,46.6,Forest,Alluvial,6466.2,1,1,1
17.79919,74.92018,25.64,24.1,33.9,624.4,1.86,496.2,Agricultural,Silt,5355.6,1,0,0
28.30468,76.99301,70.97,33.5,61.0,2929.9,7.79,239.9,Agricultural,Clay,11892.0,0,7,1
21.73854,74.02202,65.91,35.9,64.6,2864.9,6.82,265.6,Wetland,Clay,6056.8,1,4,1
17.74703,81.73798,60.2,35.3,65.9,3888.6,11.27,26.0,Agricultural,Sandy,6220.6,0,9,1
10.91982,76.44377,40.46,25.1,54.0,2424.5,7.64,176.9,Agricultural,Alluvial,11969.3,1,2,0
20.3423,85.9677,60.47,27.3,58.7,5918.3,13.65,70.9,Agricultural,Alluvial,3088.5,0,9,1
20.72997,86.44019,90.73,27.5,82.7,6481.7,16.98,37.1,Forest,Alluvial,10831.4,1,0,1
17.91557,81.64683,66.4,27.7,44.8,4022.9,10.28,34.2,Agricultural,Loam,10171.3,0,2,1
21.7125,73.77336,74.26,31.4,54.7,3338.1,9.99,259.8,Urban,Sandy,4530.7,0,0,1
28.90368,77.69424,28.27,28.9,62.4,3664.8,9.76,202.5,Forest,Clay,8454.6,0,4,1
29.48172,77.38677,108.83,30.2,72.7,4085.9,11.89,224.2,Forest,Alluvial,6639.6,0,0,1
22.24597,75.97064,23.23,25.2,85.6,1593.1,4.28,90.1,Wetland,Loam,3169.5,0,3,0
11.1674,76.77588,11.34,34.0,33.4,1877.5,5.14,38.6,Agricultural,Alluvial,3163.5,0,1,0
29.39297,77.57442,42.26,25.2,66.2,3457.4,7.68,219.8,Urban,Loam,11070.3,1,4,1
16.75551,81.17306,7.45,25.5,34.6,3853.7,6.97,136.3,Agricultural,Clay,6799.2,0,1,0
26.99832,81.06892,72.55,26.5,76.8,5904.6,13.66,50.1,Agricultural,Silt,2909.9,1,5,1
17.15888,80.43564,110.63,25.4,77.6,5280.3,12.45,116.1,Water Body,Alluvial,3046.2,1,5,1
10.35674,76.7721,30.36,26.3,49.2,2232.4,5.28,66.7,Urban,Clay,8614.7,1,0,0
19.98862,86.06015,11.79,28.3,36.0,2721.4,5.13,72.8,Urban,Alluvial,11598.3,1,3,0
18.13338,80.57476,17.84,26.4,57.2,3007.6,7.26,124.4,Urban,Loam,6857.0,0,5,0
20.03158,84.5686,59.72,24.6,62.8,7597.9,16.4,77.5,Agricultural,Sandy,7028.1,1,1,1
26.77172,91.48798,89.38,23.5,74.7,7205.9,18.0,122.0,Agricultural,Silt,2482.2,1,2,1
27.8406,73.10999,4.29,24.2,38.7,133.6,1.09,219.4,Water Body,Loam,11325.3,0,1,0
26.47455,85.56654,17.32,35.2,26.0,3435.5,7.8,60.1,Agricultural,Clay,11535.5,1,3,0
26.61425,85.22622,44.87,23.9,74.3,4306.6,11.24,73.7,Wetland,Clay,1657.7,0,3,1
27.64893,72.18962,0.83,28.1,39.4,169.4,0.88,349.2,Forest,Alluvial,8609.5,0,5,0
22.36686,74.25442,49.6,30.5,60.8,2626.7,4.81,168.3,Urban,Alluvial,10090.5,0,6,0
28.9183,77.34796,126.28,31.5,94.0,5046.2,15.24,230.3,Forest,Clay,6698.0,0,5,1
18.18496,76.16246,51.64,29.2,21.5,634.2,3.28,486.8,Forest,Loam,6184.0,1,6,0
22.13201,74.03954,31.36,30.5,55.2,2309.6,6.71,192.5,Agricultural,Clay,8373.5,1,3,0
21.07559,86.72188,100.47,25.4,64.1,7241.5,17.65,56.0,Agricultural,Alluvial,11066.2,0,0,1
26.9408,95.24569,11.73,16.4,50.2,3873.9,7.9,128.7,Agricultural,Clay,2938.9,1,1,0
28.44395,73.2536,4.76,27.2,38.0,163.3,0.2,269.0,Agricultural,Alluvial,2267.5,0,2,0
11.47914,76.17345,14.8,33.1,78.6,2172.4,4.43,136.1,Agricultural,Clay,7053.1,0,5,0
26.57885,93.35399,1.05,28.2,54.3,2082.6,3.84,90.8,Agricultural,Loam,8527.2,1,8,0
26.67638,83.47187,30.64,30.1,39.0,3543.5,8.44,111.5,Agricultural,Alluvial,10214.4,0,2,1
22.34236,75.62987,31.92,32.3,41.2,1765.1,4.96,241.5,Urban,Alluvial,10599.6,1,0,0
10.20156,76.27594,143.73,29.0,87.8,5570.5,15.74,58.6,Water Body,Alluvial,6664.6,1,2,1
21.6045,76.02854,18.1,31.9,33.6,2364.3,4.38,157.3,Agricultural,Alluvial,9491.1,0,0,0
28.96208,77.74617,41.81,28.2,72.8,2932.3,7.16,227.6,Water Body,Clay,8348.0,0,5,0
16.00467,77.30913,49.16,23.8,62.8,730.1,3.12,663.3,Urban,Loam,8445.3,0,2,0
28.92045,77.50262,28.46,26.0,39.8,2977.8,6.37,206.1,Water Body,Alluvial,3326.6,1,2,0
29.42725,77.79094,29.4,31.5,68.1,3079.1,8.8,209.8,Agricultural,Alluvial,7309.0,0,2,0
29.02761,77.37712,37.16,25.2,55.3,4444.1,9.73,223.7,Agricultural,Alluvial,8531.6,1,1,1
26.55184,91.26105,185.35,30.7,100.0,12884.0,18.0,121.1,Agricultural,Silt,8528.5,0,6,1
24.85936,87.46815,155.22,27.4,90.5,8783.2,18.0,77.4,Agricultural,Loam,7480.7,1,3,1
28.03898,72.15824,24.54,29.3,75.3,210.5,0.2,178.5,Agricultural,Clay,10207.2,1,7,0
18.0452,80.72487,64.73,36.4,52.3,4740.8,11.04,34.1,Urban,Silt,10975.8,1,1,1
25.49402,86.47396,32.76,31.1,59.9,6754.6,14.17,105.2,Forest,Clay,5540.1,0,0,1
26.11521,93.57901,187.59,30.0,100.0,11921.5,18.0,143.8,Forest,Silt,3780.5,1,0,1
25.79618,84.79324,136.66,30.2,100.0,9034.5,18.0,36.7,Urban,Clay,5038.6,0,2,1
19.93691,86.46921,12.82,34.8,56.5,3756.9,10.38,75.3,Agricultural,Loam,3712.3,1,5,1
9.48569,76.27646,50.13,30.3,74.9,3415.3,8.39,18.1,Urban,Clay,7909.6,1,1,1
28.25957,77.36726,128.25,34.4,72.1,4947.0,14.01,222.2,Forest,Silt,588.5,0,1,1
15.31715,77.43537,3.08,30.5,58.8,432.6,1.86,585.8,Urban,Clay,5997.5,1,1,0
29.23833,77.16693,40.03,34.9,49.0,4332.0,10.11,226.8,Agricultural,Loam,8634.3,1,5,1
25.00262,81.4943,174.49,30.7,100.0,8981.9,18.0,76.7,Agricultural,Alluvial,9367.0,0,2,1
19.882,84.67375,239.7,30.7,100.0,10748.7,18.0,30.2,Agricultural,Alluvial,2861.2,0,2,1
25.91085,94.56509,88.92,27.0,60.1,6949.0,16.82,145.4,Water Body,Clay,11110.8,1,2,1
19.8012,84.96105,71.02,31.9,67.9,4684.7,11.35,66.4,Agricultural,Alluvial,3095.7,0,3,1
9.33305,76.81808,27.56,25.0,53.3,2167.9,6.44,48.6,Urban,Silt,7040.0,1,3,0
21.20862,84.50949,72.1,25.5,64.3,4748.1,11.8,34.8,Urban,Loam,2471.4,1,8,1
9.40035,75.93827,56.52,29.5,58.4,3673.7,10.56,31.7,Water Body,Clay,1123.2,1,3,1
26.10552,82.85767,64.82,37.6,90.9,8283.9,18.0,62.9,Urban,Alluvial,5855.2,1,2,1
20.48244,85.7975,14.5,24.2,41.0,2142.9,5.39,50.0,Urban,Sandy,4356.8,1,5,0
27.42479,90.46796,16.49,30.3,53.4,3917.0,7.08,130.5,Agricultural,Alluvial,10968.4,0,1,0
26.60743,82.60513,130.21,28.0,84.0,9231.9,18.0,101.6,Water Body,Clay,2304.9,0,1,1
29.0873,77.45236,61.83,31.1,62.6,3902.3,9.17,225.0,Agricultural,Alluvial,786.0,1,0,1
29.33835,77.16539,83.57,32.8,71.5,3540.3,11.35,221.4,Water Body,Clay,6549.9,1,1,1
17.85695,81.90745,103.94,30.5,65.6,5199.8,13.85,150.0,Water Body,Sandy,11081.0,0,4,1
11.41556,76.65069,278.66,25.9,100.0,7809.4,18.0,99.6,Urban,Loam,11412.2,1,1,1
28.45588,77.19047,33.62,42.0,39.8,2616.8,6.18,225.0,Agricultural,Clay,5347.3,0,0,0
25.25377,88.31659,244.57,33.4,100.0,12630.1,18.0,76.8,Agricultural,Alluvial,419.9,1,4,1
28.35496,76.86324,24.94,24.6,46.8,1566.6,2.61,214.3,Wetland,Loam,11077.5,1,4,0
26.92185,85.22448,21.97,27.9,62.2,3484.6,7.93,75.7,Urban,Sandy,6130.4,1,5,0
22.48699,77.50191,171.45,32.5,98.2,4482.3,14.7,57.3,Wetland,Clay,6388.5,1,5,1
29.04902,77.74842,164.65,32.2,86.7,5595.3,17.63,201.0,Urban,Clay,1114.8,1,3,1
14.81011,74.88514,13.25,29.2,41.2,421.3,2.23,592.8,Forest,Alluvial,6543.2,1,3,0
20.58796,86.26199,18.44,28.8,45.1,5279.3,10.49,39.4,Water Body,Alluvial,6121.1,0,7,1
22.65243,76.15612,13.42,31.7,47.4,2199.6,3.72,126.1,Agricultural,Loam,7218.4,0,3,0
27.00189,91.50962,14.97,23.5,33.5,5328.5,10.67,49.1,Forest,Sandy,11258.0,0,1,1
26.55169,85.8639,4.45,38.3,47.0,4492.6,9.32,105.4,Agricultural,Loam,9518.0,0,1,0
19.20708,75.86949,2.07,23.6,55.3,327.0,0.2,540.7,Agricultural,Alluvial,11551.5,1,0,0
26.96997,71.69131,1.38,27.8,55.0,153.9,0.89,338.0,Forest,Loam,8496.8,0,3,0
19.39692,75.82676,15.67,27.8,43.2,479.8,3.04,794.2,Forest,Loam,11203.8,0,1,0
21.08908,86.8909,86.63,25.1,72.9,5370.0,13.48,47.7,Agricultural,Alluvial,4347.2,0,4,1
17.07737,79.66043,12.53,23.9,43.0,2027.2,4.9,132.9,Agricultural,Sandy,11082.7,0,0,0
21.89007,76.95248,166.99,32.1,91.0,4816.5,16.5,121.3,Agricultural,Alluvial,10009.2,0,1,1
9.97066,76.33772,103.29,27.4,91.9,3401.9,9.62,158.6,Urban,Alluvial,1016.5,0,1,1
16.36649,80.61537,356.79,32.3,100.0,12878.2,18.0,96.3,Urban,Loam,1906.7,0,0,1
20.78197,84.58718,11.42,28.6,47.5,1864.0,4.14,53.6,Agricultural,Sandy,3422.1,1,4,0
29.41419,77.62739,23.95,30.7,45.4,2611.6,5.37,194.9,Agricultural,Loam,7986.1,1,5,0
27.85329,74.06491,26.59,31.2,51.9,227.2,0.32,245.4,Agricultural,Alluvial,11055.3,1,0,0
10.49435,76.35958,392.38,23.4,100.0,8571.2,18.0,26.5,Agricultural,Loam,10468.2,0,2,1
27.37793,90.39459,5.45,26.7,36.1,6218.4,11.62,52.6,Urban,Silt,4188.3,1,0,1
28.51836,77.53627,21.24,33.0,70.3,2725.9,5.57,217.9,Agricultural,Alluvial,10950.1,0,3,0
15.76978,75.89989,11.37,30.2,31.5,511.0,1.6,551.6,Agricultural,Clay,7620.2,1,2,0
11.10897,75.94095,87.92,27.5,68.3,3243.4,9.08,172.5,Urban,Sandy,10045.9,1,1,1
26.7651,86.38763,35.79,23.7,47.2,4501.8,10.65,53.1,Urban,Alluvial,8094.9,1,2,1
14.79169,76.62886,6.48,25.8,50.3,591.4,0.87,634.6,Agricultural,Silt,10439.0,0,2,0
28.73306,77.30197,142.84,33.9,100.0,5537.0,15.73,193.7,Agricultural,Silt,4293.8,0,4,1
9.97944,76.58744,15.07,34.4,41.0,2261.0,4.17,71.2,Urban,Alluvial,4793.0,1,1,0
11.38074,76.25668,119.77,24.0,99.4,4520.7,12.87,38.5,Water Body,Sandy,5662.3,1,2,1
10.17632,75.82295,51.47,29.0,41.7,2736.6,7.11,115.8,Forest,Loam,7578.4,1,1,1
25.02703,70.94707,2.14,26.5,36.0,190.3,0.77,245.3,Agricultural,Alluvial,10978.1,1,1,0
24.84176,85.88507,72.46,33.9,78.1,6419.9,13.43,92.7,Agricultural,Clay,8813.5,0,2,1
20.27858,84.59715,12.81,33.9,39.0,3622.0,8.46,37.0,Agricultural,Loam,7878.6,1,3,0
14.60957,76.34805,15.0,29.7,60.7,548.2,1.36,474.7,Wetland,Alluvial,6187.8,1,1,0
16.77064,75.0724,15.74,32.3,32.7,394.5,1.11,545.2,Forest,Clay,9968.5,0,0,0
27.78407,72.14256,21.29,28.7,29.6,155.2,1.03,345.3,Urban,Clay,7854.4,0,2,0
20.00313,85.83491,136.01,29.1,100.0,6194.6,16.25,33.1,Urban,Clay,6303.6,0,2,1
26.53739,92.84049,60.02,32.8,51.0,7626.2,18.0,129.2,Wetland,Clay,5960.2,1,1,1
16.95192,81.15084,140.7,21.7,97.6,7432.2,18.0,128.4,Forest,Sandy,2612.7,1,1,1
27.76815,73.29624,0.39,28.2,42.3,167.3,0.2,163.1,Agricultural,Clay,759.8,1,4,0
19.14591,75.77662,38.26,32.3,49.8,635.1,3.29,795.6,Urban,Alluvial,8459.6,0,0,0
11.33533,76.00349,372.61,28.8,100.0,9373.9,18.0,105.6,Urban,Sandy,11733.1,1,7,1
28.64936,77.15246,139.46,27.7,71.0,6003.2,16.16,224.0,Agricultural,Alluvial,4272.1,0,5,1
26.54661,83.78121,59.93,38.9,54.1,6009.4,13.47,48.3,Forest,Alluvial,10957.4,1,2,1
21.16283,84.96626,0.99,30.4,45.4,3732.7,7.91,33.9,Urban,Sandy,3093.4,0,1,0
9.57952,76.47283,413.67,30.2,100.0,9245.6,18.0,28.0,Urban,Alluvial,4495.0,0,2,1
28.96937,77.21517,9.55,22.3,26.0,1623.1,4.8,209.3,Agricultural,Alluvial,1925.4,0,0,0
22.05242,74.22823,19.77,36.0,61.9,1289.6,1.64,229.5,Agricultural,Alluvial,646.4,1,3,0
28.79104,77.02271,183.03,34.1,84.9,6987.4,18.0,229.9,Agricultural,Clay,9471.2,1,3,1
20.12765,85.31456,72.04,32.5,73.1,5065.5,12.14,34.6,Agricultural,Alluvial,1464.8,0,2,1
11.05155,75.99915,122.29,29.7,80.6,4087.8,12.32,41.2,Forest,Clay,6155.4,0,1,1
18.02876,81.61683,59.97,33.5,45.6,3909.0,9.33,137.7,Urban,Silt,10008.9,1,2,1
10.75285,76.58024,41.38,30.8,52.8,3050.3,7.15,78.3,Water Body,Sandy,6161.8,1,4,1
21.04669,85.60685,153.16,27.8,100.0,6647.6,17.54,79.3,Urban,Clay,10026.5,0,6,1
18.42965,81.3269,267.31,35.4,100.0,8886.6,18.0,78.8,Wetland,Alluvial,11047.9,1,0,1
27.8671,71.55846,17.14,30.4,29.1,243.4,1.97,231.4,Agricultural,Alluvial,6774.8,1,1,0
10.29417,75.96566,151.87,36.9,91.8,4956.8,15.03,79.8,Water Body,Loam,7083.9,0,7,1
11.2536,76.52193,73.36,26.5,76.7,3168.4,8.54,99.5,Urban,Clay,8256.2,1,4,1
16.0474,75.65098,6.07,32.8,38.4,233.8,0.81,741.2,Agricultural,Loam,2240.5,1,2,0
11.08319,76.61316,34.34,34.8,79.1,3106.7,7.57,111.9,Water Body,Loam,5473.1,0,1,0
23.1506,76.75619,38.14,21.4,35.1,2169.5,6.24,312.1,Urban,Alluvial,7921.9,1,2,0
21.37998,86.52609,68.22,24.6,75.3,4725.2,12.85,18.3,Agricultural,Clay,11429.3,1,6,1
26.9992,92.49247,272.64,22.7,100.0,15816.3,18.0,54.3,Urban,Clay,752.2,1,5,1
27.46034,91.19673,138.23,26.7,87.8,13192.2,18.0,62.3,Urban,Silt,2723.2,0,6,1
21.83881,75.95877,5.45,28.9,46.2,1330.2,2.48,124.7,Agricultural,Loam,3933.9,1,1,0
26.87556,88.29944,101.34,38.2,85.3,7892.1,16.94,114.6,Wetland,Alluvial,9034.5,1,4,1
27.2877,92.7495,82.29,26.5,46.2,6148.1,14.97,147.2,Urban,Clay,10805.6,0,2,1
25.68923,94.5029,87.78,32.4,61.5,8564.2,18.0,119.2,Agricultural,Sandy,10011.4,1,0,1
26.551,82.17747,20.26,25.3,46.1,4886.2,10.9,50.8,Agricultural,Alluvial,1842.2,0,0,1
20.38479,84.60315,193.75,34.0,100.0,10818.6,18.0,15.4,Forest,Sandy,3235.2,1,9,1
16.31145,79.89616,28.35,29.1,53.8,3233.6,7.87,96.3,Agricultural,Alluvial,7784.5,1,3,0
18.32238,81.4775,56.94,29.1,52.2,3734.3,8.69,83.7,Agricultural,Clay,3689.0,1,2,1
26.48708,71.45031,4.05,35.8,67.8,118.8,0.73,203.0,Wetland,Alluvial,9814.0,0,2,0
17.45766,79.66679,100.32,18.4,57.4,5695.1,13.7,136.6,Water Body,Loam,9347.4,1,1,1
15.26399,74.93784,17.54,22.9,64.1,380.7,0.81,503.4,Agricultural,Alluvial,501.0,1,2,0
18.20132,76.33885,62.08,27.1,70.6,706.7,3.1,780.6,Forest,Clay,5153.2,1,1,0
25.65264,80.73988,33.49,25.7,45.0,4654.2,9.9,30.8,Forest,Clay,8093.1,1,0,1
20.47894,85.78261,51.79,31.9,47.0,3896.5,9.56,43.9,Forest,Alluvial,6002.8,1,2,1
28.94935,76.98615,1.65,28.5,36.8,2333.7,5.54,202.1,Agricultural,Loam,6609.9,0,5,0
26.62468,71.06842,0.6,38.9,40.5,212.3,0.2,207.7,Agricultural,Alluvial,5411.2,1,8,0
10.42797,76.33907,14.42,25.9,45.8,2892.7,7.41,98.4,Agricultural,Alluvial,9660.0,1,7,0
21.22658,84.65151,0.49,30.8,37.6,2856.5,4.37,22.9,Urban,Alluvial,2515.8,0,0,0
26.70927,82.76135,0.83,27.3,38.0,3363.6,6.63,49.0,Urban,Clay,5596.8,0,0,0
16.64692,80.91493,31.86,29.3,56.1,3128.6,8.9,142.8,Water Body,Clay,11330.5,0,5,1
17.029,80.24363,137.25,24.6,63.5,6139.6,16.32,141.7,Wetland,Clay,10840.1,1,2,1
21.8554,74.17556,4.57,32.9,45.1,1875.3,4.24,50.6,Urban,Alluvial,11824.7,1,2,0
26.40096,72.93901,20.08,33.6,47.9,309.3,2.24,321.1,Forest,Silt,7391.5,1,1,0
26.72752,90.12468,12.2,25.4,51.6,3518.1,7.49,41.2,Agricultural,Alluvial,4651.0,0,3,0
11.22025,76.8267,87.19,27.4,62.3,2539.7,8.2,33.5,Agricultural,Alluvial,11631.1,0,0,1
25.96584,73.71891,12.4,25.9,42.2,193.7,0.5,215.7,Agricultural,Clay,3996.9,1,9,0
17.75566,75.93997,5.47,35.3,34.2,484.4,0.4,516.8,Urban,Loam,10842.9,0,3,0
17.17951,80.84108,14.02,28.4,26.3,2762.6,5.19,61.8,Agricultural,Clay,5295.2,0,2,0
17.17114,79.95646,80.82,19.3,74.6,4088.9,10.36,58.3,Urban,Sandy,9136.1,1,2,1
16.78937,80.87655,95.62,43.5,70.9,5362.0,14.42,52.4,Wetland,Clay,5752.9,1,2,1
11.25375,76.26512,42.85,29.0,60.1,2585.8,5.65,176.7,Forest,Silt,1874.2,1,2,0
28.73115,77.10461,53.36,28.9,50.1,3152.6,6.5,205.1,Wetland,Loam,10393.2,0,4,1
27.08985,72.2519,35.33,32.5,71.4,266.6,2.08,176.3,Agricultural,Alluvial,484.8,0,3,0
22.34539,75.36585,73.61,16.8,63.6,2931.3,8.65,293.2,Forest,Alluvial,480.7,1,2,1
26.70727,88.37862,3.29,29.8,54.8,4261.1,9.19,33.1,Agricultural,Alluvial,4922.4,1,1,0
26.06889,92.44215,66.77,34.1,87.7,5555.7,12.34,49.4,Agricultural,Loam,9478.6,1,2,1
25.04907,86.07668,107.39,22.7,73.6,6201.7,14.2,71.9,Urban,Alluvial,3415.7,1,2,1
25.04835,85.00696,4.63,34.9,36.6,3282.6,7.7,105.2,Water Body,Loam,11929.8,0,3,0
25.85349,70.91176,12.03,23.7,51.1,204.3,0.96,300.7,Urban,Sandy,1063.6,1,1,0
15.63317,76.13018,16.71,35.0,47.0,260.6,2.16,495.2,Agricultural,Loam,10139.1,0,6,0
26.29281,91.71622,48.18,25.8,47.6,6278.6,15.21,98.5,Wetland,Alluvial,1853.6,0,3,1
27.15085,74.01826,2.47,26.9,28.0,204.0,1.42,199.0,Urban,Alluvial,5604.7,0,5,0
11.37796,76.15721,1.09,36.2,45.9,1731.4,3.43,120.4,Water Body,Clay,5807.5,1,3,0
17.3654,75.0537,11.18,32.3,51.5,342.2,1.34,618.4,Agricultural,Clay,8921.4,0,5,0
28.21423,72.66672,6.19,32.7,53.6,190.9,1.28,211.7,Wetland,Loam,10323.1,1,3,0
21.74517,74.75542,98.45,33.3,68.2,3773.2,9.79,140.7,Wetland,Alluvial,10939.3,0,3,1
10.51398,76.47651,64.56,28.0,71.1,3023.4,7.57,163.5,Agricultural,Clay,2715.1,0,6,1
19.301,75.77506,2.65,29.2,49.9,508.8,1.04,492.5,Agricultural,Clay,11149.2,1,2,0
26.75889,87.63943,28.1,34.8,53.1,4191.6,9.35,55.0,Agricultural,Clay,8945.5,1,4,1
29.0008,77.22543,123.06,24.0,77.2,4485.6,13.4,205.7,Agricultural,Clay,2043.4,0,3,1
19.92855,86.28421,221.73,29.4,100.0,10808.1,18.0,29.5,Forest,Silt,9481.0,1,6,1
27.21979,91.63302,30.76,20.0,64.1,7431.1,15.87,62.5,Agricultural,Sandy,8123.7,0,2,1
17.48087,79.58581,30.33,30.7,46.5,3226.1,7.75,52.3,Urban,Loam,6411.5,1,0,0
19.62744,75.45792,27.47,31.7,57.3,464.2,1.9,661.3,Wetland,Alluvial,2497.5,1,0,0
17.47916,75.11627,18.06,32.6,57.7,715.5,2.66,651.1,Forest,Clay,1965.7,1,7,0
9.37088,76.82631,126.84,22.7,70.7,4033.0,13.59,68.2,Forest,Alluvial,3479.4,0,1,1
20.03088,86.68797,40.1,28.6,43.1,5091.5,12.28,49.7,Agricultural,Loam,4468.8,1,0,1
9.90201,75.92022,8.27,29.9,28.1,1655.9,1.96,112.2,Wetland,Loam,4253.0,0,2,0
17.76903,76.24384,1.55,30.7,29.8,402.2,1.18,461.8,Urban,Loam,7654.7,1,4,0
27.48552,73.69601,8.57,34.1,34.5,130.4,0.2,320.8,Water Body,Clay,7021.7,1,0,0
10.71596,76.87564,310.67,20.0,100.0,7992.3,18.0,171.0,Water Body,Alluvial,1885.3,1,0,1
11.33346,76.6924,27.64,30.1,41.8,2644.6,5.86,142.5,Urban,Clay,5295.8,1,6,0
17.93723,81.40764,376.42,32.6,100.0,12524.9,18.0,128.0,Wetland,Alluvial,11385.8,0,9,1
27.32538,89.95795,101.67,32.3,66.4,10704.2,18.0,71.5,Urban,Alluvial,7147.1,1,1,1
9.26504,76.07722,42.38,33.9,32.2,2985.8,6.4,59.7,Urban,Sandy,702.9,1,2,0
19.82707,85.71238,79.69,33.3,66.7,5820.6,14.52,17.7,Urban,Clay,418.9,1,0,1
27.52629,72.23801,2.15,25.3,40.8,106.8,0.47,306.8,Wetland,Clay,6540.7,1,2,0
28.826,77.5593,33.04,27.3,30.9,1883.6,5.78,214.2,Water Body,Sandy,2767.8,1,1,0
25.87009,84.61489,33.49,22.5,52.5,6751.5,15.2,40.5,Forest,Clay,9324.1,0,2,1
16.91498,81.96903,53.62,20.4,51.7,4170.1,10.19,134.6,Water Body,Clay,5993.2,1,1,1
20.08559,85.15505,100.67,30.6,70.1,5751.1,14.17,28.6,Agricultural,Loam,11120.9,1,0,1
19.29887,75.52575,34.93,26.9,52.1,570.5,2.5,679.4,Urban,Alluvial,1409.5,0,2,0
9.58877,76.24798,288.4,26.1,100.0,7415.7,18.0,130.3,Agricultural,Alluvial,439.9,1,2,1
20.02567,86.69257,197.85,26.0,100.0,9771.8,18.0,58.5,Agricultural,Alluvial,3162.4,1,2,1
9.40856,76.19359,14.43,29.7,68.7,3152.4,6.36,106.1,Agricultural,Alluvial,2287.3,1,2,0
28.30971,77.51049,60.14,25.4,52.9,3335.7,6.59,197.4,Urban,Alluvial,4362.8,0,2,1
17.23211,79.79122,78.4,26.1,65.3,5601.5,13.74,169.2,Water Body,Clay,4181.8,1,0,1
17.81714,81.03202,81.62,28.5,51.4,5718.7,14.1,101.0,Urban,Alluvial,8092.1,0,1,1
9.30763,76.55262,147.3,23.8,100.0,4244.2,13.32,113.7,Urban,Clay,6847.4,0,0,1
25.10605,86.2066,38.82,26.8,39.2,5392.7,10.45,70.0,Agricultural,Loam,9308.8,1,2,1
26.90386,71.12448,7.25,29.6,50.1,214.7,0.8,261.6,Urban,Clay,5650.4,0,0,0
19.80188,85.55191,29.94,25.5,34.8,4677.8,10.01,54.8,Forest,Silt,10381.5,0,2,1
19.43111,75.27843,13.22,37.7,38.8,403.9,1.26,773.9,Urban,Alluvial,4032.2,1,4,0
25.70961,81.91671,74.83,27.5,40.4,6918.3,16.88,33.7,Forest,Alluvial,418.1,0,4,1
25.99199,95.28268,50.64,35.6,64.8,5645.8,12.27,93.5,Urban,Alluvial,8869.0,0,2,1
22.63042,77.46579,50.94,27.8,67.9,2414.1,7.19,65.7,Urban,Alluvial,2647.8,1,5,1
25.54241,94.00479,37.06,20.8,48.9,7151.5,16.76,94.6,Agricultural,Alluvial,10585.2,1,4,1
9.37303,75.86519,319.97,33.8,100.0,8109.9,18.0,91.5,Urban,Clay,3797.9,1,2,1
9.23791,76.42011,69.2,31.1,58.4,2428.4,7.41,74.9,Agricultural,Clay,9316.9,1,2,1
17.28692,81.09988,131.61,37.0,82.9,6247.7,16.49,116.9,Agricultural,Loam,10087.8,0,3,1
25.72414,82.15708,26.84,34.6,44.0,3612.1,7.34,97.3,Forest,Sandy,1126.4,1,0,0
18.15636,75.16409,1.69,24.0,31.4,425.3,0.59,778.2,Agricultural,Clay,2713.5,0,6,0
29.07873,77.65352,13.32,32.0,40.8,3457.8,6.79,239.7,Agricultural,Loam,8133.3,1,3,0
16.26672,80.71433,180.97,29.0,99.4,7978.7,18.0,135.4,Forest,Silt,11004.3,0,7,1
28.58342,77.07768,66.11,31.6,38.4,3915.7,9.96,200.9,Agricultural,Clay,9255.7,0,0,1
26.76647,91.43625,105.04,29.3,81.0,8777.1,18.0,90.9,Agricultural,Clay,5932.6,1,4,1
21.85093,75.43984,47.92,30.5,56.2,2448.7,5.71,229.0,Agricultural,Alluvial,5828.2,1,1,0
27.19669,82.79911,39.46,31.4,45.0,6475.5,12.79,55.4,Forest,Alluvial,7870.4,1,0,1
22.24936,75.23154,60.56,31.0,49.9,2262.8,5.89,168.1,Agricultural,Loam,2575.8,0,4,0
26.00494,88.04627,127.74,23.0,91.3,8742.1,18.0,75.8,Water Body,Silt,8331.2,0,2,1
17.52464,80.91603,72.24,34.1,78.6,4302.9,10.57,28.5,Agricultural,Silt,11775.8,0,3,1
19.81492,84.6788,18.64,27.2,64.9,3890.8,9.23,65.4,Forest,Loam,2565.9,0,7,1
18.39795,81.23511,107.55,31.6,80.2,5115.2,13.57,53.2,Forest,Silt,9422.0,0,2,1
22.34912,75.84331,2.02,33.8,27.8,1868.0,4.18,192.5,Urban,Clay,6084.2,0,1,0
15.88808,75.75549,18.98,35.4,72.6,401.9,0.95,546.7,Forest,Loam,2735.5,0,0,0
29.37442,76.88101,1.6,22.7,40.9,2752.7,5.69,195.8,Agricultural,Alluvial,10722.5,1,1,0
20.38602,86.77541,246.1,40.2,100.0,8989.8,18.0,64.2,Agricultural,Alluvial,2553.9,0,2,1
19.80792,86.51288,38.16,20.7,53.8,3574.0,8.06,28.5,Water Body,Alluvial,6400.7,1,6,1
26.4712,83.04864,55.61,22.0,65.8,5633.3,13.2,104.1,Forest,Alluvial,3039.9,0,1,1
23.10818,76.99349,28.0,29.5,20.2,2355.6,7.22,178.0,Urban,Loam,5653.7,1,4,0
29.03209,77.75225,10.2,32.8,42.7,1883.2,3.23,196.7,Urban,Silt,503.3,1,0,0
18.4569,76.74813,56.35,33.8,56.8,605.0,2.03,707.7,Urban,Alluvial,5714.6,1,1,0
26.82985,85.78023,151.41,29.0,95.2,8642.4,18.0,97.1,Agricultural,Loam,1791.7,0,1,1
9.38951,76.88311,241.6,29.4,100.0,6825.6,18.0,170.8,Agricultural,Loam,8640.1,1,4,1
25.15164,73.84488,41.15,27.6,60.7,237.7,1.31,161.7,Urban,Silt,770.2,1,1,0
26.69123,93.81704,105.7,36.1,72.1,10463.6,18.0,94.5,Urban,Sandy,10025.1,1,2,1
18.42047,79.72942,3.91,29.8,43.8,1471.8,1.62,27.3,Agricultural,Sandy,3437.6,1,0,0
25.6145,90.78974,105.65,21.2,66.6,7114.1,17.26,56.9,Forest,Alluvial,1051.2,1,1,1
15.80961,75.21549,7.98,44.6,32.9,285.6,1.74,551.7,Agricultural,Sandy,2843.4,0,5,0
25.61758,81.86562,186.87,31.7,100.0,11865.7,18.0,40.6,Agricultural,Alluvial,6128.1,1,2,1
27.71503,94.07969,49.88,33.3,40.1,6422.0,14.07,77.4,Agricultural,Clay,7445.9,1,1,1
25.11514,72.65211,0.58,28.0,43.7,139.7,0.2,271.8,Agricultural,Alluvial,9956.7,1,2,0
10.14896,76.00972,65.56,29.0,63.0,3586.9,10.08,38.0,Water Body,Alluvial,6497.8,0,2,1
25.9755,72.38715,1.71,30.1,36.0,143.5,2.01,298.7,Urban,Loam,8154.4,0,0,0
28.40893,77.20269,36.48,34.3,44.2,2714.0,7.46,212.2,Agricultural,Clay,7284.8,0,5,0
25.99354,93.93623,153.43,30.4,100.0,12098.1,18.0,43.7,Agricultural,Loam,4955.3,0,0,1
26.49335,71.46849,18.87,36.2,48.7,224.7,0.2,274.6,Forest,Alluvial,8965.7,1,3,0
28.33451,77.093,94.38,30.8,54.2,4281.4,11.56,196.3,Agricultural,Clay,6244.5,0,1,1
29.3463,76.95584,60.95,25.8,61.0,3931.9,10.17,216.2,Urban,Loam,9925.2,0,9,1
25.54352,85.03883,52.17,38.8,68.6,6337.0,15.34,103.7,Urban,Loam,2869.1,0,5,1
25.66857,84.99254,128.29,28.9,52.0,7332.9,18.0,108.4,Agricultural,Sandy,7482.9,1,0,1
29.24281,77.03252,9.52,31.3,47.2,1922.9,4.64,190.9,Forest,Clay,9911.6,1,4,0
22.87075,74.19426,1.64,34.7,63.2,1516.6,3.92,52.1,Agricultural,Clay,2353.7,0,1,0
28.94006,77.47658,91.68,32.7,65.1,4855.6,13.1,207.2,Urban,Silt,1576.5,1,1,1
16.79653,80.58894,6.82,26.3,33.3,2263.6,4.44,43.0,Water Body,Sandy,6768.0,1,9,0
20.49264,86.32135,5.06,29.1,36.9,2403.6,4.98,33.6,Water Body,Clay,4825.7,1,0,0
27.3233,90.8524,9.73,34.2,35.4,4814.4,9.73,89.7,Forest,Sandy,3246.1,0,1,1
26.3102,87.52264,14.0,25.2,60.2,3575.7,7.87,38.4,Wetland,Clay,10498.3,1,7,0
9.74014,75.89334,243.65,34.4,100.0,6403.2,18.0,107.4,Water Body,Clay,7398.6,1,2,1
28.28851,77.63555,321.44,22.3,100.0,9234.9,18.0,199.0,Urban,Sandy,9523.1,1,1,1
26.87239,90.88298,16.88,28.1,51.9,7016.8,14.69,65.0,Agricultural,Clay,6814.6,1,3,1
27.68626,95.06151,60.17,28.9,50.5,7905.6,18.0,85.3,Agricultural,Loam,8637.5,0,7,1
28.49617,77.78215,10.68,30.0,50.1,1284.0,2.56,239.9,Forest,Silt,795.6,1,3,0
11.24488,76.84697,14.93,29.3,40.2,1983.9,3.47,126.4,Water Body,Alluvial,8394.8,1,3,0
25.54346,92.05124,27.82,38.9,60.4,6534.0,13.84,77.5,Forest,Clay,11437.5,1,5,1
26.30676,72.009,0.27,28.0,47.4,199.4,0.2,215.1,Agricultural,Clay,10650.0,1,8,0
22.4826,74.66118,97.91,22.1,73.6,3888.8,11.54,257.4,Agricultural,Loam,9374.6,0,1,1
10.37833,76.85459,35.49,34.3,48.4,2472.1,5.72,161.9,Agricultural,Clay,3406.0,1,2,0
26.25923,71.91664,25.0,29.2,44.5,147.8,1.74,246.6,Urban,Alluvial,2820.2,1,3,0
17.99426,79.85582,4.38,27.4,49.7,2040.8,5.22,170.2,Forest,Clay,6510.6,1,0,0
26.11542,71.97139,4.51,25.9,25.2,129.6,1.06,250.2,Water Body,Alluvial,7395.7,1,7,0
10.53908,75.97546,142.93,27.2,100.0,4394.1,13.12,61.7,Agricultural,Clay,10476.2,0,3,1
28.96968,77.5257,321.46,25.5,100.0,9580.0,18.0,204.4,Agricultural,Clay,5203.9,0,5,1
26.69865,72.3222,12.17,29.9,48.9,147.0,0.71,186.0,Wetland,Alluvial,3879.4,1,2,0
24.8834,86.01562,297.69,27.7,100.0,15357.4,18.0,113.6,Urban,Alluvial,4867.0,0,1,1
17.9667,75.85912,19.27,24.2,44.3,616.4,2.66,530.0,Agricultural,Silt,1254.6,1,7,0
22.3113,74.65397,6.86,32.2,55.6,1477.9,4.77,257.1,Agricultural,Alluvial,3530.7,1,2,0
18.23393,81.5342,10.58,30.5,33.6,3551.3,7.62,34.7,Forest,Alluvial,5285.1,0,7,0
17.7811,81.0916,4.11,23.5,43.8,2937.2,6.72,137.9,Forest,Silt,8885.1,1,7,0
20.13645,85.42509,20.18,25.5,49.1,4237.4,9.92,82.7,Agricultural,Loam,1757.8,1,1,1
25.05178,70.74281,15.21,30.4,32.5,200.2,0.88,284.3,Forest,Clay,3691.8,1,1,0
20.80994,85.21107,385.89,29.3,100.0,15831.1,18.0,15.8,Agricultural,Loam,3974.3,0,0,1
15.90215,76.99843,3.0,27.5,40.4,394.0,2.0,664.1,Agricultural,Loam,11656.1,0,4,0
27.61183,94.7175,311.52,30.4,100.0,18719.8,18.0,99.8,Forest,Alluvial,2104.3,0,2,1
9.65697,76.69662,281.07,21.5,100.0,6962.9,18.0,105.4,Agricultural,Clay,6992.1,1,2,1
22.98454,77.16959,10.96,26.0,39.3,2098.5,5.21,132.9,Water Body,Silt,2177.5,0,8,0
27.17386,87.59128,1.35,20.2,45.8,4073.2,7.94,58.1,Agricultural,Sandy,8591.7,1,3,0
27.19069,95.2491,165.71,24.6,100.0,11420.8,18.0,144.6,Urban,Clay,8558.0,0,1,1
21.83916,77.57371,147.53,29.6,94.3,4388.8,13.9,252.9,Urban,Alluvial,10142.5,0,5,1
15.17793,75.62265,11.47,34.8,33.7,472.9,1.51,682.7,Agricultural,Loam,10668.5,1,2,0
19.52474,75.50608,4.75,37.7,31.5,253.4,0.62,618.2,Agricultural,Clay,10814.0,0,3,0
27.25734,72.54817,1.97,25.3,53.0,149.4,1.31,151.7,Agricultural,Alluvial,6067.5,1,0,0
22.12062,74.43824,56.04,26.9,54.6,3147.8,7.41,317.8,Agricultural,Clay,8474.3,1,4,1
26.0004,94.46221,138.71,25.9,98.8,10065.0,18.0,146.6,Agricultural,Alluvial,5516.3,1,7,1
22.08521,73.77549,190.05,34.7,100.0,5429.3,16.54,220.8,Agricultural,Alluvial,7186.3,1,6,1
17.48808,81.51006,186.75,32.3,100.0,6974.2,18.0,67.6,Agricultural,Alluvial,2865.9,1,2,1
26.80277,74.4788,1.83,31.9,43.3,167.6,1.12,216.6,Urban,Loam,9949.4,1,2,0
21.11357,86.26934,1.93,25.5,66.4,3157.4,6.45,22.0,Forest,Loam,10301.7,1,4,0
16.86787,76.70594,21.28,28.8,47.1,555.1,1.55,576.8,Water Body,Clay,7191.5,1,2,0
29.31878,77.65661,96.8,34.6,79.3,4889.2,14.85,214.5,Agricultural,Clay,9428.4,1,1,1
18.17812,74.99815,6.31,34.8,39.6,490.3,0.72,523.1,Water Body,Alluvial,11917.4,1,3,0
11.04645,76.51858,69.52,22.3,70.7,3869.2,8.92,149.6,Urban,Clay,6788.4,0,7,1
28.50696,77.6637,23.34,30.8,30.4,2558.6,6.75,207.6,Agricultural,Clay,10895.6,0,3,0
29.29764,77.65793,58.95,32.3,73.1,2915.8,7.8,191.6,Forest,Silt,3513.3,1,2,1
19.40805,76.02339,5.13,27.3,56.5,429.8,0.41,611.9,Agricultural,Sandy,5594.5,0,3,0
28.43088,77.20334,8.31,36.7,44.3,2040.7,5.49,229.2,Agricultural,Silt,2817.2,1,2,0
28.77715,77.06758,19.6,34.3,46.4,2328.4,4.34,199.0,Forest,Loam,733.0,0,0,0
22.60378,75.36921,184.64,32.3,100.0,5461.8,18.0,52.9,Forest,Silt,477.6,0,6,1
29.37473,76.82963,155.1,36.1,100.0,6486.0,16.54,229.0,Urban,Clay,5445.0,1,3,1
26.50654,87.65506,21.93,34.7,42.7,4240.2,8.62,119.4,Urban,Sandy,465.4,0,3,1
17.08298,81.35376,23.34,30.6,64.1,3366.0,8.25,98.3,Urban,Alluvial,8820.6,1,6,1
10.98179,76.36984,11.69,25.6,25.6,1818.7,3.47,151.4,Forest,Alluvial,1700.8,0,1,0
11.00083,76.28517,89.3,26.9,80.8,3668.2,9.86,92.5,Agricultural,Alluvial,4350.9,1,5,1
18.16779,80.39618,292.42,30.8,100.0,9093.0,18.0,120.4,Agricultural,Loam,2074.3,1,0,1
19.72976,76.68283,69.35,28.9,64.8,758.6,3.86,735.0,Urban,Silt,10352.8,1,2,0
17.44561,75.13239,32.6,36.5,51.8,586.1,1.03,542.4,Wetland,Loam,7816.1,1,2,0
26.91447,73.14536,12.08,27.5,41.1,164.3,1.75,203.6,Agricultural,Sandy,8633.2,1,1,0
22.09505,75.39623,69.43,26.8,77.9,3482.9,8.5,264.5,Urban,Clay,2213.5,1,2,1
26.83903,90.3944,93.23,25.9,68.6,7610.6,17.86,51.0,Urban,Clay,8296.6,0,3,1
25.40505,70.81697,13.2,33.0,37.5,226.2,0.2,211.8,Agricultural,Clay,3301.9,1,0,0
22.69679,75.50111,11.51,29.0,38.6,2926.7,5.99,229.7,Agricultural,Alluvial,8793.4,1,2,0
25.78837,71.01698,14.06,22.5,54.4,130.7,0.49,312.0,Forest,Alluvial,433.4,1,1,0
25.93044,91.78766,66.11,30.6,72.4,7032.8,16.46,56.6,Agricultural,Silt,10114.8,1,2,1
26.04555,81.26472,78.95,27.3,61.2,7181.3,16.08,87.7,Agricultural,Alluvial,11004.8,1,1,1
25.98996,93.49677,11.94,37.3,48.0,4896.8,10.86,43.5,Urban,Sandy,5474.3,1,5,1
28.59189,77.34078,154.38,30.5,75.7,5291.6,14.85,221.2,Forest,Silt,2710.4,0,5,1
21.22605,85.5108,47.12,26.6,52.9,4918.2,11.73,81.3,Agricultural,Alluvial,3701.0,1,1,1
25.04301,82.74853,15.84,28.7,38.9,3494.2,6.05,80.7,Agricultural,Loam,11546.8,0,7,0
22.99429,78.36081,17.0,22.1,33.4,2191.9,4.1,215.3,Forest,Sandy,2731.0,0,2,0
27.21875,94.52444,166.33,29.8,90.8,10658.8,18.0,131.8,Agricultural,Silt,2488.0,1,0,1
18.8437,75.01113,30.04,38.1,44.4,487.4,2.21,526.0,Agricultural,Clay,7533.8,1,2,0
25.62153,94.07808,68.91,29.5,70.9,6789.3,15.91,59.5,Agricultural,Alluvial,10550.1,1,0,1
20.03852,85.05264,14.88,29.8,44.7,5147.4,11.11,52.9,Forest,Alluvial,10214.9,0,6,1
17.54417,82.07216,19.68,24.1,57.8,2190.2,4.32,28.1,Wetland,Clay,1952.7,0,1,0
10.02667,75.98313,63.73,23.5,83.4,3008.2,8.84,68.6,Urban,Alluvial,5795.9,1,5,1
16.50247,76.32766,8.57,26.2,40.6,619.0,2.09,593.4,Forest,Sandy,2873.5,1,6,0
15.39673,74.88719,1.24,29.4,47.4,512.0,1.82,741.9,Agricultural,Silt,11376.4,0,5,0
28.27795,72.04646,22.08,20.8,71.0,249.4,1.53,218.3,Urban,Alluvial,10382.0,1,0,0
16.9083,81.64088,10.17,33.5,39.9,3945.4,7.37,43.0,Agricultural,Loam,1063.6,1,9,0
17.49254,79.65885,192.74,32.0,100.0,7196.5,18.0,46.3,Agricultural,Loam,445.6,0,5,1
20.92387,85.01268,12.43,31.2,32.2,4942.7,10.69,15.4,Agricultural,Alluvial,6533.5,0,2,1
10.89074,76.84309,81.34,35.2,42.4,3036.0,9.06,143.1,Forest,Alluvial,10203.0,1,2,1
25.82236,81.07798,34.57,34.0,44.6,6254.5,13.08,110.5,Urban,Clay,9314.7,0,0,1
25.04294,81.67235,98.18,25.0,79.5,5845.9,17.4,111.0,Agricultural,Alluvial,9244.5,0,3,1
20.67362,85.94953,121.28,26.8,62.8,6839.4,16.32,76.3,Forest,Sandy,7700.2,1,1,1
28.29755,77.58691,44.08,33.3,60.6,3438.5,8.16,238.3,Agricultural,Clay,10093.7,1,4,1
25.18434,72.4471,18.59,29.7,44.4,177.8,0.25,272.1,Urban,Silt,5779.6,1,2,0
21.52649,77.82627,22.68,35.5,61.2,2387.6,4.76,198.2,Agricultural,Silt,11321.5,0,6,0
26.26908,72.07771,0.56,40.2,43.3,154.0,0.46,257.5,Urban,Alluvial,5915.1,1,3,0
16.81688,74.86032,33.35,22.5,61.4,582.3,2.85,536.9,Agricultural,Alluvial,10913.5,1,5,0
25.81819,94.09118,79.74,29.7,89.1,6056.7,14.59,57.0,Forest,Alluvial,3088.0,0,1,1
9.21609,75.95615,25.28,30.7,27.3,2414.9,6.6,69.3,Wetland,Alluvial,401.8,1,2,0
18.27665,81.90106,25.52,26.5,58.5,3368.4,6.69,123.5,Urban,Clay,7125.2,0,2,0
28.94587,77.23646,85.41,29.9,67.2,4115.4,10.76,210.1,Urban,Loam,6495.0,1,5,1
27.32384,95.05206,109.67,21.0,75.7,9709.0,18.0,83.9,Forest,Loam,1374.7,1,0,1
26.14361,81.72545,117.58,22.1,72.6,7953.9,18.0,114.7,Urban,Alluvial,4986.0,0,6,1
26.86218,71.5763,10.57,31.6,38.6,226.5,0.27,243.6,Wetland,Clay,5751.7,0,2,0
25.8853,94.20245,172.48,36.3,100.0,13291.9,18.0,58.7,Agricultural,Loam,2295.7,1,0,1
19.99465,84.7896,120.37,30.0,65.6,7072.7,18.0,50.2,Agricultural,Clay,8432.4,0,1,1
19.52877,74.9283,23.01,32.9,65.4,432.5,1.45,611.3,Wetland,Alluvial,10941.0,0,0,0
25.16474,84.35958,153.8,33.9,100.0,9117.7,18.0,70.8,Forest,Clay,10099.8,0,3,1
25.88844,91.05989,64.34,33.2,72.2,7384.8,16.17,57.6,Agricultural,Clay,3894.1,1,2,1
21.52853,74.46009,113.53,27.1,70.4,3865.8,13.04,304.9,Agricultural,Loam,9444.1,0,0,1
28.89498,77.50472,12.91,32.4,67.6,2322.8,4.75,229.6,Agricultural,Silt,2917.5,0,4,0
17.22886,80.44537,3.32,30.9,41.1,2991.3,7.15,60.6,Agricultural,Loam,4761.9,0,3,0
22.51852,74.75832,65.73,24.5,80.6,2877.3,8.68,134.4,Forest,Alluvial,4495.8,1,0,1
21.9587,77.63885,130.23,33.4,99.0,4785.2,14.93,108.5,Agricultural,Silt,1065.9,0,1,1
19.0724,76.89921,38.0,30.0,43.3,547.2,1.54,653.6,Agricultural,Alluvial,10026.3,0,3,0
25.11322,70.82725,11.48,28.8,50.7,148.9,0.2,334.1,Wetland,Alluvial,10749.6,1,0,0
18.2388,79.77141,1.33,28.4,52.4,2595.8,5.87,56.9,Water Body,Sandy,4287.8,1,3,0
22.85531,77.71147,208.15,24.5,100.0,5581.4,17.51,147.9,Forest,Alluvial,661.8,1,8,1
25.44678,87.73108,78.29,29.3,59.2,6501.4,15.06,51.5,Water Body,Silt,9300.7,0,3,1
17.7602,80.43799,57.16,30.5,51.7,4233.6,9.31,55.4,Agricultural,Clay,3253.2,0,0,1
26.40912,85.81821,119.7,29.8,80.7,8075.8,18.0,31.3,Agricultural,Clay,4037.6,1,2,1
25.92749,84.71797,352.95,25.0,100.0,17929.1,18.0,59.9,Agricultural,Alluvial,813.0,0,2,1
28.95461,77.48171,72.62,33.4,59.8,3701.4,10.13,226.8,Agricultural,Clay,11834.9,0,2,1
26.44275,91.95955,3.88,31.8,52.2,5006.8,10.93,102.8,Urban,Alluvial,636.6,0,6,1
22.29855,74.41395,30.49,26.9,58.0,2464.1,5.34,303.1,Wetland,Loam,7461.1,0,1,0
21.75323,74.80953,9.38,29.8,20.0,2025.4,4.95,181.6,Agricultural,Clay,4334.2,0,0,0
25.07803,74.13314,7.83,15.7,48.5,222.7,1.13,170.7,Urban,Alluvial,10346.1,1,0,0
25.66417,86.28621,18.54,22.6,56.7,4752.6,8.51,46.1,Forest,Clay,10763.8,0,4,1
21.18837,85.25937,164.82,27.1,100.0,8906.3,18.0,48.7,Agricultural,Sandy,758.4,0,1,1
25.9236,90.6547,19.03,27.8,55.9,6243.3,13.56,45.3,Water Body,Alluvial,2892.0,1,4,1
9.30183,76.68262,17.73,36.3,52.2,2226.2,4.89,33.4,Forest,Loam,11395.7,0,6,0
19.93488,86.04301,36.51,27.0,64.6,4859.6,12.69,38.9,Agricultural,Alluvial,11341.0,0,4,1
26.62198,72.07926,1.76,23.3,32.0,191.6,0.2,282.6,Urban,Silt,7836.1,0,2,0
21.2877,85.14121,144.73,32.2,66.9,9084.0,18.0,54.5,Agricultural,Clay,10208.5,1,2,1
25.44368,70.72547,2.48,32.3,22.9,167.6,0.71,340.6,Water Body,Sandy,1046.2,0,6,0
25.69962,90.99667,131.73,22.1,95.9,9889.8,18.0,116.3,Water Body,Clay,4473.9,0,2,1
23.00625,78.20057,29.48,34.4,52.8,2351.8,5.17,276.7,Agricultural,Clay,4461.0,1,2,0
17.50139,75.80745,10.81,30.7,52.7,448.2,1.25,462.1,Agricultural,Alluvial,5892.7,1,3,0
25.1967,80.82117,34.08,28.9,29.0,3119.5,6.79,78.3,Water Body,Alluvial,7972.4,0,2,0
22.68566,76.19103,8.88,31.2,28.9,1935.2,3.62,97.1,Agricultural,Silt,4691.1,1,3,0
25.94658,93.571,46.12,31.2,46.0,8026.0,18.0,123.9,Urban,Alluvial,7648.7,1,3,1
20.63329,84.98326,20.58,28.6,56.4,3747.8,7.32,15.7,Forest,Clay,11267.2,1,2,0
26.49067,83.35103,31.4,31.2,27.1,5550.1,11.62,100.7,Urban,Clay,6298.2,1,2,1
25.95891,88.42008,6.35,26.4,30.7,4409.3,9.35,111.7,Urban,Clay,6220.8,0,2,0
25.76046,91.36468,229.95,28.7,100.0,17034.7,18.0,109.4,Agricultural,Loam,2112.8,0,2,1
