temperature_c,humidity_pct,wind_speed_ms,vegetation_density,drought_index,slope_deg,precipitation_mm,human_activity_score,wildfire
44.21947520329773,57.647794856304536,25.597708541993114,0.35954284839718675,60.28857058098986,30.55010749268554,0.675353127106037,0.35037446219567736,1
18.667863652945442,8.086350351377362,21.95834606533045,0.5939454978483519,35.94074648430829,39.53342394886829,0.08431144378707997,0.35745478149996046,1
41.06241685878312,58.80060794821236,28.500432228951162,0.2840086693725619,30.746756710768754,37.9186831108654,1.2929131830327059,0.2631792565010801,1
27.61752926897,40.418175549230305,2.732905935754303,0.24001798447602382,1.9881359759688966,35.88117477851014,6.162293160032595,0.11706408143161384,0
27.575879323282518,40.83410550483195,19.38179435867471,0.5359160545788828,71.51527118152595,12.309021748355885,0.1810353862363233,0.20402486294843358,1
36.323343321635306,35.806864680580745,16.046696734106927,0.30091905126469654,62.42064185895342,19.06630673743344,1.0394431845898697,0.8812725501371577,1
28.782284288088796,59.57655176084475,25.378803407987554,0.9577731463042812,53.83620676143844,9.704294169009065,3.312995834432517,0.956932222736178,1
29.317541345131453,16.21677887825501,13.817744496275044,0.16981272688917448,70.22015596353354,31.273800279068,9.04960342039362,0.986358696164789,1
32.84658433563622,35.85997693475505,16.27677122292799,0.709104582487085,44.9451324176396,24.23965118227745,1.7842124179391274,0.5311134565546077,1
39.85517976644757,26.48991043720237,3.413081547207504,0.6085618317098165,78.64663874896743,15.484309576741222,1.434120826650064,0.22863311644667295,1
48.61841788219836,24.621857841533423,4.7697932059384,0.4154514895643465,24.79525617236027,7.5224301019624775,0.33691548628473406,0.7701939973760566,1
30.981738812862805,62.47950028959682,21.91855587750472,0.44196166906943,85.48232521223848,30.203811389601412,9.12741149583754,0.8299089596102632,1
29.967803237156314,50.665081709430694,6.996376377070575,0.3476342867659633,93.53598830662092,29.62504251301681,1.705562956138831,0.7151563327368671,1
18.971229539198966,10.766025913143725,27.66406218820038,0.1248623673155386,99.45673417206565,12.63488732466252,3.776557804633311,0.06776965813657554,1
22.626460427128343,71.794057812469,11.249730490246971,0.35172836099444094,32.16692595856044,0.36223893299160537,3.1148734117996897,0.2820124037819426,1
48.51152241737711,26.500286712562954,28.593395052010816,0.471677598783525,31.212598006958704,30.203576435549998,8.868413907837958,0.2130465628503967,1
48.01727521415383,20.757581004667887,15.877558670509194,0.4852816706508245,53.010257050944944,18.996306427983473,3.496027020506103,0.2614311062904685,1
45.863849840477414,83.8340902691897,5.8666274305746455,0.23949991821198047,18.576821787219977,39.01465842113837,18.79156674000938,0.783285055575702,0
37.624369684118776,36.1093184192313,9.673816238541468,0.8137728153290897,31.682282650992867,42.69572266176391,1.572277508932115,0.7080037105820703,1
22.4838684245713,22.30669432333809,13.3416170169796,0.7935427836320893,74.89770683623588,6.131892035707688,1.4961846839450352,0.9047227970554608,1
37.28912048323937,91.73968257798867,19.97718643691698,0.7039446302015681,36.49723456113303,23.12952376014436,5.230686226328732,0.7496255480223054,1
19.87011881947162,52.31723626957422,3.964928853061812,0.8824895603899638,59.553111524408706,6.799614194967813,20.39819378161523,0.4519666894896204,0
31.05464246068769,37.173703473545515,19.234439942565054,0.24071452485510778,11.314739114612216,4.253228403713132,3.8591991724822345,0.34137898310407655,1
45.58521148047114,6.896763060035589,9.225028860887234,0.4554646745973445,89.69062098327669,17.296454875453378,6.651571512050784,0.554962092241651,1
24.045760705347575,75.62326237383287,16.71759828301407,0.28491512031816324,49.064342830066735,37.56083031365893,1.7484469439956758,0.26179972409416974,1
38.2697884216886,57.785083385362526,18.097851633416624,0.2846909766031378,53.020619923986125,43.215276672420984,4.1734668771879155,0.8850994378077803,1
45.19360176129358,23.024090976176666,26.08649150530413,0.9867460644298208,1.5116318245809834,28.463445942421473,3.1944201676820496,0.00810383798678005,1
20.20968220654766,46.405199531087035,14.717659434466361,0.9620785980444887,77.73675115995312,32.53183835835809,0.9626216904875934,0.9207802114846678,1
34.70324853556406,8.62709408062452,16.889112780046343,0.13401633193410223,86.60550719178353,38.41938930839888,7.090674009950258,0.39897896905349073,1
20.57043423346017,46.97165235260056,15.387972044825938,0.7784980530090618,14.106441564576444,11.173897180929774,6.443547161734431,0.3050029785335193,1
21.05132243038047,62.479766930971095,12.926349666415318,0.969501610082067,91.90449305728306,9.218160722539645,4.751280312527167,0.030383401271721344,0
18.640803634658088,78.50038805420326,18.26408097316934,0.36054791303159495,6.289430312796041,33.4058471705826,4.318243683666526,0.10002426095277062,0
22.10281575500585,46.9508512283514,20.303032386816795,0.25058076389354067,24.04729802890887,12.336873748345651,7.977454506889787,0.9732817122997228,1
30.931625385301075,11.714931949953568,18.94697394238331,0.9732011135223201,34.7375737727389,7.865514109119797,7.424359836967458,0.6318829848492277,1
42.81012206798759,29.256961786188963,19.148025627331176,0.6908351202970967,7.175640371541947,43.557244625628236,2.776441420555052,0.09876948521091222,1
49.67879383432736,61.54921030878297,13.806971149964024,0.2269613636770464,84.8251407375709,43.99789777276408,1.2233014519071383,0.32783760982466537,1
43.17560202031583,52.73541466448076,9.933650020374671,0.83820298360588,19.34667823935183,23.980904320024184,2.2326407284670817,0.988123258760973,1
28.209539200074786,50.8059112291321,18.41166252785437,0.30531098845828153,5.907116441175486,25.384835144398334,1.9679487071180037,0.16617120045162903,0
33.05080989676438,33.505864314418204,23.937887288607246,0.8762159764213778,85.85560098950273,39.59760210548379,7.287909788266871,0.9803024104083845,1
17.06146224802271,66.51534374798361,15.240113153902325,0.9714522302078796,38.0613944692089,36.96511478338024,1.5693095295395063,0.5374312266564348,1
39.888349017106,7.477343730193029,16.633172729404222,0.44451264921150413,91.1516128426342,16.008155716991595,6.087325824610268,0.3762781199261308,1
17.537773468917266,34.96487074183846,11.9853496624542,0.43083927897609997,12.893919779801244,7.692637993998138,1.2978764611038893,0.47248724661145514,0
45.89140536754579,79.21058539003994,10.34218279772398,0.7354700548336287,73.60003046181666,30.86365415807697,9.95635194451133,0.2332844407952014,1
40.41202364982955,90.6549003015349,25.90322431948502,0.2658381156434923,70.03322610429282,41.92818832825594,1.2726984608282947,0.8954440596208226,1
44.16781743546146,60.22664344701895,15.013392282700359,0.6387365424613101,57.467015958003174,21.98511508786419,14.560169070321864,0.42926975712222193,1
39.85807393403661,11.639795400210584,25.45703131834566,0.2604986964011344,86.15783305928625,21.720894300985798,8.238030592989103,0.5757775977337809,1
39.41004713714671,5.18595706526863,17.027737193240377,0.6580796798184173,23.83617715019877,13.516465490652571,6.996306453141057,0.01758901064230478,1
47.553598119286036,67.03999735780923,8.880028900195217,0.7889151659994358,65.32942633003015,39.42683038405587,3.0756333338384167,0.21428203358523767,1
45.8585462100049,44.938633600999765,23.62174893361647,0.8610794612723955,72.70664057156063,43.731354980402386,10.101787929049479,0.19404162306436235,1
18.324019415376032,67.85859803842615,10.102722015292887,0.22459677590305782,36.47623616091445,42.70138273837999,4.406441298942471,0.8486714994860862,0
30.977374603309084,41.881123964764015,9.07759024922383,0.5822147291327958,20.004850074273772,6.711998233967652,14.508280694949288,0.8148737934283341,1
32.245322214982544,54.47568246505226,0.28992476266778033,0.511169628231011,92.84857852510102,37.332929980319115,0.2211595532426991,0.21427432613204966,1
18.814072637754126,11.278924549121953,15.612379043527229,0.24551942435217888,99.69180316123331,38.84213266054793,1.8040857104830266,0.5082401855055733,1
20.38070613016124,21.131058773065067,1.4393985359734107,0.5833728369996072,70.06897124964452,38.82896413741684,1.547319271140291,0.4797433016009929,1
49.44994116572789,10.869450925453616,5.909878456251772,0.27130058120047185,54.91476673158584,18.15073009455122,4.693357018780936,0.30597579954878207,0
24.504605379918203,92.99723244948602,2.8618720645955573,0.858712417595692,71.63448522590203,38.0497201146386,3.420878779381065,0.6369607638371704,1
46.400316031852995,40.41946746665731,1.3921346798441336,0.6254384093946886,59.13099474441717,8.417005426709697,5.787639164793519,0.49651082662015134,1
20.748212593342966,74.19595401857538,6.511237549445866,0.29471963082910746,52.861783179400156,34.99360772374004,0.8063755559175291,0.8380751364394108,0
19.632540315848566,77.87992123172164,12.46569315261837,0.29414703324830554,2.1007999275819422,23.905651550953635,4.84151279825269,0.9199523262245226,0
26.10736909342618,24.35859170320577,19.131864387615902,0.42331646032762726,61.245837995292575,38.41443560272472,5.601757497512381,0.7791801821677675,1
25.759789558896784,62.464180255053485,17.882436497593474,0.5655659682650396,17.35076223997517,22.27200306935456,4.819799468454306,0.9689101962063648,1
29.771931536404026,49.892616301150554,27.640200123803773,0.3502138643080509,44.87965739041695,38.66904199388662,0.09610166203936323,0.2893882458413922,1
26.584873678026817,27.334284497404347,2.501689436788607,0.2939324752337601,46.765652805049754,39.27842556578753,5.707695910394515,0.10624600495657288,1
34.88263805224364,55.320361678962726,15.893382265275601,0.17076856279068495,15.570499138310634,39.01667459727687,6.789587202473815,0.7287224476236785,0
18.334963154640196,65.54025352012806,22.555524425017605,0.46654692924765584,53.97498896071777,8.808486002675387,15.780991659823984,0.7903778538552167,1
42.929211969791595,89.14206244915952,20.997052710822995,0.906893237464982,19.620055193611353,14.437608637313694,0.6946347930610136,0.6000847944517248,1
24.402972966727482,42.11563654432214,13.747874909468715,0.938014937035702,8.239428792350356,26.412367403555404,1.9451617205978544,0.7518481874368214,1
46.89952195228267,55.684344166574284,0.7211146781807154,0.9174826525549725,77.5885703136182,18.350948462671436,0.7127253154816975,0.5716903107377602,1
46.561039288305025,46.496033235844166,9.580955117782535,0.9451980099211488,76.19427200044827,27.581374445461215,0.40932573914669806,0.02813094518961612,1
15.555023012294233,16.20771946872881,22.819732389572597,0.5426839452648515,43.72209190241199,31.76236667538465,0.8836798993056617,0.1997860415928635,1
44.878878609379086,11.428206893527076,18.191162535793666,0.2670117883415999,90.66332131855282,37.31132975885538,5.621038836553258,0.2939845924309472,1
38.64621607845193,59.46566252460784,9.799544717413552,0.521149091804334,26.39055990001784,39.597435587279016,6.094109925992283,0.716789562181539,1
16.318810231515286,48.84888470064314,1.0543840391765236,0.8931191920542758,96.85925830898319,2.1372763790042786,0.9349336627196183,0.37759752714260386,1
25.813174148791816,8.797571147304506,23.283911315534052,0.6691621992311301,91.30474691441609,43.45127449981789,12.577882087624054,0.49775040443613205,1
34.74873222042603,29.694155646034964,23.88741271702517,0.9333235660882547,93.63625806928684,33.24547960793438,0.35000004710639465,0.21025716680358952,1
35.79271703084773,17.007924259277438,2.2231191485206416,0.8019926973384967,46.667885577024926,10.612454261390745,0.03593404948562117,0.3709836874157998,1
38.82846927278379,53.558695056975935,7.97535452341878,0.8106748526916449,65.46787974894853,24.976957459379783,0.27772163136642297,0.09030216583825745,1
37.13511387507607,62.61020935888726,7.335962182779077,0.9356064728548499,33.11425680276664,3.091556386399159,3.504139819074115,0.4621115462774661,1
47.85458713397236,15.849866419989764,4.7442977236654915,0.15819906171269973,65.7917269389241,34.85310393088708,5.045925571464725,0.04764456962408281,1
40.79918574593434,64.93593120617473,9.338546205800602,0.8494757410600565,83.5990049407922,36.324289570590665,5.701819288843279,0.5412818866724529,1
41.069942852266685,8.910717308577173,13.8522786191181,0.5054599663909957,43.25465467074293,0.7564099841870114,2.3594552930886454,0.9007550274870093,1
18.81099583516543,85.3967020195448,10.954305700798868,0.4379682791206648,75.81411611391742,28.435957971243145,5.484311076072053,0.5728894326181176,0
32.27723454099018,37.81433879289698,27.41650183747521,0.3821924374064325,52.310863174826274,21.154489837659874,0.6369819106753025,0.3358896675104448,1
45.336286262526116,29.051323838715774,29.76353703867628,0.8698047828455427,97.01822393916603,20.554506637860122,11.813037019762092,0.6150686845211912,1
15.638928768903313,77.0856927354159,23.851158973927514,0.24773042226190153,22.09366807589259,18.38008787818692,12.426063304455537,0.6143886778326937,0
21.401630225919817,24.310252480299102,10.470293941792592,0.43708096653327866,5.828862982105488,26.864157521493922,3.528573770721911,0.520721955478048,0
18.943795732983325,41.465831760724456,21.740222748633986,0.874366373379029,27.984329573626376,25.60904627336372,13.545075817359207,0.2820692242798182,1
44.865418072413654,60.369143358676205,4.431133579272165,0.10140644185569236,43.551571311891145,21.88479574574025,1.8954427149555668,0.7468580729292497,1
16.69589520807788,9.844076489022804,9.423840920275508,0.7053615483012019,56.219656096586625,14.952901074997724,3.5462263556875913,0.4141193794371124,1
32.480011330609486,69.29486800145246,10.743682313533332,0.33685074142246074,59.007393586711885,29.56573766922663,3.205605848798882,0.45363798068698735,0
32.60814541471527,27.158289807542463,4.803510410801694,0.8048091458013967,33.26734725396015,14.70595339693163,1.2097490446091828,0.17646700342017552,1
41.76544972695535,5.196535666753609,27.97485833412074,0.8676861744409892,16.493554106714136,10.363481505618232,4.686205187776447,0.5862912971999914,1
27.161762091117886,84.88312256027238,7.0458749288498765,0.5539075288391739,54.796920364875156,21.321537615824994,5.04612233232945,0.4590819611190238,0
47.599662616724345,92.17966374290249,15.114586807266736,0.8455450261452043,94.96499601766645,35.4351739723113,0.4333296730612993,0.5009747784728837,1
25.472207053770845,41.02324964228612,6.8194991048446285,0.6338489654677579,9.85969940902266,39.728577498511875,4.682708798327805,0.956524667097377,1
34.28953193218016,31.83828690110782,1.3650769401073448,0.9764694647592065,58.854031289655296,32.578569119042704,2.2271686677549676,0.33905095255959306,1
17.01443408591324,28.794145972996276,9.382494769591785,0.7484009530040615,43.427514805606485,15.929559161742725,13.878151370230526,0.5567878383965624,0
35.835738084018395,51.14787749894683,10.71858864036663,0.693070459011552,66.08534092037786,19.741855235825415,5.495392757576808,0.13901701429850777,1
37.50654528501086,76.19750335189805,25.790739844523237,0.21512608718889942,66.99660656668007,11.909031577195433,1.4641711288435812,0.8202118633720656,1
40.941791140390535,56.112931875321664,29.534138341594797,0.2440651676225527,42.64280903356574,0.6707887091642067,4.884171023505437,0.16565517127083573,1
18.46194276438041,19.47546168601924,27.441364310560672,0.8242574150202564,43.68276397183214,35.229976231454835,1.6685425175782884,0.714928896407656,1
27.067145762295212,27.33833678645798,4.030126663735329,0.18837161397627494,3.7111923057336016,5.076574142595097,0.08547252718799861,0.9126656449811716,0
39.123891013045764,25.60763377085004,12.135607538170154,0.6978025717707221,16.250325746419016,6.425233698599308,12.081273319990567,0.9060156456388615,1
21.375670421796293,42.5483282429637,28.10567277238643,0.4868275053917105,28.77327126042798,8.799665718627569,0.49137966648971676,0.1574386628604565,1
15.0889434952127,16.93280105884256,1.2721984025275601,0.17459551273919388,1.4144921858384896,15.358116519550267,3.0544587922791506,0.02062628427816171,0
24.364395747480422,65.99634971212606,24.89458901347857,0.8091959958046737,93.70830760446674,7.793875715476498,10.684636362877413,0.29673325402386597,1
39.469467563246035,59.651229241714255,21.81389334469046,0.5179580104521926,30.74885531406779,15.344691526880226,15.499043504201849,0.22258486548630263,1
29.662703883890806,6.743018046020346,1.2562909406095024,0.15927759656771048,21.08929623269411,28.110020380131076,0.39795697947177155,0.6653486323315608,1
26.167623473802045,29.534570179778157,7.614027683635149,0.8747419567287372,23.926474988926383,9.114798282013348,5.4468211016084815,0.37483672967094983,0
22.426812592441358,38.68515117040741,11.652511148976824,0.8308607893871035,48.72778755602675,17.907312796225202,3.030249926512621,0.6572407085100228,1
25.955882812489982,85.9072974700294,2.0141290686177813,0.1422593277847947,73.66050141867157,41.74695964012095,2.2853509752565673,0.8530933382996864,0
27.96539610080407,55.10182652187069,3.598556361341857,0.49722156675131846,89.68176343465497,16.557684713255053,0.3543470045347808,0.8336837119436893,0
19.622893771071265,38.176710919098305,3.709566475872934,0.8358495787162193,42.10417521351179,26.054368926925147,2.8240889414902552,0.6295150971250512,1
38.70548182767891,58.98926355644747,0.9342295120386113,0.4136356152056365,50.90485055516856,29.499234527151756,9.901967332502759,0.7093236684002591,0
32.84323524451901,58.04300355190994,16.421782728527365,0.7595067279599066,41.921450197406884,27.35711799330533,2.0013674467944713,0.7952940814033655,1
45.009912453103,32.80121704953852,3.3246262515981364,0.3760756921404069,14.05190867021876,12.690723290420664,13.984676596438167,0.4006897600272671,1
15.012732130966448,88.40063503776486,0.47201065009679577,0.780959058551747,79.56088366974492,0.1580821625877643,5.4580667222238874,0.08503960372852981,0
42.2700749597312,7.125631043140754,5.888188685722388,0.9540454696536881,12.893006954291808,7.761492295651943,0.21562308491164411,0.8132819204891507,1
42.730331226375306,33.41660273732475,25.19338313207944,0.6521334488891105,44.739673748377164,35.06826466542495,7.436681837767242,0.062454341474433406,1
17.244887664492666,90.86035611037869,27.857046054931125,0.9809134791263004,47.51277063330124,38.17166112380178,8.695677425873942,0.762585987708244,1
30.05066568423596,83.72685550943022,29.103435848408992,0.17013622689658797,8.796584022314457,44.5390021008132,0.02403085214807301,0.8847099973399317,0
27.128352526759226,24.45382246353602,9.20587037230662,0.9829427703422428,63.97807400558625,44.38612090465669,0.48613164969378175,0.0639268337856631,1
44.45863348282421,77.39014699490419,7.1045424345250705,0.5551557554566522,54.4154979506745,24.629006338263128,11.858133954178989,0.9204873024697798,0
31.944359078703666,34.17801471736716,17.151718550770102,0.9741497119766388,86.7516258824539,26.587197647550337,10.511434693133893,0.3397819269583787,1
24.057308171588623,65.62832917130311,8.805518972161607,0.7269363383135847,0.7542308616415805,31.074793046921933,1.4908649129754392,0.7230431819587372,1
19.092396191396702,91.86601867960509,7.210401628400822,0.6656751701197431,25.84171189951129,9.47846301854729,1.891024791460296,0.16576414567044206,0
36.565031530534384,55.669703118243596,14.568295193979278,0.6956752507969713,78.82432804746713,17.78368823485693,2.081829725058742,0.3945653746415705,1
27.310548803883275,31.872594829444964,12.531902169969914,0.2443739196195516,82.7106179021112,32.18722414847013,7.3592107362117964,0.44691384212368823,1
32.971021612486055,62.63330693899701,29.895324205169317,0.5588565444777895,99.50027933408239,19.340402273999704,0.9087916709320975,0.3631226995012321,1
27.688630257202377,5.534824407868423,12.33580120806731,0.541901131149118,42.60910471013163,14.46361679058089,7.404160044165529,0.8981501609419195,1
49.32364829681456,52.895363762747344,10.792476627503202,0.1985849103543076,89.7956237295665,15.196359349340051,3.9563365385327094,0.06927810047264915,1
29.199005709487366,15.097164045048746,6.973742396455829,0.8927138424743918,73.49199032828605,26.05204731922848,2.7717901890362207,0.9009590287474951,1
43.11878888996866,59.31971210269395,10.806422962619152,0.8900934486531927,20.3892065994311,41.01106538216608,6.682808489408901,0.039788514655826224,0
38.68871765361665,84.21553172814814,16.303216278202495,0.5476498939744799,97.86262237001729,27.052680437596553,5.6735218433371015,0.5067857826015805,1
24.38546220097356,68.70388416055701,15.112424249771259,0.7888068389957893,57.64527624752272,21.936689133160314,5.0729726533734425,0.21189296559497506,1
32.53212831596545,80.07937672101733,7.537531988175664,0.10525060295390223,12.714082499473388,14.258713523773352,7.006429473398498,0.6278196088307048,0
29.17205962348486,88.10746768689725,10.92422652142427,0.13283862028627935,12.05400330005758,17.893924929552018,19.617998516457902,0.3240754071070284,0
40.48873800752693,74.61151652790953,20.0698794226457,0.23232543378622283,36.440687709844866,42.014174640602825,6.69954692402341,0.953462290006894,1
27.712351932562214,23.72797507817966,0.8515603764420487,0.7679659435605641,37.85731742138757,31.14310860934307,8.469410068903583,0.355939751491126,1
45.72299430240351,27.313846805251014,22.964531731872665,0.22680389429836983,42.08334115207126,14.74006377306562,6.033603240625296,0.47692447228346857,1
31.124671549710722,14.896437267136783,25.71729193705034,0.40999481520567516,11.746267413514433,24.14744873817871,0.7219037006277071,0.6856527767009846,1
47.753590206448756,63.773757822659725,7.22745234748031,0.5917818664301723,85.94151438713017,22.129316859548545,0.36635614099363956,0.5335238442290754,1
44.75663775211357,6.629211070026598,9.454698964292799,0.6306175866505738,99.52230129323765,36.56090777008633,8.055807251598914,0.43793821560503765,1
26.022919425228284,17.667172773599848,16.203669413252932,0.5648594663374815,36.181619118905274,30.994858113681698,6.106286919255133,0.2010169028244605,1
31.98974384484367,49.59153135267421,20.31025993185696,0.24574189731886717,98.35620194538267,23.75028261855021,0.85285484837869,0.22428536595318982,1
29.16089662996054,39.098990287503874,22.738103139883073,0.41224772502054063,22.04792924197302,40.08674769176943,1.8601460588354337,0.060086347725860634,0
49.528268190654515,53.61938850531135,24.040017803848688,0.14432771107084624,45.21875442141856,30.934974798421404,8.924440293867693,0.1580584827882312,1
31.365131659154486,70.12071504202093,2.330273066636849,0.23597261890472668,75.44519723712656,15.496525776984454,0.7175456507185212,0.7663978406903056,1
26.830827691683336,69.07547930641225,23.22290999436794,0.8586336416604786,89.59225252063202,0.27441858494675064,12.661201923209742,0.3519792490263627,1
30.696410436131558,33.38984295049314,27.683799626215375,0.19630375095721422,9.118054401263686,35.25097638243394,8.500216113121722,0.41596941838866786,1
21.06780864215032,62.47808183775749,4.519004862896837,0.7968074660365732,72.48963334298708,17.11489251200809,0.02803708168109873,0.7242543706254755,1
35.0582342658583,49.538655113663765,21.161254776924128,0.1433527203029944,6.428824000748589,26.797379287135538,0.7833294872835882,0.06863300621951007,0
40.131637015528625,76.76811692723582,26.94555699544161,0.17504545524359366,36.34601828085089,26.159887356778462,0.04820791782969097,0.41123524501992303,1
46.23839261182816,39.482902022608464,22.78946624441113,0.9773730474885342,86.20801131718393,29.65396883357798,1.8194799350026356,0.6668495828430326,1
42.61185873550254,91.12201777865235,6.664349470300493,0.5047603440470094,40.967336135899465,27.49961476047123,8.796686212905731,0.5495632232427335,0
31.96113860974161,84.44396895718656,18.27330754310872,0.9066747053699731,31.392040913255236,44.29104101864222,0.17219341970873253,0.06972636792533282,0
25.92482842977863,58.37038142789945,28.093016512308335,0.5949505512110425,57.84470831800367,7.491336560294598,1.1406816573173915,0.37019732427676055,1
39.33836843114325,5.683491527071033,25.34979964607314,0.4538804102163019,10.26307981897121,34.081887563341326,6.227813978023007,0.1031935338979807,1
35.28444241419943,67.2748873418824,7.461514677742692,0.18500622852844062,4.781965678865108,19.145069192622024,0.8478038337545031,0.41701055119427266,1
28.633667332261734,13.352776394731794,0.875306252291097,0.20087793238738738,92.9627634293725,3.2784134903540787,0.5637131115259761,0.6430833988683027,1
31.08878051244159,25.148298517056404,0.29232548050992513,0.3250823069482194,34.289677724930776,40.79457582060995,2.530682094229099,0.3532909995618281,1
36.538498973891336,87.63401691689582,10.105228484227467,0.26543222714158743,81.98337563817888,13.883586162722578,12.728659447182292,0.9911818780396299,1
19.511490899510367,80.66106260638945,17.501066139719345,0.252336396331323,49.32130978348721,25.544322932299735,25.218041691815174,0.4343401717764124,1
35.63178736600071,74.38323409377945,1.8145650505299626,0.3774976319226656,98.07027136264158,6.980046953837697,11.193149650280779,0.4197109449015012,0
34.3221373459905,66.82683634557964,5.091431469764682,0.495767450308532,67.84328638416854,40.12971730696377,5.7923064188342375,0.15965222449679917,1
32.04921065501493,21.34105631348985,24.06262090373022,0.9360478617021137,96.26952816802142,11.913664238420228,7.4972292644159735,0.9633373732179243,1
34.22974664118099,92.25676704301482,10.744015211061086,0.31562317802629747,66.65745114225452,10.475675565146197,0.438307421687183,0.33899954634537577,1
49.26465953780756,31.26767748197367,29.136779889430976,0.7868023899018649,94.38779956691606,44.19573674609009,4.806785938089966,0.9245867682147737,1
20.988886981542144,20.873628120473015,14.505138420789311,0.4315893499169836,75.46444655760939,15.740955959352895,2.4292767538793947,0.9047375606952031,1
33.46343604621113,86.72411464784828,22.32198630325401,0.6295732900491947,8.476547740925167,15.79166205863274,15.445340529579699,0.12315875845243607,0
39.720680662634294,74.72047290177841,9.19918208581711,0.12670739799128403,38.1867853874241,27.696441445231653,13.666184762915572,0.9356058401047088,1
33.84802515483247,72.15415728270432,6.368385927699766,0.6519819467712976,55.38996731862406,32.04654945729656,2.768180993640437,0.7849066506062005,1
29.19495967107813,17.112938939330036,27.97992197135332,0.5311668692365376,23.51416826009598,22.81539222494539,0.5066067304855318,0.9857552165548682,1
41.570137057548905,19.755213321683417,11.982765967426886,0.9141199190843922,89.73431124043674,33.47559704572291,1.2207202923039788,0.9381582701483366,1
39.94117106840497,41.39259712818378,28.28352919848759,0.24197538869678353,63.07126774582281,44.82686749415074,0.1468544212265998,0.5441646423522722,1
22.094245747831636,11.807276467167679,17.343690246575495,0.992980714011182,91.39735909637662,40.12335178415725,2.6226490098129025,0.04225965787593511,1
49.39457598760218,87.2700328163015,21.28188138285435,0.34643962343469903,87.21963649100356,21.780296302002657,4.558478133051893,0.09125513175972111,1
42.536648231983484,56.82477950074823,15.424739158348714,0.3245269462093293,48.6426788668738,30.288971846068296,1.4742266261595502,0.6541713452791127,1
15.205907322431544,87.59150120010547,21.377830871866912,0.3082385065522708,97.38797089897382,24.072609270787147,2.517427000164955,0.7445493500305042,0
34.56690564082913,35.935424495404405,15.211549886482079,0.8278365110922105,36.985760813364976,4.465288518697258,0.9185628373120651,0.8682591608605535,1
41.68652014927009,81.21178778439312,16.150719744392653,0.4384875514395149,20.40253436182168,21.20275184874877,1.6955972729467408,0.889016528701033,1
23.534547138434704,91.17262096222176,17.31698271686531,0.7617009799215414,13.943921298073258,10.988556558859996,0.5088528618087208,0.0243785301529863,0
41.351707220076165,46.40726281423123,2.568712789683427,0.22160350275640978,84.53289077935044,28.95602651866674,1.9503528789279359,0.11361692638165277,1
15.999063378102903,85.00520271931646,20.35876038683259,0.6666557920497647,39.353533122675444,20.174813277013254,11.394639871089884,0.27251491987188725,0
17.764191513981892,24.22810815039244,18.403377875618038,0.6616041808088154,25.853804215815323,24.75395089258579,3.9178752934781667,0.7456828288173987,1
41.89838596895916,23.606954287595116,24.082012660466578,0.2385802760458353,31.823953416549777,27.787594212571815,3.543616711615178,0.9283940462418202,1
49.36065134904172,26.098997594727784,2.396559953699681,0.11637572854218126,36.75103451636641,17.381583677249786,5.568917313233622,0.9609629117123084,1
32.82811143114173,19.61505827304795,17.744601741758654,0.7442439553098574,53.063503949595855,23.714303391509958,7.355846226802953,0.4662661948682151,1
25.21982011750856,38.28804387947892,9.801776035731802,0.46503180987741266,89.20454925085244,0.16395974002787916,0.012398430472791119,0.7154206318697115,1
25.57835344380935,43.165393967279805,22.47488216507934,0.6116837647089566,77.46602967193603,15.845403900615326,0.7190751586959885,0.6436280519067002,1
22.300933974414843,26.289691465940486,16.221758335132883,0.613395335940966,60.79650752161796,15.15343998814768,10.050489086834782,0.8627431784940414,1
16.852116475426456,92.26431467650579,4.568204360751751,0.7699659767631146,32.70170292453762,35.122840525413366,3.700812485518852,0.047634370948322347,0
48.94281220766398,17.05250254061376,3.0583473155655936,0.3490727537560039,98.40392214165327,24.922276776764832,8.500241526165699,0.9223013289772569,1
17.57221593847669,42.821841342245044,23.645294955540454,0.44996804663953427,96.57230852470042,19.298446021515318,6.237761612642255,0.07130443485868043,1
32.883189451555765,5.581556108392885,20.162900131114963,0.971076683591516,81.06029864306727,1.21613884675644,1.2266647217988351,0.06899129929186487,1
29.261350038096154,66.30337656738453,20.151035491167935,0.85561432636749,19.681326770763686,23.180370320740796,2.369971086997219,0.4674450700396138,1
35.11218789549036,41.82947080536185,19.238505460835555,0.4988696443291182,1.187033602331533,42.36628684883304,1.3158757084803028,0.9750625153827521,1
37.3644638336892,88.7237197362723,5.813749979075632,0.7364415647823264,37.62863759974094,15.965275324550792,4.32016174813958,0.4129953104952715,0
19.996437493899272,63.05639220044766,16.821582234471293,0.152929691895406,25.566205390051564,36.31409244460917,9.762036222976562,0.8958536292899065,0
32.02754225025552,21.26271400601774,18.322821726608616,0.5133069729908557,25.726450646806843,26.75234816872493,5.699164819203194,0.5002615684200624,1
19.54770024655936,74.24253326427014,13.40323340010789,0.5591732716941613,70.75005281387952,23.45661716384094,1.0221265324147644,0.66754854121289,1
24.852830506030656,75.22166019787215,25.28299375151849,0.856296570197943,26.89780253429104,38.9677172989774,2.6245624829230048,0.16561462772459135,1
21.17154438636139,16.671317548824995,21.917228791677516,0.4405949532078369,10.933226142176888,32.604426710141276,4.721288164288206,0.665557926328601,1
44.75614094141914,91.3456995476445,16.564917010783617,0.3507980250422299,26.117889698750318,20.27945309038962,4.523677648111696,0.00010207232959746904,1
20.716608365183532,40.1174055153818,17.54171515049773,0.20886490787526224,76.31558906792675,10.015852902963928,9.686655326818322,0.3687319376613658,1
43.292090458611185,51.47862765232996,21.178002343308876,0.1407237463341398,75.00681315005437,23.824517274639728,14.405131709181102,0.42252859188265424,1
36.614733475322524,88.41067316155102,15.785997760958438,0.934386766251381,78.39202477181666,0.004539367881494227,13.3129362629656,0.5260896452342093,1
29.084477464346946,73.95998970078936,4.488883706188514,0.9630498790035747,61.30492657102343,2.4401862263473255,0.8749838154017577,0.8476585036403195,1
38.65687243629253,87.76474591877069,15.50654513061861,0.1502710298376167,63.10430764857763,29.836070683169492,10.715474327916466,0.9091276088152797,1
15.780765150221285,36.8014512019847,2.356188211364154,0.9830376493345347,43.60575007332669,2.603235232216427,0.1263651331312823,0.3758498016279902,1
27.591675855627102,35.99385078585377,29.63693195614603,0.1780696755341486,60.99025679437046,15.525782529350478,1.1639088164372997,0.09634131181349737,1
27.19236491977377,32.76077246107104,27.06929236120488,0.8551989240555912,73.73631138510234,17.614396143606225,9.501247855774986,0.6271269003460817,1
24.1275113244196,46.55295416388689,20.15203499330105,0.477525477147588,15.05881861888535,10.497860136965356,17.234299879763377,0.5155020968526022,1
21.547777404348622,53.41782444708682,13.727113799206052,0.5537514121118884,22.24185783623901,15.129263258737437,5.531236908952376,0.13684686285717929,0
38.830279663207406,84.33311361818731,9.212733919344059,0.6079652094284047,37.65792240722243,42.36352619923737,1.7066074114671226,0.4802318552043977,1
45.75293854388613,79.64305644356345,19.013898756307732,0.6912235199563834,29.25353362222003,40.99534205074405,7.425433293012862,0.5128656149283793,1
43.30654889110182,86.84330214227167,7.3294719540336395,0.609861679239955,92.58644343290557,21.911263171693243,14.101181414321807,0.8590430159007563,1
21.303731207045782,57.07003513348813,8.907191656819423,0.7499883227767742,7.498169665148646,19.507372179030806,0.5008766880783802,0.21275870610492276,1
33.32424713308451,72.98380928191412,15.990828989621326,0.9490291143991192,38.816833146893345,35.52015193041122,5.421982767151,0.7264630145466308,1
37.45483102125037,53.72189049081039,1.1825104321049495,0.35419970427645775,3.3735566631464597,5.595326700156581,9.731829722203592,0.8661326032206259,0
47.110739865141944,48.44376768417556,18.79119172790278,0.3274871575336885,89.4264657707213,17.94381701842774,0.4687626580473877,0.9138562808563101,1
36.94135434870183,8.90195227062486,4.404076834980622,0.26440160022379205,29.954190763805787,8.924507834823178,2.579902042276752,0.919036324567154,1
47.64673544599838,31.713875500094613,22.818394408496676,0.5908938209707659,64.41074219139634,22.9327697590731,5.940583939921734,0.02609384149586358,1
20.798234530024388,51.16825106534041,25.71979400293397,0.6855840644374915,8.616051386468381,36.82856755984553,2.31556804754326,0.5270661651922894,1
34.42429959929116,46.75870929922658,16.72740759168532,0.6807714267194152,48.408594439829045,27.322903575022938,2.897645493814051,0.1772574134875261,1
31.877787564891907,11.743231363131972,13.414842119863806,0.37605864285430013,28.639599436753173,7.494196304008647,24.196194583107072,0.6797087646045175,1
29.301281334301322,40.20741708416745,7.721328016292866,0.9864018429355311,78.18581805759078,8.802875107222642,5.693534588085337,0.022021683490024424,1
40.99142898236096,16.779125439875607,26.10276938563975,0.5115462593407301,20.040800532293535,44.68718077536622,9.661751465442878,0.3533938778621717,1
27.30076166220325,49.05655321098996,23.379659892931688,0.9369334337754239,30.42323099546683,18.881384165697614,15.386847132735221,0.9864209753420294,1
33.88535535194618,71.4833336824017,16.424488264751062,0.6183722517973941,98.82140379098591,44.93003609478639,6.673868194499903,0.7179504152623002,1
32.609470307927836,75.80195068290222,23.823839827550866,0.9392516802408473,57.41489239832107,15.47927628767571,2.024782989683243,0.8507409594360561,1
49.53995097320113,79.39646884460244,5.618189745464032,0.8782497607763133,24.378642773839807,21.543285218769938,3.2833360516765375,0.8456731602296227,1
19.418129992454155,7.358033363952082,9.386810229272486,0.44310031256641447,27.9597091910299,36.1465193859874,2.7958564163312034,0.19247215268076223,1
40.180901537962626,33.786825447549056,28.771649393301256,0.7032119361253774,16.558158794593115,29.797347702432088,1.9037921608399393,0.9678793776250374,1
25.659971423041124,24.97707276171736,28.926265408276194,0.14634656882374297,55.95866175087678,7.58090494060398,0.11250249677639941,0.3859881650118955,1
40.37152944812648,82.1038207702399,0.7532478280924682,0.7447590503781866,13.285296541456383,7.224774051179511,1.3216708998330093,0.9969236874698343,1
28.654090088382503,40.61310764462081,25.77519743574222,0.4178176344646901,97.89700545758481,26.1888470220473,4.666401196982915,0.8515316145778499,1
43.572910603695426,80.7371449219646,26.95897665753005,0.7419882969513257,28.592304062817988,2.3813422530999566,3.0504406807072737,0.9814182768367617,1
30.692777078939194,17.110833649244075,19.689513909733563,0.9355380975121232,23.6325510104739,1.5515465865892986,4.27312437389989,0.8438121719962091,1
25.794017851452843,68.79168245345342,29.72043701270402,0.27890213663920216,21.482511231257718,17.13835089175766,7.107465667946668,0.38641491407043105,0
29.77366021169771,51.92372252689929,23.579954975134772,0.36819779295956456,73.63575328158564,11.429344751318247,9.786860923032446,0.9752744218349284,1
35.47343360935912,17.671099987860117,16.306790907276433,0.19643804842785242,6.020085906761974,8.099473647794591,6.4523576445945725,0.5867835142449321,1
36.12112889985025,44.66252153010134,11.022688554036822,0.31669041627514616,97.09477514553522,8.88427582041609,4.017827279472345,0.14638110781626812,1
20.272437371003278,18.753345344414136,1.8363458937788535,0.9230052941326192,67.06914147939655,23.142365183087065,0.2801555386413807,0.3017689433212086,1
27.141966918511162,32.8701897268306,14.607341453755962,0.5120432233406472,73.98345554645877,19.008842683182724,2.6482033843755315,0.07547132161551007,1
20.736560919821326,91.81393420581938,15.336515939191033,0.7745972391115861,16.128668422643454,23.36870687078016,1.2673050971596598,0.33319569929831305,0
40.77475675052406,20.260124089727356,26.69748585810115,0.8952172042374851,49.73541002592773,44.78358770491562,2.360140526792379,0.38547305072701143,1
21.92147258068492,94.06301370212744,12.714291918704392,0.8632698653724982,58.49869928490404,42.043659517241,8.804027329515042,0.26719915562584573,1
44.251770438130805,60.7232569831591,11.296381958985549,0.13308429416056194,30.35440404654456,21.825072407193545,10.417778203577207,0.6473274665474382,1
29.947838484720688,18.6373411254739,7.346853835338006,0.46388150104962245,34.810093650685644,8.082922871194393,9.015925178274053,0.9069242805945249,1
36.0297387715397,30.229744856472262,16.708587073613522,0.19950876474053822,75.4657402087786,39.039673455847854,1.9688821870211783,0.38678908722828653,1
28.452422332250112,68.18751168627944,7.226727794313902,0.26898140639367607,11.235344473674914,3.0493779761598017,0.8770853611678959,0.2183165667714797,0
35.783686419195064,72.19784049892962,23.534047568405686,0.6618549549363049,32.167482990642206,9.88159589100426,7.331834016407069,0.9563719240346679,1
47.1212977475598,83.09870033066215,18.721225469393502,0.22165481572799217,8.227269321601739,33.2287808456492,0.32968562236038346,0.9323391607594388,1
19.859932582935016,22.58131071253416,7.3051049100302015,0.7147381005913255,56.906612693681915,42.101937809033636,3.971555502996073,0.07207292015116173,0
42.00812000146425,46.92029655553188,5.7044437535155375,0.9122115951107231,50.7847986706371,20.582723654262104,2.1249636373529066,0.2766269211112127,1
38.28238679204148,48.15553783890014,0.6435202452588584,0.855932542905429,39.12277966438171,1.0983083917600778,0.058188201992766905,0.7833716710668109,1
29.203757089937007,30.085979803138702,18.759442247215045,0.9818793229623247,31.355857424325663,15.68914548482643,5.226750748752902,0.5930094964165151,1
48.98846965089326,51.11120982494726,0.09759451114310758,0.21417588720802644,69.9225197892015,41.48773481014054,2.118966724838349,0.61160084566002,0
42.73008788201875,78.22669823444922,0.5121553156500114,0.30652176137043163,48.20944908654327,41.334101096914516,0.1016070589050923,0.07893657762460493,0
20.383560255257443,89.58012932370676,27.643622011845764,0.2596782353687586,99.84039551593466,15.447522977805699,2.9956288757487783,0.4121969393135707,1
31.049423382785086,5.493145916559218,7.287107695397194,0.4095977833974427,7.604154484113412,19.990424028106894,1.1628623400166525,0.9970354130763712,1
39.91540949039532,91.11114719364167,23.586235280403088,0.6904822061009357,67.91961678753067,9.11356334143448,15.492787788827332,0.2706749318744308,1
47.30580920180577,16.943299474349832,25.060588747671353,0.349700641113954,87.577080635175,38.146020742262756,6.45123972301291,0.10405722405592921,1
44.50615137903229,40.58721416814043,19.489241650341565,0.15276839372324819,33.47662965474563,14.591038146170403,11.423732838212416,0.32919119200334346,1
48.47810642343492,11.488520788684125,11.39291203581974,0.6691959814105163,14.851066634475274,2.5732778954883955,0.2153132778584593,0.19091460826331197,1
25.062726449677804,61.150457420428296,2.1029925208002753,0.1934663790331335,46.44586358604409,2.727943512595602,9.670888411387413,0.31048984833200266,0
44.436640488471625,88.41628902311342,23.164127311439895,0.5744778255626131,58.03153976306928,26.030791468979665,7.041820822032484,0.9911230271603514,1
24.54028367764372,24.919593420328376,19.282895360364826,0.2302008137357977,13.87021804892411,1.4964786298298733,1.8396347583895305,0.19198929984612234,1
25.96335972227557,8.232444134102556,13.094658307894017,0.8123080794602945,12.585931033218934,8.726354118397722,3.222653373131912,0.8975038467400431,1
38.473270120497254,37.559234194595476,23.78888564057469,0.728511148297245,0.05018294559252512,33.948788782702586,0.052146977829295824,0.45252399583707936,1
22.53598941463587,34.09444389459623,7.364592838902803,0.29857948233170795,56.60575706482195,41.37164136162182,2.3632666531866495,0.8540359073777989,1
28.453403712164846,63.150918689956114,15.637402742826987,0.8023488656995701,4.562876723023635,3.105926053337721,5.765320666869824,0.937826979375886,1
49.894274051628045,77.1700641570181,10.868053159246173,0.6830264011979024,15.27971778635775,13.317356716263959,1.4217664844597433,0.931152650614331,1
44.812637897011946,58.67176735553919,19.975917938432175,0.7652266163249599,53.26417590713104,33.93072405602133,5.269855175893143,0.7928369357590451,1
39.1025409456087,56.45003241082013,29.122645017841208,0.32859871632132964,77.45322266277937,20.460209002375493,1.7622051746309142,0.25180850635412666,1
20.40936668051326,22.806290164610882,2.7021411274231366,0.8358931713952531,62.68928920170443,39.109190807397695,13.001082147264999,0.2186186726733701,1
42.14588760603235,22.062297386935363,24.26325585411441,0.1293137990102005,82.40847835128193,5.702967635205912,0.5463065403094762,0.10323417429335513,1
32.12619581666381,86.9662806422614,19.51561018003149,0.13608421779731347,47.97136338222946,6.321994041556391,3.435752136659408,0.6642233864575829,1
36.95876390937552,80.30152743402158,11.904027940655187,0.8647764447038386,98.77408308886447,16.30744851337463,0.09044884782812533,0.7153411802271564,1
35.34212728738538,85.47534907100881,7.813459557597362,0.5357729961557565,1.3085142819333817,27.352292176142264,0.806686639704206,0.796813456519863,0
26.346485513254812,62.22467540311863,23.169501139226277,0.160169902628679,6.3525991614638455,31.058183868477787,19.15520540972438,0.6290026016166906,0
22.621150925323903,59.74873638457399,5.97390178860384,0.47034131486203057,38.85503314517036,36.0979652636648,0.4541496294168278,0.254813987951909,1
19.329825027151728,79.99141415679733,27.41858866116142,0.2576566679959929,48.248779158926745,35.93472548562606,0.3494611050337296,0.2960641014238803,0
45.99939461203726,78.13522130243135,6.205051041017585,0.6365570101010288,3.977017953153028,33.40177167737727,22.321960677787338,0.49859866765381766,1
22.53890978078232,88.05956562113195,17.199115466676535,0.2830610992907491,62.16286989982647,28.729257020630158,9.015122846039553,0.7007685495837956,0
28.42488152767139,36.870587598704645,13.420478958162821,0.8159931448573279,6.371986497192728,1.5642002925026877,0.836080962104319,0.9952522231647261,1
21.534867366922658,30.70240389388682,20.123359207757666,0.8317759011112137,81.98106047238979,16.58078260531675,0.0695004817214204,0.45261839626266576,1
44.00113947241408,5.511316378355704,9.839476369120343,0.3858209085933977,91.14579179427193,24.099232491373225,2.788025729474739,0.5485601830523826,1
32.474487346566804,7.924737582620241,21.669771216165664,0.9565316049318656,76.8153361549753,33.754511591487656,13.858232448692629,0.422215649981292,1
24.917242401557672,45.37826917465509,3.7572240757100595,0.3173859564138863,22.93489003368805,39.85173237761627,5.617005581164538,0.5554305180330124,0
21.618204554580196,87.94343938969828,22.801088829473695,0.8349631063538745,24.809805490081583,8.285721848058811,6.7443510086736325,0.22529884655206178,0
37.64376935530839,54.83640808986276,27.17992460973396,0.5963548834762077,30.5069109754626,16.01147531569663,0.23178294567091173,0.6660980461821697,1
42.657916949355105,43.81722815804405,29.77337702972138,0.7978261049539225,4.986089422286943,44.73746560504985,5.140225209482654,0.02186455178445723,1
44.47348347313363,76.86641044625313,17.00653637378918,0.6995057750835362,31.97730272804603,31.814466310431147,7.696482258430156,0.24904520345446113,1
46.11956945801944,24.636125613585865,26.64983223820567,0.8394750344759178,25.3856941321164,35.85194532745121,0.595831898769317,0.3869383627961285,1
17.716193841720813,90.0476883755698,25.639458016944864,0.8854026912594871,29.43351676997751,15.864265935413377,5.72792112377037,0.86722415723005,1
35.675908272557166,94.8992476397873,27.843175815814224,0.15737646544637285,9.596241869036227,33.86375970308316,7.381143294764376,0.31425034659956297,0
19.641974023033903,54.52791615635757,18.41025869772816,0.6725523158499004,72.7933048610252,30.70586665593782,9.128287147987155,0.0928508911580318,1
16.305427759236245,54.611121101140085,16.295674094686632,0.6427248467906198,62.5417813610328,31.822344675580062,3.1191060113280438,0.04270975215474726,1
31.944868073289832,82.6201033451479,11.48011515807572,0.828558870771564,62.0431878632694,24.38947651777837,3.4714798844921617,0.5820330441506568,1
45.83486111598944,14.695607296651941,5.054426130371809,0.6137168993643749,4.369224334449595,35.56823573359426,0.8981613144501376,0.4028000716126371,1
43.48175317591979,89.75166295406743,13.262344846300184,0.633023591388616,53.863616979406835,6.880741455124816,8.767431066498187,0.13126445904661233,1
49.04002241473031,69.54034254957713,23.65046084912978,0.698740072404851,65.9463761393116,35.31188400240274,17.023939677906867,0.29885101261140434,1
48.42681025643061,68.13350865376333,17.60750243266521,0.19561774303607976,89.1857460259183,5.135982814117192,1.3547516674777889,0.9856813488785727,1
47.16698593222278,38.173063261450245,26.556395447820623,0.5503173022548727,97.73790275726446,42.17309431423057,5.810128631321811,0.7804997215858331,1
45.33873626158058,82.87909530179233,13.625040727755046,0.2077753993217543,35.015783205412745,34.82375770964288,0.2562388429727429,0.8076183029291583,1
44.3204678735288,49.61058436877898,19.698047167167346,0.7105328178695323,90.60506065259477,1.6093837578234782,3.504682341504821,0.36871462789772536,1
19.536599096224762,6.684819350053046,17.326217500263887,0.7613770273681982,57.20959549900678,1.0815974057867823,0.05158058944639453,0.7965485134652013,1
20.129205844375413,91.11708952878331,23.001627347873814,0.2855820273865612,42.49217538387066,21.879161879399,19.739967415165893,0.4448784419363746,0
47.1060988865421,36.31060467889009,28.471411120687485,0.21077109138155847,17.759898256192475,25.483565472457165,0.5412803043019894,0.9187465384868749,1
34.08217783195664,64.65655829404078,18.798032065297622,0.37351343493356826,80.71936274624298,25.166514842418323,8.933270450857302,0.8717664252763306,1
28.160609437016348,10.595072549469105,18.960766456175858,0.4009913235079072,9.960989715833968,4.5335221704024224,13.076613781601052,0.8278278092165048,1
31.926050696489607,79.75945212747605,25.576818299442532,0.6897720201324118,76.83115372787103,31.919034413117682,4.060882104660673,0.6122560116373507,1
29.486599073111726,79.4760849613637,22.17177144526992,0.1553842815863119,93.97111307787465,10.722849846394306,1.707585012363734,0.6324308266672957,1
15.853591705716676,40.659165516293754,17.449931791705,0.4965598349415804,11.197103404164444,17.041180272994925,9.373471894366421,0.5278024027439556,1
17.329959885770652,64.76448837896511,29.768810673976024,0.7424630468648572,14.290684618818029,9.184881839984754,4.361624364982776,0.29440537050681437,0
34.659611382382224,31.03926887142207,27.245800236597802,0.3715196725211929,91.89668203137884,6.167770683265404,5.086800569371248,0.29349140234493354,1
36.15081850583152,26.686477398233777,5.167529747518179,0.9501876234646832,73.17977629294809,29.538806660115444,1.7855300527304472,0.4956196669255105,1
22.836648361292852,91.05119438650995,7.023766752958012,0.7030892137831108,77.61959721648432,26.428268793675652,0.8667621136223225,0.3744949007377404,0
25.625544857421875,54.07811782224229,27.05092260653206,0.1593956180473837,77.93646923568012,26.329875390404325,3.3227102315608836,0.4808896592241697,1
35.51584276006909,25.632366290393957,12.831746164924521,0.7254291382242929,36.97462785939717,42.02737302929086,2.2700147772882224,0.33208964151490383,1
46.26066510212415,9.559571722827192,25.461577923526615,0.9583111010546648,36.142619655860855,17.63942509247091,6.149637160700088,0.5125803679866509,1
49.72084769644638,27.285017175710603,28.984406980044067,0.1316810268736934,98.9162460796147,2.9911645545539782,7.613351935739006,0.971234114094692,1
18.965089258985078,32.78371790934565,20.506453147612373,0.6174861309052905,40.9199451810642,40.29542997896992,2.5729524750425075,0.4197668609189261,0
27.143211786546466,70.59124595284192,11.113902505383052,0.2706627588663602,71.6202959246093,23.62423151367668,10.595812048801612,0.032717895544724374,0
19.126476335163215,51.414024381806854,6.35787465093645,0.41990710857524594,96.04770463663127,21.737639871354798,0.39430047362936105,0.5150702464278294,1
42.185385754929655,36.13192054274407,2.123827725536125,0.2857072085897566,23.686569501195855,0.6113324956691535,10.982184647806028,0.09336729837207403,0
36.733840246343114,11.647527359194655,18.105151361312867,0.23183036932671797,35.008819712949155,22.24130400972106,11.73342122470322,0.158390286142715,1
26.846712250239158,45.68633517169305,12.386369161744987,0.1100820345769624,91.17839726277676,32.59421900064508,16.526125465853813,0.19203539238752088,0
16.570484261103022,67.07672583924261,28.399929329217827,0.8601142987092408,34.80400059234879,22.268201930810218,12.471380640717992,0.5978972831073278,1
24.28312981598193,86.29909666168734,8.647771170064381,0.766618184133264,4.393249307568703,3.221757787185255,6.6017240990896635,0.6292101549290635,0
15.263097044732849,47.52287832124986,1.7264180549903019,0.9188214238318761,56.003999959508576,32.53025755410616,5.860483814176646,0.9488941160293667,1
46.12191269892024,13.359880975389634,10.629096942180649,0.2344641941208517,99.84074118502299,41.836146857045314,9.057458473906127,0.3386024382897911,1
20.888571301933037,13.488033190844714,28.96095622234406,0.3827869273674096,57.07059946676135,19.318081920114295,1.2600106438769196,0.9754625749828271,1
43.41933719150775,18.888530291049207,4.907753311772007,0.22866975591608554,4.8444491060637525,18.904208803896623,7.696400267318396,0.5427288448089015,1
25.461020233831185,59.25360838160009,12.27005242372287,0.5989737074488277,62.99329203973589,3.162688308105024,5.465591314623408,0.14974658748907366,1
26.377407445587025,64.58590571768413,27.276915992101355,0.7463514748512837,91.23139590048083,32.97188019235072,7.023795072170115,0.03438144179067515,1
25.77853056438739,40.47264107397727,27.2485965038166,0.5581888118553473,68.56727670288207,1.7436814931328837,3.478170964554524,0.7957947528103148,1
31.58067161705652,63.12105402455422,1.047630696798092,0.14204215015362998,76.91823502208536,36.038615206799015,1.2154769889343857,0.22039416857330074,0
29.623295067851444,12.052078204115329,10.87127422837467,0.9518905678098635,28.144038220364465,30.314818878259253,17.18824065902253,0.6659736454604519,1
39.35783950604684,30.574732581888156,26.20753833670789,0.9245783052237267,64.85464281147584,23.110987670960668,2.529763734756602,0.8731731454383912,1
16.016200537399722,71.96374824838051,22.453479412985928,0.9801905586790024,3.3210845316362314,36.833714382822784,1.8685397081055755,0.5204834839644334,0
29.80244390328992,79.76995538791084,9.667711472410211,0.46045669517046217,14.021587045210149,23.570833679550404,1.2652459006331318,0.4993410505425374,0
15.493436013960073,78.70594632603559,25.481514015975694,0.5270348972911751,10.082211924141205,12.257493473365773,0.011985342536182888,0.6163857416207954,0
49.07777345264719,40.51384284915999,28.76721170382515,0.24937193035741087,12.463719456102107,6.616292981434791,3.404093059711891,0.49374979282283704,1
46.28041871736289,61.8761349565624,8.082960053011504,0.9950199622942179,28.894892223565126,28.392050709781223,1.5781287926405965,0.06518014587656362,1
35.586631763399,48.37318173696759,16.247815261120486,0.1245680539733025,16.956840547675522,11.727616313498169,3.118760491314106,0.7381436581503126,0
33.16850646176964,21.93141117031823,28.568101201225076,0.17985651700218525,66.05510097725713,2.7727487043046883,12.824948540553311,0.4398559484473725,1
29.94073360879534,17.873246143402383,12.318554383735494,0.7374708519832948,76.07342808686838,7.513973441652614,3.075769431847006,0.6356831342780137,1
45.41909394536389,11.485162834406017,23.12442638330422,0.12280567318927985,21.070776295897698,7.588353844843601,1.4948840056631774,0.9337018596150024,1
30.95031076605478,5.585895662018208,8.74493448588816,0.9157859384273681,12.733968522304895,41.43297403548534,0.851423196464769,0.018578890757764976,1
23.620544192114814,68.87679359090114,14.14800018396467,0.3520166714509946,31.12217150217894,42.21935437755586,0.43248515201895216,0.9611951651850905,0
34.780703749390405,50.034283742754496,11.365412128496034,0.172919963204067,78.81822726796032,34.08117931998258,0.6164649010378103,0.6731086677284059,1
38.339256799693786,36.319988710845855,4.120866923290697,0.38274516211494947,99.05062374435306,22.87302504349485,0.4480960695007346,0.7354565533913818,1
26.509285471631244,94.89465130418859,23.45878652759699,0.44724197711812574,98.88509061667526,30.757871696063035,9.56492624921079,0.8121263160857805,1
27.808405223431386,10.81082224621244,2.33761772643426,0.2966858235007731,91.49913735326871,41.8576564338412,2.280494622135551,0.6863969569637929,1
46.237683527138,47.308794040512105,26.763487749457305,0.5064021178930354,68.13074575552703,22.27756377554722,4.336047867131504,0.2368718025207981,1
45.02164725814997,49.900556626513854,0.07244303305377842,0.5473590760614979,24.530001355828233,40.76099126351885,0.5484020960610008,0.5590447198909599,1
48.81296362852052,17.135771952875146,28.809800863814406,0.25422312256584984,63.82802090730754,39.3665996066843,10.43170427209899,0.4250101503723621,1
22.744688818162977,47.25129223272898,15.502829546447476,0.1464131129276977,94.47709199536588,41.656962220239095,7.451059436482127,0.2832619670639267,1
42.940967334912045,78.53221529884371,1.6017578681209732,0.8258014400678256,21.983853143046783,34.16490247543505,6.718766275828973,0.5473206792081614,0
28.800444897974828,92.1184946337388,20.454670932099134,0.6480724689522136,74.80626390576913,16.528953334606584,5.13897059286693,0.7204858851315649,1
45.441694652746364,62.16430381007715,13.585164672357859,0.1806524902927378,76.47543170119285,0.5192319895297992,2.019292725001388,0.2993155369593796,1
49.5104183008337,35.6344778461264,0.7016661953306436,0.8016549871354864,83.019798279202,1.5127159152189806,11.4999794364315,0.7014133542199387,1
24.427061230027267,89.97947859140838,10.44759581523411,0.5279829648765827,44.527340512081935,44.79328120166166,3.05367086338176,0.8043242997450163,0
35.57181262315139,29.268613916864236,23.81737158510576,0.3639599755126395,68.63391157688122,43.26763778053839,3.330208643585843,0.12291257492299945,1
17.91547291636162,91.62076315694671,15.503012870400493,0.7998507084983425,41.14187813698753,5.7083220684793705,2.046319491236275,0.40064179762965424,0
47.02547563132486,21.35851105918545,21.528749636708206,0.4886490299090792,34.86249256519773,18.51387882096722,13.180859173541666,0.14251049119285586,1
25.337998578171447,85.44403726367901,15.699875033753083,0.5940356038321079,78.09001040974421,24.516488273285052,3.7623853085720054,0.04388226434743092,1
28.789985679139882,14.85099926291914,20.023942825859237,0.11086615434043208,63.90147485032075,2.624511641940584,1.8231842367337359,0.9797845538285985,1
16.288473990451564,38.74842531952272,12.881490290314725,0.5190500779574224,28.8566025517907,9.07131909013874,0.6123510463259689,0.175571089788905,0
33.5275941119707,33.00089688818237,28.353634320896745,0.7734961972588468,24.525622992709582,30.63797430716229,1.2683792053657463,0.5363271261831957,1
35.229346409584494,19.37390744862282,22.70429590272417,0.15841654813593506,69.81996298350117,24.462694377607377,0.5019734995932401,0.11750934348802022,1
41.12871535151082,20.289558598262175,5.291375048766646,0.9515712312884074,66.86239151890713,38.489977159873234,1.3077108009998393,0.843093635394092,1
17.860437110037882,42.228476125517204,1.6087712924522624,0.9877436076208598,9.40176190554528,28.2840640107217,1.3522937218503126,0.42662645209857286,1
38.29842762935216,19.723582378037236,17.75118703456272,0.9883419220125601,83.40382424974045,36.76971611310457,1.4325216202055233,0.5131492157815924,1
28.0839972460926,90.6849804670836,27.176041148979706,0.18993573324104096,40.02693817665614,43.62832172470355,3.0830054521378107,0.6288728025746414,0
45.496494558222686,52.08017716814345,10.160051770042479,0.24187235061908097,63.24413445803756,35.35587886425446,2.915362469203421,0.05629779478222996,1
30.438997030247606,83.46287598625177,9.53365499830139,0.4323157444062192,19.87124981560634,0.31880145957365713,1.2100729974732751,0.40882006539347904,0
40.01252417825141,8.325932604728314,14.167482115106589,0.628628818542969,27.271362196454042,35.87134104716246,1.8818820532791938,0.9357817433463155,1
41.16521522710666,43.38117969540257,3.0612244045751047,0.1906121837821088,3.566803818270836,41.02635675301248,5.344107304021052,0.27617066917682487,0
41.195019684961544,5.864967921108429,24.102432594273225,0.7386652069271573,92.50341025986576,5.229294562348537,1.7201888538877572,0.7450159251527428,1
39.945857388004185,82.39019665266338,1.7572500795769164,0.7721149613847621,95.22476267348483,23.19691219955461,12.717325216563221,0.913402612409847,0
33.774111583975696,89.13056889237777,3.311142023092958,0.6346616797131664,86.24028519846713,1.7135051921768278,1.1198946176607907,0.010095767344972084,0
38.45016625024494,70.1224284372509,20.29200132228146,0.26633753309507846,26.079393377770344,20.897480957652554,4.322348771233414,0.9345407730610464,1
26.44870271549459,91.50518608638097,3.6109977548264416,0.4142676106818104,83.39544413681163,27.635312598173336,2.0686185322838044,0.11997644687736286,0
34.02540220485314,25.137670258953936,7.618663221863366,0.510935419325788,23.06741615408965,40.30888775849729,4.870984577253774,0.15538278854839693,1
22.544052753896526,60.16251994112238,20.14806698225067,0.5562803246765703,9.999031593964503,13.192028400344718,6.498060260554043,0.04931758251130258,1
27.53876278872982,28.457606865991195,10.880012142757508,0.9796948471957571,33.453437708777024,23.37903054069702,1.340949928001772,0.624095061165973,1
48.9340548430428,13.425142875365607,14.578360272927428,0.9641404447608347,59.01782489135654,36.57882680485534,2.6936079789951863,0.6516134271834394,1
41.433715112523196,47.690294788176445,18.8083026624311,0.5376913161345804,57.22706135277013,25.745515343956104,10.592118011634595,0.37100596018517773,1
21.146530489551093,67.28883436014428,21.007690979781497,0.61765186768936,25.95847138956572,27.509237307311828,10.42324398848325,0.5728319754136468,0
17.619484917022156,77.45784643482375,17.040085620497802,0.7573547226990834,49.22081140910121,28.36873703186767,3.718718036772729,0.902624362908079,1
46.290128994483425,63.71510166334643,26.773669097550297,0.9695630060042203,23.287027904441292,37.76387273371147,7.091343908409717,0.5742091655157114,1
38.42821212063659,66.80706095195228,14.18060499850233,0.3820194898124655,79.49455056781916,28.54582013753607,12.697875975460969,0.07862042293881444,0
15.984475006163905,40.883693240047485,19.728405315841737,0.5659406540302223,81.37271720672462,33.675928887589066,7.672933821166609,0.7095752053882903,1
44.01985956795598,42.33107480066208,28.099434949867746,0.5156440419420524,44.105137377326855,2.427597606763732,2.3224133090756904,0.5784657494695943,1
18.775877913916034,81.06408324307777,29.43604813745243,0.6602577402170392,29.762230089638663,11.539700412327901,2.3700860436388105,0.16015468728590676,0
44.67678043961519,21.152548575653704,22.59555614800369,0.4585084814988961,98.86598760667677,29.25103117289672,0.9720131815161516,0.172659716672107,1
23.07355104043311,43.462372168560044,21.909578557727738,0.2152312944518523,3.5587282272362075,5.431351198782723,7.061233926174403,0.19476280825320158,1
36.42842768973449,57.70082578283905,3.963977527867705,0.32941821350904466,40.438760997860015,41.26716138166718,2.8760886891237947,0.03517936390779264,1
16.135437886020483,86.78916599429475,9.186553225158992,0.7830411961824234,92.24195381261067,2.3543617695815904,0.8371872146374835,0.07937649151483717,0
24.569951343373393,51.51788606393629,11.982999196935287,0.987076626101511,46.92789518744996,32.793015695523316,0.7781662091468383,0.6223930614201776,0
37.35616755686371,79.85162745963027,16.861661986861062,0.636380526866286,50.052078114951556,30.40646286409687,6.674164913934597,0.3271935549796654,0
42.20573267459543,49.34756404018385,7.669609767548509,0.6912290288691111,27.818250754166883,15.391193692569484,9.893121823675056,0.9889485508221668,1
19.844775076460166,49.527628856617376,28.446808603431815,0.5578372048512612,13.169004035397458,15.843504121277421,5.136206479288412,0.9088642720850859,0
32.44587200798715,22.228161826308828,3.029124029284346,0.21739288690987751,6.738356257050415,23.347504139993486,4.237663458259373,0.49093283553230305,1
16.144965009228383,5.445860016851442,26.445265573457412,0.6999276626989157,75.93265579438203,38.78243097748446,1.5092283266632414,0.7634393341155663,1
15.14161144609474,75.65148060059295,12.731731375344594,0.4737299215076566,51.74564460340072,24.702734009667964,4.630676742585483,0.1757495735179676,0
48.344739331732356,92.2946906789012,8.615790686214863,0.9898861340266891,97.8813768299883,2.427161506419181,8.239333590334779,0.4637446642686227,1
36.84172159681749,41.36942398984348,17.84251421625367,0.3172700643908607,38.7721835085928,35.17454791107401,1.8165339421996065,0.6077467433044932,1
26.173227289301742,35.87794758923381,26.156757024439557,0.26958153628423087,15.609055237047853,17.60974585894587,4.10524666423674,0.6806546018376735,1
41.477123343732714,22.32526278088672,12.460301742129905,0.4490495366073469,47.37196685012297,29.121914078914692,2.1372647971072842,0.8125907876236852,1
19.336785580595212,42.027779238947346,14.774734063480825,0.6216725987849161,36.426474933903194,39.275082432276676,2.4183244070529524,0.1343255598048988,1
26.244488420210644,50.98517245369529,2.887247936188065,0.4077073235194142,44.80711677609486,41.49204171685942,1.8805538059179212,0.06477850281774611,0
26.32784786177193,58.666716205407766,26.074322235227662,0.3718566543003211,33.62338128207665,0.6572636003701993,2.6147948368561718,0.7417443015816125,1
48.237453483375994,90.94725366205006,11.896054680314446,0.17241984515933195,28.692213666797617,31.509215783033508,4.723038208493927,0.7725454470198915,0
16.71900785392304,20.039761273494985,1.3654176587104727,0.7358423850660222,50.06545855767056,15.602615303931984,3.8186127552335813,0.037008814699480364,1
31.031063779141924,6.314753534144777,28.433773869022964,0.3887671811468246,2.820404753056216,33.585378522961,8.915859385958298,0.7555161604079661,1
40.77815113876967,85.11819331306926,1.7469309255126775,0.8099557864844876,57.42570425475506,26.13371240401637,0.8803856336338143,0.5477087024824215,1
40.148889841599654,91.04853261644922,2.32889813091808,0.7367086261989741,73.1401249748186,31.664738329451954,4.800177273673024,0.6757528678195754,1
25.389503201348845,53.185561495016614,8.75166627185853,0.7798369273448107,55.37406481641568,2.1468883562427776,0.2861145977582347,0.5734035803588448,0
35.93558472668542,19.241287476338094,10.084127324149506,0.9411869410974041,55.124529837129366,11.322464970540556,7.9855678953616716,0.2414533926027792,1
45.7913614327718,7.134058827630419,6.893145856420382,0.7353540937729572,74.18156708103503,24.58175506466021,7.049445141551197,0.3036280973296315,1
39.53418621762415,22.56347464469243,24.4049531837987,0.7223335232899796,62.65894151128924,8.51891739276677,3.162015903225357,0.27293052035285925,1
48.94436702541123,43.208157239240585,19.079848913476294,0.25783179173339754,47.478676601158064,3.181013660748983,0.7621165612212099,0.5305298955534663,1
34.453504891695225,12.994846664533256,1.3309172468167207,0.5348894565601808,64.86972947789084,33.032528347836426,6.628207466575148,0.5508882880523566,1
38.16461289683728,48.82400101166663,9.813124754095542,0.5895017528125953,79.92277291598968,41.55077871868533,2.1462783458012167,0.41552724960177523,1
41.944570806828665,14.212838508104088,12.545946044910464,0.8314867583852243,87.54852021210755,5.395705306774187,1.0491341543664847,0.8123694014131512,1
37.49645586221342,69.18735580253558,10.81371050676195,0.8185805569594764,42.27887541535106,12.012340524942244,9.868458448343606,0.05988306316450487,0
35.6357877750387,8.715023295560329,19.004947498891738,0.4161994583906288,60.91943672575218,29.570110157759192,3.5290266414325395,0.027634181128169732,1
36.98707961279026,66.9767972290087,19.031499663375442,0.7618009574407926,10.853356172108297,19.859115006862154,3.3152799439288287,0.9713118333320274,1
43.73643905602607,40.1464907203389,15.451043483634043,0.6794578735231552,21.450157847061913,6.4726407052336015,8.732986970457876,0.7877696311894731,1
42.28071062955852,63.56028185109561,24.407097137040104,0.22868260853985461,92.06120669498907,25.715281266464313,6.035266358292397,0.2261620117744344,1
45.361552790764776,9.62031366467905,28.356096423414012,0.10177311742241602,48.65948907105951,20.812563530499958,3.1718311059922577,0.49525413087493997,1
36.990281957579,38.05159008252455,5.740918024667928,0.5511274070006117,9.25092636844359,18.64292917751232,2.058073859560152,0.4293020177127792,1
46.002238316792024,81.51310547525273,28.028729508575278,0.43206520790268166,26.954853323957717,13.157776446813083,5.800610087895266,0.4693695394112771,1
46.22811834231561,45.596163349993816,12.397987538924868,0.22966128517222806,46.60521309111555,6.562098883380083,4.442821081615377,0.4913496052339982,1
49.36078982030347,56.97458858501108,12.825772022472414,0.5433307952560186,1.5204267045960451,20.424053181503265,0.825357006190382,0.634996387071818,1
28.915252155557063,41.367002828374694,6.698175154612189,0.7326827165765664,22.34429380872457,14.785480384561001,3.39701521149724,0.43684823782785454,1
47.61528471360366,69.23099669905743,14.147802264580985,0.6917986977224266,50.444988171815034,6.588391574937739,2.6686357787554114,0.18074828061743786,1
17.188644450437188,43.0438866528636,18.555235060577896,0.6908510350144403,48.346466887295314,32.39873888297409,4.724606611655793,0.5641909756838953,1
45.250937946927124,28.845744084674344,13.436041627390434,0.8718539631495741,85.7174674675111,3.970906850689051,10.203420817303076,0.4491465902387898,1
47.36004038449761,25.45783475177457,18.96685256050473,0.22474216450992066,78.22364182791082,29.464878511593696,4.717577686064781,0.6459576560815412,1
27.73182592286429,34.55734573507376,18.485394361046154,0.30120821206715986,86.74175321601876,12.799949944312592,11.215023714063435,0.6720655344889294,1
18.092977878694015,91.59071230352687,3.015184281512787,0.9223274035737257,72.38490275060755,21.996322494752235,11.336650512093945,0.0448484604861068,0
26.977149868415026,19.759534900912158,23.923357113948065,0.9289322868965064,34.142645779926205,3.748821561507583,1.3361778722648419,0.5751547530024754,1
48.881765524610884,15.049526322940926,6.201025211439193,0.6566101552478568,38.641040528563195,43.73630861840177,18.594073944201607,0.407116092779933,1
29.18985783778208,79.39190212326027,21.068409371477113,0.43878828157871075,22.6761269980452,21.5689154455734,1.5010337549930985,0.6786081511125328,1
40.32318286751982,65.74775694885157,17.099593092227593,0.9319743110361639,28.276660234745343,26.392180931266036,2.142691576342036,0.1936573121106342,1
30.273785890701625,52.01872802635727,2.1143278290444343,0.998255542577027,73.94568415063523,38.39284676500424,5.669068804801628,0.21407100848785032,1
18.360528027686673,35.17322272704837,9.63600490819296,0.9815464564048002,64.14246707977769,30.200762284415145,11.632309221042318,0.5287054808295998,1
32.24438023766484,29.760232339299716,8.1992671102517,0.7714789626385006,18.75629922917731,3.0183095562911126,1.5234847748594658,0.5482572587014144,1
32.21566863364755,83.51459733719997,0.40086895530045075,0.9353602233959226,99.60192460617257,27.22934777357726,11.955849462058142,0.6349149130558243,0
35.11547896775787,18.44777297356664,26.728206815245247,0.6119873821654896,6.934034425523638,10.495957562896765,14.257790862398078,0.9330120229845956,1
34.75051988496416,21.971704921080228,10.846767263088598,0.20929385149480215,83.66684348124647,34.119402963205815,1.3964597265542453,0.678337270081678,1
38.42770971151003,61.70624090341381,1.7308209554813847,0.22183992457709092,24.17556184344565,15.411621030823438,1.7983160642746152,0.5725808772353217,0
43.43264582110224,61.22781744674806,9.369975089672506,0.2089504126038579,77.46130499407694,36.669671968708,3.983051576534681,0.8126489297171163,1
49.21024488340203,7.617847830982978,9.217764716542344,0.6441690260785393,70.10782301919264,8.435609472569551,9.194519601085599,0.5685125421627696,1
20.641591009814764,58.22602666016359,12.012776318397735,0.5513643824109756,36.46073659450515,13.745359511436469,14.879909927056215,0.20831764701557798,0
41.310099562894884,56.47081512213526,29.007359561338475,0.6233881537365522,36.623612662188954,14.778353425373663,7.528424584284322,0.030772870030337685,1
17.881138642809415,32.07565817055105,13.440281003716434,0.47645101424105296,75.6736309156996,23.907302885185967,2.542152636449267,0.6396309648612344,1
36.16794663220968,68.07516419570945,16.739143415762825,0.8284269218197339,29.439109211468086,14.341796332729583,3.327011938489492,0.1914529083050519,1
30.625116966296105,36.405281304350254,13.030816663237395,0.769590325680627,95.00111659377232,1.5085464820451533,2.0486619816713394,0.4873081962001172,1
47.40485288893537,83.70248151336045,28.697792078612903,0.47067713769645303,29.71311810859767,30.555912726900328,9.64424601098192,0.8196127716276655,1
37.385763617627916,47.61621869780515,18.75485571191445,0.7117023932556339,29.16623084345099,14.72558862535175,6.3962406222873955,0.465886862679909,1
32.63780204343155,41.68998605530342,24.220230079121436,0.5277749797883223,33.712240553446904,22.064972886032297,4.945813672543741,0.6938865550983075,1
24.98698370926875,92.68538952614625,17.970219322024906,0.996564812858591,47.64801268963822,27.534399913297392,0.051326415482129906,0.2573836028988129,0
26.50486948911969,15.271478660391384,25.481439990810618,0.27801239681505174,42.60854872233594,13.526351131677492,3.0415576260379384,0.6105712720450126,1
44.97022627419292,12.919135451010108,11.476787103840692,0.949921563677211,98.05234493390097,10.268246461504232,0.9184654856343127,0.13500734898014677,1
23.78235125733349,49.1811608821922,17.177494494505726,0.383145485039873,89.55652634496204,17.82601568603548,1.413556318704932,0.829772598190937,1
30.671953912405847,30.947754346872046,29.69724698864593,0.8045718529787373,88.39408016322137,2.1782697989446205,10.650488978989213,0.48318795312944407,1
40.343070846477744,7.244871574476494,26.050408831121654,0.35430650430466404,98.58256277579294,10.86077620390383,2.3234409843718558,0.9422618450893169,1
25.225559205744222,32.94287255508146,14.628316920678937,0.11698715736167747,70.21588429017072,27.666107377492544,3.2178381927436717,0.4814818678233225,1
42.76823355947505,60.30534649120622,14.946947629984535,0.3942191996925739,78.89843467736797,21.071493117876912,1.1293144402642645,0.15451894624925544,1
24.829674671490203,62.78894737563048,23.91541282198823,0.997297694008587,97.55947791476093,17.805692191091204,2.9326823714531294,0.22331309706961122,1
32.55575641416631,94.635224078444,27.76952697817516,0.2737138015035688,51.43396312305811,19.876974429673055,12.774360835037054,0.9157337237632163,1
37.4198652574658,16.81320757155084,17.612119364806684,0.7396059366363107,81.14092056302019,38.91452067248547,0.6501530117000648,0.21441924831516246,1
25.294464500593037,77.72478186470691,6.966933770415382,0.2066454329853516,6.391196670160227,17.40488765896164,6.190696126581918,0.15877890823965246,0
39.2129104334118,47.63726106349685,13.602894539709125,0.3423352656158666,14.295874769998985,4.601293929622912,4.341707831547533,0.5215583451323694,1
39.92618456477035,58.923288967223534,4.549399930851884,0.3345763512403901,80.72472352752243,42.07933927955565,10.013491937674111,0.9040343307402372,1
29.8323852145727,45.19911173399605,15.908173359994343,0.6501110512595114,10.98898039452486,18.076423532661696,2.355997934640959,0.9191076834166358,1
32.96214534718652,89.38620991832926,15.817431579066032,0.9928316173667417,94.57861560052969,10.372935633141022,1.3985826757025328,0.32682282381344074,1
19.38618142306935,13.22857178904214,11.426520343145638,0.6420089858163528,69.12338236741726,12.728074035849666,3.6202736899309236,0.15067088107970816,1
20.001852835468046,44.388301789414626,12.634388697968227,0.9281957228067541,99.96780995938754,15.810932648025826,4.456257956704469,0.6049944714888947,1
42.102386848872314,74.89210933602703,6.56737615293329,0.6103381048951874,69.11072009408113,4.3150736303116535,5.480817069237657,0.320148147240232,1
17.654515800809577,91.69617964227807,1.3217032725903577,0.7263766222967522,48.50720546175394,39.277742630648895,3.0340618099052814,0.12236567433294843,0
24.16034658242466,14.385103024710844,15.81045752727795,0.6251911815052105,67.99822240674936,6.551026854196728,3.414603656872428,0.41755080745345596,1
28.51794900825592,84.21662427772006,0.53950626751613,0.7285954202170555,14.929353420299451,7.10384087727621,2.4867738055712096,0.27485803036835255,0
17.991763454865154,50.969715253253895,11.439253243797186,0.19629533825363138,24.268695354143944,2.020180256689594,0.6296653995503951,0.9452098832254007,0
16.31931859818394,64.48650134401146,25.157728424378863,0.6231210731026331,81.79141752088786,9.34719720460565,10.498835871941228,0.7561965149131958,1
15.409001320598344,5.337198258338976,9.034169567688288,0.6049759448622511,71.18067952276886,35.318247378974895,1.7483166924737121,0.6875621869196781,1
35.22124988629452,73.16118009996671,27.339254999194065,0.28753510210920485,83.10728435267565,38.34291891431925,2.1816161600268154,0.8799546426461846,1
49.88452481234687,70.6274706952832,29.34158266671999,0.14804746639664054,25.766693816253884,35.455370985167114,4.294633195803969,0.9853224257566582,1
20.249168139259318,19.515942239418678,13.181326853306034,0.9301964210682145,18.963550921491013,8.182787005414852,4.416069590669945,0.9039485172407857,1
38.67324439662548,88.61617637772156,1.3068629142488986,0.945466332446948,90.26715821067857,34.87196080793789,2.4319966804361832,0.6038403128773417,0
36.20710175314892,47.46613859970135,29.658108908692025,0.9364956645066506,80.8197379002247,0.6176830335253797,18.88933377694367,0.9339495355414896,1
36.53316695575622,87.0804967451412,5.364556858979333,0.7752292312666473,97.7800492353606,36.640248141630764,8.860127800551412,0.21737421588589378,1
43.86227349816001,35.50194560476172,15.810916786116517,0.5632547481924267,91.14177144719588,11.410791544295257,8.77252345063583,0.0359810956938712,1
30.98971577214673,59.33392626146295,11.858128177666497,0.9651634752863447,59.483249778926826,23.730486678103773,1.119290503990076,0.46065751290383505,1
40.760018393412906,17.059511740954754,4.332927861899217,0.41774977974039784,23.235173012161404,24.069387317639947,4.632661541957352,0.9731072263030079,1
26.403648412213276,48.04027230318529,10.114124643373954,0.6308631292876612,26.538268161718893,4.62588453943679,1.2138480313564175,0.5319989925595564,1
43.11982040400244,84.32054976811435,9.89817350516269,0.7100473416956556,56.49473265528705,34.52345070620621,3.5444100366429487,0.3432673051598041,0
44.618884475580316,21.979250308018024,8.638014258503983,0.3267884740513466,65.23645870888704,18.146109757540785,4.2346085800912,0.7516449366976291,1
36.679350075149934,58.328179442035825,21.91933853368331,0.3807479614519349,49.243172845684924,10.468015662121907,2.4516258490324363,0.15935243699881319,1
19.989649900026237,59.21251115961778,10.660275162275397,0.8618580855129656,52.678210389254886,27.358311766619906,1.1956470541710225,0.26002897602520636,1
40.26582646539741,49.772272406358866,29.265153447698744,0.6874083282150077,53.73553921839213,41.55261270658139,0.367423009515071,0.29287423061081885,1
45.59329008583981,9.020100994753388,3.3917789878281157,0.7680324401428863,95.78280968785504,41.85678965218768,6.834750988598874,0.4965189779354503,1
35.308381976727894,28.656218854519178,24.41468420274323,0.3017200966520863,87.7290825165999,14.936568363545804,5.633539962851508,0.8101525659178777,1
34.71686773340976,75.03482792259943,6.166165141748453,0.33380637057334517,48.32265678296122,13.627930289602947,1.629779140636295,0.5381100614417674,0
33.304950311416874,29.016836556260472,9.704710763724929,0.1762769022828023,80.23470490759809,7.308051601441933,10.087357931983618,0.596728292009186,1
40.368042591994026,56.289371383732444,0.25425195278897417,0.733695705728898,35.873881481748825,16.204099391920174,3.6116600456301566,0.7513081303211936,1
44.54188346383311,15.168833875376656,9.013309255052553,0.7211660947068437,42.76011727398906,20.550695138917654,4.639592340636995,0.42055804997055746,1
30.490887475870135,48.11137186328995,10.708323097241744,0.7764031476277644,77.64983149252669,35.738341861782374,0.007560439318885228,0.12355235073243265,1
23.50309159839843,76.3097377639848,6.098389834924742,0.6624232192958021,96.06991141171028,15.541335304671527,16.426652010099666,0.1686435564211709,1
43.213739245879324,69.5293126329362,20.497593726378483,0.8309700413849064,12.159856168648098,10.725938131394855,4.999718788547266,0.14323627910725933,1
47.042039687577635,21.43716661538197,8.968751886696541,0.6758639371970335,79.52358320930263,10.236327367555056,13.671684895768074,0.17888965122973743,1
26.579037195485572,38.747048571123905,19.940553180236442,0.20625659667439855,64.44098029699398,29.462290427278166,0.8036957172765467,0.628422769689697,1
15.654088087433344,18.926232854796368,23.88325684096146,0.7887907914921529,29.707572585492603,9.174300813260015,1.0478061215404948,0.5465871049675483,1
17.975368026553905,75.96454525791009,27.157508427549214,0.3774697699754066,23.646193072168675,13.974394010298623,4.325789073340731,0.6432137446624214,0
47.42500453145935,55.246757917683965,10.751652884007921,0.7129649041117179,61.95762677553619,36.790673357358116,7.17750094359488,0.9483315254319495,1
37.593557022682006,20.905662232299598,25.870632591772374,0.7954276150482595,98.44843712167287,5.877764780205727,14.902067986879858,0.12188905309381137,1
29.06138546188382,76.70971961084143,27.146981897388546,0.3634060351944032,32.008177848133826,17.82161661898883,1.512632084026261,0.07311317457063427,1
20.614185408441664,89.7812136131836,13.154911285198391,0.4481460255759626,82.15773134754319,7.911002629498761,13.457632507275282,0.03899812068200692,0
31.071063638517003,50.66656419107876,2.5317302090014993,0.3077063953374337,98.5607184474936,19.686929735220392,15.398375529858644,0.24708670202492555,1
39.943941311063895,26.27561867381045,22.649944042167764,0.6410207654656737,61.05773861881124,14.700698556753153,1.8571143848843228,0.9339097925040726,1
48.22444821029128,76.698251512163,0.64202534758105,0.7085034390667039,94.88007453658228,17.34173717331034,7.428660129039151,0.7879323213637663,1
40.858818644152336,24.1039932464187,0.9172236840647396,0.789868340799283,31.106172945181797,4.540591568455338,18.924014501456526,0.2719992537422864,1
44.54492772648514,56.21006008325383,7.324565966411383,0.7085622917224748,73.08692190955969,38.965941781744,12.870502030262328,0.8607677571844182,1
32.062045355921725,88.94472995830462,13.466223084393617,0.6560862747609946,11.407249644922157,44.281432638148075,15.158086096279025,0.5966705206255697,0
48.3185412844783,32.84032891833182,11.010535816078276,0.17855647100427552,46.89696722184337,15.959927815372335,11.011744232761583,0.9100094041797696,1
24.568932680988652,94.92901693853415,7.654197085663405,0.5464886879868648,19.399868324680682,12.25339561298844,6.727979965014854,0.35761045449060747,0
34.16324988181597,39.18888045883681,6.523814965735947,0.5100982060620424,49.80570275490997,6.740525201442856,6.952012253729763,0.31437677724239055,1
31.065456313623393,83.65443355571354,19.140592920885965,0.15398567563359883,58.57432256607788,15.245090941812293,2.013377794780096,0.4012542772749471,1
23.261423107867635,22.610739525690114,19.163877647318305,0.5098360377393133,16.431137764547465,18.339175056575353,33.83291567390501,0.80469883008267,1
22.351241281574918,6.489191780200143,24.81626086710389,0.28956863844170044,28.662297817792837,23.976808836241776,4.583231941369604,0.7041781241731476,1
30.561587093217533,72.82591791611478,13.92081972291736,0.298898280509274,8.834820840250412,2.8325459279321388,4.003226656743283,0.4538609085364528,0
17.935952411230424,60.030767179096,16.86920330328483,0.7966719199400067,80.4989583057796,28.24646048864288,15.016821873764021,0.1387549375964796,1
15.638160123327332,86.7701845891339,15.690667855310526,0.562880413025993,13.092932509568767,18.605746047331515,5.622042174383956,0.4602949178919533,0
33.73285629311941,67.83884690476492,7.180179323637677,0.6331852854283573,39.876864906039586,24.46636925114769,3.283137781893972,0.8756016076940939,1
44.66211234412175,16.650511018424588,27.407442380071686,0.9095434885128506,99.5073912729095,40.092154330898715,0.9569821945451493,0.002564191602138499,1
43.064233383143545,18.42497433888147,23.788168146397496,0.2152134268810877,36.63029093814133,42.11142069470961,1.7542469975211483,0.28525388917623307,1
20.05269975614437,66.0843272371134,8.990670691300346,0.4972263846320334,41.55197244189907,21.109279546689088,2.632803767704734,0.5173509476879365,1
17.867035030649493,29.66610504822604,2.272344313849042,0.6977618874323388,57.38563272410627,40.470559231923026,0.5784985453065508,0.2769275443830208,1
16.884756559384805,36.49381120610229,20.718571339549406,0.6393503294796639,74.03019104894622,26.596739210672663,3.260802380477996,0.8580043719002853,1
25.872921713440793,93.30675623980456,8.820518403498683,0.15692758476901605,78.17471520634322,22.48075697742184,0.07987833864623449,0.8926890277602038,0
35.71565963506603,24.40458166130573,0.13217567698325938,0.4348871552460739,27.942569662900972,11.704248344259483,15.722210097566887,0.4830650642766715,1
36.65826497123522,82.88345613179848,11.771810718350608,0.7390720753213758,37.13025344687223,3.862092160441699,8.182188315555813,0.47345526210026323,0
46.47769222879708,10.388621429051723,29.65327430140029,0.28736888211608796,67.05085163747671,2.4163006101067825,4.46592048988998,0.8761564275304201,1
42.21675851517352,48.08092903405238,5.010126387348368,0.8920150639768079,4.499408970680552,22.31836513505112,6.123124716573203,0.3784279394820286,1
42.0233829002089,51.884336942874654,6.917327212640947,0.6558910163594068,51.04342770776948,14.880193522134212,0.6242155874379893,0.9710905779212855,1
39.34217357089901,42.70965511680786,8.354194613677393,0.14349323348270815,69.7779179735069,6.713550988393319,4.770333594174483,0.3505730699109454,1
26.75205510403794,38.75647158744007,23.420135431926077,0.1538207558233504,10.39183739115509,14.764861690020057,7.562592669079264,0.13131976593129002,1
46.64677358439508,44.68456442343022,6.630903850624184,0.5787241247070108,54.00838501639819,29.613377701080886,3.3215462495882475,0.357068530542476,1
46.51709285225914,20.6905616286829,1.8944492819518566,0.3818669954575038,0.9830568111725668,44.74433942720672,4.6772023223459875,0.16695045663994468,1
43.52373741798355,9.848906015589359,10.078766859730626,0.5069663580085954,12.865423501026784,14.057165486355258,2.307950630374416,0.78596135082168,1
48.69615145503471,44.76983051843646,5.754494688530642,0.36216834561610056,52.57609244204985,23.518656023270516,3.155188974165176,0.7160358876811231,1
39.22444952500548,61.698689176478425,15.43860641038441,0.21105948527363164,35.006279348771365,36.75146245585883,8.763377385599085,0.10729798714894845,1
37.01820092659453,29.247818829552216,5.5839847720631095,0.9953827417923384,81.06489297828776,40.87099805216768,1.3266480194365737,0.003748037082121236,1
39.37411898897801,27.339760352640305,14.866676396787632,0.9510312017522156,8.6326429083461,19.316252856896924,6.5525335461259715,0.045066275068466055,1
21.67282921757011,18.708469223858813,12.05508307225042,0.405261727512083,66.32112398620352,25.91302706699744,3.1626070946760576,0.4566408544339142,1
17.696884741583624,39.024436796237126,1.5663595203237624,0.9836735255198212,88.68485823620385,38.41802785402872,0.5036865437620766,0.6490257225049304,1
22.13648455668188,70.02681539490617,14.819539279021795,0.19830606781473037,7.03005235916454,24.82998793250587,4.670731200620214,0.5112692496439278,0
23.296094283945163,27.277745605129564,1.4474652590595194,0.29404821458461683,11.85381831765323,21.388772646685794,25.43250644992474,0.3523497488083944,1
25.838750666268794,40.84340543486011,21.390402319051287,0.42812936377926836,87.90880902589365,21.547631972307872,2.63220709114417,0.03733124030165369,1
28.131925479726775,70.43255888141735,4.326697596848117,0.3813803274029709,74.6049317953257,17.55811693566288,4.002546531605853,0.6643920352261201,1
41.664178343666244,12.917308802775697,5.943551322162975,0.7724606931955247,98.1231258916095,36.01521882095306,1.5490106019354202,0.607911813785225,1
28.537259025810727,30.966332275390688,21.497289856677618,0.9781653201221583,23.952415193597886,17.81635176734255,6.991258252974032,0.13215086542368149,1
48.36078153038597,11.27693855752202,23.687336394447144,0.4751633578848278,9.463109624223343,27.782507334884983,1.8091191914809703,0.44098937555129125,1
47.71000045437358,46.38604549466625,7.1654376913221824,0.11324963741646078,43.968963705372374,43.24732988164514,7.3553816136615975,0.27833526367788664,0
49.443670089959305,52.793372898659015,14.136431545587024,0.669162266411056,50.452096603939765,37.48606178302304,3.2603945624079107,0.006179651220081461,1
27.452461051599578,72.97425748633006,22.42094853521894,0.9537874554101108,25.791446321627575,33.61223155104514,0.2931503962803633,0.2264741521362874,1
44.66494547994017,83.99017015345277,19.671190254192084,0.8967100640507489,66.02699305363292,36.820085033758254,4.981060931969046,0.39458321990059697,1
44.73608240529815,28.42829393084246,23.719802002309972,0.43932068792867873,45.86417310942549,6.3088074474736615,8.251861611714764,0.6472188686447203,1
38.93497236709902,24.988060942151794,28.105494936436767,0.44950228495446276,42.450633823276306,5.03520625978288,1.9003296668009972,0.9666867524358894,1
32.382630196221186,91.92842991474234,19.61630909173049,0.6330809427921824,95.54609000229813,28.997488869789958,0.5892207974593364,0.560466538197633,0
30.225039759031112,34.675506678851775,27.56173031454208,0.36525475259575635,22.51972621085263,41.979406267514314,9.930529056541333,0.5297415725398474,1
37.45965386339863,14.593176800861137,27.79074964956655,0.33805388994803237,63.12407369554918,37.24283519901915,0.2976453293695788,0.33773244055928353,1
28.70470601455856,11.155332433397955,22.628369012736,0.9552268425862546,69.40100385540605,5.036419327950786,1.9017553847738538,0.04003253892447789,1
15.287330700405823,76.31049238784333,1.9781270316567057,0.4643876371589202,82.3184877910496,40.63780371950713,9.83343094963349,0.849286186713936,0
41.084658941193226,50.19196624221741,28.066956623146556,0.23864496911665564,36.84834394251355,9.65404993870347,3.09296330823914,0.6612370363286231,1
18.15794873599737,77.839786797621,13.634997635892004,0.16807594832638134,23.982158346890692,15.31357739708362,8.846932626008462,0.28565858826917867,0
49.94326099820334,22.70524350705548,24.218725868158987,0.4799908701690012,17.921891078752218,13.38426524532736,5.912613669139214,0.042410401189504454,1
34.53280459464027,18.955903493345424,24.83547569088828,0.21410295523430017,3.405160025046361,11.525690159288976,0.01978096965963616,0.27329072413546973,1
47.13676665049013,32.42804467947053,0.05575882762354101,0.1978326299266051,60.3800225598192,39.12935164955678,4.162755996085249,0.7246586543802113,1
38.050990812242745,28.902186327004486,13.512802834994236,0.24666307168272644,84.23144242611129,20.122771473136623,2.999502061616197,0.33724455187096614,1
45.10419783378879,13.409018351518348,23.98054513261699,0.42494628856822503,49.164930121106345,38.10425120836,0.835847996657576,0.4724122898966694,1
40.505995234042956,63.3742263722226,18.85019320036277,0.5162418388514018,95.68010041669474,7.3105623368506825,3.132827319728207,0.502573502533143,1
29.346432127638728,18.234085874690397,19.733120990105423,0.40485122879205726,73.12008547066458,13.536794835925075,1.0705261677234317,0.5229978398682743,1
17.356022505222324,58.55870765210245,7.125608244843226,0.1732902301139704,77.61788977916952,29.784315285382792,3.631083415398872,0.22832339312868988,0
18.41009292589177,57.775109226817385,4.764633548732754,0.5045593833909845,47.892836256695325,13.932481006783009,1.2141304204860082,0.6258177767336605,0
21.76605253536227,14.954380186228732,9.575070940512646,0.65888127047352,0.5948986297240721,10.770630531810362,2.3642027669711623,0.83938082886908,1
49.37697375981759,24.312344812434795,17.026135411672108,0.11037618415708601,25.729575940178574,37.71489473983895,7.82981226871534,0.07762308490398229,1
35.29399614330795,86.5888024945226,25.888270379856205,0.9054843974536921,89.62898290388183,5.088125796677044,2.6119428741621635,0.9555436630344945,1
37.442821191319254,68.85011726625413,12.921651709707842,0.8481908005521626,18.770935165654322,24.920911832964972,6.80425030469582,0.8119538431585163,1
22.03163712945327,81.43523846500676,5.3777127177353705,0.5785339245307177,58.72048797933754,18.776944933513015,2.625685393344865,0.9125325541347328,1
17.56393199195771,19.917662535095786,29.367893336605867,0.22513912140775902,33.544659466487744,6.7856282694003305,4.402016729879648,0.24117458491255617,1
33.21934633563416,79.00246786677454,12.235219326596196,0.3602941217878445,12.802234818482749,17.90944371724714,0.36983461288251945,0.105363992506193,0
45.606578104711986,93.02427060990611,25.29057744807714,0.16621511749902473,26.187634870529443,28.47224984691145,0.22086506773213316,0.2921113270101914,1
44.97672312739991,79.34817799248364,19.50626909625069,0.7985249103208151,33.27988656156978,5.007258692543695,6.746778941527399,0.06011472249057259,1
27.142734968730245,94.00454354919144,14.141650252614,0.6957589605966643,74.83964703205869,28.125247780249627,2.9225062969183444,0.22169904884742264,1
31.887481213829304,25.75948177417392,2.9344194015360534,0.32435025952967833,88.7243350965401,22.611216361702724,2.6598095357366143,0.5968406140682212,0
16.65306032941211,31.448426996142658,4.93759349722329,0.875424064263693,97.37511269923196,0.3531740189817889,6.780137500598441,0.2954332828505648,1
19.462731211976646,55.29844512420194,7.609515281394295,0.1421176048887891,40.61240811293452,35.18521308088139,4.900450070680858,0.671202061508225,0
28.53010917521675,46.57183471422741,10.152236021609598,0.9359440574455689,40.898186099138336,35.42621569176904,14.869253995848574,0.3187732419180943,1
48.352485420650225,71.12098661002764,24.655397949081507,0.7026858359292175,61.47666043455554,44.40721119898366,1.444457949728741,0.34572662684303557,1
22.224382082539698,18.996324053128895,14.199385910336954,0.31613097898134646,90.40525852821625,3.602768888653273,5.5690026398208765,0.557028196207943,1
41.398332065372195,66.29630509788598,27.08953505353093,0.5901310425025003,53.44923201826505,27.211604274686312,2.633873306258447,0.6039916998275976,1
48.09442197999453,25.54635274203509,6.546926126128954,0.32868190956911636,9.887802151297809,18.3719141984989,2.841767292297926,0.8651042424763791,1
31.007232605157235,46.14122690507713,26.105046694758734,0.23846913339162673,19.466662198247132,16.10013983976731,1.1606428777439681,0.8569364418288131,1
48.43466556416449,32.338129018497554,9.017677793547717,0.8159029893384102,69.92588857556798,35.70445229163195,3.380084959963182,0.1407368916609948,1
41.018353966572064,67.37071801574933,14.683707108414483,0.5878614437999414,99.54509692727257,30.64455764242429,8.246491563894347,0.39756158656608875,0
31.938844955206704,92.07170982604096,16.443774396405455,0.4253665427062592,79.7558809833227,20.83936207354547,2.418101071063432,0.2806397440525825,1
21.51513799711471,48.978204676378745,14.722792341149729,0.48986692006366783,54.844972161838434,17.02352039552165,3.677231583169276,0.5071827385538678,1
26.704302011259138,89.33635352581808,23.990531181072768,0.35861877455048363,91.23031122046955,35.854655161099345,2.0681454557509964,0.067475891411922,0
39.943669178903534,91.10376674201358,15.575115353909737,0.5756933125080059,93.9389251838519,9.079521528257587,0.8358040132218121,0.6923695501834108,1
19.816875733036632,75.52390375795599,13.622597896910367,0.9984206501432722,94.41063006894343,42.05892582711292,5.143142449193464,0.6200340271126825,1
48.38116445602657,62.84276938290809,19.50607849120766,0.37816211938788835,25.634154398780538,21.106288957823704,6.665881968091371,0.5923610387671819,1
41.03012251919061,12.130518812684281,14.790044556481543,0.7623138284132122,94.93896107064582,3.2452030834123176,1.8231909818186243,0.4425196076159511,1
33.75054159887024,68.45277049250386,14.03186839027881,0.40478462248338176,98.81423450579379,43.935503470128445,8.051360221413614,0.9020242438946597,1
43.649753390545705,25.29286176860482,27.470525069612215,0.3896631890401506,44.99094402569956,41.569357428832014,13.371183354678246,0.7185242687657187,1
49.9567927522133,23.51124180447217,13.318272682196808,0.1004128567529348,87.38410971451431,25.976509809871164,1.8053404416915722,0.9524139643090179,1
49.90589716313046,39.096146603927984,22.682763106632144,0.5287508957413212,63.85004157786511,3.5367104208168976,2.155272105219852,0.706679311530328,1
27.200521204730794,62.831131073528965,15.60440671099364,0.6462981839728347,72.89774087861177,9.362602555947074,13.190012253116567,0.14640238702753083,0
29.339755850729325,72.64722585827478,11.331892490804465,0.6144234334472934,53.50549102239634,11.673576540485971,5.794218857032015,0.11962660919062029,1
42.20986339595351,17.084438842739523,16.178128064514762,0.7577488194621049,36.42547033198089,19.909384104086556,0.03148567830979547,0.6248311640664691,1
29.909316981100115,73.65969015040932,26.074890264695853,0.5983849621911758,97.18868242386526,14.12117055841983,6.614639809779418,0.33552659831800846,1
48.44603934401143,73.00321308400811,11.905116909705251,0.23737019143557597,84.0406861276044,18.693649276078432,3.469054113254046,0.6019967900842776,1
41.226832862328905,30.359096714658815,10.890078524712113,0.5204668639480724,61.68808872894225,33.75758737123724,11.610817812641663,0.9946066822406259,1
19.584305732671112,40.93367336982296,23.02571267765948,0.4303268688544636,5.947380633958465,40.74656556122655,1.1386145766161813,0.6729453760506203,1
37.80484688113786,60.042179636067274,26.598962334549736,0.10481817887906686,44.819652336196434,14.222230393061889,7.306797081629771,0.8932425320266244,1
18.31338240541677,69.84477992647784,10.328360004287898,0.2149515400110168,20.88367047059695,34.16938335970162,5.217401416884812,0.3176065845466338,0
38.24262988704179,83.33625027512937,21.677936052180335,0.41686447790841485,6.652128342124497,14.1756537421342,3.708976321275097,0.8452351939459843,0
46.51060596975452,79.73500121135427,6.755608537804749,0.8617001759074443,62.95600765263543,15.457211392098523,0.9071923904422753,0.13222752312950448,1
28.374463691310815,75.05267601407743,19.96741352303569,0.49444166309454607,83.76597613823975,7.270387611170925,1.172079171659795,0.7942926615171838,0
38.14922875901394,50.40676939845339,17.143535555683002,0.4949160924439374,41.63399104826643,39.93772146753378,1.6671189916582922,0.09850269236132647,1
44.89100095336413,49.69078878301928,25.207709846381018,0.5884601177681639,43.53732722577796,31.70146259730203,3.7822211167788318,0.4880003899645603,1
40.90624580015867,72.51936638770161,19.08983043346311,0.8042623494345138,47.64272918741801,33.71666646493725,2.172573784961749,0.7290091323195007,1
21.437483902346905,92.15389305198859,17.801744508099656,0.8933253291193867,83.63857228786105,36.189631693620235,1.3725933726602224,0.20999178545325825,0
17.202046175072837,30.667954991693268,4.027669693340632,0.14141653552403366,42.89832826991604,14.155287486726596,2.1688570230159963,0.2333493327805497,0
31.00659230109456,85.79061778325298,29.2650123671254,0.3927716952094962,36.6213734651997,6.7559255694645355,3.998954335416861,0.11537573185022598,0
15.17093926364827,66.582360300099,27.563621624918767,0.6922382486447684,77.45443735503108,39.64151748102322,0.2971362812679362,0.3104730118364626,1
26.880766484322777,77.22792624989546,11.985927351039361,0.22828603771951142,32.892615414312274,11.774965547752682,11.442247676456363,0.45383101639864065,1
21.284583021183177,38.582570082883905,27.993753945986395,0.7746742749506533,31.894460965681017,38.36972474018699,1.4804922603875967,0.679772041604507,1
47.41037771175883,87.41075354817717,14.053036849684444,0.9087220238115702,57.295819910503454,10.683264083291757,2.5904786039722087,0.9600481692506657,1
28.48795998550743,51.88550263358437,1.3558888653166212,0.20916566961739777,97.44794232370703,14.258092049522281,13.328852991918385,0.6421193418549058,0
19.76294198399588,90.31620006157476,17.633420770080452,0.7792361716438095,55.23756848556361,33.06491389102366,4.048270359399632,0.3451156942890051,1
24.213799938624447,55.57968745179037,27.993265490476464,0.4141148301630413,39.016064216516234,32.81110422834517,0.969291270968889,0.6059967332856634,1
47.81763695051637,68.45981225667445,17.705854980100906,0.13835254801385846,3.723791231487672,42.24720705368843,0.44876204422441346,0.9994675198817565,1
32.288057304995824,66.47618152428348,2.2802889510078463,0.4660521676538175,15.495513343180233,5.060873145634315,19.18532431710081,0.4700350594093856,0
30.773613039593663,34.11431732658026,9.138544720520024,0.8390046352507964,44.617418796010014,14.161124813227504,12.479935380079734,0.46468454224457656,1
29.759223781737052,84.86582888235927,14.295024189674075,0.5890944266930297,43.31427715169488,21.437288474305582,0.32197097263311913,0.8053988836366438,1
36.52825588804805,57.96061542117962,7.39093511694139,0.2877136234000679,9.565742939782652,22.769131584816076,2.888311946807491,0.6937599693713643,0
39.36240382795678,10.409571651084233,25.554811398424892,0.6894390892441414,25.367087368419316,2.58866334865985,3.9786774992095992,0.0411143848173392,1
41.51357378402666,12.007597139265686,8.38355734764733,0.153385416823176,76.20521774213796,12.835612440983029,2.3258207761905663,0.9743562022426331,1
20.651067714381806,14.305692118956205,24.392595463582218,0.10268433408010638,23.54977139051908,7.022933117809535,1.1466023613333958,0.040555245084922475,1
46.428350921906244,62.2035411622917,11.388043241581324,0.6026984128032707,80.3565344838651,1.96690046729951,13.093887580514922,0.8829182826542674,1
41.534834721450125,38.27600013031282,25.46024815765567,0.2555694929757837,48.8556257988949,36.99745914515446,1.8726742733744752,0.40281475828936786,1
33.68587174145266,14.658871433198325,18.48217384766659,0.5368109385491828,25.406267731708198,5.438088203747585,3.6509323172815042,0.052221731764632406,1
32.56408782479406,85.27051655406517,6.961591476716984,0.6988857328406437,8.666336873276537,9.00620062860005,2.167302052587803,0.37201637519326647,1
17.516488643818636,54.01897586684389,23.96420959651316,0.25822973060418986,31.38594131358744,21.982591536612436,4.185095658144234,0.2465341668475015,1
47.706903948974585,21.645977528513377,29.682768388399257,0.17724911313721037,11.479355751025743,28.858587796791298,6.9669510286419705,0.08619631761719271,1
31.254701317857833,69.68124300741046,2.065202337970631,0.7516050871686822,31.910293449690354,9.797119100679737,10.041468926797936,0.8709090193225881,0
49.84163102571275,40.04911974638096,9.020608713682112,0.2807268859891357,74.9061706578791,4.577137173556412,2.8676940344187214,0.12378608592462814,1
15.523126860346203,66.43697705198882,7.343084682285694,0.8347472260597066,56.98161676270557,28.377224064065775,1.6971700364152587,0.28352703178623695,1
33.81692428972311,10.133239802785873,19.574181783065097,0.5117487838013952,22.41532277930487,34.02281091398188,18.93227040886243,0.02726387460545565,1
32.89574673298986,67.30091004204856,3.2829621600436933,0.13339845338373413,40.864144292230286,19.801607366436627,5.845428898799496,0.13517706615373004,0
46.39631722762029,42.7995235245024,0.03490068861670914,0.6223414405388152,16.15159659127139,28.987409422485527,3.111821361102965,0.504186803157454,0
30.372597570617813,54.03543611581121,9.586304226324696,0.2706763788952678,78.45903361027595,26.221102125779648,1.6706000173845448,0.5320200976683028,1
33.201358683195934,92.60925601640498,15.527653282861118,0.4863171331279881,1.7204015559243557,10.931438026123262,2.2729745869823907,0.6037670041695922,0
40.948423697653304,36.341503747496546,16.35049770513218,0.9445638888073146,16.691731058362002,7.336387424229476,2.7901284790872105,0.9290256068151871,1
41.46307122381076,68.82026176667821,15.649136097218113,0.85995965496763,61.0580457159465,25.631372184288825,2.9985721626104778,0.176879688761568,1
33.54656504509353,20.516513254280135,1.8249916847806291,0.45375311173263533,96.74106913584352,2.1924051274379988,3.626263916967769,0.3709794856772526,1
39.79809684667829,33.276763970848336,4.868199093724643,0.16740384518092216,48.44230795907467,24.174186443045716,0.7486678482170965,0.021005269347108668,1
25.292996070324286,50.89729097329378,25.979389947273773,0.8146197330487639,92.5337829169937,40.579648034494646,8.40732187705505,0.3419422252961878,1
32.904598882581055,70.95299409171113,23.650809659229033,0.3407396159407641,0.008103506348677847,27.305197577659747,4.405629652928848,0.4121270835870402,1
16.71547723749464,41.927904491664705,11.022298304370533,0.23988351317614023,19.57106595070266,23.770035409495318,3.9717081602035353,0.3117185129843483,1
41.24710483104478,27.59015979961363,8.001441663510523,0.3571349269996512,75.50028411336454,41.90724393830255,3.7089714315842732,0.8634159522335458,1
32.07491309730735,67.0593318424589,7.70216071158261,0.8983294057163748,11.682626205696566,42.217931443587645,2.9272687923667675,0.19745016730322085,1
27.723404598792996,59.61725574500192,18.52977245891407,0.5835119303649519,51.56567558323789,9.605630047178623,2.8204038772840816,0.7013185327232277,1
30.333108263323307,88.27117133556257,19.672378936734912,0.8260945121986,95.91656265004474,24.548317416795275,4.637707696752393,0.48780577994379415,1
16.758726655144486,51.82846208900954,6.50919309868637,0.48261232126893594,42.905890076439675,24.692566386730284,3.0807657657990877,0.4233094221798458,0
19.609848273858553,14.993737063418797,15.955027954233795,0.2673707538572655,61.15195631128483,8.106451854795692,16.468647613730948,0.666287510613587,1
20.087277378685066,72.38823101805818,16.55161334662604,0.6031731286314811,89.80192825626993,29.12099693570972,4.433101018147932,0.4815408938553247,1
28.05199621142706,37.77207375559909,1.9045436640102409,0.9267460746722596,61.39082040718314,41.184888201105856,0.014539020492049068,0.8278417799097922,1
45.348343336404625,56.98650352106146,1.509703823924512,0.7051884894994643,13.2925289883026,5.425139963340132,5.251983086815809,0.6878303653892911,1
46.528190465383844,83.49185330763193,7.352503830156351,0.5834157528002477,57.681373104920816,14.93981649918686,3.2131475124897952,0.8638146720720954,1
45.91131919803632,10.206560162279834,24.460472743302407,0.9348711182929333,69.4505628300873,0.15057672067070815,4.831223432781017,0.30347051992601726,1
37.0408541960815,35.15274403496535,4.8720940937654955,0.28665239372282025,55.68467036093213,12.789461633880832,5.681405432132674,0.21188564523677067,1
22.662656451209305,27.086007193918775,3.7474117616222626,0.810333430228077,20.168899260853014,43.8712238107859,19.28242030304737,0.8345790168306352,0
37.53619835900595,80.25848422866606,12.386361961804099,0.5374203472325765,65.4278053562806,11.387320910992713,1.194050929793083,0.5009298121473676,0
44.857949909921814,69.90229443541419,2.419030705093148,0.2759033013088228,1.8984191542993911,36.32819686441015,6.10706849951122,0.9478594399251434,0
18.10230606516732,74.21521202815438,6.648618865176406,0.7911670844393284,52.65618933153945,20.283371923074142,11.120025606800773,0.605766975808895,0
36.335692193260826,26.040028954737696,8.511815695129354,0.21313334964948583,33.01426183739655,39.670253917896595,2.7450714818899646,0.9167046862191324,0
23.69976050067874,71.11629041395628,22.274554299104757,0.6575943892536645,76.65269399429232,44.67352817937905,0.8572020502439428,0.638549891875405,1
26.059888662894465,40.95362500996131,9.478760033816025,0.9001425422089985,40.822423492156815,30.925129255212376,1.0521828941459863,0.2755456102307944,1
27.796534772884577,54.38131249637327,26.02659381317896,0.3266132441103633,98.23434813491245,19.663605319615126,1.145245208655638,0.9023352119797599,1
31.213648905055546,84.86127815148518,3.764601678860976,0.5428230147202083,5.140881620117499,16.37233800885347,6.807198070033371,0.6289569000213096,0
41.084481945688424,8.482480223586617,19.27135223347146,0.3704672204794789,77.76359574078158,12.470718598997387,4.307470822725769,0.3375960401212259,1
45.26931769765943,58.34280859206089,14.438394077273932,0.17498541582271632,56.24378430861137,35.338786135843826,1.1809781584418837,0.36510857997616153,1
42.66469849416488,85.03364961013388,15.215336784212031,0.15880823558927526,31.57171042145155,33.688791155607746,14.936266424916244,0.5179150620648741,0
49.18221183113154,29.54411363200107,26.106365487444165,0.5813182510974645,86.07933963937046,39.11268287317455,3.4434135749454504,0.0805818110455675,1
25.518670620136287,44.99501918734183,10.329823640910513,0.40525416882209,26.56280804254344,7.753342847467618,9.790282942110014,0.27786485528391436,0
43.24569819554185,5.026576795937273,21.721686832132338,0.8797002191225983,33.89406028509796,30.245514522040278,1.7751202344089152,0.7486477048214173,1
45.92024063994354,36.00056489780384,0.8627611702428106,0.9012776603479726,79.14133017263066,5.200511571568041,6.921195616805248,0.876158398361747,1
15.218272303387772,77.68073673988033,28.646997774180775,0.9431952429787276,52.3679280785718,22.578764065346597,9.611665448262709,0.3142338887180436,1
25.465834399299325,87.48623367736386,22.212053745257183,0.5081706021088841,85.6813260554495,8.120196922631175,1.1029563867592178,0.05020154422962686,1
20.04615950477371,78.92864483603134,2.959500794209642,0.5246114643093026,64.7842631931693,28.293825753310045,0.5868458125209329,0.0345105985583567,0
41.56055666018274,35.89972327822983,4.279218628556577,0.37200906204071993,37.824343139815056,0.504242506074471,2.3712656721498577,0.2936919123746772,1
17.53224908451,85.1244332620529,10.038491379745194,0.7279788227373488,25.003547649952694,9.141273287924813,0.19877599465669624,0.08927433173733301,0
37.795487933437855,69.22122143063979,12.56109925093024,0.6935908578914806,38.506765599421925,22.112008365812585,3.4103054768605565,0.6437347908029509,0
34.241601224470585,86.50183613111025,14.26442421021892,0.27502988074197776,49.28828990164313,15.397526602084598,0.9402006387845199,0.6000446901532169,0
47.0444293298389,25.266762513661476,24.242617192040452,0.7163816081682617,28.049180480369007,9.850452850601728,0.24823778547065906,0.31615162717176193,1
48.19305410971139,43.867021865481306,8.478480492861461,0.7952737188212181,71.33793330033988,24.479212678705373,2.0969885307586362,0.4690642917771065,1
18.3946681428321,49.142789423787185,14.097273821827725,0.4192985149086105,47.55707919314271,43.38981856747384,1.322001805786372,0.7598406205297399,0
49.10998497232203,91.2407828225892,8.21679370853679,0.5991579585675779,15.383252130688819,41.00785523631663,8.9020130646416,0.709317102586897,1
34.031122900936865,68.26436043658462,22.3337456960426,0.40581088989842773,64.43501028521116,5.772587769741826,8.402729278749998,0.643716979678142,0
38.70378358135507,8.548954238476387,28.376718015437575,0.9720187851236836,81.75962170708063,36.92611389088149,0.9417976227457525,0.7458394350434754,1
39.725820222088004,24.68317970533819,2.41968525151643,0.5141134515889078,52.78595969028307,5.878947089693384,4.036712939408149,0.6776042601143455,0
16.632526736957523,67.76433728227175,17.17759962560355,0.8856634014488786,83.04078407141368,29.116627429128325,5.070441053555342,0.7262203052505104,1
48.10741840245824,63.4873743348178,18.64989309197978,0.5136237979659045,66.3516079435414,10.303931954087648,7.640951023082778,0.06314786358615432,1
15.664174623718685,10.36841115373873,20.64169059763123,0.5724963839399735,37.3599514715136,24.047203535393987,5.1926048078686335,0.9922977583879634,1
25.65247947882932,31.427903936281165,18.41247841834218,0.349155204058443,71.79769941668373,21.037340989756572,0.8791979478363043,0.783850861578608,1
26.987753205425904,70.12328368892875,18.136611565539564,0.8123751572537893,93.31251587654103,20.308275073095245,0.842882021802531,0.5925298798316558,1
47.3009133306795,78.86170206900145,17.569338100117136,0.15359796601916198,32.05908948424877,7.6360574653388875,3.866316594798777,0.2781826880497885,1
28.38880861858587,19.863407804750565,15.199044962512229,0.556122408635681,73.86641731656461,1.958443555113441,8.390749352549461,0.2729103526036474,1
40.39663714375839,36.41903731851886,26.67371624166657,0.7606589374135805,86.13770089585174,35.07463692447668,9.984077087886844,0.4924469904965133,1
43.85741084210708,68.44545207033784,22.949438035347555,0.7523155440036747,25.573008364045368,15.81467266678733,5.1041222607443775,0.18256936769192866,1
18.006637424753922,8.141804993212073,15.067436134044485,0.12056169893377906,67.74227555674214,40.75944926185549,3.42367979701739,0.9918498681349156,1
16.94397686713418,23.446521674717573,29.32813116067671,0.13429722450867881,35.504605265613684,26.00027581731682,8.562636797849784,0.9723911316784747,1
49.101916684326824,90.74099794715744,25.053947987724246,0.37861155813113834,79.25384876822547,2.2142036160338097,0.21910162790195792,0.764737072795638,1
39.77543313732506,5.81910622326987,13.798909707430735,0.8679464090203401,63.362347393188855,42.85407844305308,11.043659769496747,0.9314891738503251,1
29.85344985171886,16.208537606897185,19.45540929311475,0.7883484637026479,26.877668774196227,31.99352838039049,0.8146923104170606,0.6237751967271199,1
40.05075400218786,14.517467930761986,21.792965482997253,0.10708744371072773,32.21632829850514,31.943809832907355,2.7088764276267674,0.24704824567038008,1
21.30040335672722,31.147715101465675,15.662234536991384,0.29017976979657223,23.127494786614545,25.555281597178535,3.5927049586229076,0.2911411654182977,1
27.937258954064475,63.89485801852781,12.809436944422718,0.4971977060382664,94.4658477571999,18.26006090456297,3.751237013188968,0.2323193255620255,1
48.77864047408226,48.43254183992772,18.694797957980853,0.5595386772076002,78.32131720618261,3.0001105080983015,0.36946295185371125,0.9487086235648426,1
22.114636368958248,19.157329231072634,4.144791291887554,0.9319492768120647,11.501913118065854,13.855886930126717,3.906633555832972,0.5771802458102331,0
20.192938148977447,69.1060141586106,7.886345519809774,0.7040954808531148,64.37210022760904,30.58873045765479,3.196037658590199,0.3057026676346043,0
24.626177629503474,23.937164544575445,29.573065303930225,0.5277374820669339,34.26932740245102,31.807408687875533,0.9736225379935661,0.7417354485402381,1
26.6619121406514,17.332409319854776,9.084350796576722,0.8640063765434413,92.10966408747599,19.9239993901852,4.427821007505662,0.9849250544149833,1
32.34532720483078,55.42397733597709,16.01527918187238,0.49751428251988916,32.869947748127316,19.230778850352127,0.03723304010259371,0.9868878249630585,0
24.785319433583354,71.65994580576032,12.374092402338206,0.8974093394770012,63.01283629949892,36.983106998801304,5.703105722558095,0.3279671411058821,1
27.387876623663104,45.96848518053828,0.07069783991781042,0.6613953359076811,64.82146205897723,5.8785764673630485,0.04839642877503201,0.2132269740002921,1
36.48362490920124,17.744760880306945,18.142912240551627,0.3993433302839401,8.428284008590358,42.88801203662261,11.555844786480174,0.9752328742002309,1
40.5848778070814,44.25340873735183,7.178109486099672,0.20606143473315497,32.41782980679895,22.136105346920896,4.406956478178329,0.27147200009890027,1
46.86470287532907,28.013187023494265,6.565674002130477,0.9980403491967961,34.226245727206916,6.847747434174934,6.425537847767898,0.2965559498253755,1
39.36360374838947,38.12669538911188,7.936830498678776,0.397506794487244,4.040587083971536,11.486681973188018,8.773637528552653,0.2663777448000916,1
40.92490182240779,69.2242091834353,19.574069926129205,0.6366377070886317,41.504384463371416,14.138571725431039,1.903379460034067,0.4786004940504489,1
39.77632321557468,91.35688393819105,27.35297301376675,0.7727408454740389,6.16638840135767,28.015442067577155,6.846468895800979,0.8765693304863554,1
49.139161925817476,62.122088737566685,26.25982024775639,0.37230028140091187,26.969500715597718,29.699586355580855,1.788842830935839,0.7588516814039117,1
22.423296686202967,68.4572593209687,5.951179145997633,0.5630233224063929,95.28938714286542,42.39490606525822,0.5416766959379653,0.6028289245443043,0
41.480190691156885,20.347865932928123,13.696530394738954,0.8617716692323663,82.91524897656855,23.255702406198125,12.728554176080646,0.24639286838692265,1
16.375312024888977,18.554090269980506,22.827059475377837,0.8806217931511329,97.66984486428713,4.625756261600537,10.231567738986127,0.4884281094069006,1
20.830425601067226,45.464481348006714,20.49956834731749,0.36263799324078516,35.431283452991934,42.10575080920983,0.11948092357631528,0.5361083212647566,0
17.52340775246339,85.97391896085746,20.26302618964968,0.7666753373337512,35.612224551269065,38.14594034197603,3.9059997069287244,0.7829925008723103,0
40.83062420524985,76.93245901976105,2.912872919887719,0.5688473202870471,92.0657019992317,23.188842997722094,0.8135163428973653,0.7503434782852472,0
37.71137528330671,39.24638414845805,14.657989918805288,0.575459991125304,16.772723786099874,22.713753770122022,3.608220712728232,0.5329526293866566,1
21.423307875739326,90.80289263561403,6.81702300259167,0.6925392696169695,10.379160563496493,3.1931844231634052,1.1044839991651971,0.6557208474112702,0
48.415518734485495,69.31501038869625,0.893315983648828,0.9838357570826912,65.6787131860916,15.302675826607638,2.9551900341312494,0.6791399099575708,1
48.48169473331146,20.96696796783095,14.533054744693453,0.31329466447950677,95.17406019607493,39.32825301312461,6.999963416969946,0.43366159041757735,1
41.70182459523609,84.68430304623875,25.352829841332973,0.9107958082035713,8.570856436551333,34.081190048754614,5.171184034882436,0.402908251401224,1
25.24271311971039,90.85623153585114,14.13039379371859,0.3479393432790434,52.82956061472007,25.234277984935115,5.138291327967556,0.3186931435581255,0
22.45357844623724,8.47925995362067,13.488833274312734,0.7201777885219081,2.685232296090745,4.071803682715344,2.328264413712898,0.03283577803467308,1
36.40266204043621,65.42682283095678,14.202641507573876,0.5867300493874862,68.02591906722895,0.24078981224675777,3.5546885145768514,0.2841873334783299,1
34.446469476217146,93.55159145532329,13.598311374161296,0.7873373283123332,14.565208817299558,18.330139131094903,3.6078060027931054,0.4517906181329352,0
44.09177454930082,82.63447428024821,3.1000256936779005,0.642060460678975,88.63739395084784,2.93413230948492,3.725883901617922,0.07153669079073544,1
28.825614278580005,23.349058788911144,7.894067470419058,0.3440420071266807,95.15112738160398,31.847367014832532,1.8851009985926062,0.24850377983848937,1
32.660862715606896,30.195042894417426,17.578828377916615,0.49428838102184347,62.997072754110604,7.568118047423191,5.2035408270278225,0.5905250322671443,1
22.14981760974562,78.62341320358789,23.378973981319426,0.9796527876987405,9.13920670904752,4.13619617657187,4.500643540160713,0.07700374427049284,1
24.015567227961693,57.54408945985861,13.539509499232421,0.7570323468357039,17.681624078633806,13.323407115419274,0.6106588884123045,0.8839092098782337,1
23.560431028473353,39.25491657595414,20.016125490247433,0.7226590506123299,98.5452138141109,2.261369033489266,12.632817396925342,0.8681540169167159,1
26.231199959333743,25.899612798002796,23.520804190202213,0.9124252578158132,51.92207806424965,30.40210716363571,5.705119279297378,0.6622183987588945,1
37.87112959043708,12.828024222892456,19.28847072224448,0.6877882059535256,69.0114629888125,25.394051366999587,1.7982267715792086,0.9447235480611601,1
27.080362937845504,47.275459826499024,8.548482709822494,0.5925224771855792,43.31529328993836,14.581461225231372,0.08800614789600635,0.8416155355814248,1
28.049009647073873,61.71898465046144,0.5352316991263495,0.5790483833251739,64.64558205075586,13.579819311002188,4.290946090492423,0.8324034549190158,1
31.228169983942056,46.1806540394991,18.9158827534159,0.8011703746828389,7.626534520480233,18.338196855696495,3.718022766946831,0.5934913862977044,1
23.91544177484989,30.442996335402,2.813336695030756,0.4111505238912464,93.6780914545639,22.821248814358402,1.6697079985398358,0.21313019098322428,1
23.42489828294859,21.31128580769796,9.604370079635927,0.5802728561333491,39.89274509130395,27.310458651473983,10.917066916932834,0.5433051162451576,1
25.79949664769231,78.66590749430007,21.134279939247026,0.16205081291534318,7.391662596568171,35.86920262445982,0.37802378635560396,0.46573405301732285,1
17.024586518617095,52.621777045501716,15.112935729257046,0.14836614660538575,85.94793264758947,13.038365948372302,2.264249104012684,0.1655015068776995,1
16.973766544036327,80.39435536399415,20.6058237575518,0.9176289465040999,93.9416914477545,6.701658839486022,7.750684099324854,0.7136714348450665,1
35.51809912541343,46.329486164402745,4.268425746262475,0.9211758041523473,74.30393665924751,41.53214006970742,4.482099475647497,0.9523136623411745,1
34.35369297825714,32.04974765999228,20.426026130947392,0.8616887513881155,10.704456998989265,41.24029871082963,4.160197513145514,0.691198613399639,1
32.532850285866935,85.47191834923694,8.840206483747576,0.35213482219229486,39.59753617266073,30.547202181513097,3.5622047066136964,0.7768427519791321,1
25.945523614820686,77.56093015841921,12.60352686412041,0.38293001743046773,53.70580369440633,36.681088210010074,14.908866347397458,0.30217726358704855,1
29.185598576765926,28.12854676146567,19.287630502446753,0.15759136109378408,39.76174842252318,23.18572173784822,0.276056950392203,0.30446373982691544,1
16.424570702388003,26.4774981219391,13.880794886054215,0.10880278412826414,56.03813859675664,21.706437000320673,1.0123762000796528,0.032331715322892585,1
19.29377664105799,58.536345886244874,7.014528075963641,0.995673425968831,96.41520037171259,23.652065514822908,11.531256927555562,0.5693952210210145,0
27.45103427250283,82.85350188854032,10.002510639557187,0.2616766785761714,26.225086716847066,31.71231552509982,0.4223562784429076,0.3391346509146269,1
44.74501439385926,80.99298640581095,10.492374025998233,0.18038918648906255,73.71478838183903,4.97157495155901,4.271584016958697,0.03770714224474758,1
24.29632333058629,22.315094622769404,2.2689925855502056,0.7051182157500193,16.67492665117738,32.260665265321876,14.02874664881535,0.8426582527015022,0
27.208950056728337,32.27712602723592,26.382418958066488,0.1452064250033676,92.05018355365462,32.08426783082639,15.70396345954874,0.48486795431882723,1
16.359942328978704,38.95558233524359,21.92661415493233,0.3340629918015191,18.210783054386816,13.552555849623172,2.2211146138201037,0.8803248471135504,1
19.70888965932931,87.06196290753849,28.482756301788857,0.763055121665048,7.512127969689586,14.845432191643859,12.468832808310031,0.35669144334051717,0
26.268622135278918,35.14984980319887,6.391664400941769,0.7061424461838852,92.25551762474325,18.580351652905847,1.2477328357275956,0.7951589046385109,1
39.507428833939485,93.93610305520914,5.923918335910346,0.9400038070445633,87.88639968086402,38.91516182704216,4.752886020469078,0.778893517821391,1
34.79494513909277,57.06209705087,9.045360466256707,0.8617105994588641,39.591154563781295,10.799072202310015,0.08222648208215243,0.18515800650415404,1
35.194907194523836,32.98076289894799,27.392886338069545,0.657760660069732,15.657350632007683,43.2095715164016,1.9859557589296242,0.25540752532740685,1
15.107975065630228,93.14306292395196,29.533276265704373,0.12473907642626962,77.60651059432175,6.289820576128649,17.507630783398213,0.07517256815595696,0
42.93344559593439,89.07569818725506,26.34342956529019,0.7184783053552328,37.590838222551056,31.141233619727217,8.307287338513614,0.3724396078641441,1
27.676525634640786,50.191091643708724,23.335507932064182,0.719740066668107,95.35962211004949,12.944010087745726,5.807618949611869,0.10795057101915784,1
44.57080888516596,85.34403269737875,3.676614641316162,0.8656461904802046,74.45125339619243,35.584953756681024,1.504564412247798,0.8613663551721694,1
22.443612207135935,37.67260783908895,10.965636336292764,0.7508853285814072,80.26465295381333,28.932122338023103,3.630399176174117,0.3324795417269115,1
48.19220189821937,21.983009709487174,4.407459296684776,0.9788115569377775,38.32644234436816,3.2344044118384456,5.572131746669687,0.04317924212033064,1
31.937433997473022,82.09832217924354,8.594682506757096,0.9314910156169827,8.297988581071703,0.4220745352457672,4.990982964238208,0.7299157645453277,0
33.786838761986644,52.23631659146011,18.771774368602575,0.1482274590055004,96.48061045225866,43.80297533021701,0.6703225661445116,0.19016936035234988,1
49.628378032911044,41.456010577893515,10.073881078393445,0.41335776789591583,16.68879013620024,38.37777052744298,13.792915767192245,0.9886488796871915,0
22.491318808228517,5.466657445942192,11.468132703625798,0.9407804013049567,91.8964768346075,42.027070367017444,4.618289521966517,0.8838143513744008,1
19.7078024088606,44.51577225833478,11.711692638518823,0.7462830180092597,41.26539895959189,11.776246311186355,0.8720843464426763,0.8274079618659843,0
32.48006409150804,86.2504086536973,15.634407112583771,0.8303156955266832,33.919173526792115,40.22592603084983,5.271024643369192,0.5005707816803863,1
44.63489828902664,83.37834254610803,22.56429192899186,0.8585530275815683,82.19108482404428,10.189635640892659,3.5236029389221053,0.6214846246958246,1
44.11819487578556,50.9287215599579,16.640274399635494,0.9220434020758165,15.803342286539035,2.0702701597793545,6.610199883404456,0.21424587307073617,1
28.847818777803703,77.53050617458584,16.033645183402598,0.24322496834263033,88.44453514425838,15.24402407269164,1.0716089987975406,0.8838440731183362,1
46.729376344674606,15.61267503466648,2.3995231823788252,0.414011683931391,1.481999155797764,31.59916345219041,8.868517342943893,0.5450032681874645,0
25.911500189703766,16.04174109033248,7.903517385082569,0.36787256526618684,87.61570350240822,22.453957449428547,1.071627486118304,0.3834420137313037,0
46.239840013572206,22.19870987783405,4.585801339018806,0.4617647559564708,96.89080000930058,16.21546061462685,0.9432928392330355,0.20183403363183394,1
18.728900452368755,70.24688874741669,19.00250443160052,0.8678337431106332,60.373116936551426,3.4040503552775307,2.6707611116396732,0.6121414241973483,1
37.39817102811764,9.749672131112742,12.753111857166074,0.2945466677550861,66.25528078212268,24.757793071673664,3.796580262587131,0.044012542782966846,1
40.38645327173524,91.64373374682098,0.7142279750742564,0.7426473505640879,93.00312260288305,20.989364679034658,2.239884234990948,0.25938133642563665,0
49.66569018425914,67.88421092476925,18.964167902922032,0.9560081784048483,61.47657733062535,9.739728903317767,0.5255985326290998,0.37102646167200026,1
40.96226302445079,46.84283437841195,21.237416340896008,0.7198018712341493,87.75306104181394,22.017788020395926,8.045897792111754,0.049690650682539306,1
42.882002142250016,12.601416955066028,12.333404040371997,0.9885485165298331,17.85584695664405,33.05897062516175,7.808436450394286,0.33735805006160025,1
33.91078040333497,29.020703213353265,14.27774144590802,0.7771527557802915,39.740958179716024,44.65878956776283,1.0834755518867847,0.2378843119229861,1
16.16551429738455,7.6854328606117885,9.107466882865538,0.1420716884974304,23.8079096684376,28.047464726048467,6.437740231802183,0.11887574814803648,1
38.76506280257948,57.402196797201334,8.747543881970653,0.7765579439944305,48.568168288342996,0.8150670886970263,13.797401260071155,0.5179522689600007,0
29.00447690248192,37.90880167573584,22.97793352132297,0.82863520765289,45.1545716505811,14.30377697191729,8.791078317523095,0.763168443176024,1
33.29433075192744,72.61003039990023,8.23753728642124,0.1311895527878464,24.883418831315385,33.02259184012229,3.54797949659467,0.04732400500533185,0
37.178398407536946,77.10647680867989,2.0440595016653695,0.39258936080004625,89.41317068973864,3.830885879241035,0.5232677962893979,0.014000164354480593,0
35.29435357334935,52.93614265219979,9.424485893890097,0.7610322465536071,11.432797731214361,9.500563189469181,4.856837645839248,0.9829963830969249,0
39.98478377909769,84.76033041609179,22.7374411503984,0.2715184698191121,86.46214649430773,37.55934377699502,13.817377514420205,0.7122890628493953,1
18.64626258929803,93.69071122646695,29.614961918287214,0.5726205537999215,69.65393300519209,13.826480581158913,4.082133174371832,0.935838364652295,1
34.11196816674675,74.6184178581881,24.779313584347122,0.19186506297787265,45.53263144909548,31.85530761754056,3.691332594683247,0.8220256052202175,1
22.035116513153042,9.38957707820052,22.073383910692346,0.315215349612582,31.209034394136925,26.99455962560357,3.4713035660607963,0.5095819570129878,1
38.59177078331197,52.238793322327496,15.420397034453048,0.6913173078313429,81.58735588451074,12.6384299172584,2.3801021440807513,0.8498776130790671,1
48.49001901752081,64.18360513356274,26.837445583319578,0.26161653308138677,13.274040487710959,3.379964166814357,4.808158279858788,0.07558089773503773,1
31.797849634448287,54.484381211801434,9.681481204676794,0.7808992842676772,3.7936945579483683,13.449724487088888,4.027038170489518,0.5559879385876629,1
22.34630842768777,70.22887729145957,10.237294880359638,0.6601139410235295,46.696702598956286,12.943398833618351,4.595418322289672,0.3306094748587489,1
26.410844572384114,30.12241664136667,0.8998861609798436,0.371745775152163,92.78231175485382,30.019247487877383,2.000234219221098,0.8868657873593695,1
41.31910717918467,26.829914156103975,17.953804609296547,0.4861292344894722,90.4754655538809,2.06557775611993,8.299452303387046,0.068860717767531,1
20.69564133533895,43.215181570989486,17.296411946458935,0.11985649392014108,27.1529120666997,1.676097090157607,9.350865682725832,0.7802874225008645,1
47.12531226162573,27.375304645023558,14.744406114277135,0.828979291279206,26.357080903550866,32.06740994663567,1.5262283668649335,0.6610269041414276,1
29.796587589488766,10.975300511127957,4.825421143379791,0.8789771490283854,11.764253421187188,16.378882472470394,4.156184155536478,0.5443407343677806,0
29.93449265698598,80.2504155064293,1.78650669785539,0.35652217787078444,47.51460462907593,19.827734516760664,2.2029195929616767,0.528628342059029,0
38.725057101617494,57.211177177358444,23.442123816915636,0.6439934537402181,58.224408252624904,4.759826999437078,0.20647653493633972,0.2464836325889984,1
36.30566333120154,14.604392282348453,20.68371544670851,0.7188189218838649,23.56635423710611,10.755436455455207,6.480683129405697,0.21502040662589084,1
45.0689394354078,39.11975712173463,5.45616926309303,0.5066819351725281,46.60811768457263,10.098983065152524,1.4288885159217646,0.9855498275598596,1
20.607448295479145,72.64828570005545,15.118923598857299,0.4596237758403542,47.88446503040773,24.113518583415345,2.7873684157804073,0.46115653525652456,1
22.644397219058707,36.16472811814998,7.274970749405981,0.7829208526519015,75.40498862173682,14.647997099155104,6.530935348436372,0.9967371925734365,1
32.42926933776771,38.03392651163856,17.407863104688502,0.6429442103957259,10.582849110113612,38.11451478214484,3.1530435030794965,0.795898124641368,1
19.395482622804842,88.39214036544405,19.66128336713516,0.47524055839508816,56.518208671512205,19.565166161766243,0.997429238441248,0.508363415618427,0
30.284609253170725,66.48259194122076,18.94008017989032,0.2617280134307652,69.71541650088184,41.42728275025742,25.11200139205841,0.5358522064395628,1
30.883811274496765,41.41151320260095,11.874267087244005,0.30764025189976885,72.06416028131683,5.053348187293557,3.208880531257946,0.10045723397337425,1
32.639291308428916,53.85356022346252,15.82575715892132,0.9471502118198516,42.08735572369564,3.5869335249926144,6.406997578804666,0.7372396248310915,1
18.41930615581598,72.78240615040133,13.689941207239935,0.4673807444698763,56.030753578976636,37.20530081929541,8.865193558852209,0.25960478802402787,0
20.43241079317292,50.42877533857455,22.04176580898665,0.6350948977903916,59.45973496502438,20.536612755482857,1.6749103898105453,0.5082471831916004,1
25.34879758387056,41.31108475186421,7.531854095137098,0.6932263966224251,85.63058296398103,40.315449581580324,2.103269067820147,0.6684569935094816,0
45.13172920295287,64.79238179390552,25.61272661163858,0.7120526129908556,6.197642341107878,22.198535806374725,0.16637079599700527,0.4816198165913157,1
25.824044468199972,47.01148357946138,19.051513860364153,0.30189953367769806,76.95434013966455,3.105315084917345,1.0520288892220784,0.9390938153580108,1
33.43761408194004,21.9354719172386,19.74647954531691,0.9203723602146154,71.50822099905182,38.39905866581154,2.2939217765423963,0.1756730842100106,1
19.375657453414686,60.89668697470746,16.51883522065151,0.9526605061770881,49.77501905495987,12.000928602279693,1.2006959218471827,0.6506668906637969,0
20.67842720666126,84.65796006506324,2.8384167494941948,0.37452881726797993,51.426247778810655,3.6834907323934534,0.5719854493725416,0.975616526718816,0
32.61826601127676,90.57983956434823,13.728991373999413,0.19326412658403735,14.188580200677869,23.509092618299935,12.520800851535208,0.0037476405972773907,0
24.483582206852425,64.65062422439448,20.173171438999354,0.8148775156898976,81.99180746288592,33.05955514580338,2.5829227254411724,0.5169436070073959,1
43.506140894936266,5.6092985733462895,5.299364471268828,0.8235284972433303,30.869239533195348,11.069065193654113,6.944562426037827,0.9047852666571912,1
31.029681334175415,25.71040396069349,0.3980565232258859,0.3512573367902301,31.30833048665861,7.538614083286308,6.898352404092196,0.8882881054899315,1
37.43286543942893,41.615765329941404,13.482864770326309,0.8685368934227367,79.59600900242295,42.109308485796234,1.68995719592588,0.4533427181862143,1
38.05313745065354,53.216625716113356,15.548838406078358,0.15012174599598033,9.991012400537125,26.913716313627386,2.927168541203897,0.829364321073258,1
32.181304888820335,65.36697333774268,6.162141799174863,0.890003554405769,68.17123784791659,37.10239800807172,6.524914704942487,0.5276724576085169,0
30.73367582033368,8.478955146852304,12.184533358532946,0.986957392136073,88.66443581710986,25.340507048413002,15.993114013613958,0.1030010667224176,1
45.88216299012568,24.542716997704193,24.785882673251766,0.8540742306404874,72.55080739002257,0.49238022344342103,5.36527857121815,0.9659888699308063,1
33.94787046399472,89.95988873756866,2.720288004132896,0.21093382197234334,54.43636537957269,29.59131967449149,19.20037665732846,0.3483363757889145,0
29.79322469006123,22.304367795189147,6.437600844332652,0.3023299978434834,33.31645860730886,17.37762423512827,4.890025907213861,0.505300312728751,1
36.47879078854096,42.15406786708067,16.00643094265437,0.4260456457331846,76.106844805387,42.03226490659572,4.130382845235609,0.002348426280507465,1
22.42050419876493,69.8662083601552,18.463148908825506,0.2935327634865298,56.145773878724135,36.58595702007988,0.12377145691059921,0.15537299472129962,1
49.817449999249924,94.20311707622504,1.9263408668800797,0.8393450958960282,86.97110373004412,30.165588646025704,22.962437197710763,0.9656549090398612,1
31.212513058478475,11.851246163608765,4.4748829275946,0.2012923304115799,76.28344960952693,2.5874472243348667,4.92573419616443,0.6619950619222853,1
17.47162892976784,43.61512528728208,14.523377423665343,0.6116707648006855,91.75851064585765,3.2207862415018913,3.7208561582669257,0.7585744051910887,1
26.08800241749166,64.3470447444066,29.496411020486164,0.3239452637965552,23.709183506996258,38.866234796816386,14.635640386715876,0.5440000592938447,1
28.8383605412953,90.70222860690227,18.59354973955171,0.41166083727047187,38.79319937051891,6.41940216184633,3.3389309901471576,0.3157228898293676,0
16.276809615464483,11.102142682464361,9.033732238258356,0.29241304810244517,47.976309778973445,40.489664731458234,0.015544694961328051,0.4175952110680149,1
26.399664431596477,75.51802164218438,27.227180295888573,0.12925626895739686,72.0046554396903,12.573818698484075,1.684041623357455,0.8072801728423802,1
20.934672415567274,30.26402591081142,10.904061468935577,0.3550705530554883,35.52483076596379,15.047281109235364,10.33449205515071,0.36908944039602765,0
25.63343104846073,83.66499648327908,26.378677143439788,0.5784738506954927,62.86414358850271,5.976239401548867,1.6300043707599383,0.5386979363799429,1
36.63353581058194,74.71087153571928,10.621746094940951,0.3710946017909982,64.8319785039738,3.743507737790867,1.4636825649320462,0.2355062962559472,0
38.90064161839517,47.678909157533084,11.675005738844037,0.7186688755539975,96.75637604332213,10.616304527948326,11.773563002738465,0.3694104856614232,1
42.218255406721994,47.53008524899769,5.577953698788427,0.5105928315150569,76.61814493713737,35.51533362412372,3.8980046541335227,0.2559140574274299,1
33.02534240009446,84.09429669427558,9.114405636680495,0.8205504984047514,92.66023736430694,33.557715690941684,1.1448239365987662,0.7698484346979222,1
34.444237062155594,57.091247244674015,16.6450786273412,0.16150089321965996,36.64760863397696,25.40618439876048,17.34415369047759,0.9027728637152226,0
46.782005953466225,53.9937018529129,14.097125978269949,0.6859658065095913,57.60792826234413,11.163349208746864,6.937910327438269,0.9067749442566342,1
48.50442049826214,9.867142008923041,27.364827815501684,0.8270751630742553,24.743838027122834,31.748155460699444,0.12381580798908945,0.8202286687224286,1
48.182597190963286,89.93629722298898,29.687749375799363,0.5590166133548107,3.264808104311001,23.29026838010622,2.329180592495209,0.9543524995939068,1
36.42492868963676,61.753527317031896,26.531886402926165,0.49506979832833786,23.554042518028375,38.904061026655484,5.164851370623817,0.04330771792360033,1
34.64298535314333,87.7627949442875,26.617587021166777,0.2829507462015871,95.56088248848204,22.287728796322853,16.04188998076247,0.10612709824034361,1
26.306411882523722,57.83139050241104,9.42602186244018,0.2970812951472318,32.82089470397727,22.770470140134368,3.136233191916861,0.8646730166989528,0
39.81697953932576,84.42771021209981,23.58319607709996,0.5666904561705884,12.474363849816461,34.83474567317808,3.205813957089548,0.46819410825065033,1
28.759729835139403,46.62140950682376,14.548577726926645,0.8737801424704805,81.55872504563295,11.760885995469389,5.705182566278941,0.21742746143705582,1
43.41916643124856,28.110578210299828,29.761962881959136,0.47020456479635253,35.877898909965566,4.900190562059219,2.921044025291918,0.38103608460056615,1
19.521684034391967,64.90637189050256,26.21576265762846,0.837623234147223,45.41129324618631,8.473121491684505,1.2902824793182255,0.46007915375853814,0
27.587962309232225,41.00461703393075,9.167592657681414,0.49205333404961127,58.46119329485979,22.41577124659561,1.8123585800601623,0.5502293969006978,1
20.468206708982613,53.57465209312882,4.150015871992546,0.6932121333268491,46.40123415651848,32.0189003944009,1.1860227019526202,0.7238624033102161,1
46.228561114523735,41.52986284823029,14.902191613774358,0.8199425935399052,23.46409016338168,19.036810455157458,15.041004508692893,0.2645600006352312,1
24.85150237163962,88.98372368998041,22.985270779356505,0.7613391687071107,96.78999611585837,43.117386148575626,4.383027590583067,0.05035413287006163,1
26.90950621932965,69.40019482458058,2.8725496157756014,0.776774907135743,83.24886438170587,35.528188365451534,5.210182382992303,0.1717847706568415,0
43.915386039827624,65.49206016851755,8.02365440692237,0.673926505961662,66.31140671994613,14.960743521451871,3.093735061893989,0.5188299196675435,1
29.1137208365941,10.12104668288896,4.961857359002826,0.28117418807202155,26.485537581211183,10.826891207500342,12.001894553473472,0.829152342505871,1
28.98957232074314,38.31007774152587,12.185108616750671,0.3837133089739483,77.40213921670353,12.09701255146552,4.472091889221529,0.6099869599948353,1
39.622284770652875,60.77994106461923,11.197405307290602,0.49914560760684745,64.8502256090634,2.8055995695795906,4.494882058100228,0.9324536558973093,1
43.102717002444535,78.51185513086767,13.645284016556205,0.7586866950290808,28.367971986628138,15.320114030341134,3.750896544013616,0.8778427408625364,1
30.225925080022446,69.32936120545213,19.575959384928563,0.5394195202048723,80.9312340128268,23.776109109098346,2.5556123189300624,0.4907428980863626,1
49.67596110647366,19.816070870921024,11.472966901173159,0.20973142562296232,93.66128798810594,25.157863520513434,12.628008309342844,0.07697070384864091,1
17.0196920192825,52.93126834771471,0.830973395205391,0.6691940137662441,4.446961182994402,3.0722636597753987,3.5203871478056117,0.21093449924799101,0
40.28873855150496,72.30439939879356,16.634985464420822,0.8851316330353503,59.73583559564722,42.48415910634218,0.4710800665596312,0.8731850197834321,1
32.41268937617104,84.45543696477523,21.113352023960605,0.7264549262568764,9.621809618766408,18.181246797298297,1.7544437093799512,0.7981175806100661,0
45.75105471860347,21.0867190337837,24.163950791029137,0.3466200648705648,9.902111092197075,13.830091978073524,0.07662280682026898,0.16071511302958297,1
25.345733067650702,9.625230957977298,28.502106545910134,0.7990620448800005,48.68557851163281,36.56407849607521,1.2758610363146081,0.603082930303864,1
21.761319999396108,28.783923107718586,14.63315504923299,0.7022812455516593,88.54511763153062,24.83050275306411,5.036221688819634,0.4544718977960355,1
35.1853963090563,73.82951847057414,6.265511140637882,0.9088741782217794,83.03860986832672,16.121201869786628,2.8578336293049182,0.9363210917421039,1
26.153656357171887,45.6431838193719,19.80058586248626,0.7608418599040976,46.85980040893962,24.875674937958316,6.772191613147834,0.8252408186958732,1
26.654270169719823,50.65242217746372,26.303695704367584,0.12175510321335131,77.75338951665707,36.31127258006918,0.13367013884381945,0.1958789259059701,1
18.536929864428522,14.922251262382114,22.670757359824318,0.5284965951191537,8.188706734704631,12.101257351726623,6.704933142322924,0.7295134000128869,1
26.71889567460319,91.54621648909698,21.864098042061755,0.6378507750917061,7.667878455875399,35.89485422593979,1.0850001924508605,0.5256847580106773,0
21.98854754836989,74.49720667082018,18.724552126404127,0.14585382882680165,27.335396352096275,16.550546737381882,0.9147069353839304,0.44780980640407964,0
34.21401249050061,68.63845051391228,2.105711656002316,0.4916397845852797,93.01007369204682,16.783906309617844,2.7361664505524637,0.9659633190917176,0
47.945277014788644,53.399805967822765,16.997706637757254,0.21055794359009444,40.428454385993994,1.145671888896167,5.329488381748185,0.45443022281153733,1
44.562807965838815,81.63355184114862,13.986311948923937,0.47820996550143247,61.95391984669383,26.057698276342894,0.09626656176993154,0.7740760328037383,1
34.74549766126485,20.059488790419834,18.94078332378729,0.6091281532578414,29.84297171539021,40.51653875617491,8.934471566316157,0.7713440310994166,1
19.46994701935772,92.57796745192186,5.756985454359853,0.43505332692174614,10.19096129748398,8.49238338174292,1.6611256267337344,0.25472671435643557,0
40.099404500297425,93.56864033964402,1.314135349799197,0.9759907284182251,78.89346675571687,10.17487614913848,0.9108246349424004,0.8089812482563745,1
22.548429890090375,77.08133857760714,1.8799245805092968,0.19532454060360907,23.64205211514655,21.346737646595425,0.913450617893069,0.21546869481203423,0
38.15963220671463,79.48089004120943,5.476566030477552,0.840696108643925,31.365434793933357,26.825336742164595,19.475943284486476,0.9128040712633995,1
35.005003310560184,56.30580350859933,29.36107201785773,0.6268215554795064,42.593498247324824,11.212856047585504,5.837032633935863,0.7848514270582724,1
46.62027650721843,76.05285684437017,11.45763924994802,0.9566497334812464,92.92910551685304,4.337965090784678,1.4006005526719165,0.5181883572245577,1
38.449715773550736,17.61454843979473,0.7101807198753229,0.10743947641876961,84.50168692001739,43.67375374361985,2.2066682101522903,0.021707399163333863,1
47.80096685057201,6.849237806962744,11.520182899456078,0.1837521490218167,87.67589507115979,6.190555781451845,0.5770596713530665,0.14757227607075152,1
22.36049014947195,6.911451964269869,12.518402104621636,0.32417774234713914,12.839136728755529,17.73782989397422,0.3317482325221463,0.17985962763770713,1
30.66825349926516,57.559503203578274,27.350669437438416,0.19956798213711424,44.71842438046605,9.349849078982245,0.6527544107765414,0.22800114468000754,1
29.062742524607092,9.26422282929581,7.126605331561588,0.628625018079549,64.52776975628785,29.121728732481575,3.0872878844173615,0.5744563580164679,1
40.357284589086476,41.91268130000301,12.338285092233138,0.3934786355392277,29.241859796092186,9.864898801254006,0.14060841567527962,0.8011951076599086,1
24.00279290444682,63.92815379951829,22.236837304454905,0.9553318161829026,70.49964549269428,12.577524098401208,6.879481714996026,0.9915486267365535,1
17.185847552712623,34.76429253887248,29.493641403703037,0.8509794481238159,18.11740988290359,30.93381108673697,9.506857161568222,0.42884383843553076,1
47.59626969852749,76.97939118174499,4.47271266371645,0.4440284149567174,24.15996905296842,11.838852946349585,2.4720235287198054,0.60770178225359,1
47.85135822876486,47.7942124430625,9.761786379780904,0.33575198065267464,88.49897457117626,11.971870589114257,8.388044022025419,0.8369199331325559,1
35.79789957680356,15.72072775325959,20.35347520592876,0.6501452213067053,62.220945466943746,37.31466518617021,0.4242295891801524,0.8385025022633608,1
18.7357086895933,49.586003327544574,12.00218701068447,0.5406837258725824,3.397761570517699,43.05201251836744,3.7313357638549567,0.46817240400246296,1
16.80416864665173,35.695563913190085,20.127343454349404,0.9661765598490268,25.186276615107104,30.310234760388084,1.5611038884590207,0.14826841597024398,0
36.86897884654786,39.54806441435451,29.207077379454176,0.8769087444287498,29.434888934755786,17.767830097868504,34.78611002010887,0.9943923299451097,1
42.12203555902682,87.04576781528893,6.526025420167438,0.6167568007859571,41.764538657292206,42.568657619830475,4.138930560917121,0.6679658474068232,0
21.572400134523484,37.27236887583368,2.179378989793638,0.5490761302766007,69.68145205006863,12.597281127164209,2.6252426654131606,0.943753780514053,1
31.768226191444874,53.883553628755536,12.535955126998497,0.5353623437094336,32.84145870332645,34.76392016240276,1.1269886448925797,0.5930715941237631,1
42.442745419509784,89.57193715165884,16.41190482648632,0.7258898089688636,60.80370616268894,3.5300453565443894,2.493735753327175,0.6765296478530036,1
17.138097133087307,90.57604789813543,14.389756427722546,0.1729929793141989,36.160050028518064,12.163860851860377,1.4996865313738519,0.7686667880548271,0
42.86750284183401,70.59000196709215,2.1275851877440513,0.46417430964368933,67.38177638456845,30.28966440249597,9.801822800557519,0.9539019095713022,0
46.828162855448326,23.70010243153481,28.85720411309349,0.8852249987513774,11.433537064892473,17.056482126406014,0.4093010783419481,0.2877311637627765,1
30.3441688215813,51.55674978285201,19.46701024830326,0.8436825390264906,85.8914685443014,30.32387442693655,12.136326844036706,0.5688036433626266,1
23.43573372521129,25.74397695889765,14.926804846780904,0.26065271361584363,25.54982769724092,5.748564690553598,2.204247952833386,0.08088737720358719,0
28.666598099738366,81.34952746019547,24.106225379686173,0.6428206693435181,0.8291991818859978,22.021506651758905,9.32292527745587,0.4837032767795033,1
28.800424965850944,53.605414019078914,10.073564586391525,0.665538187508448,38.46172094755864,31.525846707063405,9.912701554156298,0.6010144775190953,1
22.327517435210485,83.67309695061996,5.79582904426844,0.8294126595606294,30.941184368326358,5.548305256778105,3.822291732977987,0.5883704596943823,1
26.24062179442965,81.54609232201604,13.28111292889163,0.8377171535709148,42.14940083218265,29.979154082120868,3.6540790507309584,0.3027930793427026,0
31.428015888904635,90.28010983601075,24.883537756051247,0.25895994080535595,54.18844452466208,32.27255783407578,1.9790316702052748,0.4114239970879331,0
46.221106577507655,94.63505909885077,20.845650155281493,0.9925919925136586,76.3404184138883,41.435519301601595,4.287470631034774,0.9359731358036083,1
43.025271071887516,5.09695686107969,2.782785587160853,0.3821932439010577,40.40873057527167,14.256471523963164,7.372871503500152,0.8058074354915671,1
33.287378060424885,23.146618095878452,0.8469840572905274,0.29121052762453103,74.29829695988582,7.405159739376882,9.504781537199205,0.03683722083248142,1
19.076852750598654,66.43049145891055,8.04702575424874,0.1406929203773967,1.044088137788124,40.324863031248874,0.6538234907366993,0.9706500796571217,0
32.07137827000389,10.415732101979552,28.170681557513817,0.8213190938478157,64.44424792083925,40.46452566904202,5.79922387945844,0.291274509436921,1
35.06607648396961,65.21144360187836,24.450207908641882,0.8179859134782773,57.41924681558343,42.31413971383693,3.8683316862240433,0.2532978194951302,1
28.220948355611483,88.91599188316825,13.961292011579042,0.8403971134377453,2.372767009266974,34.72036949735311,1.1995459142680738,0.23073410722306198,0
25.860155961616503,43.79690453319408,18.256627816287313,0.6129465172080579,54.927766667340194,29.408913986393248,1.0197047229972644,0.589134736686255,1
24.322982172331308,76.69096685478682,12.944737096841779,0.8426717197408197,9.400562521202815,43.53861347355378,1.041766295663241,0.5162303328463477,1
23.839809700129315,63.044074329101036,26.53287847495738,0.702104632724443,68.75629346179842,4.596652352880993,0.14114940637065992,0.27844659545857464,1
47.140427352884714,59.376303080143394,12.912587080035513,0.4323536948394413,33.52127737219773,4.237995065055213,0.4365307045191808,0.8538139432447777,1
44.098431902314886,44.122607225702374,6.915669891246972,0.3615892813027357,1.477660638117917,31.226564647328875,3.4930214269503406,0.626465684120476,1
48.222155210444036,45.599768751508684,25.519491951837573,0.9283745233700965,98.87489157826992,44.35643564786023,7.0735282734068425,0.4264291492442469,1
46.30925405990807,78.45921499056111,17.494028893939852,0.8634556389966438,78.35719490113539,6.883415388552688,5.852410377738489,0.37301236883765587,1
16.788563130488804,8.502214378218898,5.844068578675378,0.6857768836724728,64.23603947999003,36.40345637462875,4.077327671946392,0.5284126466981502,1
22.286332933216766,74.48934586677879,1.3704422498213364,0.7233025995247687,59.05372516579509,41.647430223587534,0.29001239091563474,0.9520444009482334,0
27.450246697906792,46.354884495004974,19.168990721078384,0.640156505179616,48.31455607362067,6.318226568804047,5.286187584073328,0.09085554901748716,1
18.0325659415543,37.43062827647944,15.884415148605552,0.3164575912808252,20.31519831460564,14.36607205005306,1.297197593076764,0.08007697108601308,1
47.371957756168456,19.17462149079485,10.07765254456926,0.12936657033355933,30.830685317630913,41.73349207607183,12.2474168552518,0.5638138175731376,1
16.255157067795615,51.04199507211942,7.379883802849198,0.9309619430758511,94.01328928566792,13.738319801032173,1.2597839318233548,0.7964987005829507,1
17.291738879224756,89.27657969326951,27.856074524454623,0.4449079176150751,10.84468017010617,26.125399845025328,4.477726788700865,0.5683316211078497,0
22.047833165467217,94.94332556716505,14.537033434292832,0.5926326209176637,6.272062723404148,4.340450645950781,11.774082001380098,0.9158221164676577,1
35.22649605454876,41.82240865464372,4.104449356321773,0.5119954333245661,89.7314190633398,17.33942924263239,4.293880978970879,0.5160797695355094,1
20.315504467229268,32.33914919183616,3.0679027842370488,0.6446357967894305,96.56772145289544,25.071017913736657,7.532999097315315,0.0349702248741135,0
44.33061585202734,14.288052908735429,25.686465020986518,0.5905300057797497,56.559419698538115,43.87682901536241,1.8872276767156606,0.7852653358918329,1
19.919378408531283,35.266917745452346,4.5670136160370545,0.7663422382631104,23.31066140385908,41.1303075415597,8.353831266010774,0.524272901263765,1
35.064092329207696,12.122697865619207,26.301887728825115,0.2585338681783327,4.1037527686657915,25.658241964362986,3.5510132058224686,0.5987290061123726,1
28.162552167514214,76.71354711927306,1.4440571434606242,0.6749133158830232,13.834887531562924,4.215996034364932,4.99217870599842,0.8771610172080221,0
32.529585855389726,90.79339507742509,4.441967750774227,0.9243441196292239,24.834679022011485,12.285938988722972,1.405591440879167,0.9968708240432246,0
39.072346400018944,87.56344771761057,14.412349944569801,0.5621608611130945,79.1197023181623,35.40715891275604,0.2733918651302507,0.8961255670833702,1
21.036129116052408,82.8955761036326,7.190915890715846,0.6931848921197361,99.13581710192643,6.48011135348905,0.17832150396421054,0.6656129133383843,0
19.86318723447072,74.95904819096283,11.528111638522036,0.8501527025815886,96.67332824653734,44.4517760605864,6.30475090266343,0.19180379886141163,1
29.169102111418205,81.50433653678428,12.954172533188839,0.8808932563073,40.45107764266438,31.95477376271473,9.473141297315387,0.07668961842637378,1
35.00858133602678,75.07239367911463,26.531966012763537,0.3821229601117019,94.06682768321036,9.074078175087546,10.95169068440942,0.254890956903711,1
27.402248769600533,69.28804635740329,25.33963038291535,0.8627723565398512,42.57947254605464,10.729746372422541,0.09094003284348154,0.5729633970384092,1
38.468352442301594,90.69100079773594,24.76439829323614,0.753159534452052,76.45522081149832,25.62810172545145,0.07293470465976283,0.29597751243111403,1
34.817504248430566,76.36550846123319,17.319436522815902,0.38064775680407914,39.83419711043453,0.8605183413277134,9.360197387015816,0.4317722601526267,0
40.37972328396006,72.42222746292154,19.80603004906389,0.483894480998489,39.73010376626084,18.649064810018487,3.6009022779471085,0.5109850218815477,1
19.35093770094241,91.81629119017965,7.9478056763216856,0.33096513459186894,57.121883268351894,5.319891301743399,4.987871074285099,0.5127539057334257,0
32.843342032159285,16.107246362023112,11.672067233145448,0.9158553232073178,73.01476191645774,1.199060823779684,2.4153651793388526,0.6563763571435751,1
31.183147683776678,39.91955104940943,26.69443797654517,0.5810935283750367,95.28275802727421,36.6645576005127,33.96749528121025,0.4425378571836479,1
31.023508749841938,89.90115297198865,11.577617234877689,0.21553095103933134,89.7739417324391,1.0713477401207956,2.2770892160850127,0.9919576086845274,1
41.88614293535343,61.13655470389634,11.215334827096315,0.45758482629683817,37.90401486351313,41.40746993128319,8.609296143898016,0.8553133651556487,0
26.69659248504816,50.9336414503659,23.877795840058667,0.7046872677953638,94.07623563023294,13.318550362321181,8.030516057421568,0.34819374618426946,1
47.662962611846346,60.34063204188959,12.525163227923526,0.5578491506641562,72.96793568170324,16.060416536185606,5.3636158069156235,0.9259358535931287,1
22.64462424557901,24.021529528442624,27.165782665966034,0.8839733767068698,24.73432169249771,37.629734762552765,6.816963896773311,0.29498213151449637,1
27.713873396026173,24.082992277236567,14.05249074395967,0.37941984636888093,38.5165245086479,31.099728546900966,0.9773992559737649,0.057133637316405084,1
30.732842473121465,18.63955913987027,5.078171122095264,0.34039627229645775,36.68032447194386,36.97911298865666,6.978611407250516,0.4697899627630864,1
18.916580525331845,60.854703124430245,15.69140500558453,0.3567543411416232,90.46868012132613,12.355787923836926,2.28785154360797,0.6975224242672908,1
26.401838173685324,54.29491820687182,1.1363606107048452,0.30131225460051825,92.14861782444282,40.615624389444626,6.973552946689096,0.831984930371655,1
17.288540254490282,7.516135316692877,25.715199306024925,0.6784592900177269,16.120024490394414,23.59385345474667,1.2745197545007771,0.04696884555997105,1
44.50800831045126,23.04973585793085,22.288669366266014,0.8689161950287381,10.87107506184305,38.82398477128372,16.252131693771123,0.7172333455530194,1
17.85458830125529,20.174749253923043,25.257331236967687,0.5621595831435827,39.8090804429737,19.129733480395263,1.2262314524630396,0.28208204338754583,1
31.911289829348533,65.12866096975335,3.568209161234779,0.5176752013235683,5.5650570175664775,7.774256847084416,2.2865685565956713,0.5387044029203146,0
27.920216449576948,67.88182792283602,5.413639243978294,0.9727394400236269,30.123977884411534,20.032231957632895,2.0277963867453366,0.18786669452742844,1
23.479647024655215,32.39148481047921,1.403811654525875,0.2047522229570905,75.19142518315905,2.2186943063673965,0.9760876954244648,0.582450076146706,1
40.70340586356019,21.06817326918118,28.55306217373223,0.3067366992704686,72.5999427115609,25.380129316185478,3.102427822159861,0.5173427012094242,1
26.924517171693676,78.99586762440404,20.062113779535213,0.14690583017368333,48.563474862773404,20.053002854264538,4.037711940529341,0.5561270941663118,0
15.044316762618324,92.7670936992304,8.663057965906859,0.6388851275451395,61.80294218458394,16.89759985841919,3.7428476409511258,0.26118269623582757,0
49.96144088003911,68.61818432253,10.608570520268179,0.7406018008689318,10.008604868420857,44.40452374243301,0.5251665893257293,0.8664829870233824,1
47.205315411191265,45.73830764686218,26.313046981553878,0.4358335292879345,81.1819684466586,2.761890048961395,1.79367549752076,0.03878373414358194,1
37.86389832252932,76.4290577633656,2.003311889482849,0.8597498739091874,68.3273329175748,4.740864526596674,2.9546153489493454,0.935942730758419,0
27.96644423716241,86.26821684828994,24.826839790477305,0.48246426646716367,76.82544085603452,24.97442729272567,1.0634853612845843,0.1625454405519764,1
17.740786371836233,26.265786190000085,10.35826937321353,0.2648539952953216,48.96369590864638,31.858847334370907,3.4041436237885043,0.14061439662210462,1
37.45010679883292,32.71845544171444,2.8006187963608364,0.6735790588707298,36.53958278520717,16.321912908589088,1.0912424376621732,0.8601992745329415,1
20.881323973279883,87.30652949640454,14.269251388551115,0.476451746054664,71.43701542252623,10.133715460812716,7.676528854546439,0.7892007296733515,0
29.797736615045196,11.525543591658458,10.441370359702608,0.7293145117726372,37.774263967855084,32.823705821994935,1.6496552787262528,0.4402632886065758,0
18.764664400609206,57.63815951220845,22.654108145087083,0.7385830488606597,6.269523448936864,43.73269823192692,0.5628389632878007,0.5609029023669184,1
41.92076187600971,24.2323639679679,24.358215303468928,0.7617436885657987,97.8966511516379,28.943378218966103,5.187573179874936,0.407521524135542,1
47.50867518366971,70.6562340625633,15.681970843497979,0.7338164512796956,12.007325040885696,36.10396955275467,3.6502733539480903,0.6080279240208653,1
37.86962732487428,17.746219907906614,16.37155003834453,0.6244920577541752,18.084022147231327,9.693376893920604,6.329866964322248,0.6747902774894342,1
19.06318283798101,65.0146151820374,0.6794842141787183,0.5846514212736765,87.95048232880526,7.154555701097768,4.499808985717104,0.22225718180246845,0
28.360579153450153,8.19608295549284,16.796802783045763,0.1457835096904923,28.599936982584005,12.204544140629205,7.026804473072636,0.1983208270039435,0
45.22058290705908,65.52082776256108,16.23471439688324,0.7224520734795701,73.69988212795882,33.119999858949,1.703066881476786,0.759048830727521,1
20.371916636420682,49.42417344940805,25.054697481767498,0.19441350752722958,1.089862271848152,32.70143523262181,8.711158301616116,0.21294293607103776,1
18.048791070347924,56.13868940063967,10.14232412230156,0.26847291435630155,61.475147604017856,6.6727918312340915,3.2759346560490616,0.3243362825320726,0
36.59994867756288,37.7448709594487,21.08275945018607,0.10764094071170473,92.60638759224032,30.98592482769623,6.941972870138251,0.6029493190145422,1
46.54605367125947,46.31892288102902,19.103136345742627,0.887645869523481,57.6747749160292,10.516124261401071,8.424897487482308,0.9122231991728414,1
44.76217154204455,38.67178658470664,5.234186198863724,0.7466423133998145,44.73882461776293,38.02993441134714,10.25128854863828,0.03058546822806585,0
40.71685605914449,20.509642876950128,12.465181248344635,0.9430839659723468,59.34780395129433,44.08315654397598,1.618736956176556,0.09614863187399125,1
15.149014743758936,92.64724754898663,9.829284515502234,0.5322176636639492,20.273427183065905,14.23547161798687,2.3864004710425606,0.873683283909588,0
31.66049958177046,68.37206715866628,16.52794407856189,0.713786953587138,88.33993880479977,13.019167847371115,10.171236794361304,0.5713581278611007,1
29.234605293480982,72.06898627103794,3.1619709802257345,0.74958319871623,5.595251112862131,28.997576285787524,4.684416797270722,0.9393364992410539,0
26.753055607809305,42.128749488877006,11.284897466906138,0.1631519906238622,11.787999830012275,19.44798638605553,0.6061843890860942,0.8518675088006765,0
21.428512763521258,65.80612761539761,6.491661132597645,0.8563882179310857,44.922237268710866,42.76072345194674,9.631995166372537,0.37334624315033393,1
48.952569393449544,31.96011592602445,28.46691396621467,0.6042579849212597,47.95393429158098,28.37760963325413,1.8708379754382332,0.9754530970291669,1
38.76708890566137,75.87645235227465,16.437274027962598,0.599108528330943,1.8713901413327738,9.701404531625696,2.920530537728054,0.433946730595111,0
32.502870592692176,39.388327568215445,6.056468184708711,0.7929450027169198,37.6390193215228,44.216131792019894,1.252819924516939,0.7815172479587099,1
20.023008406012703,81.65877064526286,23.192973031914143,0.9720233585079118,91.37601698874124,41.57486562296577,1.6487870805404383,0.0278096903058217,0
38.96789266437641,42.17703632805961,12.030694638667743,0.8040427072652614,45.54900628348538,23.87156134001314,8.925519494293189,0.6800378361102384,1
42.1679934741044,63.62849387235772,14.137484559049934,0.5017324417989844,32.50196152209791,27.82687090224299,3.2284195410965193,0.613957921596974,1
35.431644762785695,41.342451021184154,26.762130205459993,0.49076357876161325,60.60624565652856,22.59467824024904,1.2599772848014414,0.14087582852883163,1
41.04092863943602,35.34311113165813,26.59080108562803,0.5758892849339511,94.6265720635228,37.17789514825869,12.29690967146546,0.45879679393032224,1
21.883109564338728,92.9170981311501,11.821186715733422,0.3262409219052371,42.571594616657734,44.063935827011036,5.402898794208475,0.5764808239861393,0
21.32899718872231,85.35837828052335,6.948292911531481,0.5589149769809122,69.60900265024381,38.07868116207022,4.9296362575845105,0.8110652746555761,0
40.265578048048255,43.36870024116287,23.596082111898202,0.6009689744379086,4.625350274827211,44.80136027311937,1.5798443586107807,0.3118775912744294,1
23.395720493415254,58.850808071944414,4.923590995044773,0.6108049164868927,63.80199118209078,26.747975595022517,6.062293295071742,0.2288898454890207,0
28.99728132213052,48.12304879632025,2.398219947613881,0.5793640716892032,84.06269680634605,30.205545965606348,4.895531580130738,0.5193243338095581,1
43.56236912540544,69.66177109538486,25.880065823099873,0.6423382643601298,33.66861392287779,35.022639354244426,0.569000396868098,0.6489628243572363,1
38.11923552381863,71.64108644138346,15.098983439340605,0.9288850233338433,67.72310121012983,21.91271458648305,3.0896541615968136,0.9315319250251329,1
44.93876100758139,13.976510790877676,3.9587185422442017,0.6507235019359731,16.657636985689194,20.630563001547802,5.3594504218160655,0.2063822786350129,1
24.691361671966117,27.02105731783443,23.081158169279973,0.38721637080227467,76.03426690376867,24.74392790650215,3.7967872318835094,0.8819348390001556,1
17.609521393075042,26.24876395764185,26.45689210174484,0.7042726798800124,68.25023903087721,12.17286074495681,1.0825287551950367,0.801308777312619,1
41.67530378651403,15.808738433743445,20.071052350132955,0.7247655337374979,19.80959848200716,29.268660691926762,1.37190196055487,0.16885749189664334,1
21.607830584495357,47.71756715858064,6.034287214015896,0.9795604508239469,1.548127836524038,37.454064687523456,1.9498129597326148,0.5287152029687487,1
48.0622041713507,24.819659561051317,6.401128193205442,0.5718141299412568,15.161290032633657,6.350363736645387,2.194611833549257,0.8245580342779295,1
23.379333057992994,28.78194960191642,14.842072766137322,0.47487852360472793,25.73996762220513,14.802530452275843,10.601723099662674,0.4372446084256999,1
19.093629768927798,85.51690407929861,9.788493978491445,0.8124825237057496,31.936482614769524,41.531312536875106,0.903648325137097,0.5723473513408351,0
18.10038199571608,93.68065379604299,3.463704317294801,0.8128369169677947,62.43820516743369,25.007916835843687,0.19981797708619728,0.8636762058101883,0
18.350271108229613,54.43450575505805,3.0080390967709025,0.9570972610591437,59.008653829668525,22.435160546768227,2.604545278855879,0.27758656739869325,1
43.71162744284479,75.43049291126621,21.97125499343146,0.9297435268528478,2.1431075181537973,15.182801057715096,7.94258414476969,0.18626844147355637,0
20.607334363788713,10.322400520688959,7.303997629486406,0.47621674732189323,60.97456242905046,6.4142644317326685,5.036671974718326,0.7896195482504482,1
15.683617660463124,32.09956395781363,5.6476766577130455,0.12310630312062121,83.06498697964926,24.755748064217276,6.973888937307407,0.6958422034036053,1
19.60982641271505,85.48536039298514,16.00630929136309,0.5241650019871211,60.4598517830742,3.450019022892441,0.8803369799117542,0.9794188515140609,1
49.58072603982034,44.98246079125441,6.6452564413698205,0.509952347383485,74.87021555653162,32.29207778911836,3.173201483810791,0.2832602817902905,1
45.135334157502584,44.47855573290714,23.19463545045715,0.8057130362271989,61.24567640339325,20.203400995188158,1.05456009739563,0.638927460047126,1
37.38872119551921,86.11836453246606,8.835959479370452,0.7674184933155453,83.4111938083466,21.11104952530202,1.0451977995731718,0.6883648694729803,1
48.16430763551586,25.953327743662975,16.321547716716225,0.8536029968962049,39.1490789082914,3.1395546519824884,0.8624360825375059,0.023133989429087176,1
41.86402921004116,75.33506852502046,20.16019635736569,0.4489316318831291,95.78594127821592,15.594139734101356,0.16977066115573922,0.6543696240700186,1
17.15269081511804,53.75991466978984,24.59769367951523,0.14238007317106657,43.20226791492057,0.8438893708396611,8.804472716238877,0.1905118814696699,0
25.355031496116638,67.66766698609453,26.624858306447997,0.7842890672584693,10.068947448643007,26.037052682110748,9.146715731956718,0.17141578007056824,1
41.21311009251801,18.73848193772143,29.620239822679256,0.8038580746277522,71.73300138922114,19.099078067540724,2.1929230523259147,0.830209926950963,1
16.909960197828777,29.629069800516227,24.45763421158621,0.6181641186086966,2.8356009083171485,41.38042976841857,8.750297057076537,0.7081771401447451,1
34.123921854901354,77.50058497288488,20.398513975524004,0.6380707912566547,39.795677047550896,17.6118409388948,0.9949642375405311,0.953173291379404,1
44.27471744671081,5.794077800989906,20.26102587813347,0.948874077406193,63.349225462304815,37.64943505486845,1.5283842446421314,0.31063532564757546,1
40.0202736639845,23.63555869565416,7.025843973551314,0.38003463816643424,49.14207034539431,9.760947297071077,17.03173643229738,0.571121965937348,1
35.728204069963425,86.72681688233733,24.973855244013386,0.34737479843479546,57.02827671692654,40.00834606030347,4.1470801452647965,0.8541310740368806,1
24.556962041923658,9.561482971865185,15.336689688780837,0.5910629761918793,20.335187140815048,24.38974313308103,2.3261231094814097,0.2607490461622236,1
34.622326704450956,7.754959386104726,11.219022915207864,0.5367607067535319,50.292058044167206,44.955451292213915,1.6968762355919127,0.49655499083141064,1
45.38705486493269,16.75502830621665,14.32857110652392,0.1312597087301792,52.292743608812664,13.158620368704737,11.141664673435878,0.47622597333302275,1
33.928525412222655,91.25618746426478,5.68732926808249,0.6460533301144786,34.24769000844147,2.406803862439858,1.1037237508244948,0.23723213022012601,0
31.027096208006718,36.956454686496116,16.838232923449056,0.23712779609682283,30.53068102145655,16.25422212543364,1.2823863162936489,0.15836395312412832,1
28.78324297366418,56.33913667493261,1.5328789790139052,0.4515694546290958,48.91747350009895,19.481010214486993,1.7147840881828558,0.03640605057774804,0
17.760095081666307,78.51980790157243,6.340135660685044,0.6591307853315915,3.33214249396655,4.603861829329666,6.13937968953053,0.35976077412793717,0
29.88497035705567,66.97505209038441,5.5584142486164065,0.9285425020561898,35.20450419387839,29.51118907114647,1.0320483905083866,0.9409412349226101,0
40.22990939856399,29.380852096376085,1.7526668494603848,0.5537548436098849,9.85382939429793,10.979820220875792,7.1484906216610185,0.2905631484871303,1
47.25958464405189,90.2497319194488,24.69262297514744,0.16529843322109353,70.04246051949139,37.784954799175246,4.518937580621052,0.02325821111079096,1
49.89691596086577,62.12837531098053,9.649235897486378,0.4879813427892271,0.8559470636385846,33.07374056409227,3.831031739809527,0.30464718495310195,0
47.281391321798054,62.65872660159186,12.337159637891249,0.5566785189426203,5.319887459542616,34.190978764546955,2.585324177267656,0.7924725028314514,1
21.79382870042404,55.80207235323737,24.77546854759192,0.30932559748719324,8.973286905783572,35.235669644487984,0.5911831997209709,0.9228019716011244,1
43.83837527740636,71.05854107836872,19.772112553937035,0.6576505712202367,90.05283785041014,13.1200186457624,2.7289240262603705,0.9084068592686503,1
29.624626352932925,30.03261778912081,16.168992629574785,0.861087049945672,9.548882987181917,21.08188098619533,1.7821631991750109,0.2848313838022777,1
17.517772977494904,89.59288188899905,22.582816082581665,0.39170050999657535,13.968741757482894,2.2463118894246077,3.8540596168897268,0.7707557241716613,0
15.925850631045588,33.42874242394933,9.290307129930538,0.40417327098162303,87.69066830147223,15.386834210117527,6.719346486368984,0.9223534104644523,1
48.91433102360926,19.62218129366337,15.04807763497527,0.9224060185154194,22.371425349934015,22.90817392357267,0.5574778136258874,0.7592034492418526,1
24.815471759183765,61.30610359490677,12.304193902991607,0.7797813990472425,55.725961247372204,8.921628311348435,8.226780705239602,0.5580148265171437,1
44.69189467245847,84.16469519027325,14.899030624986239,0.18776066860890855,14.452192518824825,39.91973418522895,6.479483344273196,0.8983430293382328,1
47.006120925033244,79.85707335446699,29.458744366203607,0.7936177420382408,52.28881664388639,31.93698854620434,3.147392304218992,0.7138352463719099,1
16.183974295146186,72.14479656880216,4.344650592942781,0.7767653738873354,84.21716137972535,12.77638496936098,0.9409976872568114,0.5162664852758361,0
41.94510492865727,36.075760006936875,24.74010385666732,0.7556042452718265,78.01050697429105,10.624563444752441,0.3362663591149494,0.07724556354060352,1
46.051381662828206,21.583014056606434,9.57536080024725,0.3526017901935845,70.67811519532081,32.85049091701054,2.926449493637531,0.7143291814642392,1
41.21306019700742,87.1828052927082,17.591911756035024,0.29932513273464334,49.29290459682287,44.78250240325681,5.843409158596415,0.8832938364890255,1
22.27903827073108,15.077311620426542,20.26937765390389,0.8317026868742007,0.7438447180783903,38.623203821612364,13.678480469334868,0.4916895480673873,1
18.607129543388364,22.262170898550597,16.775219029524703,0.6566932867568682,43.66307171036539,25.348944819958653,17.269038476483185,0.36608324597463315,0
24.55560614583468,42.5572042532173,1.7266708448757528,0.161985985029574,83.98788685404506,10.432844492236303,0.21509714134402277,0.40668203031857963,0
34.868688472702004,47.053104721881944,28.91863891789143,0.39419879705777516,76.88479918002467,14.301721687961285,15.848900995968467,0.18261407619876535,1
27.995819050130162,69.271185809217,29.511096929559603,0.8232597627187171,81.12276778699203,14.528477538789554,1.1917013478691618,0.2284690334803664,1
23.145713929192816,45.00779737350082,21.173410067629963,0.5982536065302511,19.360474115694302,4.835123654504186,3.5045856590600746,0.9912331032893645,1
40.022916840481855,21.397730289707074,8.387482243291448,0.6905366303748944,53.490581047691336,6.067823430489671,6.76824240257446,0.7551851473093855,1
25.858268764871124,81.14696720206379,29.53622492067621,0.29994424507363915,91.2147815920049,13.457772538853698,18.964974622342833,0.9319142617234595,1
24.39728301181065,62.832798481293466,14.006722730126075,0.48458036286824524,34.3722560397474,23.182968967618415,6.616237785106119,0.6835043808557948,0
17.852810386199135,69.07815438977502,6.8889911945973905,0.6509309175841128,93.84101707839064,13.376354464064878,3.7422270638832016,0.47796850511551436,0
37.04165738454702,73.36377204695435,8.577124862873346,0.28457277324463826,7.367592541427559,32.19701992694034,3.127199236176949,0.7557610491422215,0
22.52793588969704,31.438465183441835,27.37579385481603,0.6956346975049746,81.30733966013673,32.68341595214017,1.364283046944343,0.7535889117671232,1
19.64281594824766,39.065669565345026,21.57316004467603,0.8576625931123771,79.47740136678578,13.473985871626791,1.8820613167443243,0.15102271909628018,1
24.732262948636293,55.463438693926655,20.343407850234875,0.1296381076564223,22.183751615647086,33.36920353494142,7.503089437911255,0.44394389864597417,1
21.496817701261882,33.47178871788083,19.56784802449459,0.36760774496709214,71.92492946858468,9.48177542200927,5.5603477954252165,0.5807089857943607,1
24.30567115925053,93.90108860694592,25.26218243904883,0.12187313925021187,43.53774332330228,14.172054922986456,2.1809436165066995,0.28137933558698947,0
17.16830700395032,62.01810337015892,21.686970383677966,0.8071361390096162,84.09202666476126,15.939003674532312,1.3464272082562414,0.6391000971838123,1
18.238605296309924,84.07209713564582,9.867616231743336,0.1689413725410918,30.349409082202627,42.33904692885106,5.327063750729092,0.26888186970379857,0
30.653525364401975,94.93595760690755,6.989630314625094,0.5662245102844026,37.959189208657286,11.211399650579754,5.934408191033955,0.5607503307833718,0
20.140942103600654,12.085724866762297,5.780310552436866,0.6318248667377603,14.139038057213105,6.096922982697704,0.414237452512041,0.28222399015214683,0
16.521939003268297,54.6914653484442,7.179043519957263,0.8901255839371447,24.408768224740374,29.57292699869821,3.08802701418343,0.5746322513290092,0
44.26556085659733,78.5947241847839,2.4694185892781837,0.8901074495953626,20.51697546406168,16.30165151132504,6.994022799160078,0.46749515612351744,1
42.325732276508546,57.583455942825864,19.140724420604574,0.5396053223396005,36.15409518147198,23.833979882826313,2.17369805587708,0.7372167243214337,1
37.199195392755854,38.30012139962681,10.702439641250086,0.6919248776906005,71.75786277663259,23.1634734149814,0.7963463401890324,0.46865857118120113,1
31.07089574578227,37.39239920228584,2.07394126752248,0.9158724386309807,46.00553128552192,17.251516333266377,2.8777443028917866,0.14807531975447075,1
26.022824757107635,82.13778329336994,17.59403847756971,0.506592707991763,87.92019683159131,43.721176102459324,7.65653901625757,0.746424414230506,1
43.032591515453205,88.47214350268146,17.306365056954043,0.8678899645552909,4.260847756262431,2.4819438904255264,1.121639981889412,0.823745128236667,1
48.83988151571612,15.626830056218049,3.820657588413674,0.8595095589979425,2.1568175150028956,14.366953585001871,1.7990107343838608,0.3304109500701282,1
32.843097296033505,86.30075696822777,5.866189687190265,0.7120608709321575,89.01826234071018,39.344598612486706,5.567563190828744,0.28106514865702736,1
37.55662453131359,35.18711290557745,16.31174559171093,0.816494032815036,91.43462895704403,17.342158946559667,0.9617641516651136,0.6180155415697016,1
32.56936968352463,92.34842192187445,9.251201350651126,0.9957561524462183,4.921259479614937,4.724911309809768,0.7587410646200355,0.8789765148461541,1
19.439616693567437,82.09376644731839,24.530535890236504,0.8813809992824555,78.40826005062662,22.60901062375257,1.1843389377986904,0.245476609726345,1
42.054704568968006,51.87665037793464,9.337317165677199,0.8449272324332677,25.972263183865618,0.44622567091596343,18.091105465472054,0.3520195677702048,1
22.92118232815521,20.32673959572523,8.64061740253485,0.4069335364110508,50.11263479056838,20.302502683727568,7.632947999548133,0.4916216617718945,1
17.694949872647367,58.060609342875594,8.996088500425117,0.9400892321145282,3.2172156145721664,7.922982552410753,9.37183196600859,0.7026888379252402,1
43.4139056014794,65.3115705972387,3.882536799915467,0.727262717491114,95.38023164160022,33.178343982306586,2.984730778309393,0.9503651557610573,1
48.018591532295495,45.537803893687496,17.921692257008388,0.2323589118948991,33.76043568244139,15.01781572542,4.3017434266305985,0.29631873864804237,1
20.169093183220376,20.164070783188603,27.499101470630517,0.19593312564432683,76.08777369949577,34.92509926838346,0.2554218451971913,0.8435020160951373,1
26.004133775598746,9.235372502717977,15.39137808780487,0.5011874883805074,93.80879128770543,18.71677641322072,6.597087430483059,0.19138893581356098,1
46.94181282118386,65.17380981866266,25.381925441214857,0.13769383516244585,42.51672833148308,1.2767075831561936,3.975049115599472,0.7110984925688274,1
40.878131689613966,5.8363575985207365,9.37273341928616,0.8457326825270837,84.59595011369889,4.571254742743524,0.0904957682418933,0.020239958754565635,1
43.825177004648815,17.961049255454633,24.948503114554605,0.6877056843824912,56.103727366595365,26.259739269081642,2.6484957233584536,0.534262392422804,1
39.14718415100899,93.2835196937344,6.512283934690858,0.2951492064775945,28.960531585401693,2.866485118738476,3.7613083416478226,0.5816274911997615,0
44.34366926299526,70.57911321381417,23.703888706945875,0.8572484208560447,47.95892295924574,0.13796882316576553,43.93248824284999,0.21381146580228305,0
16.991789582969673,47.48834287372183,8.880608544064824,0.7508688515652661,62.07780845176748,37.14987817451741,12.209464938895,0.3024408144009486,1
32.84606539288406,24.126591601040815,29.067236555115475,0.18606740609126582,81.20456811248935,11.010232958541629,2.8350158114258397,0.013674794587221428,1
32.988826461260345,27.94825733316002,8.71995407984519,0.33497981976282126,87.92486116122953,5.258859217381487,0.6041759383878099,0.9608138771381243,1
38.73994756669086,53.02683639595883,8.238026685557552,0.5217440804269078,10.329863257483984,36.9073150470584,6.037994623512006,0.28728151984719663,1
21.593691988484263,37.525185400299144,1.7974120527948234,0.21724900886011408,81.23548976762433,15.92131531018722,0.44180539110099926,0.2171241581622072,0
21.901089071713862,92.67531718601782,24.705008873427204,0.29071217208376343,70.61729751110009,33.28636882808679,7.621786854295402,0.6363817117300535,0
34.14264333870374,51.82686084263471,7.118042103225648,0.9450158832895232,2.2180946018879877,13.511066272552116,1.2981199897956928,0.8203420994632059,0
36.466879659031676,17.667917690881488,7.504978022618831,0.2682058065193904,70.34873626892363,41.02484923368237,5.186107196240583,0.26823999038232227,1
22.811202085691505,75.35831776036588,1.6001721718011097,0.5625141627518163,77.56984625394111,43.32307185041664,0.7562730959957511,0.8795292781267914,1
47.69965029220109,15.728563525002809,2.7513382426617228,0.8324611572152506,96.92412041290878,24.987397027745306,2.6672054503864286,0.5322088064559082,1
36.7894765275325,19.10256256179224,10.90815506843188,0.2600960573936631,31.988115794317164,26.28288602971237,0.20593437388564378,0.43527911118295914,1
25.295237164134768,28.097255062425443,21.09559318565785,0.46922827085058105,41.3014123775827,41.26141372855437,0.7969134230854316,0.5552560729702426,1
24.972169735347055,93.02464856002479,3.870529383750936,0.30413408972586214,93.34969547812732,38.629169050906505,2.941095103577936,0.47416332512769466,0
17.379279313179335,49.45172855602934,15.366992493441938,0.10687490155630919,21.56498799134966,36.56359605235482,9.529010711712122,0.2514148732591587,0
40.280492099910006,48.67808141479207,24.426585708805426,0.7290846351924183,37.21694950019441,21.485487233154064,6.239079818666788,0.18144734787914008,1
20.89489717133132,31.503460695935196,4.151010062721179,0.43827608241945293,42.23921380848136,43.42790766658283,8.617752096780992,0.10475186562053562,0
47.88735933891756,94.40957380249554,10.53285956451225,0.27805481143782385,61.61264397805999,5.863029444628251,11.890325360688909,0.16125935225957666,0
49.6111408036361,36.11919429918497,8.528991964882248,0.23918162419117428,31.84499495584229,13.8689927279676,0.694833079666503,0.7928062064834341,1
30.075675891648054,11.995748061611128,17.385347965633542,0.38169192014421627,74.84273788284726,6.419194467658032,0.8069319570755412,0.8099636670311333,1
35.270508158626896,84.76413121626614,5.191016957324073,0.5789696401949875,53.71886377018325,27.844904479114728,7.891680613067356,0.05232792897361194,0
46.216476819939786,59.848995855583624,26.75622636418626,0.48920354808611477,48.35644670587773,33.484130336609255,10.013220676805306,0.1282309905175758,1
48.340588397624956,80.01905956858764,14.957603793900859,0.6011084377659025,8.281827904125894,11.21234955117588,6.168724986355214,0.6677615182486707,1
23.517794444965592,24.4608953747385,18.863443077385202,0.5688148168692808,44.34386267348991,2.783341668645712,13.748345083280906,0.8534114492474021,1
24.368390170155138,26.775939655417243,19.781141341984853,0.4320575179359969,40.61807711259549,35.441493038975544,11.434092022922453,0.8677056817071976,1
43.88393902091508,85.78169854077308,2.3194732334694823,0.25268394331790145,57.856367800025396,3.87131299377216,0.4709070772375392,0.4918572116208486,0
17.78461001620672,32.10295363087918,21.050084861362127,0.5856943217646562,4.198460779739466,6.314840323323438,24.81453908452965,0.4689180446735376,1
24.745049743338754,53.76867957285859,27.308888951615966,0.11000213490714983,45.8503027044085,27.34472790250784,2.9191980754273903,0.06674064849297556,1
28.272969447509773,90.29864861703803,10.768070593364124,0.650623324784928,47.05540834571054,3.6381116091845267,1.1055767852479175,0.08332848897424738,0
26.451146596447586,47.21968692880795,7.769424460379248,0.4604115368146606,73.04593537239292,16.124697584705743,19.102579981347855,0.249720664885827,0
20.894394160351393,8.22251241937116,22.908627637277448,0.3662468294955449,35.01307358207204,41.9176443873941,7.362869895305826,0.5972952327124031,1
29.45909748593592,89.87662079043628,2.5352294523281884,0.9007907388922136,56.06427016835811,16.453144317653475,5.522251898841107,0.33496408542528033,1
34.08134785661201,6.661820703119084,13.929675882224032,0.23443035264397133,84.49693426724541,41.66203790813025,3.2957047766457364,0.7025649639460175,1
46.5554404471771,26.658309176156056,27.05945287990281,0.3554382036601379,43.342472031378584,15.379890904828091,1.0281274116029457,0.16038994541030627,1
27.651350119333657,44.297943037708315,2.389166033212462,0.2543134848873079,31.768091723706636,8.880195917060272,2.2822300512591798,0.16152985466937198,1
40.67333992406516,25.432244309144245,10.325461547208398,0.7487112276910287,7.677371848705716,2.631357523416737,0.22034456510394915,0.2970127897371727,1
28.13724681519075,10.762353692304252,0.49493437420894404,0.5748835879255352,2.7548784524109693,30.248390232543333,18.5279696541653,0.5516915405806628,1
36.055399429100326,43.11573223008088,2.633410331094189,0.904520811187331,25.827647960982812,19.345745897668486,2.6839743617135783,0.5537144103693667,1
45.08369649395462,22.05412460589126,29.810276288768975,0.944682816606636,88.60446642319046,24.987159673000747,1.4598885453850639,0.5327576693012387,1
35.31679656880311,25.668632791480633,12.16107122270212,0.9872601947955045,17.485977253315742,18.871032769614114,12.225172746206649,0.40498228600712805,1
39.96286397461095,63.26420797488394,22.289980926016522,0.8312672729185001,22.323878390931895,27.51563283285326,4.576234064174419,0.4046826965124827,1
26.79167435004285,91.72273022438901,25.44455156247975,0.4936557108303603,65.27710238675112,2.6620121462315236,1.874298155901203,0.47184645975043216,1
36.88945695882744,79.8090007357575,2.92529099330833,0.4847099123427985,17.81580139971669,0.758346445258456,0.07926503125407558,0.2722106951673001,1
19.826096395664955,31.720747467661834,25.143152276080905,0.8535751839219541,26.39885192005089,7.295384747746042,17.91255373407512,0.1333344580294592,1
40.16757944377851,60.12164066210448,0.07917696049025924,0.3842359547149269,55.1343672573792,17.58872598683114,1.4910069783333353,0.9980950047683016,1
30.735529558448643,34.662644106436474,27.260192550287766,0.2898602234342663,26.68486862348791,5.891773700984869,0.1616712627712502,0.0822696011567281,1
23.184744415165863,68.20846265295015,8.109868042689731,0.9078145237096454,90.41549959764767,34.642230390114975,5.94520333657279,0.3293244791834269,1
19.763974737509315,23.6391625542968,11.374521745587513,0.5675709300896822,13.629113997908293,34.388832108941465,6.506210446578134,0.07538829602483754,0
40.86571554263017,63.63959285146366,17.537433126500027,0.3109589577376468,94.44495856570302,23.574055631087663,11.091825438113752,0.21799027873307297,1
42.961133233074044,31.073822519705892,18.45424152288464,0.41684761894550304,57.06047189829482,3.688718451170741,7.5562453459785575,0.11737013799782248,1
36.63710446081294,39.872947476610086,9.11825015150579,0.3611594847905232,48.11784881633808,7.977827849569437,8.25467240340268,0.821065220323266,1
22.52144977424108,46.70402041433758,2.1101614599990515,0.7259659548095732,20.43169570506175,20.558777383134053,7.878784042743552,0.4851148913056633,0
19.832421301406576,19.230558404514746,21.899432892596675,0.29344922092834946,77.48858764334734,30.365163476152322,0.2932911966072443,0.5701079062546917,1
41.18004599899211,46.755345069468774,25.33131687540067,0.9634919214044619,63.65203128897377,28.308864110663748,1.974626497338049,0.7428361872073695,1
47.62038136602403,33.951919395452705,7.312855861305088,0.9182001403874688,55.17540275823435,44.0991498798331,8.91504195531413,0.001378487830684727,1
18.71508487142775,53.59843480901629,19.673179347200293,0.3371799069895986,28.650692990347217,22.482655298602722,7.9469913815317215,0.22356426708979027,1
20.978776291754734,61.54234800396678,6.10775767688874,0.5718759640301371,83.1087613726917,31.94067147826682,4.384396795534217,0.46399475675214374,1
17.543093563278898,13.285475806605886,4.815862359340379,0.24397776153534778,69.62908056338193,31.21073995357989,12.66776420760306,0.24204108595088925,0
19.069429851959185,68.86951306118664,4.389555956963016,0.3653788986456751,89.62814941565733,29.591469590602536,7.085389217282615,0.2127464746543416,0
30.126954331945416,45.50786799081364,17.393735737817895,0.6602696478143582,60.88087096874851,2.15688276376174,7.777602833301848,0.47114101618098103,1
33.555049993548664,82.36274805608085,9.167799416053766,0.6450357660484687,3.0166174846511296,6.375302241844104,9.244349880817108,0.16652124381180766,1
19.957950155709554,67.66328434379665,5.10061079472359,0.10872524427560665,30.024542053021406,40.66511140592319,0.8083272549638911,0.7454108701999671,0
41.02333366758729,92.0625769583773,17.842996727620488,0.4895920994449019,49.772346643001676,21.22484543157559,1.4096848722381707,0.8051397098821345,1
36.402247974123405,59.71148551622735,10.935554610603068,0.5417671662625477,87.07844921829437,39.01949870395,4.33260912865372,0.2184562332215988,1
30.744409360087356,58.812996781458835,5.656610494960528,0.32983497249932514,14.244113071324804,37.975611211142486,6.415841621278403,0.2648036263216694,0
15.882072123805951,67.85960731744422,8.699801754986945,0.9874738352048069,91.25818374838435,15.105648464780094,1.2501372086392522,0.2441403088095062,1
33.34318239999652,63.517351571190545,14.165124377822343,0.30160947638952684,4.514262813886017,37.5466287781224,2.433281953899397,0.03758567208124852,1
34.164409614597346,65.67452977190186,28.405617659497825,0.6988208047543408,90.00978884243739,39.89903546921577,5.460942531038305,0.3335477876933046,1
39.165278582913345,83.09962739049014,16.388234039516945,0.5104470126503193,50.013448331902396,44.29595188657515,4.874755457267837,0.15366828765106444,1
45.57742821490618,73.55441299576582,24.32722142398355,0.7289957442733955,93.9480415319259,8.685822066641771,2.6573895512766748,0.8553856049255453,1
24.005349353312774,58.20570089326196,11.336136068022373,0.26220505151995643,67.55982465586506,7.142114994758282,6.713272513489016,0.5372340614588537,1
21.78411629904442,12.625036597216111,27.863756068058965,0.46498759728196437,88.53492294774442,8.867527393791349,5.487082540539499,0.09323788702152569,1
34.981042358850445,85.68594119366283,14.453750396039823,0.203340504559173,17.664583965086855,22.16554623968908,0.968345146541703,0.009293146279542586,0
24.34814849341056,11.298822464689735,0.875693687774759,0.9818810063384321,71.63612762220865,2.559763691541948,8.11504723469801,0.4148992433117855,1
21.685177439657593,92.70252457401938,20.469148199919616,0.36295443369854163,3.8471849755272514,15.739082054015723,1.9318034954158667,0.302619822848465,0
41.41947408401364,19.63823188872839,23.700368148733116,0.7528514078271997,64.43079530076268,22.36170272432249,3.4772905365365068,0.8837175924982533,1
19.3185216030966,60.45454325462327,22.198142597621743,0.9887942492745107,12.446660359043848,7.881905859330718,0.9506121410608886,0.02684442121313857,1
23.479133292920487,16.163209244049256,5.873217399368986,0.7833655560690904,85.64624881342365,17.26562792673234,4.882447636516543,0.9856646467274351,1
25.11982996226684,10.362996116637401,21.292913032325274,0.4866173377671785,44.60005348639869,43.66471040752714,7.639427133028697,0.34944054818202475,1
39.00343373231402,43.50109909526754,12.37473895384997,0.142177864736465,56.32452035318045,44.55461896562345,1.96741513523067,0.0528061075829489,1
48.076378164947776,36.67795211813906,6.828716127474834,0.9688281255182257,96.3348390694807,22.844214091263908,16.049621627298492,0.15122626407698114,1
29.284199049232488,38.821940852260376,16.419069410217585,0.18071342984179875,43.72679041797798,23.556805703469262,14.271212993975837,0.1268780412191769,1
24.607065921000277,54.41340896167364,6.181462188615848,0.7781203440474592,79.58475344584578,33.75692173003128,12.475985453027507,0.7003789396117286,0
40.2074529537699,10.800595576386517,10.463077727794492,0.9625318288890976,79.17442034695101,27.691309990800754,5.95963695150393,0.5972742672556813,1
33.29948468415223,8.84811716873918,29.78188349091014,0.5790204858882828,36.599579839536865,26.83153817975208,1.322958682217919,0.6260610486370652,1
49.626313131706034,58.941555960952975,0.16942341614202272,0.3545312996157667,17.2593717988075,39.57387802692539,4.958812952097912,0.6535174857753199,1
30.379231337045262,9.381319810368561,7.447038248111011,0.5579116710257728,70.59787058197733,43.41848985256125,7.784306091701269,0.9420650704662757,1
21.38096477592113,41.12534197812437,26.91756333352179,0.1657520514753711,57.42339133033126,0.274877327472387,4.141375777963152,0.589991487861962,0
19.078820265128993,7.710518992783627,19.622618969917482,0.8743769078716339,57.48874472624617,35.47964056059932,1.4563987836767478,0.5966086263903315,1
48.60354400305385,76.7172491699814,25.364480744045864,0.10113260194840634,28.32406455525246,16.976728001686627,5.835166668542233,0.295438330387659,1
18.931927328033723,91.17780981927615,16.17383281439821,0.7805059974167645,10.32194168053373,21.472741572781292,6.702720516178537,0.2436049849740739,0
35.112145179941834,84.43539376884344,23.205091498233205,0.8417486889366939,27.510665117070243,36.76483199480932,1.141984268363032,0.06445799996903956,1
28.85232324650991,61.162372305461204,13.378480309858817,0.23712446652496783,59.700043603237255,22.68982467456647,0.5717105233906568,0.7138391925034381,0
45.66273079307574,25.26761440110914,21.357157500329517,0.2390032485908249,33.60328715339469,6.286740754208691,1.2466173920176977,0.4611405143931905,1
37.330678303024534,74.74902893642864,9.891342362768405,0.9693297619235672,41.388016464617294,29.042423262118547,4.421640136052659,0.6194837965102364,1
27.920543258883328,18.187948534014055,25.961028603071505,0.1856603398149554,35.57264017777566,31.322231594358232,3.226135260016763,0.9252589666270767,1
24.854979271487316,88.42540937356372,19.26793436225359,0.999394156821029,72.32225968271463,35.39878109471957,0.590102643063639,0.6622252136156583,1
17.56829277254234,24.66472245672637,1.285278117497397,0.8807497237058286,69.90850278183308,10.663034464790867,1.4822373454675426,0.687267049946315,1
37.017199249307794,57.90918588512852,17.85454024642287,0.5775951215208096,39.56068884561079,20.70623948971552,0.8636251887930464,0.9045618484012459,1
38.53083815649333,74.1102124739416,2.9688422140499005,0.9666072558897216,24.018434414942192,40.13817426781078,0.23875175218585454,0.5162671746029922,1
30.373527444645426,62.109540072789954,14.972577266264473,0.34014560101636127,8.824646496201282,41.37200067043209,0.08106098645933613,0.8216788523671756,0
30.483487237065493,81.7015108830735,11.588243164298053,0.6148915815042915,60.27881736478664,44.26882410070351,6.936736297031941,0.988992664898312,0
18.173101558618338,65.45907227922841,21.76419591836624,0.9589031914387796,50.987952765384236,24.87757667266862,2.8566745855482107,0.7474747988139149,1
23.421446324318648,20.965287055442978,4.353585502160994,0.677954330965386,90.78536107186335,21.023670853357377,3.9776185077821142,0.5102742988871883,1
30.847393922990143,71.47204205144793,0.03827334245737113,0.5281152895955323,31.628530148262602,24.575387914216012,3.5492702078407423,0.34976011048420574,0
40.594463668442444,67.27910766846824,24.577526245963526,0.23603322843063063,20.923005324673515,16.831516245502428,2.2826888415277162,0.6289187299225725,1
31.20169714039702,61.23032748548908,5.012300557279785,0.44594399004083185,90.97598290136425,15.603728983983519,4.4332336859630415,0.6597279881180745,1
43.06599746650751,36.624937471087904,20.500173433832305,0.38861019854808754,31.864796401065455,10.477283169652079,11.748885419041562,0.3223414389361323,1
25.66089852464429,38.9867447701486,12.351325189894753,0.2818030738827826,84.40970712495037,36.61743421502193,7.873247399313539,0.19844460616035475,1
47.23741044930025,48.79353497860582,23.20039708621492,0.35678283535084365,20.76979973035973,23.163928172075696,5.550902824479914,0.2849394981371073,1
23.518714087091674,90.16420134750963,13.03358558404727,0.9773148833936804,39.42381940372998,16.588889647352676,1.6869193952098225,0.3794494416232197,0
29.058444178174867,94.61452590657193,9.157381250266807,0.9074340896414368,26.85679818138752,24.293258212539428,9.076605501201819,0.24326790449919522,0
15.330261294950956,73.45842598613298,26.33982839268478,0.5371828800776457,27.07541542153774,20.850536954686845,2.22365746048884,0.788388179395359,0
41.06929352155349,10.063128634654333,15.968498944440796,0.6588068952118848,26.524006605207408,6.982371065418324,2.9451170203152572,0.05021716214244876,1
18.837313650773233,77.61749679947403,4.790098512298984,0.9351183434983354,76.44608255552392,40.500847458940996,2.8813733087674858,0.4199415058068767,0
41.677426480052034,85.48844124924202,2.924875412911595,0.9094077910558201,58.63656868366876,43.28765218327689,0.5947626407407796,0.22532039338510523,1
30.726457464503312,86.19768185675309,1.2541980686883825,0.44581426212076236,91.85301511213977,0.5575371184301348,3.1426849743220058,0.5318063756604783,1
27.698746659986053,77.96122823633911,22.20607761705723,0.17935894182826,86.95098427559311,35.28348932912635,9.450987370176485,0.9928503151763954,0
20.205009167924846,42.662140053053804,13.127060797478109,0.1846598720838594,34.78879510204911,40.81462232238657,0.16020438304166798,0.22781808399762726,1
45.07626710868268,86.14949616164877,9.81135113349781,0.1908840053281367,40.03690747792976,34.164928854492224,4.865404438850588,0.5173663999438826,1
46.279929735560444,63.572484811206934,26.488761548563375,0.7657542624170355,28.019170609841225,33.27279449057768,1.8543456546767731,0.9577890683898663,1
34.71803822808796,82.06383622911059,13.271905507420646,0.729980931414412,76.11337807835521,40.36819833213436,0.26768796506249387,0.10123532439539129,0
28.759863635230346,55.61767656320381,2.2555497753500764,0.164778485089499,94.30494349205695,7.509180241464361,6.4022561386491255,0.5591917784739978,0
43.29342608352995,84.91344817688842,3.391229145711349,0.7450131547327878,64.6925084022899,34.016442125422415,1.4179442844758086,0.6635687817383232,1
42.851954075938494,85.08470594928316,7.335538517569169,0.743570820762567,15.103965901516304,25.760163482281136,7.526365398991866,0.009988359689445114,0
15.266651578139847,94.84862625373913,29.239117029113135,0.9136453932672933,26.33200157603198,13.384450417789981,0.054571694363843536,0.3547260890563745,1
40.674946622102674,87.43825911589603,15.224474514040352,0.9266938258757293,27.125131806431245,21.03108288075341,4.816177823484924,0.050882249374691435,1
42.22238510698044,53.74766525426779,26.32957334113987,0.8996861002836123,61.91242939164796,8.451761539347672,3.380767416873081,0.36284356726393807,1
20.961778853546004,57.5309764262049,15.950841344152455,0.12691420707623893,24.043510268351966,14.035689659642813,4.211542069850793,0.5437318428027306,1
25.954114821039084,53.508866897414684,18.776159684144414,0.12309224665002821,32.46161251695733,27.9730998736397,3.2311949243741966,0.08882799140437836,1
42.76236372231034,19.997128358915244,13.804260904984405,0.6536253101597187,92.36044202405697,0.4612138590857129,0.6557471656198688,0.5539997971939895,1
30.534998918258843,93.3661964190534,6.15513042231399,0.5701524989889875,12.512021760441217,23.451582307997498,0.6061067439259203,0.33071241325215095,0
40.27160086238792,35.23273120281801,28.416531271090125,0.8807375818209705,2.4431505529970976,23.32418875501906,3.1478469529933637,0.3764621067830449,1
40.528020675993766,49.6479272572203,25.74394158505114,0.5264881203944394,36.535750186991955,12.072629228483557,4.172435921988608,0.4417599029704876,1
26.199170231890566,54.58570606723368,21.28471642894057,0.5625614080214737,31.974161892641785,40.86973386173909,9.583578535949833,0.7602403018600314,1
20.302286422603743,11.637959238868323,9.348508157541898,0.8573570233362418,58.97477227310731,22.034066289663848,4.4013106124419235,0.9153978642076362,1
20.27298986602697,31.701167969681617,21.092949146898835,0.5148798461097879,19.431360135194865,42.010463763574336,0.5190688438976058,0.436623387214252,1
42.69708248728517,54.53883188956849,14.597017890102764,0.996321315840186,4.179138304698093,4.083062027047768,8.243364829478441,0.46959183082504397,1
41.75919845693662,71.84983038397942,6.191167436330049,0.437924075996624,2.303309828623634,31.046341558712935,9.443508225622313,0.6180701236570115,0
33.545663206154245,53.17659753529156,11.73494998133308,0.4600802427359556,99.42071426606883,23.90554162366761,3.3781522874900674,0.3685846020090955,1
18.715343075089564,92.43390665683681,20.952098631041775,0.699098165286518,76.34748967891363,40.13834729516497,0.5675674527155923,0.16208854676578988,1
43.966225519185755,38.334510346970625,0.16859569204300429,0.2895870246514432,52.58337660905524,1.9487386291455089,2.5931138654447987,0.030881834462288538,1
44.12651458570261,71.15398445370319,5.255442943737895,0.7911058339534767,65.35982610752555,20.668213769681316,1.2714569264350328,0.061477705443170216,1
29.633792449692667,88.71146010981919,15.285220776434386,0.7765377626982091,22.72566766156856,36.12489908844159,14.120575134381586,0.2495135227550248,0
40.36334870910289,65.24531608326865,9.461424970817603,0.3216624466715566,63.09474414661642,6.520678422347758,0.5818970582013171,0.3484872106214977,0
24.23101146068032,38.06267803026491,14.336702750444813,0.4676833558856841,39.79228033806852,18.52517295372873,12.971373283302887,0.21077405799351367,1
28.114765252032473,87.35443502293312,28.8773866967841,0.9076823440948468,11.052710617475526,20.040781111661843,3.6164913773023866,0.49448837320996475,0
23.387571066520678,43.85882540266253,22.192873477196528,0.9447677698477115,2.6560369805838424,29.54942234367348,1.6985444494754822,0.2134300805759517,1
39.359034021769936,66.36773207253214,10.0796497833099,0.5143342382112105,96.47172127572392,32.425811102298645,8.728146165954323,0.037565121888616826,1
22.78854704288345,52.55098931626185,29.01381851467108,0.4006473933830773,71.08143758722957,18.804405433830706,0.6669661925940662,0.1857334851975767,1
28.791887479443446,43.55260915618158,25.37347322341601,0.6409042336208867,76.62158217135203,14.606991740897488,7.645972010195388,0.7507367262194472,1
16.80660836622295,68.34699278549581,21.40644426107033,0.9195709891574267,44.15971872849093,16.57025043323912,7.474073671506049,0.7071848289135203,1
16.483866167463535,69.57205095415232,26.92044911814878,0.7437566224388528,22.108844875202614,7.919860110156093,12.6062253227468,0.8655581913693482,1
31.99478228350074,47.51303503964991,27.289252540618214,0.2933815593887958,77.60502710895274,18.529962560512132,5.496480239832211,0.5704232152326655,1
22.10675180157644,53.72557547903201,18.835338859510564,0.2730104129845139,25.464668032134917,0.8697587629265668,3.6971973647636376,0.4929912644489114,1
47.83095250861762,66.81246665316175,17.120659037841058,0.98186071189056,66.43674424628433,26.741870728268577,1.2331788235255001,0.29697947907083944,1
20.118085932584453,61.456536987374854,7.360209032730824,0.4797872492180777,99.72021448530307,28.643168579309812,0.4427641202012431,0.6807328419330649,1
24.648695016751923,46.10610254398848,12.557133018128281,0.41274625509622576,96.45409444521394,4.978390012182492,2.1595831556465863,0.23592837010431789,1
36.21651014614082,58.76667979315091,12.525456566157244,0.31294769075953743,98.87744013024403,35.10922369535218,1.1137314430275538,0.40239413996414175,1
25.333869405768688,86.90700186664144,2.4777068116431877,0.30176345763297896,19.73181536291043,29.767481626037004,5.309779806045944,0.9421383778144758,0
48.133331316727585,76.84135299410569,10.487765544713323,0.16062980424833145,42.14326302738738,19.87925020019961,0.9783091322773838,0.08135832250156005,1
25.895251648635814,51.92498154656718,22.78082921342213,0.299596587809158,84.59412403191203,4.39865480685363,1.1937346209391244,0.09842574367122181,1
22.20119776379358,13.4759657767003,18.073871278451914,0.14624127373998286,76.05475099193191,36.648155041928156,0.9369644875703959,0.24553292126720772,1
18.90487515037269,15.917901058983123,20.264059752533726,0.3596734270014452,94.34022053452446,9.358110521754119,29.702320355545318,0.7494376526292638,1
28.370711628100977,80.40199223918914,5.769699767500619,0.5330066498087538,26.32834579167036,17.3022328570261,2.8557871995598068,0.5282035087217227,1
34.73985527756848,57.71350841805011,21.836460332923362,0.4727000354567862,2.969787940067592,35.76381193337712,9.965112920857823,0.6643912716247549,1
27.729774558367822,72.77948001758385,20.458716062847593,0.43671964413351927,48.414215702605176,6.577403516302623,9.558191550599556,0.06178048164010386,1
27.73500250849918,58.369996870449626,18.917300076363663,0.19273644755258773,98.95298379079264,3.55590347165823,1.0133989967153765,0.7688663374485132,0
42.4368644027872,19.067662463252393,10.464124893668643,0.16311693266263955,11.6574475583759,42.62401602206219,3.9231814134314265,0.6050860598562164,1
19.80516282319008,61.25146018453543,27.544215282593974,0.9697806099367074,75.66123748984471,37.86940747698394,1.1462055161222302,0.41238954568891284,1
19.837279302151956,81.54082119654625,22.3063236453137,0.4454225477293262,58.36012166972432,25.055987938358196,1.6191983795425866,0.3403246004302517,0
19.199746949407164,11.344209626651681,15.679419208482479,0.6930786398293184,72.22601214496709,19.086452046622945,1.5977231065746014,0.8586376974577364,1
15.485091484421716,11.63491003967955,20.60133373891895,0.3252978503218295,81.23576626573967,39.187815413525335,6.109488819235416,0.6173426974008164,1
43.329440123868025,88.88015229867776,7.403267751595189,0.9589547899184373,88.78416991549018,6.4737510822773725,9.08582003596844,0.023207099154693545,1
41.028606728529894,48.385852953485795,4.61235747162005,0.22846029125606312,90.1819373226005,26.86475120562189,2.1649224500935538,0.5596434537600641,1
22.02427474744337,18.737929999066594,13.629059632786577,0.11644008976280068,56.70105935276995,36.39931223611383,12.791918607906494,0.10576825752911367,1
33.11303010519002,84.97266785959587,19.25195857426274,0.7726699687220667,38.52252362265435,24.252842503292996,6.817018779545112,0.724744586120315,0
19.07228632357736,44.343342740091785,29.3279267700949,0.5628416167339506,32.437163853055736,19.45057452928933,1.209355180122588,0.6506804454487569,1
25.988441670831314,82.046174130615,27.343034704159237,0.6375662848442725,99.4128485838765,4.909300736253925,6.595058079681298,0.5819736167803715,1
19.297175513058058,61.13482133219744,23.187283176515784,0.491288345582934,79.99936750865385,11.034624360245854,2.2204323011550917,0.12980720774891774,1
30.27727756423183,32.25946732171173,2.543552634242171,0.5562739806894897,52.6371549499104,18.41479056599655,29.45045943907687,0.7663800601137,1
16.47554848803609,67.99523180671807,14.760711662571786,0.6931634066566483,57.436207415274765,19.60372904054898,0.25297139918964295,0.5695118456607167,0
17.637754074645624,79.70872195033289,16.916083252365617,0.28222606321573573,79.98222723355694,33.678932143034096,6.500404841241694,0.05117845774370311,1
27.73130947862456,48.538017816855174,0.6479919874800044,0.3797835590622113,55.95842943172427,13.897801327169434,6.331147735341652,0.8539679388543965,1
41.27288196422931,18.264737310183822,22.344528676361204,0.8164387920909503,16.008949212972688,5.468994037242149,2.2374577994996394,0.40216620850038665,1
20.065379860562885,61.96615982862555,3.521625813074057,0.32281181774827017,46.9340581096247,40.73814948797922,3.2922056303030094,0.009756948160722478,0
27.877620462356735,23.437663006298944,16.10826207515017,0.20809029530174525,21.843052963592278,30.639718119684705,2.5744166258016987,0.6002853928844439,1
35.682218374828636,48.01758235047759,27.80135027251526,0.3783141176067205,52.70306187307832,44.00286098099614,15.551080807699263,0.11943981216670241,1
21.62923961676088,70.80036656361477,17.32255898709763,0.2629688457431361,57.742820317040625,6.931459983849123,2.555395186839822,0.8716243550441646,0
48.99036009659637,32.489964710579116,1.9822687959221852,0.7094369975612386,79.88040837062275,3.108846194929644,0.31935864152781734,0.6694707176219331,1
45.92081059653133,14.347636588981262,13.617084163815113,0.9311664599301267,92.81734348296867,39.05042348457189,18.462869963300083,0.8271311391157419,1
41.62771526224521,30.619767170613805,3.5961106617852554,0.8601747571823165,10.265259023579132,32.581341889640555,5.613537475714702,0.39261186035101137,1
30.254419407316753,23.967828888307338,28.17499891660618,0.6955590446300275,93.01343452431477,16.898225917077216,3.570674535182015,0.03749538188357504,1
48.81129816473415,76.57885107146764,23.248088971652308,0.9097563440168912,63.89610233440774,13.202611939588396,2.134719253263712,0.23638137414924743,1
41.554180784695816,56.031970325896445,11.012743515840748,0.8836728019385738,5.763648898838481,27.393859188529895,5.190945525705322,0.8384811714772544,1
33.206625054382855,77.05687962670943,24.210712498181895,0.7783999955668607,5.7267224254167415,5.679280862612306,3.482538506358663,0.839352937183623,1
31.251840666681233,60.7877811608471,18.77587178804986,0.886030795737351,4.969334355842559,1.4042494211453178,2.1463727788662568,0.45555685784962874,1
15.443893784299874,24.171900922821617,22.51836676481051,0.24238406381386393,36.96432515646385,28.07144613516232,11.14222839979304,0.558965355466758,1
18.4139129165671,90.15152935431895,5.595206827017333,0.8109416440122006,11.123322884688047,32.28488251654405,10.982912856170689,0.033725146377416526,0
30.816231565976814,62.09377973195164,3.498238267200491,0.5980922262752091,80.98288581625455,35.21394779909211,0.37763737798475117,0.8610528278706591,1
21.77735064022776,60.052540485628356,20.448041589370813,0.7495331043620914,7.284142150527028,18.78280524894395,6.445316361680302,0.5059537415496508,1
35.88318213794291,85.99651320623146,0.4955714117861665,0.6535984197615191,75.7732675889178,8.19589513000366,13.51977076165957,0.6641670103558092,1
23.581260313829944,27.243014919378968,23.930336970893407,0.5519761575825658,46.43543977723823,22.946277823130725,5.975798768830073,0.37515512337452117,1
19.73796798066395,67.00197632370867,12.18867095457108,0.5314240742750898,72.96548471491946,38.61983974755893,1.2274915703948488,0.5276922311634957,1
22.906564620606986,61.33169838532167,7.82558783508387,0.1873603824505221,23.427577596577265,14.659096395231433,1.1198666561028545,0.9811529968752853,1
37.41397034000572,21.69097968987695,9.186623862267643,0.26646091153690266,12.177591962002854,6.434463989929852,1.8502628157829557,0.2249593291741917,1
19.558498546210778,30.92399272639556,9.931750915212676,0.9269519688127273,86.09646817121033,21.592081630850977,29.824605762879685,0.27958099830573124,1
26.0670080199018,51.73901050880132,10.453744804614129,0.7785978860347282,61.69930620164281,17.77535793580019,4.308742625153986,0.25978611740959845,1
42.86361919122608,91.69270193498215,8.387945969045076,0.23916482807093975,37.03897600785503,43.168555327452005,0.756160068790695,0.4588416051739901,0
16.37541675166422,16.514262781623753,13.339385430117186,0.991254129929776,74.69325662576011,22.65396792797358,0.31968452213534143,0.04139552877892483,1
41.601115084853504,15.89078553330953,1.7234686752990735,0.9006695652254663,85.49358063554016,12.993962643540913,3.905288138093222,0.34634528335827286,1
35.77066634168363,69.27391863579837,14.650921956364154,0.5979985450857646,99.20148112074381,22.90171172888833,0.6492563363533612,0.2642736851098434,1
44.2332953448138,20.87295056246834,17.689910887680036,0.27508460390384304,41.44805224941894,43.41572419736264,9.33225363121175,0.21720083796976064,1
19.07639577573464,43.236178905715974,15.198525342465931,0.6971727270299448,79.56791270468561,41.534185958803384,1.7459678309793103,0.452773193967107,1
26.702399936397946,41.63603112441345,13.346599218582735,0.5133668487484624,90.7017752342935,28.38779957511109,25.988035791803608,0.8059387363397743,1
33.153313417001684,10.304185374200674,16.663215595208946,0.6481462783507875,58.87436401400572,41.158547502032484,5.419355242820143,0.1816655914432973,1
29.52703765552723,85.51686708707619,17.15337475149824,0.3956597948508548,24.910214421323083,25.95031212242727,10.37232238732068,0.7990339134066444,1
43.30556251275859,10.92894236797631,12.97998815821539,0.9464603663624821,61.98951870231397,17.936703223913277,5.471745111595129,0.00609578229883978,1
23.11703452940032,9.632089350896411,2.623278344368325,0.3790019551566528,94.8100201959898,17.55093692477459,10.458875783006222,0.9528401433042213,1
42.37100767787359,32.854258134042645,23.51433682538013,0.5881405263582308,15.535378198575966,13.904535062068753,0.3836624210581623,0.42198125456193003,1
23.59045407502105,84.2586346679972,28.327492867105825,0.19961959574599208,35.075477497222586,9.105599788879848,4.739222971865417,0.031783730174677616,0
28.921910004602676,47.70452975668978,21.068507487637437,0.18026259329697097,47.45493372189705,6.126080015477119,20.14037026231005,0.48476147476972686,0
42.522681388119274,21.43055598676358,0.7476642276964429,0.2989552542726347,72.40784062040001,3.4964582403829003,6.6540868556305615,0.4126020644240841,1
16.330016926791906,77.87889827565992,1.0805933677614865,0.35352416614365445,80.91603469524728,32.51758479311529,0.4286393624006154,0.8636432476430949,0
22.094303603583825,61.90008664898656,10.290971101907873,0.7435819625731435,60.42061558362656,4.122471891823677,4.413291452191376,0.9211538256341482,1
28.01665010123088,7.549262534866429,8.897853398812147,0.2854093274292084,95.30010430641772,14.4684619530587,1.5044898841760348,0.6013243351623966,1
29.657971591706502,91.63842499245527,16.641741132589456,0.7383266889179512,2.9434764722542694,41.675726133412205,2.6132186269729445,0.8659184969033867,0
32.24934198266489,55.89606141551064,10.70720174165192,0.2326312218274692,36.08135206073862,21.224635018166474,0.4205012536934515,0.9580452263023249,1
40.272353486550436,88.81844910589065,19.76646429838437,0.18593338177424523,44.430998154085444,20.29578040240955,0.2205971353971478,0.4367927250643707,1
48.8600120053862,8.530251108800947,19.676077079323502,0.5505152498715572,72.71977014005397,32.476033522314694,14.628329442521814,0.6586715622882584,1
35.31068699931161,59.79554883108412,24.776005204616432,0.2698079912649054,11.185739326603262,36.54935166101169,0.8135701968020983,0.5272193844792104,1
25.947026874855034,20.867526835375767,17.138378836633883,0.33949182032274955,14.048884164470776,0.6332001391846254,2.1189679919756834,0.07418777855082204,1
27.069497076724595,86.49035390546916,18.563130096770777,0.8544745783443338,54.743811122751836,38.19873643943952,4.768792339099274,0.2091690886666473,1
18.086399783752135,59.0637951451031,27.803859812643292,0.20473473473961185,78.8140466914246,1.4440023778626643,2.2690404849532735,0.804045194428974,1
46.245432650450084,74.0478327765039,2.6127867584203046,0.4416943224910672,72.02152554974454,11.421761072381948,0.36603159936695373,0.9923710375742003,0
26.466977049403575,7.682552394929013,22.794391912555838,0.14846088147074543,82.04928595202936,15.345411225904567,0.421997734592478,0.1585669833276946,1
41.78479242267528,45.11662341567451,16.134395518399597,0.8398583808435489,53.62961513759775,24.89652552170881,14.234926059369467,0.8331668964988155,1
44.09634459487315,59.6332377266496,13.03177981611001,0.465929363947328,14.408342151256015,34.18288038370377,6.007594980580836,0.11399135837288821,1
41.3294563588713,24.920767478995412,0.5690178057268069,0.625800039860866,83.87632694373511,20.79592168988972,0.5586334925998172,0.6611717579315511,1
48.43867123758481,62.31012866807832,28.642567460400777,0.5864105829919563,14.272117981852517,43.99652697869643,0.0010883975238780259,0.2536380005201,1
40.03226800524257,37.13185370931716,18.47749565612319,0.5165618355454303,16.16832752225389,1.6974614246219728,1.01731972807143,0.3302620934497663,1
24.744350181915166,25.759829232019026,1.6524347129412287,0.5918631532261295,32.239296207582235,18.688432524754134,29.263371810443324,0.5077027235018448,1
16.23086618434508,72.24650874534281,4.040910517082851,0.5216987981992768,98.0438136943386,13.546855949307876,3.4078220812218745,0.12039723255203116,0
16.540663685366653,34.445831765663215,3.5029469639953223,0.42748733636856395,44.18855536367046,28.823876995223525,11.019632308908434,0.08557521674997959,0
25.537616082683755,7.164197927906892,21.336690916217243,0.5127157661910975,40.6965957264101,43.14855122326452,4.154915894939536,0.4270815407958074,1
33.37231746728769,8.282754079556845,24.038731945859407,0.22915984547699156,18.567656446121262,42.838086655016745,2.3517795565756807,0.04875842567982247,1
33.989268450780315,52.51512233273761,24.21072684035937,0.9556368105430428,61.99179080641645,17.292768274238167,1.7492953315226891,0.6430028130526124,1
28.335762169392336,24.892229248214722,7.067125725714317,0.16859742129038036,86.97564802725182,24.506046763875624,3.981887741154606,0.038067632078129576,1
16.86472876067792,75.58145856373422,5.516588927712612,0.35978234701685596,11.597246484772928,28.472397487497528,1.9165940843264229,0.12301115268295337,0
36.79709399386216,83.59160680206284,1.6347063048062183,0.30250518256522685,28.40560521114348,19.15006363206656,13.568145289000814,0.6603970269514461,0
34.93834600903749,10.05469214252373,7.9017721483472405,0.2906631101568989,95.81081924627941,15.478984014904839,10.02336892366555,0.42924553294540846,1
28.798372557450406,22.353892920086764,19.835323475408067,0.388295000246647,68.64874537095264,40.33122226211093,10.82423681002087,0.4775474759398819,1
41.61607134955632,61.1884215809239,28.013388799536692,0.6139427548467955,24.7213566687391,24.539593864707452,3.1390582898652397,0.7727344710264352,1
30.946141256635457,19.49022534175232,9.98975205230971,0.32831276003356713,12.169375429819485,0.9459268143315869,0.7524338122883966,0.3620072032192678,1
16.75459030113035,11.134441017302034,16.578554153308843,0.27608201201558524,48.726551546234035,6.746133563047937,8.52902232652703,0.312775965953473,1
36.265005978549375,87.08881240710046,15.45530164487654,0.5430118431059826,3.4249134675032322,16.200066196644016,1.349015032027048,0.6845903059956931,0
44.93840828438203,7.1607121810520535,23.607951100180056,0.7183563293338574,34.906763462128644,7.588885262773427,9.562599530663586,0.8018180330542972,1
29.365669073911846,66.22531265591175,25.92777590404277,0.2794908885814191,33.467187776691276,5.876711685998734,2.176347291831374,0.40365181808972694,1
45.96121128117926,35.40258378044615,12.535620263581151,0.4881428224965838,26.66242978958261,24.54463342480991,4.587110599126831,0.5363787375703627,1
33.27542109899042,8.166297339365567,21.15255471361249,0.5049947900467424,38.195460811947015,18.34326270730883,14.879046381983157,0.7235809469431246,1
47.00095930466875,91.55854564958793,14.058696294858684,0.4666453178374461,99.5223504323025,44.583473747165044,4.52784388295907,0.7057042743655131,1
30.08639044765779,27.807661667587453,21.413219680965927,0.5818978503660635,51.31600213359773,0.4615344568409113,2.8123868693353966,0.8011346697623122,1
23.07162691246255,9.296062303715933,12.906178777652034,0.5432700785251255,52.811676647907966,15.735561127187307,5.173955815063064,0.0041568922049671775,1
38.116706430966744,20.03733053417441,20.831439312274423,0.11949507810596932,56.82455629233368,27.19571151326702,9.013426773183383,0.5613836480170099,1
28.025125087266417,16.45474842229266,6.992980488658617,0.8321046329133538,39.99284416084716,15.908037360474804,0.4040865948302147,0.7709964464235445,0
24.864729178844957,84.90179131549164,23.478303384357908,0.9443758511596672,92.95816765541109,39.19096366959194,4.303555180579615,0.4956915210832804,1
17.02257040828029,79.05051547534727,14.611602558150079,0.4654383001610739,79.75181646445756,23.901453809460936,8.669948876687027,0.15143323178175272,0
23.479556516370142,39.85320685262,0.8635875588726472,0.7358586475141162,7.486498972628663,14.155218089365423,5.784342789302985,0.6307677047065269,0
45.926803846162585,41.22561193035615,1.4387741930394682,0.7388145171747414,12.107978291868914,27.366707032634068,2.5003935849413645,0.5755331973560139,1
42.96463934739755,30.32329594436701,6.825614863874993,0.332413031545184,81.52600072101929,1.9169229274907789,5.736341822239278,0.5703201810417416,1
35.557558960687615,45.804189511915666,5.922432048999028,0.3249834910153324,54.50922820675446,42.78288564186824,10.409636886493878,0.06349793496121536,0
31.619050582513886,43.52981645202617,28.413672786572203,0.5615908262762894,79.53479193364055,3.825072915142702,2.1974393087282813,0.8357853447212558,1
18.616487847373136,10.2478845239452,15.369791078342722,0.2644271513468077,86.53532592845636,6.684665674109947,1.88868258285319,0.09920108518420967,1
25.062170363904567,18.90816922141171,1.488407635216601,0.5720740737046429,57.78701590492017,11.390867753357007,1.7750331980845149,0.14042940556959382,0
34.94699708840025,34.654898865150265,10.802501181071657,0.25562282742964737,17.7358882917515,5.438788623967159,16.848022343313698,0.26314506147086203,0
31.039637990422825,90.2700369196807,16.671855886998305,0.751576505224093,21.089231476521164,36.12095137035929,0.023074533473661424,0.6227490886858796,1
40.025738277415435,79.11085515770134,17.776233352333545,0.29525832623577697,89.03431467676634,44.03522783213132,2.475543013951754,0.7187822487654055,1
31.122562150592398,57.83207345446759,22.615165837908464,0.7291265717062507,75.91660953635703,11.348613138370927,5.968618246036513,0.049449776571390935,1
18.73506881302978,15.298298410561129,11.160718298318224,0.8547425125024487,66.33760802487176,20.264861807106584,12.533938018706884,0.21154880199246373,1
42.56860909629539,8.587711218529499,24.332917595334752,0.4916972332567966,12.956091655143087,18.34478179415018,2.754177844161196,0.14425669436844923,1
45.57747405088844,76.1913770936372,26.477746463774462,0.32450394802176075,82.7742979893244,13.174189321763615,4.872193821410989,0.2721611791384101,1
23.93588412363802,13.79153193124389,0.7756110972490549,0.6567065242396207,48.96227793878282,40.80249078773635,11.949909514544059,0.7218805148225034,0
44.53588744859295,27.604987291786486,0.5723321827299499,0.34024491862337625,93.45857908892692,44.932700142781094,3.7803784484019447,0.6163391722747604,1
41.053447094883666,86.53679803000483,24.713289827904138,0.48391017120616875,73.8425992015732,9.682616957066534,4.950829487991269,0.050419687554276726,1
41.62043857154504,20.640132037228184,5.069407200484905,0.3617949864039922,70.12226159900855,23.515779429443377,5.494838937882385,0.18730106890693998,1
43.56292920669914,23.110755767358373,28.33382387591255,0.7479452394668942,87.08913990536115,23.476733007971866,0.44119819915409864,0.947187989488228,1
26.87802567138597,78.34996831975748,18.76841120256337,0.1033164753480017,9.391601120735704,30.124139583953713,5.705713945213398,0.5423724282375538,0
43.68412112351288,38.38336515688556,4.628770641315391,0.5699352913820198,28.020700461342486,7.867108893224542,16.19674421026881,0.24435979798808505,1
32.71440138467228,32.81151796372759,0.03433747110585306,0.14473332521977372,38.61888381567289,35.673945613973125,1.4139842638698994,0.02656855923629331,0
37.52731606229218,81.55248794426947,29.381208480642268,0.681380784415449,92.2767460027217,15.44598608970604,0.16964182639757608,0.22828019005416655,1
26.362789517539632,20.93888133422199,29.461316307337615,0.8354846669092427,6.402813140058594,33.333287030193105,0.08714233287931387,0.3673789903925184,1
40.59797467609431,85.12704177700633,2.9426166679303725,0.47338338716985906,80.99442156129226,11.229774074149372,4.647674836309845,0.6063405984285092,0
41.86527492956793,75.78180901712891,2.037324158758018,0.8966191534555294,31.483027398480402,27.816244936372193,8.110769859826872,0.27652137233142826,1
37.05803635830893,62.610640394576464,22.81885488580834,0.5275216768433334,77.39480470783397,15.739328268614793,1.6048522413810382,0.4721671087194983,1
42.27449290088022,73.64405207581652,22.561470292302282,0.6532616087682891,50.33985675240604,22.008120111956885,0.6362082776348799,0.41745962632178035,1
31.022983699995656,58.49307272144969,20.339644808917637,0.2716357958032859,83.9354585889017,8.211324713199804,0.43245201196569705,0.17095377356146613,1
38.77794976125843,84.70314058896386,25.736344167940004,0.31420726008591127,41.83393548404888,30.520937426036767,0.1076940101727514,0.2538001975411637,1
17.241877524151104,7.563933469054628,3.654677750568598,0.26829117263936497,37.51569528523414,29.782862836435363,5.8953286822551085,0.30363440131189223,1
30.51648835995782,42.65574707206289,21.113839292007484,0.7257325506621557,75.14036139666175,14.026009730840588,15.876795577579335,0.5940069020792854,1
47.57161081400358,16.73403358141561,0.07401088755861651,0.5302433869285843,95.94440295582373,23.29096573952332,1.8270852948274623,0.4827440560069217,1
23.86773321077843,42.21333521264939,18.94618973133331,0.4358361588725118,80.70171477475265,10.921104472759946,8.213905307522955,0.08264008377029974,1
42.795021558410525,72.49083329330463,26.436824213719543,0.22965406206900402,31.18641169345786,29.710492451363645,7.947785541683709,0.3474970320971922,1
28.52479953806482,32.973855250423156,29.047587648942613,0.6637951592368105,28.40710540601885,9.102886435306205,0.3216938511423553,0.7931559264033982,1
24.39284048508585,86.00773592237464,6.178788949579762,0.5697947373840111,81.60572756985415,38.97713916557563,0.8350659914427334,0.8202000041198014,1
24.132489717940693,27.265919437262596,19.403086077582092,0.770127259422096,38.91946615793675,7.3457279252366146,11.000717229666177,0.8175467374363206,1
29.944502657522364,37.01388287817098,15.06851615370937,0.14789297447083463,43.70826660810759,22.16822523473032,1.3857221269548083,0.44223951908549597,0
43.59177602251186,88.82783943542759,24.668549355126167,0.1454457631138104,47.638643608127786,17.912786757288693,4.926757625013086,0.9913325669035968,1
31.818172352285455,37.54113393778503,19.623789261303756,0.19751587046848965,62.02263829578158,26.939420862556485,2.7210278055787285,0.4196418547693115,1
48.54133715432368,24.295051070039005,23.898329984249564,0.3751241638722099,2.9500567021283453,32.482721109754436,1.895430865034665,0.0951506354638747,1
35.936549582748,48.55270788364372,20.428022233003194,0.464002780910858,34.96083170213821,21.78803668742872,0.5910548721130056,0.35139967334710265,1
42.20536772662963,32.25736557302871,0.8050921565974611,0.7698214925105914,13.688087053346354,26.002845071937458,6.588702468637103,0.0912484394290145,1
27.96941405070146,28.731536736003644,5.0889377774081,0.5739628403842746,80.74476585819372,7.650866239594292,0.5417166321113898,0.7072899633871899,1
30.02923307592983,66.0893666819438,18.310423245992833,0.14569478581829765,61.61872127995854,4.686639222686006,3.0383049221177783,0.7476548381993202,1
47.785882598666824,30.623855510963455,4.831743521031971,0.6782956980020144,30.26989930972672,33.691051717056204,3.520991301841093,0.39935883096107483,1
45.25878043902706,46.097158138144856,29.654356099203422,0.28550349911162837,84.77646125618753,43.753475691365395,8.772766549428221,0.7475809101650909,1
49.42224456098706,40.63607133132276,21.882827347851425,0.7114717914538898,98.14204312688737,38.33648881867804,0.46020505491575026,0.44123838008856864,1
23.21032992769753,18.848874799698343,1.199293499745555,0.9585196635256084,11.975152180471682,23.829749896731506,35.22414795376194,0.022925707681134333,1
42.667743513129004,50.4329650031703,11.26835009784864,0.5096911314400271,84.63260000282816,42.76715690999957,2.0882981684617956,0.003542539345444684,1
47.087308544342584,69.03999383514058,21.235559622795677,0.8636398932270708,86.35211126303358,39.003601129792386,10.080671174126149,0.36157422529299865,1
19.37986920665338,75.567212105565,20.840558721194615,0.5758251637741464,7.997566131358724,35.298832469320075,2.074116828985372,0.7524280449390164,1
23.66448870411249,21.22398989650507,17.695010834698785,0.2041859105202487,26.740650924853536,37.15898811401825,0.26087643269206723,0.042094185631320724,0
28.345276548559703,71.82204250569978,10.876216289245106,0.11175390383635962,45.770340798839406,24.963234113920183,1.5209439612397602,0.9589880568848664,0
31.740991017567026,70.420239440125,0.4430985960870293,0.550181362991202,70.91254121152589,30.805484897965083,1.0594758663594686,0.5614366961006048,0
34.05387002677461,60.22276097370447,24.836317065589647,0.3454388905117105,83.73514593502246,20.610634271030417,1.5206901540829252,0.5497008363242499,1
35.01684672503326,89.89629420910596,17.922658678456965,0.9162009044710258,22.968955958867298,11.601596275135144,4.919163636171192,0.6990313410284469,1
38.89034956866931,90.75028908945984,17.28285283088321,0.5123026098982396,82.68530198367606,8.41413821212063,9.140287097475461,0.954334510671931,1
46.42841301834058,15.940183241804677,8.822312973199057,0.2982341220130226,4.104778311060686,12.904398332674674,2.205511787078453,0.12573429947640902,1
48.15490920175957,44.545934376854476,22.09216334565844,0.592329526954229,16.00872848141345,37.73246812218128,0.008324485215783757,0.8503892706407501,1
39.396147804148214,26.696850435257105,4.958758250221234,0.703814461807882,10.25099405156038,4.501476476447158,3.970695810776959,0.45860898812699646,1
49.76507801165418,24.686591456781663,1.9879203422560732,0.7600574124120292,71.72029302326311,3.4040768052424393,17.18832084749238,0.11647874815035142,1
15.786231913752708,47.06770977463865,18.136162909948943,0.7276724459292878,78.67517012427979,42.57193304808472,1.9879154285654441,0.686818836480189,1
48.43403433928955,8.99375328579557,2.9228975557235257,0.6803526246517456,67.68398694357113,41.92167285119768,5.731879604841769,0.042289174908347715,1
22.981146866782538,66.58034744243768,20.044261766322812,0.45196708223366466,2.2373661329120664,27.108533049981236,2.9628359726019178,0.5957220010703278,1
42.33569878688772,27.464624662485143,13.24557582154486,0.3605035245203675,79.60472646145277,2.103262643769736,5.077074121054808,0.5481979077147335,1
49.42959741910148,37.282402466135174,20.381895736731792,0.883654026989397,55.04560615382667,43.74510322531742,2.341853283187606,0.345191300526811,1
30.14685444808398,89.52938759064672,13.84883300728162,0.9945621757795636,21.575367571392544,18.102667637337007,2.486908073322081,0.3103520883677524,0
31.308767143706174,93.93400753767524,29.61773872209293,0.47349808780565383,90.46907081704522,7.533618788152713,0.1828805051625118,0.5241530992288826,1
46.6573159791625,27.684349858876566,13.922525165255639,0.9841836280676599,70.94358311975742,10.10433235108287,8.235526424558161,0.45945857267398926,1
38.96673760550823,79.36706539271938,13.073268397824044,0.5446826644361071,95.03125835280379,29.560324330509093,4.806292740422058,0.5583276491408603,1
46.47343650439653,61.475285122016395,4.567476863001962,0.959877018370619,44.618091404655225,37.31438493671944,7.486532215358012,0.11661775644665218,1
32.73536843147913,89.1370890400323,10.636200466377995,0.16217377555777074,97.63321753374579,7.158246568269792,3.542777742058764,0.6654564532472623,1
23.58180104809508,24.350487559620074,29.460658645358226,0.5797079477903085,98.8918846242394,17.3664800581777,7.192278686168453,0.4246239572217786,1
45.28977514583336,24.5325174952637,20.024000121747378,0.4916587047477129,80.90896911449323,33.945572903638855,10.612445669641277,0.15657927593688448,1
28.222370930415373,14.018907695929157,2.1211373324252847,0.9833680870615904,30.770420028975565,36.84957544873757,3.8039479615478915,0.7628441549240317,1
27.493126601654133,52.039412283313375,25.164539960277903,0.47149688265360556,84.76759127315698,40.07996762633289,8.364237660511835,0.22286161021051487,1
30.14525968199944,79.68274177367155,13.49069833219513,0.9926052812518729,97.40260585439766,23.538589214481586,1.3842987682110306,0.5752411386384371,1
17.538417359397407,38.98447739248532,20.441131720417342,0.1760931668006535,76.07742422672702,20.21749711603909,10.831987905503519,0.5066085310094939,1
17.4688550061599,67.12176125016913,13.479957859119846,0.9625124342552083,44.19719696214066,0.4905516220099526,15.20329975906649,0.018644803572157476,1
36.2314069775549,31.433357212202004,2.82763336169758,0.30845767882928055,49.80112217288899,0.44803330778943384,1.7845420469445497,0.565827759994078,1
37.106595263849435,31.346243427111773,11.478014314970894,0.5283355828398085,47.35591482273498,13.591012344961692,1.5577006068903099,0.45485630307087943,1
35.73096030344617,31.21410338941352,23.488385050733445,0.6755184677125113,41.44195413463272,0.3009635538382449,2.8663954108662173,0.16984670886166842,1
42.1218036666578,53.056641175966035,1.520705271647066,0.985762875704757,70.5512420380087,7.285604125054711,0.9745018119934026,0.5558624093966708,1
18.01164087042978,91.56778016977927,0.8824438187880268,0.5926956249446296,44.362976002582556,19.868333128493823,0.2539242339650249,0.708447793732646,0
38.50346569444601,37.529908505322,3.0339265371686674,0.3625755746710583,10.059580834844272,12.574574257743409,3.942511330278614,0.46134843925415725,0
27.32803068694553,28.91860621747184,7.455614782963515,0.5382632755868442,72.0906484474567,16.90755541678773,19.655109289960805,0.2442806686037149,0
32.95179154405733,43.832786110900535,2.496388061138978,0.14162561452483255,37.31602035820429,38.469056979819285,1.182857057007713,0.09979179339077437,0
40.28493629457101,89.7279644929235,21.571013923555938,0.3591879279725986,15.786966999111286,20.154937181404364,5.6146472875469025,0.36459212883993386,1
15.941307400852333,91.69611925943944,27.71689034114656,0.832681160398207,87.06555423407963,38.31787214295949,1.0046544233782309,0.1826009864732132,1
46.336029937479566,67.12651396591971,24.813691266392677,0.29320436169249,60.6390411858447,11.221724039775644,4.5627072233734935,0.9254858359022685,1
33.91052593604048,37.32689721180279,15.20847211573464,0.9874425280608105,97.03561644677518,1.1786207413523582,8.001807438713394,0.8591155102326588,1
22.854400712842143,34.83494164393642,1.1094206885580138,0.849878954603919,21.79485572539851,15.441108650359272,4.482567886383953,0.792710345840936,1
46.95091562936177,15.329784698993516,29.07325366696586,0.2737113917340833,23.406067000774044,39.28777231686658,9.380360463571995,0.6970865925310599,1
47.857534830286255,41.69918028635031,20.52258390687676,0.34837993930666733,75.86080537556906,5.597438633338852,11.049574643375133,0.7247421927754555,1
49.41221098948663,37.79121076784222,24.816124866350126,0.5942401472498859,79.94183233771288,19.711704863874346,4.074399433950319,0.8917492562221881,1
34.27220470303187,83.49580859059145,22.544821260688682,0.4484666545328607,17.268243658716443,20.038636640665374,2.267576019107715,0.34206091424900653,0
20.94670793736834,70.74196662613862,26.655448478346024,0.14362257282812615,26.343587397891977,38.20559120747595,3.8649303121863054,0.9447808348845032,1
46.41913871937017,15.879423833364992,5.339395926741793,0.5014910432593394,53.711384002517335,1.0116837113298305,2.1913429275092504,0.8214390151308468,1
18.31247290003127,19.22507587141299,18.549588140737633,0.3980229466500438,99.97900692358117,26.14855785561243,4.26335600586662,0.6606654921232913,1
35.030253962007464,71.02591280839074,15.04779726210865,0.13453685381746228,55.5634683008776,22.8733039916507,3.0812689493004273,0.8276510078439453,1
21.077279740584792,31.13566905320952,17.96852116509216,0.5345803479167475,57.1960406874426,11.653589394539551,13.161336160907059,0.6406471112584862,1
23.10858690746585,87.45711348929127,28.064039110289833,0.6168329810234228,93.36116545323414,42.79350451148523,10.32429745733925,0.901591064446256,1
28.287642503372275,8.120954599332048,4.668016817494939,0.2506586462104193,85.27526208877798,25.876119124743774,1.4636698675073476,0.05796693909674966,0
19.527284118605653,79.29122720577384,9.925833066804426,0.6996291063543507,7.117704756843002,42.78109796201579,4.525163155157179,0.9820354813176583,1
49.00400883602958,91.21223862122392,16.289622573498615,0.729166351554854,55.7204162614198,37.92676693245415,2.586400830016312,0.1308829337660068,1
40.2592974944049,74.76383883961931,16.6747799248149,0.5237702372760641,70.19043283227778,35.308044924984586,3.9769342514248454,0.9697935403956163,1
22.99208572437739,59.851228616527074,14.69450743021522,0.10005393125975946,93.57220611616476,11.430425290162198,0.864791278336779,0.4063461018515687,1
36.74423060845106,32.16058734463142,11.839389506791319,0.8055301739089213,97.41628157707066,22.906028105095068,1.8974966842013483,0.4678903611253905,1
46.26641927522011,94.28230506774578,4.560934866799834,0.5359240965747823,26.110280241073447,24.39425499825804,2.8633170134059904,0.9937940158344406,1
47.73613581805702,13.772770281068723,27.22642753999378,0.1689694065490862,71.85056541558262,15.677076426188204,1.0494890425443675,0.3722395944955659,1
49.268231138681024,66.79502850006884,23.24632770774354,0.24018406031541797,63.64393968067695,2.5187854688686513,11.67619530084088,0.14471617297903205,1
28.53727157371779,57.6493273695719,18.73706514447315,0.8523359024472241,74.15243185096094,11.085648823375765,3.579398241413772,0.8321310366318119,1
20.614567224913163,83.05493399944866,23.706811402585608,0.8058928727417766,75.37785693467416,14.214445042539065,0.7473515617239521,0.12588607254659812,1
23.11007414128018,57.16552476398938,3.0891849283070605,0.2049781797884589,96.47144834090624,44.936304572775946,0.8871577351085346,0.9274220162263664,1
36.4333768370755,43.72164363329523,2.4804500525290707,0.13557119339740561,83.74446698205253,17.417483072242945,3.159876909659702,0.7788238641466527,0
45.011440117345984,21.88131927240968,0.1953349287963857,0.3518027340220006,92.66304231624022,7.287069912803144,0.24961831455398822,0.8045850407633519,1
34.144724162917015,43.5391533847246,18.719645386425025,0.7189810833939825,38.195645418758,37.836002505230375,1.823714374566234,0.7011844115272017,1
18.3254037237597,67.58031701398554,27.63336457368178,0.7179926892742529,51.617595289919564,19.090059692068564,13.138495097921286,0.3530541865154194,1
24.63247315679466,5.456146911550444,10.98283685952812,0.33427614560703667,61.96756703839289,0.5695199700996528,5.908939636267271,0.7130587836935078,1
47.33011382385042,70.99065785315373,29.830541872564496,0.8310136591894298,95.11461661221988,31.963752355879944,4.3006158351168615,0.3723434623112114,1
39.53981322777999,8.243068705000612,6.2006433310699265,0.4371845065706591,28.832073209953425,42.33614736716194,1.3578142550108305,0.3014388818738608,1
44.80658814932556,57.834987761311694,21.33864455525284,0.3868948875634606,0.8563282701967156,12.922802275246584,0.14513333835035824,0.8831398150796343,1
19.2267340741421,22.78206164747801,19.538901842971896,0.40057803106746326,76.50865917572295,31.11616319998607,3.180779185845639,0.8110180500470613,1
38.37455835031429,7.3172500871908674,8.936870878166593,0.23364736715992543,90.03854084021701,21.355978381758852,3.027777466769912,0.49754369021192346,1
30.140537494691344,9.450947350049884,3.140103580891801,0.12186417518285637,36.07602926872298,41.38082553675163,10.11702909463277,0.39658736975498343,1
41.17908634840856,21.409409596854438,13.645251141234674,0.9789625944820571,97.5578106902319,17.808189115769263,6.099959697173174,0.5543100863525235,1
42.80473340218959,40.11737348581331,4.156953252515545,0.13514768225196738,18.350046219147952,20.874367212546254,2.9415485596688677,0.014488253839797238,1
27.08650075405683,11.565250278303164,26.919706578901494,0.3400110995946962,83.4667809702593,20.429740849079796,2.245437172200993,0.2324557350299915,1
22.15441811429676,5.3669301307785675,10.294532201878866,0.9937293187532888,6.314406449462839,22.779979676750326,10.08910435200251,0.8656667692674859,1
32.556123144882356,58.182001937786254,21.88956286633817,0.13557415747825588,22.549034608380445,26.318182893919765,6.743737759314356,0.9662054511139249,1
22.585319930270167,40.095019494375414,18.15752936027189,0.23142276524156039,6.388921128144975,25.269652859450915,2.3327114924658767,0.7999438691895217,1
40.15041932857133,62.51799493668774,15.567884361371474,0.854452345687472,95.27987831367108,27.683549730700403,9.176878289152544,0.7853346782130156,1
33.544966556782896,50.506448002446035,10.009161679176604,0.3029352556654167,91.94250155404691,37.320954090030824,2.268092374734425,0.3229515623024314,1
18.0519844224985,56.31609003989616,20.852726421134577,0.927590727184672,64.23617881448409,31.219700604103732,4.272606877209867,0.045599083438789156,1
49.48276990096378,19.94725099893103,6.89185948961426,0.6611479297395474,73.2365290222351,34.15666191074384,8.701841687390688,0.44198073437246377,1
17.82803251871892,34.99628701727891,5.96680274944905,0.5367818983901489,44.91263257709588,40.04509881302391,0.11622347091318067,0.01895474660749541,0
48.86074780008267,28.34120186738722,21.327898318493975,0.15024555428743408,42.47306354612523,31.86118922100414,3.047030660222494,0.38271467383684077,1
34.95397466126457,39.73715824715989,23.84338043320063,0.4406956346967348,55.446800393349925,24.41842954135646,2.084539650331662,0.3823589639038081,1
24.662520088234594,11.746057373168934,18.11365670663419,0.4374078598974259,18.236090566384412,35.14405693919612,15.85121126547997,0.8800781580473765,1
20.044571653395117,39.51621136693482,23.25615399035004,0.2512021240186756,29.80882905377942,7.193673949203445,0.17296903955067783,0.07280630524486287,1
46.23641482285507,36.03666414263971,7.90454260280433,0.385448790097916,38.286036989917825,7.707842112725148,1.3594428736631312,0.05202908719803123,1
17.960559357005803,46.941798332561135,11.391856762073335,0.9190456348669177,9.536896748426349,10.365364711902592,24.075157414879943,0.7489886274793363,0
47.853989825347576,60.490392749520936,11.57302215352592,0.11494813176809804,30.59421840057348,24.8129087608008,6.216608687147761,0.49648675171537904,1
34.724646362087945,79.93365060228565,5.1498358846276275,0.22358893309229413,89.97237183752374,21.094999136473398,1.3765982772962655,0.24265763475087365,0
44.41220490671056,68.868038445927,29.171298517350458,0.34229794667870883,43.44385969095343,15.08421385710253,25.736851460608975,0.9959002366453085,0
31.307216361375986,59.062918524659295,28.458211147998686,0.8378386581328892,43.04118164423033,13.47723867311701,4.091506205018895,0.9849900039662132,1
22.578704785688124,72.1069735608267,28.879440381452657,0.9699469021736126,21.961176072978926,15.165373349383538,2.5958209986993235,0.08458073117291698,1
15.509056171172427,71.68702175333402,29.216079185685363,0.7911065893404544,37.44575167593121,25.155839152155437,1.589996326529846,0.7630925345901619,0
44.260454472065696,89.28752580577395,25.316209161323176,0.31926625385563884,61.22403884103558,15.436742216855992,0.7090192287685457,0.46060441887578685,1
23.539830407843464,52.18414905564553,8.87394657183598,0.1477370831970043,50.86821790652416,24.34413135903661,9.734679392990618,0.8331849040626368,1
44.955780468561436,54.255861860913384,1.2094038910876481,0.1568779859018185,85.80018975007998,3.0312955985236663,6.065745360290605,0.8435599994578227,1
43.89226946715465,14.99370339551893,1.3837797931271745,0.6219876988401035,30.08474606509184,17.57583990814168,18.527257300838492,0.3247002811274238,1
41.62841678466471,80.86945513933453,18.563166823689052,0.9882148636517025,30.20010032956707,35.21058615885621,3.333904609013161,0.26174640262408355,1
38.2847105104256,91.61441013927788,3.067577765609127,0.26609219741685675,45.79211194557572,42.35610063162582,0.34216623621956715,0.7655224729629396,1
47.25965366490409,47.686022343870945,26.195951008960844,0.9042919028094919,68.29109980117424,26.54636534027078,1.7186314599602972,0.21292705324334693,1
45.855306063192614,30.564986409244245,19.52721671878386,0.8663681481061154,50.249967879576104,15.628106657572769,6.292252652657593,0.8109249661195258,1
22.65195031786755,51.92828665917136,15.699265314768498,0.7891241082520872,81.26652457848066,16.60543934305255,21.795417301318878,0.8442664394488452,1
43.12412917197332,16.397291478744684,8.227079706531741,0.6293939675346112,99.61307234742036,3.2506918432976395,0.9669114374567571,0.28242044958980816,1
26.51878097576511,91.65672360885212,3.0432974457464477,0.1973447782900899,99.4399236482568,41.90964741673375,1.7363523527544875,0.7442544370684028,0
29.53077067039559,93.11759375322598,4.560401995052707,0.9193496152905174,97.0775688586153,41.41841523150039,1.6603627030359984,0.25647897223951643,0
19.851041849414663,71.3726120460757,11.651304399965372,0.8794197782684932,97.25853085462978,37.1143300484898,2.5793014104813556,0.42911444842512403,1
33.49149584022288,60.83596942973787,21.25464738995479,0.8673473052251307,53.208401591315656,41.42229556373749,16.191075390091417,0.7852830327753738,1
39.666186763754155,7.70199029175285,12.503778706102509,0.40165541229733015,79.18363666525006,0.7627580745839924,0.24608590749554488,0.9826908814988266,1
28.217031749523848,8.845404146040543,4.57527910633911,0.42782455509567385,69.50281687019265,0.7987239241547539,5.798101637857242,0.6844862776602473,1
23.49524169242257,59.51112347843381,11.250769784598106,0.40687897725413813,64.53895316786695,43.59672071029929,3.574928380406939,0.6725718444857793,1
29.190990651231242,52.98747410177153,12.656816428819415,0.2342365276625475,2.643195262924569,26.48893072400716,22.64629488687184,0.1313325884009262,1
40.80707491538466,22.095155842060098,28.62262785606543,0.3603668118683162,74.43873606226904,29.07714892150928,11.219321833796966,0.6860562917439892,1
46.513257223957496,5.276110625199561,29.32443009501489,0.3731096235793834,22.360976394075095,4.353257694821297,5.9234348545484705,0.7870427784214656,1
18.306817962922935,86.54235253462892,20.91403109655022,0.8920397707772338,68.70156048530151,34.86080709639348,17.320085629222824,0.7925096905614425,0
28.91004084700655,40.54501498435841,27.494403422508064,0.8342770323025884,63.42928861711539,37.62715585212777,6.827914950487738,0.40859379316867395,1
20.868810395296308,12.25525081429648,6.477896215879515,0.3050365550028111,87.24410197460573,20.72156770619609,1.2796970854907879,0.3238021388061787,1
22.30668181962996,90.66306239288943,24.25986491980829,0.9449827527043357,92.34659391558614,33.80193668447407,10.297408181418024,0.8933381955656412,1
17.877328034580174,13.550797223829909,13.931123279784961,0.6036282144931353,66.74506057821363,9.255941330662273,1.7445928030307507,0.5566402556349596,1
22.475053050705874,75.33731581514164,25.233762155411583,0.6788207925943659,1.5852227090164872,15.520134914825222,0.07795504680796608,0.3102669967484376,1
16.310898127895005,11.51294663294096,4.886440838722947,0.14476878946143915,7.510690419663957,30.060788312464453,13.000046066117513,0.9044295464500052,1
28.305615965138493,65.81282377902616,13.301772484618397,0.7511728895822841,95.25434810971568,8.359944041889866,2.599628829275881,0.994981740814915,1
45.49970018368948,58.974194740062764,14.010730264764145,0.26325610474656513,42.224756657796746,35.02356075435049,4.8026363453677,0.05643490047281796,1
48.849138008896645,19.3275407094225,29.944237238850842,0.3971316679341498,59.56747793255342,28.914419204220685,7.241695962206368,0.261709831541997,1
45.31280357345717,14.411834076328017,17.670228227564614,0.4098404570529126,40.99456571149963,38.39804981609853,2.887137634765735,0.656216285323297,1
25.97005081467244,39.74042346408158,15.844907995891598,0.20231482640374626,24.443102313610577,39.66016786449607,0.4308335118944309,0.8030764046136597,1
16.956987341554154,9.458359837674767,14.663952006017052,0.29606366980183296,0.5006328778073499,35.9422057600379,3.7989111497622114,0.35537771425251763,1
29.761420925503103,48.72065042318905,15.972741698567763,0.2635268262724803,21.537818128904075,39.409798065460215,8.479190199151443,0.3833912411128957,1
18.385927200890254,28.900317483100167,16.397655901400828,0.3743358426282092,77.64883133434545,30.59621282584203,3.7958792532038355,0.3278142205699768,1
24.28700000982554,30.531967839785118,15.262716415304451,0.9492773217817307,89.72904245797491,21.87335258366961,1.169936125218747,0.31557114978813183,1
31.85428240898447,12.01704508555109,29.993606755210255,0.9648470767691121,12.07983410266651,12.886802465681836,0.19348078423082224,0.5834455339652812,1
27.39599319256849,66.1159696828782,12.495646009099673,0.5166697900875918,82.53233573648686,3.020473039125621,3.5757857979447993,0.3878606041686623,1
28.209251887852414,31.34389911253288,16.34782860544327,0.9603454388681549,87.19332495503605,3.5499399323858576,0.9835630806088655,0.29397379564247883,1
44.35108186301329,53.410452899848,24.726399942887916,0.3912171659446523,84.13935065857409,8.606049790269896,0.7740623942484279,0.21231784894500572,1
18.86743350973056,71.7598141445585,11.047305609781068,0.47826523050544567,79.80763615293635,1.678610765358965,21.65515654853049,0.0255419044873747,0
19.095578121556585,65.34403037181046,12.637502460116398,0.32651795220647195,75.64710811418988,37.244586204160655,2.47561212668215,0.06002980115739254,0
29.723881615032816,93.63736440132249,11.205535838702467,0.5776501632589081,51.37194693879884,9.473086444154713,1.060871479797596,0.6120361528835682,0
21.263947604982572,78.24946134953314,5.713756393608355,0.7383238118046389,57.87903688455535,1.474792544560179,5.8086407510263065,0.7568835821818364,0
44.560832021770594,21.50235566975403,5.887763195549906,0.26093710865755254,85.67346460427737,30.915429546965644,0.1754128632558363,0.4785881687639687,1
26.925427941663436,20.79654428123476,15.976912974785588,0.3854258259106682,28.712950355859167,43.86574851042887,13.6016913426303,0.7114461091484946,1
20.57211864810042,22.061579270087496,10.69521855695555,0.49481114197821074,6.7278345791899286,37.9583285450858,15.069116853857977,0.2323837670413561,1
23.08950886966089,74.15040287375207,25.98085631544479,0.13155127336403039,55.43967261902737,14.278306567289262,0.8381119422376792,0.9949931919469327,1
22.912181967697162,80.68341819583387,28.476688091404636,0.8923044929714308,82.6280319508222,10.686723120483485,6.03608549831431,0.42893688498258664,1
40.92613662421195,76.03396214260064,22.871077795625105,0.968833848219635,17.750917034770918,9.755408863317875,1.8605689821471263,0.504005298166713,1
26.36196228083068,93.17112450570629,28.0785222136728,0.4608455421099791,88.9695591657754,13.236124540257443,2.428866921142585,0.7586699538232701,1
21.140422266742505,57.66230855970567,5.098660933335726,0.3000589934118585,55.82734270127884,22.54952280757398,9.802047632595768,0.6416822244606446,0
24.962411471466222,11.726127517517824,1.0220504362514027,0.21233232348058212,90.73370857540647,9.88136716417877,0.8554781683693292,0.6902858963636007,1
45.789345020290604,15.368419783223699,25.95802271932181,0.8586743173161214,26.07692115869088,18.455168350288034,29.26904061034975,0.7066046328933836,1
15.926424149025575,26.0055267076891,6.281640813242344,0.5709921544785937,81.03202388791568,1.4312684495869772,0.23305569454286953,0.719217283263655,1
27.202813344635537,59.176572094355784,11.44087340974232,0.4850646131705556,45.472631620050606,17.46220929050312,5.733460364802819,0.35408775487629385,0
26.26766286468379,90.06153623646662,17.693865410850336,0.6243193065468472,72.9129905100243,42.136689323589,9.811222874838823,0.5760762197852662,0
17.24166989727737,67.90952337247938,26.234200533937827,0.18411650503436255,31.238536328474133,19.785475118603035,3.0185398563136068,0.8232445785310847,1
39.439512518299374,48.583075420904144,16.526771535862366,0.1387371868230672,13.394738737498269,8.248452420966514,3.445690462204969,0.3344186128802191,1
45.14901785316054,75.71443861305534,10.381319071951319,0.5031879267211611,45.20611458643072,18.782406441344243,2.7755085391032597,0.9299880708473269,1
22.946823815410536,76.72954689636808,11.040648118449813,0.8125817669267246,61.1945607815614,31.340172780471136,4.783560772180062,0.3177180484310198,0
47.81283651932801,55.50425879324057,1.5245539482448234,0.29317475333219917,26.001841842770933,28.88996404237944,18.636253887132003,0.04883212482703736,0
24.49305835714309,73.62980130204933,9.86243617996482,0.3521290120897035,65.74600639799762,42.34214900207125,7.073163513300948,0.4818180426889229,0
15.516553789380353,49.3172762424087,19.126988415016303,0.47135100894481485,87.14741612312754,15.470464175270708,1.7202840391391125,0.7122924126003062,1
36.54077878568262,94.76281752512939,3.48631256806108,0.6269668493758884,22.156350213496623,9.482625107842322,0.3015949528081214,0.12327517687471123,0
23.039598106344908,92.00379898064787,12.261990525988782,0.290353350949298,37.30785015446617,35.852114095026195,9.587650233506901,0.6319320706867011,0
48.56344232955416,48.54410003997946,23.933793117695988,0.576231826132199,14.602645975111372,27.227376035305188,2.6790545854844505,0.05328519008817978,1
39.843199547616436,54.98984385949437,10.764519016481376,0.1986081464469442,8.48661879510485,18.43422925494588,0.7795537197048219,0.4093712845977735,0
25.839703410820725,21.905044081275737,19.319001046204665,0.9763072479894811,99.81099923556768,2.2120285737545653,0.10610127630423356,0.5083783088222334,1
42.87038929751159,28.748527438715776,7.517136713101431,0.17586405432255925,71.33887289906457,18.25782142611888,11.266595095136891,0.6369312917561983,1
28.67144609396486,94.72195843726195,3.8892902265524953,0.9495483757596106,1.7571606076128843,19.827509191553162,1.0606366805365937,0.40483526153409777,0
33.21240924872549,46.2518518109283,9.371897008610544,0.2719834914000123,41.113417592511645,0.06932332445745482,0.4703695170228486,0.29919682944065606,1
17.653455464134723,36.54484221616188,4.492575771764424,0.716777277289737,94.83019677638254,7.368624441492097,8.649380457943801,0.9439692670853587,1
33.39497722397755,41.04058230984161,29.10640607853655,0.5537513726409148,24.38534400169081,27.567334919033577,0.9765845294813353,0.002788863459887936,1
49.21591439013807,80.85710412713348,24.5437981501568,0.14960835261534,51.153935915387926,39.179705905176306,1.988147242518428,0.25774200111417755,1
44.20967835563039,78.12884236806394,28.01909250093511,0.2901813630773664,27.888261742052645,42.76345749821808,9.53023516218498,0.5663186844861121,1
47.900305274761465,92.32595946633805,21.45142046829687,0.6837042145778353,43.53397939098643,1.8626326573635055,0.6526526468498111,0.6742702089779989,1
28.898362330436463,93.06619915718116,18.60593429450756,0.22624298736543083,42.00396674471445,13.712121441307293,4.978856727492476,0.08128529080134594,0
24.27694828903125,44.69342220164382,21.83251883451081,0.17392386478121502,64.67189113778637,21.76909560946101,4.21663862644729,0.9378464689430869,1
21.533944920842732,73.17508570352082,21.99757870291567,0.2843077652291901,19.837532325705066,3.6516148000233235,2.5889508351208246,0.3284520698550447,1
46.157581970126536,62.832183686825275,17.43830961170822,0.8940660545070771,69.46437723435747,35.2614804757249,1.0922849916860113,0.9020499876943415,1
40.30943482268792,21.263803095829505,24.382446390872644,0.7961696565984041,41.46303998685292,24.920460037487175,0.6386905749387697,0.6534541791477283,1
35.6308430200635,20.41274311556687,8.117700994208969,0.5409292053579335,0.5458605775555014,42.553110096070704,2.0188743558512723,0.6972920646920936,0
33.95267337800951,91.54396712545416,13.771814189721482,0.6593933007794851,15.861093395252057,1.879155561039999,3.0877645738137853,0.43763959682028164,0
35.08605576746419,94.0769660997649,8.314338647485673,0.3574160318468639,46.785015573816004,5.567898340478755,1.399815203551563,0.18608828223455087,1
29.435386272633487,12.287344008742279,4.042025841560549,0.9194281669939363,69.76995043275952,20.75555484733603,0.013301961307048417,0.15542733917013762,1
32.87770736504277,66.37118130330644,19.144639213544966,0.6414761881716532,36.131567893335,21.858456860868476,11.139044146640511,0.7817831075403537,1
44.431714793616294,57.51862269553186,12.635015154250619,0.7184460305186016,11.111272480349454,14.25523354806513,3.3958980302110815,0.2083488160720517,1
42.254176839984794,39.430284645568484,29.414077135495596,0.5094862959473252,36.123053789401304,16.85379282111527,2.148059367462129,0.5169744858620301,1
25.43254656223838,27.606014894464586,5.6183427000945265,0.5594164792171248,95.84245609441857,22.170315773529236,0.4752691278013576,0.03591703986689765,1
29.641212457798616,66.66016979911848,26.025991296022944,0.6088681032802726,84.9593752526971,40.7873354473731,9.314786754708933,0.6688991226718648,1
44.67004934443243,67.54558134071681,6.697133005646808,0.35207928342365824,5.197464859859524,4.161557344097186,1.4279948007046421,0.8832567561394449,0
32.15527972717972,23.273870815315064,14.554454427294843,0.2502810374601224,0.7080070844169728,29.98294938528701,1.0131076234237755,0.8571407743322402,1
33.60462522271971,37.87474054315684,19.499828171481486,0.20562312770968275,7.6929170636441,32.7286242566558,3.4260662556518486,0.04003223407202938,1
28.339859998664544,69.40211859663319,26.78301647468486,0.34272152501279185,67.74992019190356,6.547436469542369,4.41487669093884,0.07770601402474775,1
29.822087901564515,39.036638225298724,21.502138908383017,0.7545528038959146,51.20998459426137,44.4169480173712,8.84280717488356,0.4470587892385768,1
36.36316955418335,66.20466646896642,12.009518224474,0.7469704632876798,61.36215157754488,11.657866900809696,1.1917941132734975,0.7969118999798981,1
16.74864388481323,10.429554722712119,5.667930101131625,0.12854267046784468,76.70218502840711,9.677858341148534,7.706486511722934,0.7464096014256294,0
31.803617134378776,80.22844758880974,15.173837816117357,0.476025727198096,7.425012261729802,15.865521407568968,1.638806743009735,0.5054465144380919,0
38.312087696047485,22.46708479106853,15.59281991869858,0.48520261774054274,9.017733201600608,13.397296947734922,0.9082929567320723,0.6229217176396971,1
19.06737417275252,24.918263699229183,19.961907880113046,0.1405543646221245,29.34962724771707,26.60720640189344,0.3779143064864737,0.8881995976153227,1
28.000981000332565,87.36668530666151,12.065533996157166,0.37601378888718806,20.996699108749727,35.8602613455192,5.339817375747935,0.4774938226091199,0
38.96904084267844,44.983644050525456,18.170524823473208,0.19576463319047893,11.344153388954847,19.150067617696234,0.55246591373783,0.6003410497468664,1
22.247276121024044,16.363182219742367,17.153452252730453,0.9070453933859561,67.9926993294122,14.432842412182513,3.205457808036853,0.26059809803633904,1
22.21363427694227,84.40167895879014,16.77666226064514,0.41588357396793985,12.523463950434287,37.06060290837977,3.289504916654788,0.75488354851019,0
16.24269087820978,19.65822491018106,22.920371631963185,0.12702954762925917,46.34077307826907,44.64510779085338,5.264767171526115,0.06681242018685452,1
31.053066269582043,12.780283311194173,7.664342448825795,0.3393582472913672,79.4894298081891,12.505020440041982,12.635371737637078,0.8425858947085423,1
16.748326187282668,53.73020147379674,24.526187071607712,0.8472537797885874,46.620301417500585,22.463738912900038,2.174149594193126,0.7984525251690966,1
47.34735117576713,59.46772509467819,0.7049200897857966,0.9794306015766125,8.27997428108902,36.55231269044234,0.24743575089190456,0.8819509336986442,1
39.08350945302369,77.83592850271042,5.758141413232963,0.47990232300554114,37.58691578387605,41.2301337516041,1.2587552538387727,0.8944115084169513,1
46.96755513076251,37.01078893018862,21.585393266681123,0.8198140980569194,17.747612211614594,36.65110223949128,8.645255289818952,0.15727794540869455,1
20.95115873807923,82.20985592724995,25.337984591910498,0.7669864537659324,68.6745859823786,23.229243989412097,9.94539883305706,0.24534357870031243,0
17.011356642175922,92.99445964064157,2.1969066410168736,0.5782456728401161,12.714399247322383,4.738974875741388,0.9396333021280534,0.2530308399203225,0
38.74515497699497,56.094290774033084,11.797661888843308,0.22865246740738282,19.413448719734426,4.744858806895812,1.1955961521877931,0.9756291346167163,1
38.97065051652651,21.296689272808262,18.94127086495719,0.765378768421309,24.436586837388173,32.912786828028125,4.753218586232465,0.6518397657234936,1
43.650939826368514,84.71966088723323,17.628904151903686,0.8730117774742117,37.875905320811164,14.747944269171132,3.7161360115553395,0.09390096851985208,1
43.962773387423724,69.5870587425373,20.840881051627058,0.12106424435947687,29.69428428555867,3.2864190481398525,1.0967973787373388,0.3458903243441813,1
16.11974727508864,73.33094740381215,14.147750579341423,0.7462564894055749,48.40200575886762,5.794391211362278,0.3554816959211866,0.3775283682252816,0
29.40781281209704,15.510250746884514,5.54364234870415,0.40574179272697575,9.103587032852777,29.318029419619428,0.016992465282677727,0.559462054368368,0
36.09678396000423,90.57303474322703,11.413945289369126,0.8361278910316786,75.60827472184063,38.04915768016588,0.12516409295872466,0.19541496761523225,0
33.1965437648452,21.190707985424517,3.520205153354903,0.7332632760922791,0.06666940643849095,7.69264363839969,2.6234910312043436,0.8362021677564124,1
26.537457963675624,59.827434124365645,4.724946424165917,0.5793056663255589,28.035617854512317,30.683407532703924,0.5685901767011325,0.06466065349208361,0
24.030141858632483,20.619760798310068,8.473884699506517,0.3406064104952974,83.89194051319748,10.847044160635312,3.671724317405493,0.5721230327632932,1
26.511495501268545,72.74521410459845,25.00444126833841,0.7446508187459657,97.39047302195144,8.381373346574945,0.8071799240710993,0.1324653814139498,1
26.534722928171664,37.4965217501791,29.802128418068467,0.34897085725258337,36.35193227601526,33.96069204024114,0.5160975431242489,0.8646540853447211,1
26.37016315318403,38.0323532115554,3.7882347466432,0.529299051728299,28.958189065466676,11.905639846233527,27.416140626559415,0.0843736191666965,0
46.644251879912936,87.98287330621602,19.904153222921053,0.7189731042560656,95.92303079941568,37.07564600491165,1.2260360220689108,0.35086179801656026,1
32.46912411983162,24.205952353955045,11.323861357629477,0.780229675665826,53.73424246722723,4.1886127874825405,14.878575998803594,0.35707644343217615,1
26.207484128463,39.925333400049965,19.74732023493739,0.9602046852340289,62.20680767063732,13.121240401206858,3.797019395240877,0.0884458232545231,1
40.43881935929511,8.46153523745426,28.90141303725508,0.14123615596239517,77.07132120644182,2.757320726802922,20.46994539249464,0.14845343319003557,1
27.644219168728327,66.58747611761541,20.61563156550266,0.8588153247131023,84.1025115429566,29.72761541703764,3.070559253551704,0.7027092670618413,1
48.79639946982308,53.91389969096893,8.320368265085346,0.7846268189195357,32.83458278499539,36.41195763420541,2.4769100485137523,0.024675471770359225,1
49.677455547747925,36.88094626237323,14.708171089501787,0.9557587525496664,34.16289329591914,19.88168518550677,1.4782541102809788,0.881900363671279,1
36.650308038468324,17.71064405007823,18.610915353359132,0.5554937203792039,18.988093924959383,43.95312461866525,8.260416116712854,0.1903048665669298,1
49.449843451663575,56.32208868292942,1.700971099948867,0.9780884267466844,9.942548495333126,42.643409078784266,2.299752779432616,0.10783777065877964,1
41.04093505985141,40.64039470406874,1.5955227266404437,0.781574911285715,90.50983599799434,16.870766918292443,0.3375632176020487,0.8990848241561714,1
29.443156972698844,89.08476028288129,25.689599861213203,0.6140624837491345,84.45566785339385,11.523620254948861,4.958228723624974,0.639136749607176,1
21.182071045082004,28.48262472596233,4.346224033647105,0.2676024965184318,13.926985348487253,17.41645927312279,1.0249568992480385,0.312356957652939,0
30.37433099863381,60.92136245091307,6.807366730142624,0.1981217542162294,92.87726288754126,34.65876138222914,7.211873331323791,0.9838800923694172,1
43.18484444295494,64.50738770372206,2.2676182122094546,0.30968660020454786,16.51098907210461,9.80686671746564,5.297592787954686,0.6532934151334472,0
38.23984004046149,71.50235394089141,10.880679565506261,0.3139075384164376,97.95870759620763,41.58419636354773,6.026403906596782,0.7256911673494933,1
31.710720990832947,8.567287053040634,12.98204103898889,0.8612036652504226,3.778380230890077,40.97718689507448,2.5424420884828445,0.6856047085725364,1
15.976583581329313,53.647577972336144,9.399960781511354,0.4351362247121332,39.64262794661626,31.29584106415289,1.461598047823942,0.552586466092296,0
19.551063240471542,40.23618610680384,9.30109660903948,0.7121863802504877,53.34659748986468,40.69076053582294,5.95412103363088,0.5856674523293258,1
36.71821591555896,57.515908783927365,24.714613213004252,0.5550540060507435,71.93732761031889,10.93784991300281,0.5340257748217183,0.9018671392404872,1
36.89297830688421,10.610791998210395,2.366579009548043,0.9493731387285915,9.427433729460166,20.901716867728876,0.2941265893633017,0.12638132467818453,1
47.0951083439903,50.765923205975675,28.581292096863166,0.4241595296834926,17.342143547867405,0.27645442008673415,2.0801937557925028,0.15492305008220064,1
34.2820210467781,30.463698625027984,8.754776293246277,0.3084151910057722,79.24240764891877,31.644722312099386,2.5256900247248066,0.130639581077868,1
42.54605761992994,60.110921538653805,23.138607206830685,0.5396588590880136,8.840779037800617,24.071761571565922,1.1268987342762014,0.18604980977854924,1
41.67982888258442,57.589451930081026,4.116777131148046,0.7898146122507684,61.37926182387371,30.781678342921577,1.0787723422308562,0.9705330069445957,1
33.982405412930774,37.765092522498655,23.18763659936274,0.4868523976071504,46.53806824048853,10.785856402523208,2.5529828728673385,0.21417771018779796,1
46.248789685393795,38.06172469335148,11.867077178085502,0.9500972946355072,40.011531925743704,6.95006547845569,0.8564034846293611,0.2748554727619241,1
36.17014695685742,82.46467929098883,8.383949552126467,0.48676059149940065,87.68458622611291,22.272447921202126,6.477145668215462,0.5825670593941555,0
27.95960008668006,82.68744763884442,10.757724580823519,0.8115037775282384,73.3317681826794,4.518585099522214,12.87257502338991,0.26178675631943504,1
48.66343181660852,13.018985939858485,0.6965185701441223,0.896566249078575,9.183169906449562,13.88275874157985,10.153581289634674,0.3292955372310985,1
16.327726668408637,73.50040310643939,13.399864606403526,0.45656973053743355,85.30479292498885,10.777740950933962,0.1791814287703321,0.8774542939850272,0
33.97261481378463,81.21279445967457,4.131462950863409,0.842889988966441,32.97125954685652,19.8348191112189,0.14172050086363555,0.20385977021230672,0
40.35537964898694,68.81149549282301,9.824384393917207,0.5191895627679182,93.18269833067524,7.343485545156395,0.1048858791310401,0.5317759480280781,1
33.44738866287948,21.55528653794741,13.761596028192008,0.6645688444785713,27.544192280964165,17.659568509948322,2.585216158543051,0.7589898548442885,1
35.46687979635962,20.796176896048884,23.96078947065469,0.9964522593460695,26.48056782251167,38.20396949632329,2.999389978336015,0.6313405567240514,1
49.5209350056704,92.26957792400336,23.677027307225984,0.6918686833315022,3.9811669873339395,14.791937207627347,2.2180351111651855,0.7226480253128224,1
22.58538423953665,81.56833745302235,7.175394981571959,0.2693970568899147,72.7876129326449,41.26907171072319,3.394805238703505,0.40992016195659764,0
21.596318325396197,23.3020721382145,22.113009950126717,0.584558994021756,93.90468836025522,5.409051779797029,10.278623380326898,0.34797043989161824,1
27.094118189791047,57.07034461620732,18.858880640237135,0.5362376317435843,51.65676603974326,1.9969905013734528,8.629896351770242,0.1224310756179463,1
29.1444507406556,60.02453355531776,7.44921366715702,0.31448107299165257,60.73764504248508,21.478536601277302,8.229336446453422,0.09822114581925345,0
47.383990827218526,14.101724572383313,12.25457884984402,0.74891807191961,84.81806069802882,40.03000225843423,1.1571085926245543,0.7435393629223509,1
41.23193869635713,76.68493184503166,4.4173162541326345,0.3043192322194864,0.13119927611517923,35.95922627040532,1.8900780541581792,0.7897292194195964,0
40.97410030514774,17.1919948440245,13.407430419477135,0.14945999882963748,4.747467033977371,14.130647083954987,6.741089151747765,0.9230452822476778,1
44.92105702068651,71.60058322667784,28.13221411029863,0.23744700338626995,92.64815209903843,39.72732280730068,1.5911153008111283,0.02932094483022263,1
40.01737414577866,82.45067976405369,5.1561091288901695,0.2755413230779529,92.34732733422246,2.843950344980575,7.680712015800536,0.8348786878736284,0
28.537373752089913,81.47296138602233,14.04462923724192,0.3682275867648733,39.09165605229925,19.704070212055843,14.748128271298791,0.7254060329869871,0
42.04239131341275,11.072027278991268,21.756425807270066,0.40129821513370767,31.57608580112836,3.550588005014959,9.296785448220234,0.9518370595126502,1
43.81184256756853,8.18757314203285,19.23400225198597,0.8826033798338924,96.68369139966778,19.423772904575433,1.4310673169553667,0.6750982124883013,1
15.784823654376224,20.82400053575451,3.089024692671191,0.6507097645877982,40.92337932547101,31.13040502442788,0.014700368422831737,0.8335662130777991,1
20.156008317590604,84.84015708090192,1.7485662118523115,0.13336687942950648,68.58280418168873,11.384828078809996,0.7003019252282581,0.9762756168987596,0
25.648127693367904,81.82258448103246,24.6989684529872,0.7022171726108607,34.690519844395105,12.117386899786023,14.189099920160563,0.7405848921155974,0
28.280303384861362,29.61744489052704,9.361606741382808,0.4462335289767275,84.6519913595959,30.57265516978219,0.4341958958237127,0.5745933521527498,1
34.127841792235046,80.8202756519217,21.774924770767452,0.4115137807880199,21.430812645549967,1.2238206910958156,1.7947331567988556,0.21480439057698053,0
48.04042672667287,36.856613913443,29.89077583759806,0.6227281949765243,0.9602340502421591,11.526647172541557,1.2651736799291151,0.11013963213641187,1
31.119992145531164,39.48456710786145,24.34760876719367,0.9148945543355257,95.96103116227319,37.75796891582124,11.377434016233732,0.9064046942112121,1
33.87321781231395,89.81486759134589,15.03456507535145,0.5062314727944802,15.93321849290098,9.011730340476431,2.3292586497572585,0.2865428204231294,1
17.97469784682656,52.882057749475585,25.485450608112146,0.5676193459251283,15.196973646663547,23.515983601900427,0.7953261893893521,0.3049802899934321,1
30.756911700211347,29.51079994784709,9.424364390786906,0.20722686840527632,75.60399201865422,44.10818881701374,0.6503672185368345,0.2989639209292615,1
28.315952637346278,15.594809109141345,27.286516239314768,0.6894225115547606,50.20028102172992,14.168785625128299,2.4876119470077707,0.5196033325140513,1
45.6100859988942,64.95223202292294,29.785978054678925,0.20537855371176267,20.914771581062563,10.737551306755083,11.77069545437864,0.948854042018724,1
46.03631039560646,30.625300734203847,5.5791550752869,0.8840668777012911,24.569907660663194,5.00369007911251,2.556412638991694,0.6422252860610531,1
41.57866952898779,58.53616125970975,18.569789823793823,0.7271006187252141,76.52313032926966,28.076976217878823,3.9886145513806026,0.09021568939586666,1
33.58081650448163,75.91970025997644,19.384171938095164,0.27003520060499253,98.5653847876539,19.681912575375453,0.25158030305563295,0.3642386849907189,0
28.509310924899538,84.36664559463507,25.021360847647703,0.3471297324114062,10.05912218984799,40.67579855577021,7.146213246342318,0.8464744529736781,0
20.91325804010098,31.742873159989283,27.293306538429274,0.7034037308907678,9.104989230666394,17.1199957019903,0.6006098017633211,0.5483364671588071,1
22.77766157888774,5.176658924475067,5.933443447747715,0.8234017097239611,64.18315127178624,13.18027465855852,2.306788977054067,0.1806161145308659,1
23.785122557219808,65.10735434356002,5.065415123364775,0.9487991926728986,82.39745227575598,35.46647953005978,6.202889930658429,0.5397928626995273,1
28.531018514045975,63.99548094081748,14.049579239229706,0.6897806479958402,73.80705790917142,37.55604140076588,13.045395096687987,0.8173071388055166,1
15.93865547031853,83.72913829869047,10.833574451857825,0.9156694976119504,46.742599929676324,10.094917919612914,1.4066378950707359,0.1340757725631213,1
17.98095445925795,8.730068737109889,9.68644662715024,0.9120513001055578,32.77684252388262,20.484460066533618,5.347568581835875,0.0833185497837855,1
28.734862177856805,56.19780176311243,19.96354260988915,0.32458878872011293,97.87954376235378,15.159052316529817,2.808664507458596,0.14746879166768512,1
18.989378729924432,82.4336210044223,16.883112233134586,0.48108393709408215,43.906805499697946,32.74540238095483,9.658402047918909,0.09008727701403241,0
32.64594337122351,44.13823699954084,12.854706073376763,0.30490868466663346,54.31526632934185,7.073380635021381,5.66473203387713,0.3187633793653707,1
39.57571978273525,27.11844898431632,26.872162380367925,0.5554794080719845,4.4347930088478265,20.969744221589636,1.7312116620657034,0.4623589930867412,1
43.714583125321184,82.00020446448967,1.6384100479414676,0.10001173916238149,72.51104209730362,44.92009491804981,1.9367138403615085,0.46803125940605994,0
33.655413346704094,20.752670519030787,14.993472251981622,0.8173156088858966,69.60480484291253,16.20221610889992,2.511104978461492,0.48054448747952383,1
49.11237723332735,66.09802304803566,5.766764598556819,0.23336882536370812,19.932920442146905,31.590274274159057,10.287407138732242,0.45844238104181867,1
37.898743508784136,31.35966358954067,15.626639210424866,0.589841117799143,8.85678134494401,0.6838164811026659,0.05710819997322891,0.8058510209740257,1
33.43809343088756,57.99117839032813,2.442462425523714,0.23567674199069086,1.2870205797863243,2.727407324967964,0.006368589287236245,0.043227556693373526,0
20.13122554755123,10.859302570115887,10.446714450766887,0.7240241703997915,95.31771949375734,4.095960172156213,7.840225904826128,0.33249218467065933,1
47.86338640139661,70.87719581607492,9.37513775513327,0.3252813950498922,7.62764809662383,32.99629841562708,4.395605977479513,0.2699345159579408,0
45.74310567174524,77.12183794413461,8.985652845876253,0.8006425242354085,99.71170508900458,2.4714254534349385,18.684272019562115,0.3408733454209595,0
44.34179732573651,91.30386490957042,0.04031870964611328,0.2420004718617577,96.11713256276727,35.97674160821422,0.3372212516337691,0.6674369655115082,0
16.85844026084631,55.45204571270956,8.62546491873113,0.26868019244760033,32.089600221781986,17.27407536415196,6.0502264144176054,0.36641446781816034,0
48.14966148908428,57.33786849524478,1.2826795031985605,0.465330608542995,80.31258083240866,44.496645730835525,5.00465346432242,0.5365017165231234,1
17.838476175744894,26.671847342569773,14.49093582791057,0.20393385893913157,17.225020480536557,13.54867782412587,15.14314806936359,0.6666777755254403,0
22.21073385181131,32.09051617745069,12.3440221054325,0.9347220471904687,27.657802316187862,13.170884491843864,3.9090344214618487,0.5080991731656763,1
42.52420398032028,83.57136727009001,10.962124071700345,0.9465241662644198,53.04596728934035,24.623311299339516,14.736561458350966,0.6770656184921389,0
47.004864603653175,28.012377888328647,7.361000134116873,0.9275387023197332,11.228597725661803,38.23590716648537,0.7026114579807773,0.6915420372496512,1
30.559588405451663,25.282806943040008,21.112495292525928,0.10505617910556303,46.78078262424654,16.70823916628614,2.6645323945787824,0.5547680625489655,1
27.243513689746973,70.73461247999896,16.016325934430988,0.2180618682161749,64.21054962249814,9.666695027958461,3.1268819706756363,0.8681233634136754,1
45.731686638983874,39.82226640166549,3.9015505489003957,0.7873644135279367,0.9277249832014056,37.8366411804828,7.177327987746476,0.5847133990535903,0
41.52578177310799,74.41045027901333,0.10757701748986048,0.9200995548207415,22.273714387659037,10.184524533790084,9.032184650476957,0.6981941697007745,1
43.68507162458246,55.72758139075822,5.359918123091939,0.12849225089370303,92.12484687455026,8.899965849583243,0.9729423153271409,0.5109102915165347,0
42.6761325247708,21.87376584500445,0.7245952063007666,0.49284509357443407,43.66091077476943,15.533968381736571,6.926016875972046,0.7776300442714331,1
48.29419931252736,25.272732590341594,27.414385174018978,0.745247542979339,95.18478282568181,30.335276832299144,7.16929599333132,0.8257871915800697,1
15.527475065578415,47.32295434117118,18.794371463407494,0.8416110965032099,86.2726241892553,37.1422616396662,6.905741015208349,0.5746759847615978,1
21.746407046620813,54.35001969791532,13.416799351731207,0.2015623536620944,86.548967352594,37.670393137447284,4.258805361307937,0.11274455838724018,0
37.72751503615551,20.219430411770816,5.896160183089809,0.4425907729922889,81.08935669484907,28.46761475880689,1.4147815682687817,0.33283094681992076,1
19.934132165707155,38.62304492013793,6.498595210023029,0.42150625586300605,96.93784099239903,14.280432641913995,17.979577888929285,0.8100785659819877,1
45.557587273628215,30.675330986302303,12.803349749345617,0.4583911846631058,95.54858688969267,23.370594624884045,0.08610376183487577,0.9208388938765061,1
34.05834251702255,53.121298889222274,4.976101167883429,0.4187044879782098,18.49083156358835,3.6062067870974728,4.564643190864325,0.6657147603323688,0
27.119228400130815,87.31388390046573,13.7122477442869,0.42476325941171467,36.7798230239956,2.2337270461342076,14.656840672240106,0.2651107104219431,0
29.2935709892422,21.222483305803127,29.669851549753446,0.2558573807634449,75.384194536998,36.15031772295574,1.066928097597382,0.485365043494011,1
41.26382575903226,92.98454795019879,5.54043393754469,0.633654490720474,43.86857683215122,29.58320293806819,0.4412512366232634,0.6351826535137317,0
49.82944498225129,92.83532152102705,12.300392269894555,0.27822130485834956,99.88996813758051,39.744244985152186,6.740033496899799,0.06173556667815294,1
40.7538326934948,17.549641986013217,20.583761550984,0.6425985168634134,33.677730770983636,18.839572560616727,3.9732108285539605,0.6005961434206823,1
17.282144195328577,9.047066620522823,27.274197886349835,0.3304441590555003,66.61306313249037,1.4432408831305832,4.657207179706705,0.3210060385921376,1
25.318635661951312,77.2106406874188,12.117138498419111,0.3474239000064379,41.995546578270705,3.389451323890615,20.8708197377436,0.6042542328676896,0
26.72004423954617,44.30624047908452,10.911911303293302,0.40158993186912617,60.74261855440564,1.022134656296384,5.113747799147045,0.19211019738337887,1
28.395564917005206,73.4801846128897,28.60218921700486,0.2530087638489384,33.82598570651313,5.395948826310883,12.9393341264883,0.23332304286663386,0
46.861849205114,55.40361921597082,8.85424915219838,0.5577137484350452,69.07717174515253,40.504015359266276,6.244267795507323,0.6350299809001538,1
26.41543890080594,9.120880194714367,8.525135633252566,0.27834607244534276,92.22901270364324,34.33622226272374,4.194983447289128,0.4151961296592731,1
44.19938009395346,37.04388328294591,22.2087858534276,0.20711553400591787,40.31035672239817,20.847853057649786,0.4894276410642989,0.8767469529870682,1
28.420112184299306,93.05278604094532,1.1459600549110305,0.8468068310688612,93.67016220531191,37.7492725800338,9.122121563007745,0.08333526591408125,0
44.02484528284988,69.49658535340231,12.22184644291293,0.5162970406575162,7.094441070194635,0.7253335331988031,3.7614294819886247,0.8510446624063653,1
27.669353151523545,17.568184665459555,24.034475920620647,0.3004258820173453,77.59599310585135,19.38743719046257,1.220904653650962,0.4769940843038618,1
47.931610136787754,32.50008479687065,3.628145705055678,0.6220861384792036,41.69156726857587,12.766203340740365,3.8942748447237676,0.8302048826321603,1
28.046981853978814,58.22719148389094,7.485025538882337,0.48642218105726764,85.70823209846668,7.268999679445006,4.676848932613139,0.2630128483149554,1
29.335729303663506,36.82194993908604,18.754902983193784,0.8295713386654604,58.44519057904757,7.764749768946972,4.837203482485087,0.8701556919165138,1
31.347526301671646,87.92877227125418,1.2716296429151097,0.3234841829866203,57.40100831954693,22.51889468638647,1.3541451553361548,0.379491939015978,0
29.15653112807364,81.43881218494982,25.357891604897127,0.5502201837633938,34.9799690737882,44.89972780918008,1.6157171627230993,0.06769646159333942,1
44.20141173736609,67.54879432543025,25.129500082240707,0.30097986321004133,26.14019249021756,43.27743414498318,9.03237779357373,0.47848795546525047,1
35.59580723436467,75.03224894656562,11.500888034274755,0.1525961539844795,44.090729109635674,24.711565234144864,18.771187900314416,0.8199434221067753,0
37.00158709259452,56.90922477276425,1.640497898538854,0.4947405771546566,87.85049094969136,24.242629731854993,15.810842801434537,0.3894107114441119,1
35.46429540923087,57.26019644073882,23.314259897800206,0.645114266702509,82.50190253527964,30.528416602139256,2.5337949440565124,0.610631481817333,1
30.076947719650416,36.84269346555757,18.311381451396635,0.26678891797026255,97.85080849045458,17.94673515435016,6.062518540609091,0.5085085722327316,1
38.87621292068164,8.965728846705794,2.9909172403093667,0.6078082847159033,76.11535213670068,23.67808146498727,8.078247415545587,0.31819690123048994,1
27.356542939513197,86.23573107102104,27.482018025953757,0.6431094560610923,9.892460262224978,33.98871284260153,2.5849344862642343,0.29372325705893776,1
33.30897696392939,60.74020553133983,19.43941207919578,0.5067258959645631,64.56099030449514,1.1809210403049608,9.63841449680871,0.7079018936834007,1
48.24663980478219,57.0614973126716,26.647221303807385,0.18386898230457338,29.53257568003018,30.13520160988396,1.094281370937344,0.13100298488251716,1
22.948168945582474,30.10829746655175,21.277307222138365,0.7927361787621219,93.97972514173514,38.42659238704851,1.7998745664872136,0.1807554509103706,1
41.515609322416594,42.30007426844113,17.171114214139344,0.7262771650508659,76.89060102683607,27.073958596637425,1.2077434365405406,0.6228427858324229,1
21.42033743217298,18.381341924703563,8.757503782906303,0.9227115098646083,8.404858872151378,18.17373694711343,28.91781391463582,0.5326156923865674,1
38.34720910309777,54.11646404405448,0.6384184765022238,0.9908187702398524,2.5798309076537573,24.067125872852635,31.294483283826704,0.15876365250976432,0
15.558176434690843,15.266021313850892,10.3838245423287,0.6339691744870006,84.28514284958457,26.95335107961286,3.0853561497158424,0.887380094005482,0
18.089035944468918,39.839557866412704,0.3527040377398116,0.5910459349012216,34.747311665775484,2.842848646707386,7.231507222522396,0.05384207061569646,0
36.31382178105962,91.59983467408772,2.0372351183807167,0.19905544704590725,23.46035669343567,42.71516076358809,4.363230453143984,0.4121185820549673,0
45.54670209252532,53.96165516869672,15.346450175411814,0.5276909517961009,38.43522854892506,35.83712562824008,13.825983509762436,0.44931433579706515,1
26.168348885124754,71.01996740648225,18.102205597507584,0.5193616476267267,72.81652383258111,25.35431546831736,11.659470680967114,0.8173219754216912,0
34.747088704985856,76.10297519404232,6.029122143081258,0.1928847630811074,6.196743048757359,18.70296014698009,0.4266140837106929,0.0026390148266790536,0
28.661975424532802,76.7034383802448,16.305758474292006,0.9346897115173837,7.328522394834669,26.933611228036625,0.6235157356166867,0.17431610182185753,0
21.632167741727457,9.552395090283184,0.9910550593184753,0.3538830203766625,50.671460379061315,25.865407080532407,3.286367542467144,0.9946371886086367,1
26.40772178728227,77.4218150931913,14.891589420939635,0.36996972264529415,97.87243066133942,23.910007813629964,0.7607652896925937,0.880535942967715,1
30.45132435703414,66.86433915057523,25.48149267399349,0.3042625402173396,86.27917326115691,42.19248852691359,12.69951568324467,0.1935253355952854,1
19.058633263051156,58.02374926612366,2.752595794333592,0.9298080693033749,47.87083065947135,2.596636088943513,10.598410337007746,0.6328563232958089,1
32.39340069781558,28.62757717975491,12.656528992470706,0.7031849947176871,33.33269959250952,36.26933403769103,9.60931704396278,0.26872090349049427,1
34.1406354662236,59.78579360261801,19.778953183715142,0.40149750959034425,29.361853027822015,9.79965995980821,0.5319444687235105,0.18400416265983022,1
49.37010234249595,11.490172604560716,9.908777240840426,0.44129006851312025,98.07272459449608,30.21035500514629,15.841924882008529,0.9910031636023987,1
32.896072703603195,66.01295957030186,1.6526572078268242,0.6058580019140339,9.933338610110965,37.51079178205225,9.823114773140048,0.0612429723271849,0
36.83253635496493,91.67780851781622,23.145162236061623,0.8118458376899023,83.97468028929144,0.5057235297904217,3.141338381806949,0.42872435082200644,1
15.5237400729039,28.102512905530215,11.364610819539639,0.2887553734462981,58.475898578095,34.28725355467068,10.943163950597075,0.9600024126790873,1
18.720597822017858,14.288203253313046,6.929658073468877,0.7118684609976454,69.62676926855275,26.80588277991944,8.119132429698356,0.47809729644031707,1
37.521840078705075,38.14541567480624,16.5474261852526,0.39687236505815293,34.196512514293154,16.479697628618503,11.471637717888253,0.2087319836344027,1
27.074615774841835,40.956861294754454,7.988805739559419,0.46826439888592886,9.141941956994092,29.610558427884044,3.311912532929817,0.6815635774957951,1
25.94496567112517,31.016448459938978,26.112447671573307,0.639437136265777,53.320177124663694,2.08738881589995,0.22019341978390394,0.9885865849265948,1
36.855694366550466,51.74632018357328,19.302652215549575,0.5264958205436417,19.373881214994014,14.728950630575282,9.37737489764444,0.8462721054518412,1
36.67088334162759,87.33404314581608,12.292901265224613,0.3413254484251884,0.696122891596862,17.538990868493173,4.9520262865396765,0.45644997715111124,0
44.25365894958183,75.80255304488342,18.672778756537713,0.3623017194361511,90.77764237221366,38.433537583598174,2.31689813532382,0.4329364044445483,1
43.906080447536866,45.10784375650168,13.7925815667654,0.3755475347833267,56.87411616272715,39.272702456463804,0.983233320587261,0.10982760361405619,1
23.814372842629776,93.51853135996674,3.986398522560349,0.4366558149278309,29.34275194553093,14.597341180198887,0.041943418993445857,0.9486566374407929,0
15.190447198844181,77.73214514703407,13.353043729088162,0.8221396176187094,10.47877535275077,36.249481024579175,13.730972006308003,0.25128468112291935,0
16.91147848841453,5.488885508791892,26.924062519903366,0.5594386531328328,20.801070288234293,25.66814105020472,1.0691981512325237,0.04877080642227516,1
15.399413150791492,88.47090640991797,10.210534109934791,0.9616015042146534,77.37440416070231,35.12984095347978,1.592728653874266,0.30160150211032233,1
29.54649351472525,76.73366515554713,6.226036781794767,0.4508978056372559,58.28623133041964,4.766724362398172,0.6161411634432324,0.47734587750671276,0
35.51574014625747,40.720739268800614,9.598437807260593,0.5809062752309372,59.18442322038035,25.137426967484583,3.0810136853918264,0.034912166937864586,0
37.8908581907221,7.733107988170135,14.019661153171938,0.4375408369222257,88.46218173208683,19.22108252503794,4.645372144804466,0.9610808246997917,1
45.62825480998683,70.92163223067236,20.287999638544882,0.16509765618522027,72.75188738660819,28.864188546474242,1.776706126647027,0.9661755837866461,1
45.12913545379223,8.832429645695417,10.221675936297075,0.5726980076632199,52.83803834294163,13.325606231951673,3.5495841126706984,0.1631836906664551,1
39.65559120309389,61.11177249753269,10.899543433046993,0.49251731336870863,26.78890562784675,0.5738108698879968,0.9879064506494851,0.48210534506730474,1
23.133291809154322,60.73870783382844,28.777300645965465,0.11360283271776113,58.863347331809,26.27311323265244,0.08502984175678123,0.6821041503873655,1
37.327142752273026,48.55540571154656,10.865775178730159,0.9183697861541379,77.00442128846035,6.44213452635821,0.02528506818848069,0.27044870556133527,1
33.36371693430395,78.29912395392603,9.364063544125859,0.15572195909788256,14.870558730743566,21.44486459006298,3.2061145822470434,0.9311049789904415,0
34.81514667118544,81.13017846148965,20.737098287436442,0.2844558522661869,35.277732792117035,33.74730837367825,9.538791334819255,0.4347820868487301,1
20.72698183748741,8.180545462789835,16.92273875509586,0.9931501118001826,64.72129312247408,37.18634131955769,1.1478950872500544,0.6685512313380656,1
36.72190918975098,29.850518227252817,14.603192754106477,0.852962956303284,32.04719657811821,1.1358793719760885,8.445910778483013,0.3895153776097061,1
15.95191240397095,13.940471260411769,0.43622653918586884,0.1634756523462173,13.945246134738042,21.94707289311243,6.0500756770032185,0.6543755959350482,0
46.7675318642773,45.1193762293684,25.357210031488997,0.780761572180331,70.50044503255576,26.66330835286102,0.9157716537455057,0.41438783096023135,1
43.96900187546963,80.6910631640871,24.40804269336056,0.7407859933263785,47.03435382174585,26.101680164444243,1.0013711708060964,0.7863557607773658,1
19.002268969319346,17.19205231508913,5.419922420051261,0.45377178220538916,16.99172832068968,24.22585082868536,6.9066402862967715,0.25172610898993886,1
46.38203489552845,7.684050294307446,1.2626446550937576,0.8809504335166527,69.75171233857047,28.40477805374649,3.9420256307968744,0.59815563380709,1
26.421116116879027,75.22069740277479,7.673515460846271,0.24441642592559537,26.287064418728313,24.553004063727904,12.136944439278976,0.3066448059946282,0
46.37075721129331,24.818209432895102,0.902144922889746,0.9633116749518841,51.652518332541874,43.68203429410285,0.6069249890800701,0.7305343450589185,1
20.673413040857028,61.70997983777907,9.153561884937366,0.41995858094868166,13.229746655093976,8.979989436015344,6.399211385270089,0.7891376735799296,0
39.07940929541324,37.91786386881613,29.537737746919248,0.5132490778642,90.78827719654846,6.0736947995078,8.291458067304285,0.5576010854074803,1
15.72197701877321,52.795247303412886,17.06598561089521,0.5204017041637586,18.192482369776,28.964568341790322,0.008649636255831705,0.30550466843367596,1
42.58844668671128,71.89795535518998,5.971966187025261,0.6018822991114684,24.61032094845923,40.46784469340529,6.660548448238241,0.6485846245668498,1
39.01455838831414,54.75810409662284,21.15427135931637,0.9280024819572263,14.067484358640936,30.221455307837836,9.535690409815716,0.9613497299030898,1
28.747200301470436,57.0961500561107,8.785266076418123,0.3974036447658661,58.71121350069836,38.01369462061152,0.3767534754934173,0.0921507328223784,1
41.24681025122527,49.08071155021645,13.295395729143392,0.1626108884477206,54.67902817539094,16.22176535061468,1.888551583309655,0.08653719818942684,1
19.031978280881162,42.92692072925855,14.9148303374243,0.6019802204565595,94.13622052643467,12.168487172285186,2.169451769428958,0.3545340271346987,1
38.593284108445545,38.82593619262336,14.355663655955308,0.6677179612598242,35.57185733003848,33.67652299836527,4.418823755354047,0.6650903803721471,1
40.70795903878833,67.23656352116913,20.255127476134707,0.8628151413378105,22.935474060363514,6.4952193239238465,13.489792882241376,0.23019221589342997,1
46.168536641915594,64.76280437628164,15.504413219679948,0.602614430117519,45.546975531161706,3.4650461499207132,1.9248531975927743,0.6763380872305427,1
32.15977972438848,75.35666281613611,11.084185511972326,0.7297781045660381,41.18657952633784,31.200305287889115,2.3808331683334987,0.3276052480721684,1
30.55372437592918,21.898650205281267,11.437181914785835,0.6776111308541962,46.678621646323236,34.364703617638746,0.7906167987766712,0.5993180104743183,1
35.835950748826285,52.16125720471243,8.723655602191624,0.28707980299076585,33.41473011534038,37.82444155036165,6.535215326232404,0.3300497658173077,0
35.916026711697114,11.819272102690958,14.944491326043346,0.16241569842889575,8.900777083825574,35.28871993375822,2.733783889403303,0.9337623157987396,1
16.55975200281039,86.91205531508845,5.401628980891635,0.2104738283452766,35.73791376111806,0.693453759208591,8.835909348763815,0.0694138871466009,0
15.123831803362906,89.50474787636452,0.2998183696657042,0.6731393230227835,48.4880848181154,17.111417547360226,2.5991398875617677,0.98442439612263,0
45.41005905743642,25.064965627458474,10.637738707343965,0.702322792108065,84.0325479845807,6.60627244029499,6.793344532710931,0.777549064966766,1
32.157587028643405,83.44378417425182,24.204095236627364,0.6800617661456125,43.99323553116138,3.49330811005028,0.5096556527732664,0.2533001195152589,0
19.21704339402805,93.16247121506314,17.308052536100323,0.6638371275973253,2.0458182464213603,16.124279519197625,5.14582165153452,0.24344346037700537,0
41.78837513707941,19.741636522829562,14.48791250100641,0.8291260789054412,54.10751614632877,25.93445885802447,1.4080455129386498,0.9217665447332091,1
33.28966847330116,24.611567377471875,29.795188871721056,0.25911297709820613,87.3920477049094,4.656877325792746,6.010348447862325,0.4207415709443102,1
45.32778962510651,30.996082893062624,17.84633253008061,0.18075955583887213,21.0982755641821,41.464809801505936,0.4625902570656599,0.13797300007901536,1
19.201099300915608,81.3767953311981,29.352157424895967,0.49850637811688925,8.70743026855646,7.866499716558656,2.435418385689427,0.15287767343817404,1
37.02325375599953,34.60535178043039,28.806879798103793,0.5941901646854817,66.48546444044734,10.594016081504227,1.2099026120681853,0.03277844758087156,1
17.479009418154398,35.90092856076242,13.148674110341991,0.5119574026940842,4.67858854310318,1.5409264813855372,18.7489415970333,0.2339411359792335,0
25.228753744062736,25.431784360903723,26.736979613621273,0.4635483506527379,50.05985799760248,11.263439638587325,3.252528091694816,0.5739923463432772,1
41.32130499013278,26.112672756717103,13.193529085278396,0.5790837692785521,98.92718855744081,40.696678500558164,6.2647778558720315,0.932438936646582,1
49.960963507514904,71.25507212133323,25.044724555664985,0.749713545203042,96.55664455180367,24.9274988227098,11.632398719518813,0.23948639150398565,1
49.029764746427,10.634026549230523,28.808697778861102,0.9675767637335199,48.56452532611508,16.965302470529792,4.677000138523423,0.4555193911021699,1
40.7025134932306,24.174578893940986,24.81197254967925,0.3658105314911434,28.37476498179997,21.61763653099596,1.6690411950358153,0.6112297240815171,1
32.12746749982455,27.64562347619745,18.55123753243629,0.7665503627091557,45.560842721617945,30.77550166987599,7.845977114380018,0.46072289829119184,1
33.16221540285716,85.40648731775389,16.128159389129532,0.707872091841372,31.816817791126304,2.031101506956726,1.314494726091227,0.43122444703023777,0
27.92242634086488,71.88253560514433,3.5682488609356886,0.6877806753214863,37.82527319169816,43.041093841850454,13.219135741837045,0.674706984804546,0
41.38333053879532,18.68306402062717,13.50082588314227,0.41112240074833095,25.552583010510876,3.843055169577813,18.63064398494656,0.4814339388347122,1
20.709121222263057,25.395086631121494,29.821428006730482,0.5632960961442881,57.94973621252903,25.463095474959985,12.007883441444768,0.8612508776347014,1
41.989671387508224,85.13289437081066,1.061328700876527,0.29562166192256734,40.46477263724344,21.654952757845045,4.552429975537118,0.18452934044467606,0
47.386103904344736,68.10121622797605,29.30590105923213,0.7743821601634817,98.45368529171269,2.213220539490834,2.37751427130633,0.7924662103230032,1
32.49122355749441,58.88654352671903,22.6552488682728,0.3278833297064342,47.106668184861356,25.101329734061615,0.683599169976572,0.6833135421656391,1
20.24444925800664,8.830781472240918,13.974205495154832,0.16323588446558507,90.20248539175023,17.458413846030158,4.292301587962285,0.5474009443724416,1
48.4869217610419,39.703451730395656,16.690072961488497,0.41583499143200897,3.7284561436222607,27.72223957256307,12.766835536344631,0.06087984845362715,1
25.71537543692223,46.76635781860193,0.8475108385003105,0.15961858379159785,28.97340924359092,13.641642426419448,0.5989913870959962,0.865225856396587,0
44.43233815136072,81.88900050200047,26.980565680775804,0.2186911746324487,82.60149773377042,27.152461247730912,1.2685221976107928,0.6184597090124484,1
39.51597805764646,59.16076108066782,10.211007747811943,0.14685983963837218,36.264182811548906,12.645089033914257,3.698276376064275,0.47093709513809123,0
17.498624264788837,7.490624948717911,28.434241988210598,0.5081715391725268,95.73712081175326,8.470088447309914,0.6181005901877699,0.5665409628121485,1
21.163241953236202,71.04098191545282,14.84271885658358,0.47074540919817176,33.150509496591255,25.2048909437071,0.20136659129889542,0.6691734080156234,0
48.07192769134771,93.57050225768783,18.632073687018547,0.9757124592532892,90.89805576006138,41.29900828634321,0.4270002995981695,0.39792493083217617,1
21.554052619787896,32.46945451527881,15.017764960023063,0.34923224052395696,20.062779355414616,18.997281249422763,5.781505739976182,0.4874905742701038,0
42.1369025002355,86.50642232852529,14.263675386648282,0.3975468901344906,78.9901966718891,2.6836163145080745,0.7950898127434548,0.9550953420442108,1
45.00310161233433,30.870333893500494,19.38357817894845,0.5410750109841745,78.9266078173178,28.094431998975512,2.1075188290878604,0.11042314471959525,1
28.34501867394001,88.51873671841196,15.943231318586175,0.9234276802457654,51.982671742813615,20.76755335225349,20.112963284987934,0.858960399354994,1
41.84883205227701,60.53181339771107,10.941898474102041,0.361062194917089,14.097479147157866,8.210937158909404,8.331686894238537,0.6151642412936258,1
35.1283925667426,91.2648005318319,1.6168288107420392,0.918138740707576,41.08765678216033,21.408028984566453,0.43885013048110344,0.19534945411905003,0
45.28729905109911,77.45805047633299,16.95867805961157,0.7756142015102724,41.0161635644086,44.75830824017496,9.926126674137935,0.12712314043843798,1
22.00198230929695,31.43046594548905,8.343222930695154,0.9989030073158411,52.262711372928614,33.492856285845676,8.743264022427306,0.5784187685603444,0
42.774431443879195,82.50251309588981,16.322496695947734,0.2556571596663812,1.0230762674367289,26.997019980782923,5.091281391584655,0.9420519026267286,0
28.086674325288296,32.771316959185725,8.058074339372393,0.5087215272419785,55.87319369108352,28.54043990443895,0.3774564909179525,0.2531988429886799,1
22.500273344481272,87.04947088305424,0.6049796857590639,0.634639706241961,71.10794240200386,29.508590254953532,11.744724016190581,0.6516449670514702,0
23.752107533186468,11.352259084281226,15.46790503839661,0.90050380150668,62.512980598677636,3.7515472778519996,0.6721123471730345,0.14918384494806902,1
45.03869789795199,72.11229430579789,23.37046393883116,0.5891235204569429,62.40970992328163,16.1652180241915,1.0154040800182793,0.13174209052598296,1
48.90278097399495,51.04848961059872,25.902512674998498,0.3685170990033657,10.407152354979388,2.061547068057228,0.01217176534425969,0.29145286455735153,1
47.58905989043882,68.44816100575503,19.38057662539818,0.20839396879420993,91.78677000684804,21.115733175965353,17.32918640670868,0.917648418795464,1
41.63587175390965,16.98630619994996,26.673969314390813,0.4201740118011943,22.453602328900136,38.0550863078482,6.946789299529399,0.6667788105701306,1
16.774973299259656,12.03570217955037,4.593354715346266,0.9648515799712707,6.4261303324984915,23.850577724454787,3.2510672864027006,0.9593030069958814,1
49.33019995358157,27.56428418790277,28.130382248704493,0.1654339721040028,38.34113969590561,17.880843792284846,13.407958965288634,0.45974330232267113,1
39.96413464255426,70.51775039480805,22.569250449288123,0.5580240076301286,27.29740942030291,36.497803157978936,9.51277236025038,0.17134586981158362,1
34.658127384376414,31.753415281960056,15.909561748864927,0.3550897683030153,90.25642099717437,12.702011763757389,4.4528383669773834,0.3550104974131244,1
31.368036699079763,23.29558723750932,16.92504638502872,0.4800784379554468,72.78938661093942,1.6899480125077044,13.28032875187396,0.4719872366070592,1
25.15980131884971,40.727222443782274,5.838946743278267,0.9958522731801353,5.127459278199742,25.382398673694464,3.0814174709172675,0.21582500277947725,1
33.23545941452902,6.547956425506846,25.58097319456793,0.9671048474100973,97.96341200265262,21.447529152107943,9.166039136590886,0.017008966831187355,1
19.695261077038495,83.9044918027726,14.244486180144074,0.7439985199982787,14.619156391259613,18.220373251628875,16.039188503445605,0.13127848263623432,0
18.58257105673347,49.60971436852042,13.646151890793872,0.13638326886782945,93.19361171254378,31.325542719438527,15.907246353429956,0.36319754749278066,1
39.73442201449801,74.77791659416674,22.294125589641446,0.7285868806177116,32.026980108104105,10.915121410541644,0.044907146715864946,0.31901273432890553,1
36.979138024015526,69.1082463429197,21.49310110562343,0.24298503253731432,71.79269594601175,26.63157841929154,2.228875515655423,0.7529661140189288,1
21.096666054114806,59.74334936235511,20.03240921070308,0.5059938430965936,4.338811401603193,32.798287437283605,3.099397345562524,0.03956644409324772,0
28.82314911977055,74.2710302674881,4.578207215669245,0.23334304525892957,63.390206693322995,42.93480638570264,17.746398987097635,0.8646452703596614,0
39.1694869831387,31.923603735001333,23.394790162830024,0.26532673217592395,9.567299394809536,3.204487247913059,3.8406001833846664,0.5348700506189008,1
41.57951165996673,79.8392882427705,25.470776198752013,0.5003447969359928,57.967989137948194,2.700941839479694,1.5060555702912337,0.5848412073065491,1
27.423182317365175,25.445909631008504,0.9493390222720077,0.11163789721943515,54.713692779759015,6.7170569309556045,3.126126830795392,0.9776470914410167,1
34.34200506888436,30.502431386237145,29.817510870370466,0.6055417980584293,81.59477607357688,2.6238341595160786,1.3090979848904472,0.3700510789118797,1
36.88499716754207,15.38849691338218,2.172811511311413,0.6976828783959474,45.82272696563491,42.85490760196383,10.700906897225162,0.8873927310499846,1
34.99299155787992,34.92392489865202,18.002200581164818,0.2939556527855332,62.666372345849,31.87387536933201,3.093042558666558,0.782597839354388,1
15.450921202792554,94.32117298850623,21.715532177616936,0.5868825222671198,36.70396141000701,30.20181585236002,2.654035329932551,0.19219190834474942,0
18.90770889309344,61.70213606040686,15.357015865758944,0.9748484112438992,81.52922801041046,3.009861307390558,1.7673905863990553,0.9824432353719628,1
32.91697293222017,44.002250308230806,21.28792668086208,0.28414610719027245,54.48417737693979,2.605548285961467,9.834068859239744,0.31851162915491693,1
21.459553237552313,6.72022005429956,22.650069861761637,0.19515912292291104,4.883132210432661,21.88509324144829,1.2741823318966319,0.4169944188028393,1
39.925596643750495,34.69832029002157,18.942693187400764,0.5600822530873184,98.70486711753128,17.596837413796734,0.605670268922747,0.031303036375773696,1
46.87788225562127,9.51712408891272,19.547694199356584,0.16965324384094982,7.500096369774656,39.560695751336674,4.275933055482126,0.8736377048043709,1
37.6004181331441,68.05087702817954,0.09594999523732883,0.12001782969441901,72.82792432993857,26.1721736319128,2.890341913206643,0.17597328553751068,1
17.605930714349554,54.708069580003695,26.40460758633808,0.9276014058587138,56.51959952936434,38.296972325109586,1.8414006911059089,0.5134314733579749,1
32.704669096507025,85.54638921331245,29.58855663854277,0.8760013277769518,78.04465493030325,32.190733514642204,1.3274083503938159,0.4744484210883694,1
43.73131746752023,43.66777126041537,10.822319007045033,0.7598332941394281,62.64304341727791,10.85129528038127,8.7641766490248,0.17940985196233572,1
28.511788458841984,28.010791881917754,23.08891545717548,0.18342806502603187,90.98580491789039,18.325711026392625,2.6403904554428386,0.3911140808236683,1
17.85197264721424,36.128683968751474,16.219775755638175,0.6682904557630706,96.58842283742882,2.793120218733715,8.899997961016378,0.09969307891074342,1
49.639488889772544,8.884464633047052,7.456468897972542,0.5020000216677648,81.93059702290772,6.724249886961349,9.255304904690595,0.27035669232517845,1
30.30855676055419,62.64145060892497,6.3251013994827465,0.6155039884781496,47.7536444841767,23.860358445826083,14.42027968967638,0.8594177950071255,1
43.42687123465973,39.53867150989672,25.1753895608936,0.8073493260405864,88.55954750799884,18.73463673913044,0.63983653780048,0.7427105936587912,1
15.078768826463092,67.57740734900642,0.5568949627826714,0.34833899948231434,18.325740402798363,31.47744146680082,1.1026678405827304,0.16288263991804408,0
39.128092073603874,9.397598171276659,2.519645782647779,0.5808268639551978,72.1101930486623,2.054229619422188,7.5596387299491,0.3367959686558125,1
32.66981613288446,20.484555785557706,11.174727174285408,0.3909856454641232,52.195975317456615,44.73854967391239,1.515665285057539,0.5847435887674945,1
20.713965322325844,31.694008507108705,16.15398766141217,0.758608599262616,66.03528308976855,26.440908701180057,9.168526986667626,0.7523313935023245,1
16.21904926741302,47.571921613946174,6.0471470107494705,0.6346322759030765,46.993382351133015,25.02885605948938,5.4923168184517825,0.4316450218214196,0
28.358238193465144,45.31877621199556,24.540406418693223,0.7498983326901122,44.61548992039515,22.56511346907787,6.3818736131352605,0.7538187546366931,1
35.76420009504959,35.36740144753115,22.863449200940856,0.6428661188946124,53.20417606517561,6.235494452578456,14.633830977132298,0.5460494128020021,1
16.901874253683985,93.24382476564527,12.563669993233272,0.31952563744134393,8.47429719420566,26.184682794785907,0.4906007881594423,0.3485742611182089,0
29.689016383724002,50.77183677796154,25.482980394977005,0.22182832167215688,80.4634014680133,20.165020787522675,1.1548598676936421,0.7600726738849186,1
48.088636378618446,60.33555503232808,0.1926227658205215,0.1230529881239634,30.122472542036515,34.911368135046814,2.8915877246400647,0.1134466564365707,1
28.330269429342913,20.258257004620074,6.566507815207181,0.3572507018038703,78.15452399616488,8.279232932453752,1.7164607383862553,0.9631263246117583,1
16.216620458802666,66.46437174281013,5.974227152330131,0.22260873833560635,50.45649751954808,38.536311369051305,3.939131643229847,0.17224096316864268,0
26.034726227992955,90.19264425745111,9.811948455440199,0.5983642302053164,94.72417558420416,28.806839312401895,1.2281269963225874,0.6825125060652153,0
42.24839420390889,66.48575559078878,25.99556115722576,0.5263671399768166,78.13860386583299,41.8286902124477,2.0318933833311204,0.02750721318768401,1
18.801820474685364,27.583397612569474,18.87076636972987,0.7849871830300257,84.0915702903827,3.141382323795751,0.7739862702263214,0.4591752197112816,1
39.01255458888434,28.798169516313727,12.193157557048824,0.5433498667686175,48.594987265861214,0.4640956192878948,11.734482910684065,0.8880871691651918,1
30.81129432983448,10.445311197664248,13.525919724685114,0.3829573663240595,52.9982770477577,30.17449989070421,5.213921286192659,0.7036138855592455,1
39.11538482810261,68.78692406328358,8.797166333002462,0.44846230877724,80.47960498844971,34.44277836454575,2.412122609775212,0.14419962198051517,1
18.709569100269192,32.439041668240094,13.990664431925854,0.32060496846419295,57.536523409803706,34.81165440897533,0.8606899332813113,0.27889870616996404,1
17.10072338493981,79.36408640801831,20.64037529933768,0.15409719165976146,99.3612583644447,34.5523079543041,5.874248255424856,0.682888543472458,0
15.581219782756824,63.56604909851587,27.244986162245123,0.5376815928952922,25.71785823064776,25.261331462563174,4.455094603016225,0.022553915328123342,0
49.475165511240064,58.411578355455305,26.007974043942042,0.32057965672017946,10.61018805263716,13.951739295659145,0.8582669732519878,0.5731190115196738,1
40.978928147605004,43.124228904446404,15.366050857237507,0.37867591412157897,4.325500062064991,12.716729527817638,11.56773149805858,0.3198352118512823,1
38.79038060990196,57.1235761594905,8.168787252141254,0.1604701954695787,70.45220036616385,17.484405106189403,10.181349757409633,0.7779290247713861,0
43.04771392744561,90.70688654462512,2.3382563626869612,0.5012597848862005,73.27630405786945,24.004304160612723,7.166313918055943,0.4397202856106478,1
30.776611830447848,24.296551147647556,20.162831770285706,0.996279426724779,17.817673728804362,5.687601724099049,8.072207783481684,0.2727971978657501,1
22.975312265526473,53.33292872839566,23.672165868304457,0.9031044916759866,55.56985859774268,40.10170080414145,0.41917445892906186,0.6606537430797645,1
49.74018731454242,28.832968310137666,12.445371598178017,0.575672332277921,95.66372392340828,42.20841533743676,4.575889948222303,0.4786454467321499,1
28.970383009310176,30.540035990448764,27.824270959718866,0.9160791149466672,20.19303082161891,11.848021090717408,19.441278513708433,0.1803616108640842,1
23.355860779682054,85.60860375018181,2.4389376956446664,0.3306124083614954,70.5018427734392,36.13580166854545,1.8768228430790743,0.630741525603496,0
36.9929730351616,93.8342577685348,10.871346097542267,0.18274494920108136,9.312588487083806,43.3279359813332,7.036152384609196,0.6068852032060033,0
37.72145905793189,15.507846857589783,10.663416955131506,0.9785386566840044,51.18944891940208,34.36231667167538,8.757120168248559,0.6848922783077913,1
18.615501166539765,77.1944088575979,5.740572034771945,0.49561734646154676,68.07809129510846,24.86574792409723,16.003177784980174,0.9283452533043056,0
24.1404896853864,47.392728487263355,15.853238189884525,0.474149556204184,94.35127900764701,26.189265926905303,1.7007256421696897,0.35138262178679613,1
35.271874652259825,48.987669751697084,23.680042135260507,0.3124805895882886,58.306652550708684,23.924396383988853,2.8888444589291886,0.09957789103200176,1
15.557259014968785,83.49693056437796,10.663241998933863,0.291240768567131,71.37130801456144,44.58791239769802,4.427635485113962,0.5087239757544766,0
16.793626197274396,21.28991764304469,26.344036255303337,0.9949358692642667,2.4001956716261263,7.0224642265339785,4.634224066699091,0.7058058494327343,1
33.01181554692378,61.80602689067548,14.60922098462398,0.42137621872780817,12.802592047544026,27.981854421902394,1.7278375591906099,0.622898750240316,0
19.893458188821835,34.22767410371023,20.707620249378927,0.7491768191392262,14.372320928351668,28.7560389993514,16.169277499616406,0.7951875354201617,1
40.52504349269465,33.47503369754611,25.168041850533687,0.27929372846135314,58.093186290148644,36.14768288394925,5.738863296455587,0.8135973332312323,1
16.039391662429058,62.766547557536704,9.216199798167075,0.9180503115481801,11.196157315977795,40.051740242919806,6.160874154424309,0.6752284373271767,1
37.32276799314249,65.09696682493654,14.633230514830718,0.5095637565125951,77.93462600996092,38.442892768177614,13.948512016778809,0.7983519204147854,1
29.64409001154288,5.713810847684321,15.085737428336115,0.7637964799197169,35.871437963920805,0.6967975279799049,1.6219210095953058,0.1519586117669398,1
49.58031323789778,48.548709365564356,1.0988197814679146,0.42504193449215566,26.79629105239879,30.0562309371933,6.142419028128193,0.83981566823371,1
36.843953093144115,10.222393037296227,26.198213234947072,0.4998526642297294,57.81238221488301,12.364562806416226,0.5640344374461792,0.4668630200980157,1
40.91584232775096,82.27018332226046,27.650583553313886,0.7657613081063889,23.684657046996016,37.48935714031565,6.097671682899453,0.12281409691179868,1
40.396718746955855,76.46152690183847,0.49582681556145536,0.9433512998659083,49.00606967279349,41.65983992511869,8.498145600736688,0.6273042681898067,0
17.72667958109968,29.63713736619471,1.466568120127174,0.8432862718092918,2.236805049316637,24.079891062157376,10.90701924611839,0.017560767355957907,1
27.96449216558844,10.85603973071783,28.53138567912066,0.622415537566879,83.46839733508956,22.059900051863345,3.0074676974224968,0.6536976535390938,1
18.13894635008237,69.67792569445854,0.700754835553069,0.8909164094276626,70.43760202836663,11.96423807564915,3.167474378623492,0.055391953759285184,0
18.440413171828713,8.668372526025646,5.7992563899997585,0.6690186948131251,5.137809067474253,7.996914346489193,3.3287410601746563,0.8705931253344006,1
32.885504724566474,89.80008824064792,14.885777038956501,0.6307557729589545,89.43820899779406,14.434968972266775,4.770667319749656,0.2483694033526921,0
28.335231814473495,35.21918848155583,17.20460962656138,0.6246975113917304,83.3790149228532,28.200284075213485,9.18078963849314,0.8189766710577464,1
25.401453722733315,42.93625122929257,25.143083673995545,0.903914969002353,13.43956683328047,41.309951254635365,5.022257854608753,0.5101296289681109,1
49.46224795547498,72.60060255531677,29.454046700268947,0.5119446721705404,83.2493055872799,36.361396923207344,37.23251669007065,0.8719592660733081,1
20.519349945987724,49.53477801789844,20.76357378048779,0.3019238023337876,74.83978875053498,3.311921815860797,13.757837943443704,0.5637190435113886,1
28.631104868666085,60.14693463123653,5.864546780515878,0.1988779607363064,87.11538257897939,6.955106392110916,15.00649001958436,0.3934042179521149,1
18.039105578024323,14.88031154095583,4.555574624056392,0.8507147384820979,12.879760268779561,7.234305277125992,11.39952454831598,0.9832626093814465,1
39.35725803036225,8.920169889707644,24.43225086855686,0.9269152133631584,0.17931194794040817,5.7251787945110175,1.1836227400115342,0.10190359987964104,1
26.605933767215564,79.28097585029249,24.04132593854029,0.5680281187388011,29.18330023274961,15.997579061400494,1.351524723487128,0.9800854791348452,1
17.90262090391886,73.11001040446473,28.90412368521332,0.3353388744893471,36.89832846211857,38.97285415056106,0.3574431892803416,0.9787714031285887,1
22.986880015640367,52.80773663682327,10.023568037598753,0.527335549457752,3.0493492517893017,43.14372879515474,1.1283452274760972,0.6732951736463835,0
45.720682151705226,29.15420714091311,25.692258523570718,0.6323437466554555,13.77829491482563,42.14349229836413,1.7461951558181714,0.3203425986102515,1
44.594829221546405,45.762041472801286,3.1516050550906725,0.5589269271981444,59.70363737887854,22.90672990083697,2.0814723507112727,0.964395872743188,1
48.38464141392503,47.67407795242807,25.028239661040494,0.9539061879209639,40.28398923679725,39.22508161876934,8.700351853792057,0.12502746678873367,1
27.80860886708628,68.61297744063907,23.617041346369966,0.5417352520214883,72.84176774073195,18.6089604040208,3.2329962689935225,0.08980273032017883,1
27.950669480180967,47.70757261969253,1.3110590623258322,0.5893444113823931,19.844134482572663,30.309018417708828,2.7983827620038797,0.30219734285497724,1
15.717252367301683,60.78761322091772,25.59330314289491,0.6502940473405706,75.85952790639735,22.712002107544382,7.651640798729962,0.42545641131875367,1
47.78657930022775,17.84870970188031,24.955157692490086,0.7280536439366317,20.73014053109149,18.119429820237475,11.413646309156888,0.5999005534520843,1
35.02056656237845,51.045848320477724,11.321324741747254,0.5920304052299286,52.211550952547825,32.7876335029171,0.44191311582258136,0.6873672522223452,0
44.78020322549173,56.883442558964155,12.788529032286032,0.5824149389511123,78.12997628323934,10.718443222660426,5.789042657114695,0.9823184068524743,1
30.575255535295845,56.93306619531157,16.58361020488473,0.8177147427301876,91.25249678340744,30.473481372273643,1.5335789770773252,0.6385171323229853,1
40.756138274526485,41.25473011471397,5.672513019345287,0.8567177091280962,40.99105226626294,32.45898889155733,5.023496554759469,0.9453900233602603,1
16.055493870186236,57.70664841757991,29.887033301604657,0.5551540997103156,55.952732718248896,13.289200131991393,3.6235778022372327,0.3046374982389065,0
37.77785537857837,54.734519575520885,26.391893145051213,0.4696602858933019,28.773899955831027,10.37630006272719,0.07719630284898645,0.5394057956604889,1
26.19037007696007,55.10386782101219,4.358965982997129,0.8120012081518413,5.879611925433437,39.358706910779254,13.77491858859017,0.8729987447469568,0
28.75309966103451,37.7805880139772,13.731278942806266,0.5189154088339525,62.45482897512541,31.32292472680027,3.7880183425669802,0.2727610052817041,1
28.671330526709443,19.64069348434745,19.132046774874578,0.8773724467057098,10.999038548123751,19.43534391158761,0.7704572286568314,0.39545642599199415,0
39.33771941413992,19.265897119847647,6.859441604599556,0.42099392136845426,93.33101863046119,29.698028927915395,3.022422619652305,0.3726860593860928,1
35.125240642623496,63.988071347806724,5.401303111603322,0.6443027704883054,30.024288580171532,36.96516763814166,15.850213535162139,0.03424781674411992,1
22.349176602827583,88.04328777754866,28.877976951616237,0.746131850078955,34.64336359921566,10.644430313512425,0.5882330126587549,0.1931751279954672,1
43.3907184752114,82.42501530580802,17.881268406222897,0.9573768292929006,0.5264825934818917,36.600638914185254,12.59717258796858,0.5658661845747868,0
34.029305941424994,32.592166635953575,15.45887673543212,0.7589939882829166,41.1698921145902,34.715970288353574,3.3948530483222203,0.1252501412118896,1
19.79739446472967,31.503093107415914,7.530302712972452,0.634536445107662,79.06503018756528,1.223280791709767,8.043396101268755,0.947257447491064,1
36.734301746607265,18.586619368549336,15.21068781099791,0.2546256065488911,2.934465028430444,42.49435177597214,0.5202777487961167,0.3745883939555821,1
30.286330841489637,42.15651298332048,28.21614064870815,0.13442913493920716,11.192539853903904,9.863977255382578,0.658613486904482,0.18233789956251756,1
24.918116409655653,62.44574249852721,27.250360895146738,0.5787767955810763,29.023867516376146,42.08757194214032,4.2077368573795235,0.7909838104141981,1
19.960324178121457,87.64692922426948,14.442457038279807,0.6398315392207119,67.33142763265404,43.38415616620783,3.5832488305913293,0.06248221191690506,0
46.499090120371676,51.80966476689661,22.304920371193028,0.15658140871822224,91.05035064352775,32.04879454441651,0.21841718667590582,0.12452910481428903,1
30.791377527782032,7.3820886925131015,13.480550231414854,0.9278896985253504,91.1927024891292,19.370588596007817,5.039955825284372,0.14731194280411564,1
33.51330523236952,26.777915941711917,28.54675685356942,0.41857108070457916,24.850203280690387,1.3754627112996358,0.5893317692003106,0.8870643758315785,1
25.337451666831882,9.395343395696283,23.287565501312322,0.5128350753992924,84.09947913406717,1.0539356030817026,13.577631290062902,0.15060208259370922,1
24.076461582106386,70.67814554117763,22.388933060627856,0.9980460619197185,2.178612849320538,5.624185195278906,3.2534435444110175,0.020620402751737155,1
19.63212371666122,56.3550746895492,1.689688862269727,0.4278924716289846,51.796918956186445,8.51021673604639,0.6632028060689072,0.01089672578685108,0
23.990737956183104,64.34194058185471,15.202321487911307,0.3061980224095375,27.13552479037852,38.91627329214378,2.313765734209118,0.9689047396465634,1
31.85739003813586,79.69953420028003,17.9717915415028,0.756237432189311,75.85152553518414,14.890942134614663,2.762174205875043,0.5052005693793656,0
38.350979853511475,90.76002758968454,24.924337236403236,0.6301859638969858,93.18616828390704,6.9777667348213726,20.14549008389698,0.9827807888948039,1
35.63701603636048,89.5735173406596,9.324250929600721,0.22900639356020397,62.05770203203066,41.533912025643616,1.3768268081326582,0.1714772203050493,0
19.070071755470753,84.52693749036018,2.2391275359524854,0.32138909942776617,1.5182468949627381,22.622185383509642,2.524830998976983,0.09051716564054424,0
19.261128691582478,88.74333518570647,19.339503656275944,0.7533251720509766,5.823956821111964,37.362662290476706,2.793499330075427,0.7901437452210257,0
25.851623065679767,74.58185926700928,6.184790335720227,0.25379839745343963,33.34858522349751,38.17288199136371,4.041856868736056,0.24573088727620218,0
32.20611299848586,41.61785756772363,25.90455481486488,0.7580736007424791,81.74096461130938,7.889697270927431,0.5967304938865491,0.8994904942053847,1
23.58955443367998,80.41446758032536,6.412119991171749,0.8503773799509389,76.80808059528793,6.63074630379166,3.228720680417572,0.28406266746534004,0
36.95384383966954,83.45200719705286,21.84997835988915,0.23384006410451552,33.18807869408344,41.46729937346776,4.136881079544595,0.10953383438397823,0
16.593139104904374,86.25469066188428,10.879068545738443,0.17740693829310902,27.606898147685598,18.652841966179974,3.6523101212324107,0.887556316875424,0
31.0248028744393,94.73376750711864,14.35719362726715,0.8098587789582818,25.649155007747048,23.379626010604703,2.5301405384112567,0.2765046956024616,0
35.63599201088829,28.27288413731635,21.697780685670516,0.8216637059924424,12.435976056945874,5.649970172544843,10.5142748183728,0.04450317595442943,1
28.888668443932318,39.325588400961315,0.7379143855915593,0.7216848349176972,82.88914750872308,8.17464980663282,2.2781332883741467,0.7589889788260326,1
27.46690958600212,5.819125536525974,22.971805444747993,0.5727506566554614,14.215150930393893,5.89951682823536,1.0276525908476994,0.1643235733284224,1
26.134191222491147,30.501287783729012,25.775838636387803,0.9610249781292317,34.29017468662997,39.48187661991812,0.044727035777559446,0.11603665067607505,1
20.384117096518384,22.718697488607628,15.524152521718657,0.3574429484063668,93.66984540111498,23.799346836552928,1.0144246737983467,0.1310016426636782,1
28.69810221932393,55.40598807372084,15.343955233936612,0.48643938192163716,52.45590593571635,0.9287345474352016,3.264495972743398,0.982713704824826,1
48.107276875891166,90.63882185351537,9.914208301948138,0.42490817321004337,11.60866821515727,17.914199100305538,6.455607479219107,0.09866569800544422,1
33.074294084681114,18.208371620189936,7.573507241037981,0.44238038578332195,61.8306861190806,8.50779819767096,0.28051875323657893,0.10502347729902117,1
26.9279970107493,45.33821585444968,28.397519542912626,0.8133214091245385,77.54406873969644,23.014846647854533,16.729333496442628,0.729324862338818,1
15.20543092273854,40.073765670592834,27.473187595263468,0.1562742475034525,18.404027699399382,10.698441774917159,15.469707151844458,0.3395801359035173,1
30.8606602251012,65.82933509967661,2.8807134642348076,0.4721127546534628,63.642201569259726,23.673738533102885,8.986276277127917,0.039435067714205574,0
22.784142563432706,45.29793704085476,2.484227578999938,0.7062481599673165,82.2077982365304,11.660094669032706,8.053780458951879,0.724004785781933,0
41.074022806293314,42.412607319581134,18.823014395906334,0.3107909232676416,80.11389575338521,23.41872767432474,3.358661455639505,0.2561409411214305,1
22.85529672317402,77.98211264780635,10.486903521808205,0.9945084194557224,91.61504728133232,27.066461814392788,8.728623693313192,0.5712998867729375,0
27.17489407357258,27.15517680437038,3.025343088234039,0.8301512067801223,3.881085244952287,14.642390677083398,10.698814353166659,0.42093126280557736,1
41.24495699116721,39.99475130806471,14.133625799519404,0.25793184085545934,83.74795581445696,16.967575902182148,0.2724859689902541,0.2218775816363251,1
15.223984243066626,64.94642014301644,20.624323001150294,0.6190276746002634,82.1221661852432,38.81267233578563,19.70754334574573,0.34993550014901775,1
47.46692053445178,28.083482033443122,28.341175659933644,0.7763356398692793,18.79942840762081,1.5235117442863073,1.5760919802388678,0.13786454749092092,1
15.99350104659376,29.417111332429915,25.943895182278734,0.13203757290091717,59.679515865554876,10.139954869267287,0.07724154460403403,0.8374616200092511,1
27.251544190321454,10.024679849779773,27.7093952682179,0.2132461749819508,98.67436846547348,44.67134167381999,6.66048821509781,0.6049455110884804,1
43.31110203308518,89.07334879951448,4.432378134884809,0.3533041662772627,83.5092845511428,13.782461476145583,0.670287343909123,0.3784796110820434,1
15.077696531897853,92.51780427669848,22.10599941615656,0.8170934358515539,66.86051424244583,12.05552007257261,4.285244316059833,0.18484604483385692,0
31.00800715787189,11.207331418093444,15.634410504446173,0.11339655555471206,26.708544504270993,32.856930826565346,2.9419975286240474,0.2950410709158634,1
33.35521464459701,57.50995901457743,21.02465489880151,0.33081248050293804,39.871734896078316,6.698746453733719,3.739419189627993,0.6427155117218384,1
40.2110444421622,47.587502961289886,19.60511067515133,0.5712371104820255,45.27872342147815,10.138122643975274,1.6537505757881066,0.7786224479395032,1
49.37309232339854,35.47121876599989,25.75467968522316,0.3964118819710417,28.28109009940617,7.23621426834454,18.61492358631225,0.49572484945732953,1
21.782759762179708,84.22675163753262,10.644837674042178,0.24412115661160572,6.0229668923979744,33.249463045715146,3.3723506225263518,0.3223542006680843,0
34.74231550938603,38.98466242958854,28.49261283383957,0.12513938878841668,50.61222476108217,32.50301423811852,1.894844227041788,0.48859537616175075,1
49.23725995297197,48.59175885893683,14.504168720430368,0.2525857165531007,22.98507192367464,43.10070589246968,0.26097615215344416,0.05378831172609011,1
45.94159163115917,31.87563531091268,4.1399350310600225,0.8504396813915354,17.362467817969062,42.95803222964521,9.587850758191141,0.021890717781937186,1
42.535566102327365,34.32611223543246,6.691125634860491,0.45857177556553796,15.875533542209553,2.701094765341168,3.4881071155398353,0.17665273643487778,1
40.09874418688223,29.83102334039565,27.523369830006143,0.2816853455291616,2.458995335019254,27.217743163579776,2.875416615398439,0.4172174858129608,1
35.48554265354538,88.90665475938468,11.557834181180212,0.7095064420211449,87.8250571261035,26.3201538142309,0.05098026027108274,0.1581976438338829,1
20.68932222447294,40.51148750293354,17.749312828837745,0.23399910681870176,27.95428924318636,14.445313822768485,5.081792306640809,0.4190566381629449,1
28.066241684692145,10.595297909205078,14.782169217706567,0.9035644291697571,69.33618153137616,35.64097140246754,1.3352984988318595,0.6203391603131105,1
45.26675335923987,43.97627965593982,7.127411628454803,0.9186271717037444,64.44520519214505,16.74294238961486,2.4966085225015773,0.32620935925183103,1
48.99263548908081,87.55387051592909,20.447236581379727,0.9658133869248519,9.616722829640533,25.217245606999246,7.738921334421925,0.2755705199995977,1
42.85964677325984,65.61990045797634,29.912636828968573,0.1926369316736385,11.505161471460479,17.534900561621335,0.9918002832476869,0.2815058576037943,1
36.091700235315486,94.93514402774949,22.787792013353638,0.695495745779616,41.2590055388661,12.367566509666096,7.4286473634831465,0.8571189454716448,1
31.24907624101936,16.05492538295148,5.341855143128896,0.4132377296966613,70.51284433763713,19.040683280149686,3.829660918745179,0.565394099785373,1
34.16012366332532,52.40145984187364,16.779207219486935,0.31813335189670033,10.675896339953328,32.3721023304441,9.710324875877559,0.8083179864559253,1
28.52938017735699,17.083102136813448,19.96240727337351,0.8357529525697595,46.03712954258978,2.9471976650791563,9.727464386624261,0.24165374407764229,1
21.424425495124115,54.294511184759074,28.374576899667186,0.6151743210653291,38.923839459214584,42.270271764782535,0.57587869523471,0.8517502917269489,1
48.120327869009834,12.670948380681795,7.021852704916016,0.5251365034888626,49.511346760354236,35.56555188096269,14.762271777291032,0.32717649896407175,1
49.274712633700005,5.078851956315706,24.344422556551887,0.48358646601683086,84.28024521276623,14.621051656709856,6.334656637686715,0.8241141224473308,1
41.26744539981145,5.017229315995534,12.36576496476865,0.13156400449495848,30.572091281866243,16.36844970275992,1.3774997176437038,0.6851629509550936,1
20.335426674442758,82.8224730034981,20.58273398332922,0.3884004737328157,98.84731401067725,42.118493455015226,7.338308274493823,0.27526188263487095,1
35.51531287022599,9.85180308064292,15.812155429765172,0.20382583759340878,71.17660612521813,28.02773257103029,1.6860581749974504,0.3468249151625924,1
48.03886806927107,34.42487781459992,25.10417606188079,0.38271196048747336,1.3328374263257503,2.088518658061094,0.0499596754990371,0.8790469663008916,1
19.286855015254453,35.8178905444673,4.862310890875488,0.6955913157364575,8.832398739938474,32.148478110704616,2.5230514904888546,0.6034758287540294,1
37.857638721185964,20.88277611889682,19.904304638134438,0.1586000405797414,7.8709988612989275,37.21898556673389,8.985388381529246,0.4539860302629267,1
33.383147735071546,53.599272672742714,26.012622191644763,0.31462809323434493,0.8014903971879317,10.64301504001451,0.05020085863258941,0.3750765086742256,1
24.264001199304346,43.278811578820445,11.694459137046962,0.4688195756100917,10.771074832936922,44.0854264753874,7.679414051106073,0.7008576990146993,1
39.797498436665485,24.41642005699507,10.538492706622403,0.50290103270695,78.09799985659846,38.49873238066584,7.8201017923229905,0.05986470415776757,1
28.86527446117441,36.409086856772305,28.354844903666088,0.4200366613841994,17.278130319310193,37.868711238408125,8.619552178270531,0.9364276052235526,1
39.57537540733773,72.81161327819744,12.381184830449161,0.9171982421816429,13.845857270656282,23.448563059665034,0.3837563576501338,0.4966796354355657,0
46.63588652031414,29.376868502877425,9.741302588045407,0.3519728977792549,6.355648979660633,25.52455875800092,10.152803928131204,0.3520490079116829,1
42.21518343875243,92.13271812161659,23.170054611143502,0.2386887197243914,68.82676775307084,11.29084242280198,0.8153225693738579,0.8649204097688715,0
22.672569257039687,78.75689050348778,12.544089756340774,0.22311733994566935,50.45240011373945,31.33878693927541,1.25159152063399,0.3018989435271634,1
40.10135166550157,17.336748561925805,21.276765068892455,0.6254567057783627,94.1471618158981,16.449241048560843,2.036162498134707,0.4953778550867488,1
17.232662891348234,73.6708262826861,23.94528823948581,0.5893634258753506,59.06320782207565,6.3584892165178015,4.090110059697208,0.16322784520219769,0
22.28084346586632,65.08277392052908,3.625408107440898,0.5335142366192481,84.52355898761138,42.97909467421639,4.072011433698935,0.7143620837955907,0
46.8074006109179,49.030462387206484,1.7154888500658283,0.5585693416689672,96.88325006660652,34.077892135389256,3.927068144006345,0.4700366733341509,1
32.87145988076594,50.40431336687019,22.727716464213522,0.644630005077193,93.00658844793031,4.666105541497869,5.610684987033901,0.8759285948980651,1
28.239129589964943,23.405268076513728,25.451609994672193,0.1742328883169515,67.78434468504787,1.7527522476662,0.9789723606346323,0.8811059890254318,1
32.71327332668443,57.24822117980789,0.46932968922457574,0.6541822637230063,80.34805818993254,13.127726864763176,3.2294766551589897,0.2955345877109352,0
42.88202496498469,21.213521545564504,20.21068081588608,0.6564760364366701,11.19297512798375,27.259187049840698,4.276629765822327,0.3228136968017159,1
47.51370214343693,63.00766771323628,29.424429124236447,0.18972114214832336,79.56626669179583,9.153939954357595,15.850748976541546,0.8439953371833037,1
22.598621726733853,37.38556082565043,28.948410711968567,0.33604461825143195,15.623257079394282,30.44445063748286,4.722980885710924,0.09070974826134415,1
20.695630384733928,81.31139418808382,16.645059000917204,0.11618473458702362,4.192502437460832,13.517300546012606,1.5048240877279704,0.6275198752888934,0
49.338779496001315,56.85209171146419,21.517099327295384,0.33515143035186523,80.4846841220541,16.69615665105288,1.8295319131689745,0.39751680529130684,1
16.841824192903296,89.70820565852048,5.794155078721782,0.12511507941949884,21.700638753758305,2.217753908142925,0.7532095040772663,0.8404181563940983,0
45.49785186804552,10.5249027597389,21.669578620522135,0.9729015865479195,84.52140759115515,29.26400974465518,7.948551585087712,0.17729608763682414,1
46.18110542223235,93.92585916671477,25.25108579003288,0.364919592950679,47.88945289802321,8.48680802343402,6.099035732825035,0.6253974123472616,0
32.068375345759506,86.67071020480063,29.20921596626826,0.5130503610881232,11.226077374418864,13.438961160335642,5.505069124579842,0.1544445120170197,0
27.822087647913193,75.92367729549674,20.71729946679083,0.8578658946482424,59.339121043652256,38.48124477764688,4.27210884381721,0.5865139930264751,1
47.815626924177714,9.04208173953571,19.652122154147655,0.566815226438365,70.3475089770233,33.315762258911725,1.1964622250598964,0.23052408296279547,1
24.319567328054987,78.26254088391173,18.12428157251948,0.6527380021456707,67.23604678573378,32.72972176961767,13.113137697539386,0.2616282698122895,1
44.63705683748351,22.464521945660934,3.4731622006301546,0.2240032949494722,82.86749988724374,24.115212689509498,0.7556796953436358,0.95489968038459,1
42.502720112234925,36.078637968327754,7.325153023738723,0.9355007941744239,83.95720772014478,40.42102623454411,9.630732317428494,0.9001407177181172,1
39.85343525091352,47.98767145044266,21.67692664292879,0.6968180814664245,49.20783497653123,40.68813794312579,9.362584987820183,0.11795234515159214,1
23.018394038045678,76.54220159986876,6.5126082877962155,0.9616639418123114,79.71465267542422,8.274924525354582,3.379866310075066,0.5223318783948058,0
21.77211495861468,92.62754469515413,28.76879900211512,0.4684198697094183,15.152683212347917,34.09464368623416,2.7592750440728935,0.6619389760616143,1
41.65471121294976,48.01207169386331,29.809669737903842,0.6906668996229588,20.035884581070583,44.89245052537473,0.10814350405613017,0.6527373677773713,1
47.00616717080286,35.08283910514103,14.586848828057498,0.2918835850807734,74.97227694513674,13.127845555474195,2.20350817742232,0.3884006881058224,1
26.161813546792658,82.53779128970818,9.38946575336111,0.7848348793621216,88.09955364817212,6.779091037321358,0.9469346464274625,0.9468956715572161,0
38.04206449474074,88.4878250714172,19.58570545851809,0.3160461546341652,63.13573603595128,20.61022951407995,4.358070297853901,0.17219587334578412,0
33.331271546662265,90.6233762143095,14.270209218946801,0.6728991097479342,58.069603723735874,23.265855045106413,4.317336723379871,0.7721162026500985,0
29.241257309563302,33.12406423150186,29.704166999236197,0.5104288773014939,81.73890711144924,38.82053288634623,5.643516383513258,0.7309218513359274,1
22.524859310390525,10.027690064493395,24.225870759565694,0.3833610048019678,1.9862718997888051,43.03207929864622,2.1686474471137354,0.7489466685965332,1
15.404147314486915,50.79021641550358,29.870332829709714,0.7140841024730796,78.38720858335108,28.83257326196709,3.9271500173943528,0.11335551160237156,1
48.78495139594469,19.537482039391236,13.168166014684122,0.28557258754315895,75.49623206929023,12.52104942747676,6.818562861613302,0.31022486884226586,1
18.231464820042998,34.33632904964689,4.923895737882351,0.5430381424598361,58.049379675502436,30.07071501105536,7.1965982710271525,0.22056726868757437,0
49.93138066929267,51.06832837401291,4.900959291884631,0.6460822236803027,80.4460758011955,13.10555712056258,16.48087994169806,0.32733911355385614,1
40.644010593457324,64.31379353636765,11.583238633065774,0.7199880656394946,0.3453406444795637,44.292436879406196,0.10934656199139156,0.1690367358410122,1
32.565886152901896,71.31297246940379,5.986524360507868,0.943936005966532,1.5976074791314243,33.01078210284376,1.5801138169373505,0.6392039487379073,1
30.523162685390073,77.91018938797549,18.844572667387066,0.10163615410190237,44.53696968368281,33.499918755958504,9.087720971847443,0.9237879000114159,0
24.41711691824848,6.531014471403384,4.0693398956351725,0.4512406959716443,16.71411066893095,43.5944183430519,0.8805111514413693,0.15598445595650745,1
25.715748534897415,43.854537796780264,11.047901281504029,0.37394253676741585,4.454387294767459,44.8382611844393,6.525686852005075,0.4013701884500337,1
25.566609873850265,79.80335448858077,28.93522877094442,0.45708557185631704,53.285355599425124,38.366450007979694,0.5990016486399506,0.6894873490659287,0
46.47452374859132,69.71656253965413,7.340104365952231,0.5272943306238136,97.23274052564751,10.803867013981579,15.125153957732804,0.7159658002732368,0
25.6084774665064,89.80445316573872,6.232236428362121,0.9179029955948782,9.664780075546918,20.836220836894796,2.396418833601076,0.40111181303725396,0
20.875474265119202,66.63054348857358,16.287963668846377,0.6291887776315048,31.578238253602052,14.579159755137125,1.5029821809406956,0.8194492704336197,1
25.191475772075254,13.365309618527942,12.904390666143193,0.81487333727176,92.27231964457785,26.528523612365742,4.28087426183775,0.15849643000003977,1
33.32594431045864,70.70381596739047,12.09215005248676,0.11341918339891184,20.493159193723166,40.871993690644075,8.191416927954773,0.755475862398946,0
38.17618015193433,27.78281940255382,4.808106084558551,0.4239725423465862,3.3556938611178477,15.7035015971903,11.927735503071757,0.6080119431583647,1
36.585418265319674,44.18781747285248,4.935622775893551,0.9897412617043,89.90082594280221,7.661013629224947,0.7681833023312207,0.1663565750494228,1
41.0768698486552,58.17989980893269,22.18233858192853,0.9425455233546064,68.80405188640295,22.12050004568115,6.493392780864761,0.8897983633935644,1
44.452136489511986,69.68267821975367,2.0053166949415138,0.16876729629358306,81.43741398808241,8.596095919255047,2.272284938088057,0.35015828267935234,0
31.383443925099385,63.278117795842874,2.044832150095026,0.944223901021352,30.689233190266364,30.267130285109836,0.31908806146910434,0.729249681007688,1
44.27728887184386,47.73930254169444,15.952217923929597,0.9056288400284727,69.97218410292754,37.630008942766054,2.2383020389993487,0.7188503665147047,1
38.50318601685664,7.371478133753914,4.753255433251427,0.19971155360821152,31.0292138245438,33.40945630292103,4.026337993028553,0.20210029140237484,1
32.08401885717849,88.96331341555842,17.33685326112282,0.3735794498671643,0.302658696859881,41.348178792274574,8.74635669516682,0.02051983596764506,0
44.85945093487436,72.80708162436186,19.37768329692543,0.8204470941751004,71.9345481932191,37.05614275391154,6.879824995193604,0.5628894351808285,1
40.11383649026496,68.52476684930082,5.6441052985553295,0.10195917020350653,13.533990166684639,13.574085263596626,0.9938052158400373,0.8809307573811274,0
45.00593405820483,80.9693781954803,7.800082075330272,0.51610083184162,68.06979022894414,22.018450603931473,9.778942555691657,0.42151083025546376,0
29.567401625554503,54.65967961525462,16.444646091555047,0.4861379014443761,92.57888820542554,36.502224201229225,11.088391834804813,0.5408756896753099,1
49.789306503353046,81.46398631465125,0.9029939731019299,0.22342862969211802,97.65885136813698,8.618421409647636,2.510901616362685,0.39934899633324406,1
20.42933969068352,65.7581335846546,2.7042759780163452,0.2650769885071793,7.291735231925034,36.518323055945295,0.8868373507957973,0.9594948789698147,0
44.151216253033354,16.587816350890517,9.251664902629917,0.12566678029464529,88.78638810088492,37.82932442114416,7.070144418504293,0.021450500139161166,1
37.372715304123645,21.94849598388433,1.203214021525273,0.9181085586930295,14.042525003936978,40.47429049748292,1.0018374791205806,0.6405674400190072,1
30.817280679583376,14.798170599721459,2.054827174704479,0.19383676370520792,57.617353354679025,1.435942796742919,7.076158522726811,0.569422189723072,1
15.320012939993045,43.430652309278024,3.3816327253508707,0.26804635417061484,95.45860596518587,13.948472786415817,6.146872028905548,0.6465826729775529,0
24.926691445586997,21.969489035035764,24.443511044392785,0.9232783230231886,31.000779999956706,9.257486037545053,15.734987894986451,0.29460534001165106,1
46.087228254802596,35.10420466953206,26.507743179440055,0.30066476387778107,56.309078586852316,30.160342054819896,10.663212687623382,0.32641181572346245,1
28.80443304447242,73.61578620833474,21.94074410828351,0.9570339725732595,53.71136968124994,3.9191631279223698,9.505079227069555,0.8405828242045634,1
49.6730500822118,18.325888496964186,25.5074707419803,0.2519226696526302,94.9092032718712,21.094318023951836,5.563382280921156,0.49636234767414655,1
16.591839772988003,34.286192763246326,26.74016261416138,0.14883624642466267,50.341396049122764,34.57481781150391,2.0971392538151363,0.7701332776533716,1
22.43788508637896,52.62380799198448,4.115292046946646,0.4681354712115593,94.8266188106668,30.317922056031655,0.5787103977113094,0.14045416090477347,1
48.62580829501891,91.90497356721256,26.118798366139302,0.6869693935746296,24.990622479454096,14.69262150713909,1.954935085791489,0.1570991408231388,1
15.083882025852835,27.731601342757294,20.309136324339523,0.29204764217028634,56.77602595876383,19.58885629491278,7.7044614127310105,0.6998661695802243,1
32.416482834983015,38.788320960387246,27.490646119527387,0.11970861578621783,7.98713304672386,32.782912451246965,15.465294410865875,0.3394392890191166,1
36.38358324820071,91.33730438836423,8.088887090510887,0.614501731678432,64.64227749667405,16.76298959787446,0.9090261466990385,0.27249920277722395,0
44.43690293449839,78.88441975564342,19.356146629889633,0.32755332982394714,40.70481374934012,4.629541614532803,7.876566605935237,0.2814783206545085,1
38.50114139797191,18.959774071152026,18.83520860781539,0.8157517317129195,13.745898188065397,36.06423568863307,4.005928225766043,0.54930798466865,1
28.385162173252247,65.45110066721934,13.493236943973745,0.6601633371084483,79.94194210643076,18.466139862727697,1.3707133545915555,0.597332632262022,0
25.75360188031958,6.535610595304892,18.510993361026387,0.630628936427779,42.426645647702486,36.79639997949328,16.17024178409849,0.01736761979257473,1
26.226755396413466,26.82429797940404,8.935401225202908,0.7896253015015499,14.996687248897999,44.457855843661505,6.285934447124387,0.38544960605686396,1
42.90419015975107,79.38984433786858,11.73192684945287,0.3412318725441032,40.678217314211,0.9728715195944548,9.038800455532252,0.011146116388887406,0
34.40667834150186,51.80462638564075,0.6285523610897747,0.23399707015619212,28.979420947811874,36.68745497025243,0.5285214744862043,0.9403814318130876,1
23.991815520344492,14.357734378064439,9.442879220472843,0.19428383736470345,26.852806335095824,22.873443178523996,2.5754468649901723,0.6554062323367728,1
49.56389984602691,66.67870156154885,16.90395375261468,0.14996095291964867,67.84033092861057,16.85730214640294,9.544174667878426,0.867186784244573,1
41.09755525714656,91.32074162066397,11.917708921784556,0.9622870508213136,65.8055747694061,9.054428763761956,2.613217774893877,0.5482301810605331,1
38.071575596792115,86.46995668445622,18.90680392530877,0.8181036657583626,44.022041774243604,17.46105519608589,0.9622536171434117,0.896163952432262,1
41.67643359079803,85.47617378997866,23.014625071495022,0.26774018780409475,86.09929130780763,16.44286171490562,0.9282028285557475,0.20378008680916848,1
43.88542460188083,8.706823430337174,3.9196113302834066,0.8094746838399591,54.10588038345628,39.71189751094816,0.061542460700810014,0.9648442780676086,1
49.913852932551634,38.30497381100482,25.846352130007514,0.5846641690953919,84.2784756953455,7.469580575896553,3.4932170702200525,0.6587694103168238,1
25.167171006716416,74.39588908830542,17.72336678412597,0.3343028509608283,18.545565443236576,31.96425650206422,0.3220048591339595,0.8357434899276592,1
16.215923731869267,48.283483583536814,26.30340882287823,0.5427189213924614,97.73805632135073,0.8560372932154531,6.257853048408313,0.5367052961189357,1
35.687245457396266,24.221824065457902,4.87536577858908,0.9269533442722037,40.512778443008436,24.499096612354254,4.111339067857777,0.16249521540790046,1
18.47434416599892,11.289428536333272,28.69654133700848,0.9278792771796381,9.489318212486763,29.83690163104912,0.15231154399979946,0.8974561917442463,1
45.740659148583646,35.71172047468356,11.301810254861547,0.386302603161249,58.477582958571375,17.495592628740685,4.552039521908402,0.48100123640754233,1
39.505373760011366,46.27127255115651,1.443575540882227,0.36705395333407154,76.80768523976461,18.79611700870628,1.7609682047981057,0.9493359665873131,1
35.71759613983909,66.09917811390386,10.657730663711632,0.7160604238446426,22.2676017006752,7.0914799312231045,0.2965513214914097,0.9402399409225874,0
22.094340852439963,14.460737215651688,5.207920677922183,0.2804219787749765,74.69041641859087,6.9744794110942525,2.0968434812540213,0.8267444894688366,1
21.66043698464115,74.92437059848382,24.50523017785312,0.8574232996494393,62.04410109309496,27.19484476157167,8.669743454541539,0.4993539418608348,1
39.050268296755085,69.8943442328251,15.115972509645054,0.3101230842131377,20.09538318503916,21.993506020839586,0.8209110274001634,0.7673051034350825,1
43.85125184640933,53.27346568898749,10.82248767417107,0.798529964758185,13.679420145330834,2.195130571849409,4.403275792179569,0.9379727951249123,1
49.685035109821875,83.98293051484396,21.002646027829023,0.8912329729462356,3.5976570886420256,14.32260481964261,2.903897176133088,0.19367352812963246,1
18.74361706692669,61.78134063535327,7.091936997282379,0.5456431330543863,15.242242059518219,28.778939455723716,0.8061059891844216,0.9627194215874997,1
32.95532958235359,50.742154802134685,14.725613151053503,0.4882794876168992,59.37227542335852,1.9518830536713372,1.7054339913328167,0.12122610242875465,1
29.172336766028728,27.20602475191604,29.4295308601168,0.5852520432321239,18.049316954253925,34.81179873400936,3.088584669187244,0.41452306538455275,1
39.32518741706254,91.81741176323138,16.95679050164142,0.3954287214191047,76.79019571496768,25.03998996709176,1.2079374698348733,0.4308149406581828,1
38.060173633591354,38.02552817022891,13.219280914597876,0.5604827848887973,14.321106982777842,22.32720408793682,0.2727140123980694,0.7344767886213871,1
35.4311409248357,52.8422626314613,21.36611318296904,0.9658716953392844,5.250857583434831,17.595124011416875,6.912575185063429,0.27246810181514625,1
31.64097808846544,23.72592652733952,1.435854865771623,0.6264635684102742,17.20219212913542,30.248324555891077,2.0735358912638984,0.49621757263627564,1
41.17065601628991,63.79966042013697,3.694360199152408,0.6387237209236125,62.21773037250002,14.79444296714569,0.044321034221110195,0.10176192022366715,1
17.040036737769874,56.493807952328225,0.40080112526060585,0.517195173748479,5.6685761154288254,21.29301881368579,0.7814677922842206,0.5141040557196163,0
39.58839399446397,86.73060577047244,17.2215377944973,0.35398666388324973,18.197455876415713,23.857655075024212,0.5581003150867337,0.9723482396666112,1
42.56539309626504,28.200686487279842,12.094427972525805,0.2185543347452755,67.71969468078713,23.0258276101606,1.931256511718514,0.9918746543313584,1
24.860121941519168,49.935439342201825,22.42922863881881,0.20208185085924385,59.558042641031136,0.4042993674806189,0.26567422086440373,0.2970867355770338,1
19.577000059519744,36.74948293413742,12.648183912968328,0.4647783113494547,1.7734902137061415,35.08354943997815,1.3774708426065696,0.8604243028756412,1
45.74867020318449,88.85683410758512,11.786736771974685,0.878350608964752,1.9509914414319263,1.7723508607741922,6.712232666348452,0.4425060304569651,1
33.58556561357234,28.050986194870063,29.974481634285716,0.7013947790152646,37.26543573064248,40.44968606695357,7.4197632161218525,0.3999606206188241,1
49.329451836992085,70.71793100947369,8.252766285166338,0.8458522383304531,22.330260398709733,22.772033302906667,0.4349027815688494,0.33499510788376086,0
39.06280158455783,18.569204233676395,7.893239210230857,0.8991967616209302,41.128542883133626,18.49389492368269,16.889568364516162,0.9651683465517485,1
49.32525188426735,12.605584098920263,28.183616404884834,0.7765544420209379,6.116045489676791,15.569178989932158,4.394426642474152,0.539544939422676,1
43.17815904553174,88.91290000739556,8.61803127866656,0.24965849956123193,32.611103121677985,2.5110744767069098,4.0281304329927075,0.026976566595006024,0
41.865366850734205,88.45974834287806,6.366028126708644,0.612950277825989,81.24224161921713,24.89580218159928,7.63253049989538,0.2890496710148357,1
42.621205084649205,11.943058327646703,29.359056669500674,0.9561913118765528,94.61493028998204,12.59195994461588,9.519804534438281,0.9616938123223542,1
29.438986999585858,14.143067878249177,5.732764542862547,0.8425131468795577,54.064084758245336,30.129980809627405,0.10564283798900015,0.14482959848416732,1
39.25004407920025,23.099757284698313,18.83892500664598,0.30971536652464204,3.0622333790803924,26.92348915976041,7.179666074771033,0.8407766098267314,1
43.598994879873146,51.03029073054329,17.660713100569907,0.8568635742410659,12.519501927439581,13.884158219377424,14.44901818647756,0.7093406549100129,1
42.881192915009976,61.86703358177776,10.335386014556626,0.3846135976232967,13.76066725345597,15.012624252124862,0.47115365540782944,0.5020606785147529,1
44.38391128855373,6.567298920447598,26.2983615814522,0.12399779156408282,82.79501096886119,30.734506426946233,2.0079528040200807,0.9365697667190033,1
33.71279822137477,12.751526398248199,28.045093452037463,0.4617097891038997,22.72348765668034,41.68988720868936,1.488396712725556,0.42624619887594084,1
49.1785289318283,31.162522446457086,25.078065687328817,0.16880136121598321,67.67318336643258,27.92318834066193,6.631648292959663,0.9264254299955909,1
25.078669413849084,52.253759563762316,3.7106113336343927,0.39824366969553293,27.149914250964045,19.22359487396308,2.5100905429062643,0.37487519111562984,0
33.35795568430045,21.21422918695396,1.1105535800813526,0.6399020852926263,44.92934901123188,37.43196002935376,0.663586794429708,0.40141771759223743,0
26.760537874484392,41.15923076835409,29.47657350341124,0.4104412171813191,99.20408346252282,9.794134128657145,1.685331027849311,0.6155592019794686,1
20.133296893288446,41.85136299203003,1.330339292093331,0.6518257008875571,27.276917888577135,24.02731261429061,8.099452636904577,0.798041154345038,0
18.407010726085538,36.77695970291872,7.380127689124,0.9638724402880775,72.19803144895873,28.700549466102103,5.190749684467121,0.784640036264278,1
39.76042621379354,16.400664035919014,2.321988765358717,0.5088129019761326,3.6369854470731267,28.465228103464376,0.17515253958645932,0.875517259680194,1
20.601516061593216,74.57122278823236,22.736868507219963,0.4371578022961665,84.40828111376747,33.919811942329936,4.398264972947915,0.9727664108574391,0
29.498599541257445,64.98844941213534,29.668668614005632,0.6749183004183028,42.31824487121762,30.463368476534402,0.5253061952034401,0.4303109448395067,1
37.0398072025087,29.24505842787556,25.602769962901196,0.8045192199884017,59.45792772810429,20.448809522606187,1.8352098290875785,0.5917008188478167,1
26.117689941547674,62.763884209791286,9.666115890732119,0.516535820652165,98.57585568082791,9.113171869160691,1.6765068265569787,0.326605328382075,1
40.32585689022511,42.96403079691827,10.377868832983236,0.5443978211492487,98.76780071875565,19.178858435082834,6.55895106463233,0.9482968503904322,1
34.46726148229064,84.95318186198271,6.33929502638508,0.36701544088716087,89.6346922959107,8.41997182461602,4.627608834092557,0.8862177319223347,0
41.41152998810673,75.65076697200134,2.5248258474029814,0.5761107864489424,98.79723336957021,43.070062798217364,0.09009832395517879,0.6140936159913497,1
46.26648412328124,92.40999729420388,17.832032608634282,0.9481213531327704,65.33848847907313,36.63731660583633,5.322948945921792,0.37981297469316455,1
25.129206616301687,15.456456744514094,10.13502029188064,0.41226513670522436,47.63645273497128,40.104942804255515,3.5529835152373748,0.40277115389017304,0
31.327786572518896,48.50887467397641,16.39999665102837,0.7878732632477051,66.50600193636247,32.124334190974736,2.9029058087609716,0.32827037642906953,1
32.85499683713565,88.68067850435358,13.557820267921592,0.3875388175528107,8.192623440729985,9.667686387110525,2.4816280860320785,0.4857511319865453,0
46.243942090476864,85.47372431729711,21.249157162652928,0.8462189058640199,75.72844336269824,39.58288642414878,5.882194205022902,0.33960168805239654,1
47.091704483330915,81.23847051640726,10.537490644139982,0.7084341804302569,26.136105023726586,0.493618439355169,1.5081663889526433,0.4476158621562366,0
40.07109825037092,91.07256429340616,10.204557760405686,0.9927208787445444,27.895460419106566,37.26310780720414,8.313209238818569,0.5115147899204835,1
34.77506777963431,50.03303380137683,24.31148879231295,0.7984756871569505,19.655514027611765,22.640256653890063,22.871393692508374,0.9671120813112428,1
27.074161441591688,52.72406358636998,15.696560756556275,0.6576312621592456,81.88681376469282,24.666979846040846,1.4017120440424755,0.5940589016110716,1
23.71248470772808,16.885621039835,10.190408997456803,0.7405959937457174,36.02498996408203,24.80417203906026,17.397308623056915,0.44055675339492595,1
45.807675321498145,93.9738778315261,14.205360256070666,0.21685638729901624,0.06441692063400284,17.51964087082132,1.8573932073661288,0.7822599632086502,0
35.55480925038896,92.16568378291191,2.482986765501163,0.6904313052713984,14.023087292703062,4.53182296164915,7.189262941839022,0.3614945327869712,0
28.45345161779759,86.04466279436528,27.45983033172618,0.8493535883575704,38.43753655561287,22.463822770001293,2.7231543109632526,0.5513864892384057,1
37.222286041585036,94.5295376925105,25.24621000454349,0.843281529829622,48.70607173045265,35.14212570398126,7.292671785771185,0.3759445333764919,0
27.61389098576795,20.85104078375774,23.373578798628476,0.6028652949737461,28.516621975622634,42.67007644669674,2.3160769250491957,0.5656686241364854,1
33.92642798342297,61.9539865369343,15.858286840766475,0.5079495722804712,35.04599704426726,10.971068779650441,0.1025070353473726,0.17096976007857712,1
30.001482470419077,63.202074089925304,3.7570296028033012,0.9433645427204932,38.60166878763963,41.61892690165612,0.11869750833056833,0.8662420624984931,1
42.57037994349958,12.447779565602808,10.27995888012373,0.12842392753210158,58.887660742217975,28.195512182646695,0.25087717841216467,0.5370163477250892,1
45.71861546575056,33.09881625268068,6.849735542986524,0.5583286833370618,37.04306255963662,35.31888734365002,0.05279082332531648,0.6511264061744714,1
27.121188104181975,49.26053372079471,8.498137481280327,0.13762491636513685,99.33137411978659,35.19943461779031,0.5767935497482364,0.26174431461615866,1
39.54901216597165,70.68186900457128,25.040900990492997,0.338891572046931,3.56540143184223,27.433217087972345,2.6256047371363933,0.8154407752080014,0
44.11715076703143,57.60425929902709,17.809159229298434,0.7859122291043842,0.26467131608258754,20.24461594494151,0.9605694915316867,0.8838901431656085,1
46.96142519979979,5.518959367296691,4.559966859316507,0.34079642039715285,58.82347260822834,34.17901409984268,0.616291316693254,0.8981945871295687,1
46.87732494131856,12.222749955704828,23.927611103509058,0.36394899582844564,84.53382956606002,35.22287911330378,1.3719557414194885,0.8279689096769599,1
16.563496845769777,87.94837653954767,20.790748513699082,0.7261141578366728,86.06778483770915,26.687910768882837,2.247700418420782,0.44132276020396866,1
36.581291193197856,50.904549858379184,4.869324697155496,0.8886873718883114,5.386473087203292,6.973696042181724,1.724807590012317,0.11268439702994582,0
17.671100842833397,74.94664009982898,6.452256292540186,0.24793763056036708,99.28466476953089,7.515046499945855,0.005565012255177823,0.19075643303401169,0
37.31248496934657,43.57760568395615,15.036797924129063,0.9005815961977103,36.35035967230353,28.32597835566016,0.14541529313709523,0.5824327735563094,1
15.898426684039396,58.198865553648034,23.868353917577277,0.9320682160128833,28.188393040168393,26.64495192456898,0.8867840115413446,0.46631941393812015,1
16.232830006755975,9.835964239603424,24.988736774762422,0.18515373409196562,80.63598836628118,28.295145328109538,0.3847988575831504,0.35794734982561305,1
16.20592876467779,8.975872424685996,23.43346327134653,0.3117413136581602,90.10627611151247,13.862553704945364,1.535263326802506,0.28499929092500387,1
46.46873883512836,34.07399889610128,10.86845292890376,0.5995488958698559,34.93536538713272,21.78821525187837,0.7660752029878011,0.47808054694130064,1
25.78547297699633,5.660273472175572,16.13829367940036,0.7197623821162711,11.210291367149082,8.450799403145941,8.281826805832909,0.4562011746583816,1
30.520842176762194,21.628030651117776,22.204503498886314,0.5143005021761557,67.27477114759475,32.68220183079282,3.3682589447214877,0.10605359245926438,1
30.463267798340283,18.803924407951406,8.37928619178199,0.7878513091554356,8.100088698797148,35.47454653795469,0.4945281655524404,0.6936965369768262,1
45.40373634226188,23.794310347118348,17.58718443498339,0.8485387902548565,9.474991292843216,29.175798573199007,4.048309847721852,0.9166955166697087,1
30.10016011453215,28.172519939365777,2.4685467343030187,0.2399030483280807,64.01489755694895,23.715650635965172,10.850278155571623,0.20576884199159662,0
32.28833393522804,62.5158422570986,1.901420236530954,0.9533925303559994,25.58966061431954,43.853536386573545,5.227932076918032,0.23971744914809723,1
18.148280262256606,67.44098855223142,9.509784426309388,0.15968463178700085,8.84416888848233,18.68666305040442,5.786009307235114,0.6800066425081094,0
42.30870959384393,27.22331528489829,17.246736983903908,0.174009698639114,11.657048562987116,27.694949105983095,4.75111052239462,0.6031392556315143,1
31.03430676984027,48.29262433240414,2.4005579347950903,0.21207761112686574,97.18510458603708,44.293069903712414,0.2232678677550037,0.30270904354627937,0
43.01894235139151,38.05106107545193,23.80410707962196,0.9935196513776211,74.96438110193498,13.904911447102018,4.624730284517939,0.16680857372090674,1
27.19658490677927,63.647255392071045,5.5841953277848875,0.692458904954109,59.24878902577314,23.137082639927414,9.611667822418703,0.005978470227552712,0
25.433292888005262,37.53916332836731,5.963803335981539,0.16074776433043633,11.969993750687713,43.94701364596186,7.123669751433344,0.5927847680299391,0
23.93145131766551,12.427251069936137,0.6632100606306734,0.821321557779933,51.14198382178038,35.96003101952675,7.228907869050298,0.45986697461914483,1
25.54087133315764,87.30221272969544,10.844863310044534,0.45341606435293613,51.72898590541142,38.81682318601295,4.038561649674428,0.1183654839220959,0
44.26966471434976,13.172768612501484,9.509165724871691,0.27058119080517157,44.780260811643636,9.990585171245304,0.014030778240329809,0.2691463542544339,1
26.57932047234874,68.3255284945864,27.794269991957414,0.3344746869133327,14.093225340671566,14.451910325226747,0.5149549555281558,0.9923771944592675,1
41.936846178278316,50.29106583904394,27.21930370090619,0.5698146584378513,28.631418035384282,8.131629538800684,0.47626128230582443,0.3230069332812928,1
41.86660830529199,86.73358024672261,21.00353853172047,0.5848871354788286,8.465526604383033,8.447288384574922,5.0857274664420595,0.5823480345554612,1
38.16215630277122,94.84377023659775,4.834681281207176,0.1810729406033924,37.992877867684804,13.712512750586118,11.45386182862612,0.8067381818681237,0
45.79145084346229,94.73197039365309,9.393009079971225,0.640301904116822,78.12959856289807,10.634009392386204,0.8728835155798019,0.5945682171882718,1
17.68908732737781,75.37001793447453,5.378405580347484,0.6913890229563129,87.7444728837746,18.978047364632136,3.6982868383450853,0.6747410673739094,0
29.208696324903755,33.94653798605897,16.523836719532817,0.3497340212761989,41.114391039586096,25.91319760608875,1.4293386532363965,0.5183105930002884,1
31.97977239317295,27.12802384612986,6.867281386704606,0.9172048931209099,65.71115701524049,0.5805151143163645,3.0503168920572254,0.45068506696299426,1
16.312896701197722,93.4728236171768,28.2706917734721,0.5057694702563423,30.2516191679834,9.431478820319633,2.09597519279236,0.06618590920369027,0
23.89565407221878,79.36472179951745,10.537000889111162,0.5386899736170803,51.936580412422316,10.898473192733128,39.974473582133186,0.18729794072947148,0
35.04867974287447,30.606029260439676,4.900290738818647,0.7844396140530984,22.240009539569826,6.366290279101959,18.776846927183147,0.8211061556654614,1
28.987677984292173,38.08433278866675,29.622612553192468,0.9980669544836217,76.54600112852613,12.0478145631897,2.9487902497862617,0.6325071871441611,1
17.607836257349362,17.98909924095154,21.388234628227554,0.9294021889131868,2.440145584700293,5.623528038569911,5.311565592238859,0.26988298707203495,1
23.265864554347772,48.19584559930229,20.883286889687625,0.12837503224942157,29.7373861998533,4.76452943326237,9.41624957124898,0.4924582120566642,1
46.899516322973724,43.37397768153625,6.054785617111831,0.7419168112631428,98.58378245144962,20.572762950888606,2.7706109891126434,0.26340875497518734,1
31.888723045649986,30.10555008636114,14.706708146065816,0.3654471010912502,51.96164615185316,12.3391583906564,1.0307354390360077,0.10798100278410394,1
48.05416197686221,68.80907680001519,18.458041749120724,0.40936747546621843,93.27908957313173,22.197727467386997,1.6348539241597473,0.4289588311293785,1
17.317816746693317,11.719715186449655,0.8008647751367082,0.8867741646429036,72.91240137397232,21.867363158661487,1.0345815829339988,0.6731515167537916,1
22.376510198397682,16.159551973793434,16.50981919650887,0.35220856908763687,36.085415849119975,9.488546121202473,2.254239953540689,0.3052994544569295,1
15.547107886092128,77.62932949027203,15.366498164290858,0.7022704418052238,88.74248977735571,10.229842968357204,0.33345222486007886,0.0377615444146695,1
37.16371410785402,58.43536258369734,25.632702024631378,0.5823374146995467,77.85410667282527,21.94273556802993,4.18115139233155,0.15714456574706448,1
22.379698730394093,74.46804648174913,15.642057104237292,0.7807894764251602,28.469786849741453,3.5779473835269755,0.8612159869384033,0.6962273485197762,0
43.86123931449616,9.883808000938012,8.262815785685957,0.8089209782943487,36.44366020254219,1.9499079953551224,6.309311503768711,0.8555996445714746,1
49.38171620048746,21.507673235098487,5.121478811658701,0.2612740606551428,29.625121960463986,18.05623357817136,8.499142667370958,0.04375117608223966,1
25.81442032345756,76.23412050414346,9.865503714900184,0.4767934666707272,53.40453254005087,33.54210510333339,0.39323999030794954,0.8302968126820807,0
42.07955060179223,19.640634320744624,19.506955195069448,0.9969711223691846,19.0859632081966,11.021038938382008,1.8348600263583703,0.8962100763283184,1
43.47044139812742,29.12654528451962,25.585137002502172,0.45717119027794506,10.63414767633879,29.891968453530623,0.31513557466476816,0.26178251436232547,1
17.105482266094,19.131469156375317,5.537753570955665,0.254271011503931,77.59303453425494,28.926806445919084,11.545990739413377,0.6601830957708972,1
45.55326054362641,47.86465490670759,13.981661775744266,0.7925251042576723,16.827922231113725,14.211968153091256,3.221332974664797,0.7890320931256235,1
20.557805122081085,94.64689348898017,13.998856726165966,0.8912271608535115,81.42672950826724,24.349194439376472,16.39268711934327,0.9110180342199529,0
21.31145788626808,7.227861645971454,0.5371005747439406,0.6628854835813593,84.24820108401111,20.743737602223366,1.9121131090560683,0.6329938522791267,1
20.907616498939312,90.00799458274325,8.330109493391692,0.37855033296351015,0.15852641891362929,35.15017475919662,14.162664303731798,0.965858793230094,0
49.870922418126916,27.609752895533862,27.09786192013244,0.8360370915165983,35.874532695892356,1.6096445754037914,4.972223249282582,0.005300867764761241,1
19.89438303536384,21.88028171107458,2.434327673158215,0.2775731738899615,5.586285718032946,33.651377258486434,9.828994301097875,0.5659335847843294,0
37.814672154411696,91.72430595767317,12.226209947719935,0.38520798031561887,57.75248254328504,0.11887031971209217,2.251352313774823,0.965963062943197,0
17.902464997327147,62.14645612686899,4.380216755213872,0.5463025294516901,83.31982169131912,40.61690056807071,3.1573274942246017,0.8784458500345875,0
39.87249645636671,74.56054527212474,20.900112616004424,0.3514688379333998,83.15721418189473,23.810916462244847,0.15253994574243163,0.2824554913358467,1
48.60338897107114,85.36202700675251,11.129588164918113,0.45845384510003284,42.56598378847042,14.480702204041062,0.7577169081713764,0.9334207181132482,1
38.82219589436633,67.48318769184303,5.883599547703872,0.5526610675691309,18.510306450244208,41.04511588235354,4.551898682750351,0.6923395112240585,0
28.782563031980608,29.260059582032227,13.380816257216146,0.7195732164517031,60.56068677588969,13.66012192223976,1.0399244857513297,0.2092479807961296,1
21.172248548328884,31.59092687313532,19.603116435886257,0.42925654817378733,11.447756441742584,3.19490053567708,4.071542043886685,0.027953872119702017,1
16.49437096863014,19.10881906039037,3.8331662633287786,0.8998439367973818,11.290512313145229,27.14029738032531,0.3195094889982711,0.5070316663402367,1
19.19346938752893,13.045704176943692,12.668523192453591,0.1377969250910269,75.06491824138426,37.74840102622859,5.507797927891149,0.55763941077207,0
19.92657113664614,74.93537743666751,13.16004499108084,0.7074794463605938,73.12830190649238,9.466070111515407,3.9037663485406853,0.04357019555520636,1
43.78058208470888,37.51677671102248,23.600549683768104,0.8816906926867517,98.2359938768191,14.50536364275501,5.306903575848947,0.06415201521530656,1
28.418983161824755,67.27621742275691,22.265056308519814,0.9455715099437797,55.686672904446944,3.8031227650593626,2.6990926144578493,0.44263974969785314,1
27.972475976319714,19.216986740826293,9.124669742345286,0.9407161495152488,1.7100608504670767,17.5132700501663,0.7059871799588796,0.26625729914540996,1
21.576237325613207,88.32778838273781,0.020251172119157834,0.810340302274298,6.797879962175946,42.76880011980509,23.485039718509345,0.5039202782114104,0
32.260015428061756,79.72762201914817,13.821697502134011,0.888620227731761,70.99405999908146,21.764738832133908,9.954934898161014,0.4013554078457896,1
21.881609078094833,27.587676437035736,5.937775365724448,0.4553847410975693,19.71737417591478,25.429051376390746,6.808644235437354,0.7762585802477178,1
23.096330423215548,68.09913401234417,6.804324219548122,0.37889432926619426,1.7113821454135647,24.975477126660223,9.13650525826105,0.7461835866869484,0
26.24802786836061,19.475513749224525,19.954578488404888,0.9890645383363276,74.98717735478894,14.134280229968194,0.4097674251780075,0.7027461004297971,1
30.41582258341225,42.77662040154795,25.732444686959646,0.14775686595857768,68.4743844097253,27.441373846030796,0.5768816610919594,0.5901726458749839,1
18.134919314727032,64.72488199476132,7.035862262920896,0.5862816006606367,4.776571834062993,8.45655707313907,3.5599202608360607,0.7762285023692314,0
26.903517949943275,19.949371788230756,17.052528986227653,0.45597517505357343,92.07485854816004,44.4133642643106,2.1919009534449394,0.729411281492025,1
15.36066690583579,10.217289392982073,1.187414221968095,0.7075331921873972,87.53277175210454,14.609006321434379,3.775999842236082,0.3058375814697034,1
33.07126405131004,22.430492360616906,3.9876564306575646,0.9864911894052442,55.23237947511208,1.0017243157306917,5.265151364432264,0.5547507818983841,1
15.303417477446782,44.79943942092793,12.417237443407913,0.44363438779515874,41.52627777755467,14.115891867111808,5.092226593805089,0.06766568121773453,1
34.400515002180526,16.559185591797387,24.09856367304701,0.4052851152965542,3.230611652184545,33.56217274151422,0.45194230182948203,0.0694394385117787,1
29.411503164244593,33.384623888381334,13.178683747267549,0.5943008907116069,35.8850896121113,7.838670150257576,9.140849215630954,0.9086733008519967,1
21.611333805050933,35.92401300608577,5.826093285090813,0.5405871842434826,36.10811981800286,10.811004455534968,0.19659854217707853,0.7841891966311273,1
39.63755502109923,44.00526678991392,12.735188245359266,0.40559763484388633,56.44404684561148,16.26530850246385,2.7501995159337724,0.31784830044022905,1
34.711668320700156,51.64558940803902,27.577663846023015,0.9017212535216803,93.26149685464294,6.731227042830013,5.581116748990519,0.4359282335293332,1
33.294092161534365,35.48497697403149,7.546821602463702,0.9444326335359312,1.5704455269180073,28.661324368990435,2.657144504865806,0.25636129204462443,1
45.412897632206615,49.391023541401935,10.631964483292213,0.3637939445605458,56.76136171482088,28.530886747361983,3.0956756339900466,0.05924330630362229,1
42.3139107178556,36.4879510859628,12.787397751917727,0.7608369432086491,61.0502447078389,32.49787545354821,3.0538446389544998,0.4854774639890719,1
41.24701910526054,14.936531371754961,13.78336922355626,0.68383830521922,20.99348636272226,19.377968825648416,20.29222694328615,0.9884056683899828,1
21.06396885639672,23.200047495534264,24.62024605056198,0.5263809207886267,17.46532381383423,41.38305083017374,5.473876660672829,0.7953674907117263,1
23.08635801804749,79.50626633162337,29.306172572277287,0.4337974939590685,21.055302326631764,16.362650572284917,6.8924561822366,0.013784583582717502,0
25.63592103630953,71.99122824875799,26.0115889634961,0.28591610692493197,66.84155887243773,1.7078059470450735,0.2319949434494631,0.6585567027189465,1
48.484225498957414,84.68576251526142,3.1069916337092005,0.3315214148231749,84.10826521042402,19.168281576743826,3.143808010698093,0.34389542229250003,0
16.190756684134133,10.51784120781236,28.93990304612316,0.644846640879611,68.18603131930786,40.46673901559403,6.097426421808909,0.5745054901430856,1
25.08011871547445,61.35093820041933,11.52577652680591,0.722044952397119,11.61210924539262,40.05724128030882,5.257563764215813,0.750259244324743,0
46.92377402900212,26.001418060083832,6.868168832638586,0.8270590693326292,96.44304412856683,7.338601012438108,9.506223849140834,0.14182533600680747,1
32.248966293125775,94.90653788762064,17.240345760147918,0.8623360162759073,81.94366766514791,12.61025563954967,7.551693186549416,0.3008142783603249,0
29.578191195961473,78.95256796822491,16.54874381395441,0.8444748006146106,49.35372159444324,11.442752034104428,2.916576823623594,0.38230113842604074,1
30.579168792596825,62.43506658819248,15.351505513024232,0.5464264940131343,9.911728865591197,16.803867722559847,1.2109168735077,0.4344423598374305,1
26.450737522892492,53.702537229607564,27.554013066146037,0.8775435078231715,34.72226330308841,18.945801292014547,0.7888389862341126,0.21531475991911198,1
45.21434106957421,89.79370719059641,16.879424903459,0.4334806747959614,11.880965333485316,20.81483839041052,7.902841844031576,0.9766296663817384,1
23.80151107867421,36.384541114667414,13.282989480874289,0.25004481157541714,15.243382617116573,32.83687916163028,22.610191107845203,0.6964414284805833,0
19.64768670881623,18.73366267807866,8.024685760541974,0.26284203187807387,51.963797486874256,16.436925288939555,4.644008538972127,0.33272932318589954,1
19.038410913924903,6.061483020757158,7.3683156897130555,0.8499498358295586,30.66269695995405,32.02439124189481,1.665117525490008,0.752446965525515,1
30.168070553289105,61.89779653140287,15.707865654496727,0.16808549847287158,4.144450747908291,5.745102871935711,0.2997934099316178,0.8420950022323722,1
24.664808111172356,84.82489616405462,4.683940145889039,0.22852971239794584,9.540945518288135,31.915825051960386,11.645532304543861,0.8626526534325659,0
19.582554388062093,87.78421309259592,18.84473133499521,0.12596402865527698,32.922474546672156,2.550826280601504,3.3777629386600116,0.9576909205963872,0
15.948454189493873,8.785356822695178,8.876281020250559,0.34830003091432077,99.96608844357111,24.749202989527436,2.504924363789229,0.7281893678747555,1
25.40880900518931,60.59214870942946,26.197485088185637,0.614715514068178,73.52234846690618,24.887671760650115,0.010002090415430391,0.9950879477219315,1
36.941675214463324,61.92946528500996,15.314413273419312,0.7942621429908063,74.55994910563226,32.64358251331818,4.522134220031692,0.01521089296826128,1
41.45059513141966,77.27113995586734,14.702435394469012,0.11081127154173409,80.58734680141654,19.09979166092097,5.049362797744569,0.96127395273318,1
30.004832988040377,86.89611268456254,28.509852823532217,0.8424126268060482,61.52394995634152,24.285536505554045,3.750564775732786,0.5709687359333967,1
37.559560448192855,92.43457025305558,16.92393499581612,0.6019834407861129,45.48402427196321,1.1363300546815385,0.0318195193631992,0.30317905465023975,1
28.07449589405482,57.84503963739113,8.752654313013526,0.4677242182887582,87.23889865454375,33.949057281889,0.3254862981995033,0.4736262656916542,0
33.92812029843541,59.05303834595799,26.66404965209215,0.5877481763339293,31.103270984545293,13.703121684158877,1.3695378540068486,0.1299402206984055,1
24.319934603404622,82.54958256887744,10.882138523342707,0.6903998762367384,71.52743983587673,23.387743359984587,2.5270109597560397,0.024444856483931576,0
27.910068633031678,15.527956054430124,25.609743927916494,0.5734654702530494,75.77194032279064,18.874577778943884,0.13608079431030895,0.608138375638619,1
33.48304521517616,50.30624692879196,4.9527468056177835,0.5833553733755981,41.385632342963106,42.58624375301064,7.102604066928347,0.6916723232348564,1
27.605613190989843,42.00046674337869,0.4634464137059835,0.7088688463372975,14.497731616959818,23.489385833975238,11.207996868051794,0.43742139075522424,0
22.320063758328736,22.422481530656334,2.9881017201406213,0.7470395039787974,32.76501031019834,24.445915428454562,17.689802339378332,0.7211956017356744,1
47.799314944682635,67.72010766918257,2.6728140097206343,0.4472598791735798,16.22071465121866,43.97857679542729,3.54854087442047,0.04033022616710602,1
32.45385844713814,31.2320548511875,11.339181439270988,0.29932630245085995,2.5587158100433216,29.196595539491003,1.0699827740880523,0.08659545206963182,0
24.342106337428838,25.0857537976204,19.548166202938887,0.6214141635283643,66.76534417039692,42.64989453307384,4.892500617689427,0.8995195325730381,1
24.149808569385534,48.74876587072899,4.946191486923762,0.9671980377305335,23.19977911612674,37.29398105803867,2.6178983099458213,0.5504671264485366,0
49.675943519821594,17.26783844681865,20.182800219923152,0.47344836506862475,20.72517364094836,25.306797581048258,12.80914041177424,0.9366101686184711,1
38.32423133004696,31.92946513952153,11.735099279412983,0.9434439276427409,12.42487961461184,15.933132378533834,2.7879757289105545,0.7844879559371606,1
45.048580653526365,60.34031958539282,17.14913663879632,0.22921727383890986,54.05554515892154,20.28597902676568,8.96389675966489,0.1921271136292142,1
47.45959537985736,83.72459860930144,24.21959641177709,0.7902021610308401,50.80837787576584,11.560462563368642,4.108820049131737,0.993185902728666,1
46.431402063003645,43.63028450933673,17.269241855004818,0.5337551304820976,87.93013564736285,40.82124582074035,4.424545699539274,0.38317558344662506,1
44.72952802347265,83.55885425267849,9.29697114866143,0.5426423257247845,6.198358860634345,5.880669848739148,0.2662881945156772,0.6387289485271738,1
28.919637209784284,72.34200254623525,9.034258418000453,0.7862079696336984,62.94975161921457,30.834285060924856,1.0021316852955928,0.9177211971664959,1
38.101686441676065,75.84579180930403,7.0130512596964545,0.988267325843388,5.851334213101,28.151002542740933,8.271449660310054,0.4630679611814844,0
33.08419728539696,37.34869281003279,18.579991917195287,0.7047487964964365,3.8212962050813037,4.405953180408904,9.961236366242872,0.29416016074156326,1
49.190765302263216,90.85506622214058,2.997027090232247,0.5001238042830322,48.11769207701262,28.534886927856803,14.452408294931665,0.1984448635045044,0
31.092985030548576,45.83400098456362,25.285872207670266,0.6909121250689297,8.623694237430312,2.5774014487919548,4.211722893807625,0.8964217687692293,1
17.879257535166715,51.07498721263111,15.271511431400913,0.7574376452113294,23.548902317413056,21.705826004246543,0.523396187583367,0.6754408167208816,1
44.189923064394755,33.86205370010754,23.87902086582772,0.43011587159533216,74.58690368810414,30.3312960004581,0.44850938689764175,0.03437579875292174,1
39.255685009423615,53.247998505494714,7.37734495084314,0.2851042515823322,83.6258808767853,25.430059369550328,19.190911365535346,0.5222365749700865,0
21.506088760258265,7.997535806637208,26.74007820275949,0.9729205323564654,68.7189603966847,21.526778049613075,12.666165592532899,0.3894089212370393,1
41.33965525251462,92.7146931990445,28.71768657802306,0.9149164429988222,76.61391728914109,35.605042043790355,7.96609221634192,0.9735334459003258,1
31.329095640939546,54.6551640866371,22.95475436579849,0.6795155688864714,4.060619568150026,5.264122748459675,4.535083301827271,0.03277910578363041,1
30.929040411009968,10.892960836453272,1.8550075937845867,0.7245799759574494,40.4363167641941,21.565922295587825,4.142997459725623,0.6328630900364764,1
23.931177392442223,83.4821491537902,29.614454653654263,0.5058017743600376,90.98839882191147,18.34478859353419,5.74759475767133,0.20848867922856928,1
36.134028109833864,91.81203341965819,7.939496841170364,0.8876383747044425,2.41634500911444,27.428142791013745,0.5825746197772712,0.594308061553677,0
26.857221718790083,29.63564875871328,14.723324780931963,0.7841566388897417,67.57291097421965,26.589705536688946,2.923675299521173,0.4435654449843732,1
45.20891523678164,46.236551606581024,19.582560156262026,0.43436022718018286,39.69650417671012,14.310288688631099,12.187159255871034,0.2947320053058734,1
34.3564258353171,16.522546288391496,3.9722195751938125,0.4117044543615237,98.35841949785888,29.951487215400775,1.6268918693955325,0.7703733939313752,1
44.03935749034262,31.239070623310024,16.0734562414208,0.4306435698109077,10.45818859665173,27.852785501120373,3.3739374654399312,0.25329068821695055,1
34.03362619276193,45.23215098648775,9.219474819174076,0.9994202690156031,9.196748874081917,26.982364143047256,0.7830928563309342,0.57742580139284,1
15.005127218401901,71.80137481021285,15.702102037037552,0.40148949413305013,5.38704085858035,23.34581711991244,23.32943967741202,0.7929375819166119,0
35.67652622527422,65.6786906293724,17.094432237621437,0.16991657835573232,74.17449225159801,10.135957403217624,5.100610411714941,0.6067277513544664,1
41.355861711090306,65.1828281886713,25.152599063012904,0.26485926346504496,22.293399347600374,33.726538184141205,5.4665809768827875,0.8151271646655205,1
18.904749454603447,75.95051635438239,0.09833700070741913,0.9706002470527196,8.178976756945222,10.921806135608529,2.978029425157635,0.333879560903244,0
31.7916921353751,83.32297675923971,26.390458793274366,0.4766786450411691,55.62078199186126,4.051988038608809,10.031174385216456,0.5457877578050859,0
33.15535457349725,43.70584509147601,20.076272719973126,0.3539215593628612,96.73339986170495,41.205194819937546,2.3528345398129904,0.11381355456672604,1
45.505277137756224,35.755240244779095,26.872566219114915,0.3453884411908815,14.662014482857744,4.651306887633849,0.6548603356727647,0.5758130257015542,1
47.5635423997173,29.13230709802544,4.876550418666867,0.9047266976176402,48.913274038410925,29.3736366657689,2.157998042346795,0.247705348720748,1
27.545690118211404,27.641457942528273,20.940708059504587,0.8339077272614132,63.18146983250528,15.345376793097406,5.428728652346933,0.8968352799490721,1
34.172991209303206,6.818230075935743,18.20628888196414,0.2732515884114552,97.03250285549242,17.645298335099763,1.382019702044336,0.3760998701311947,1
29.67312114104665,80.62483209369479,7.311938177000801,0.40393827606155974,43.550242602455945,11.05981351671525,4.368976775965299,0.659543260060455,1
24.03518129477667,22.19430619749547,15.655242590468903,0.840783927194104,26.785621974892226,22.272098552631785,6.321715709445862,0.05022899728742125,1
43.44792833975606,87.58969363119569,16.409897273597387,0.6058622029763997,37.338396544118666,44.34462741244557,3.4378310023605274,0.8565940121453834,1
37.431634341433075,44.46869300037164,11.761674191323495,0.7565191632250333,14.53969767586526,1.0330915021264837,3.990964239490575,0.342961236167314,0
18.56721570078799,50.64086830747078,10.184739785624274,0.2323509115639188,52.264205269852084,30.35941899301012,2.6887471015202395,0.03630976615640091,0
23.607276903412327,63.73649634969158,20.447382548489355,0.7725645536791217,24.205763655359124,27.549140865470882,0.2864687901881161,0.012398576168178632,1
46.1579333693621,72.31513349582536,28.003486513944438,0.6795184514943275,79.56586192860023,13.453279572127773,7.037141924825984,0.9193142620389416,1
49.083766100625624,18.792196942275567,26.30551980468572,0.8526946281328182,45.22159028737078,3.525192390770726,5.920729314005211,0.5992337933287712,1
30.238245424447292,92.65038949924613,0.43249976148589386,0.2250621348691644,73.39893201043806,17.165296663336367,3.651037042318933,0.7691026725111838,1
44.53060159535885,37.33282098159491,1.5760617049808945,0.16615311018909756,5.418127458923793,7.878416460847659,2.108273737208662,0.8820902379557294,1
48.960050404303246,58.00610707977421,28.562146542376524,0.598772243920734,9.031893706121185,15.385101246806764,0.10296792626873294,0.6555091756737982,1
49.97420008360443,67.45703171572586,28.028413394096834,0.8842765311259129,82.79499738651909,19.1906799747794,6.54770873469766,0.5511809096257321,1
31.825169991508496,39.024059017505536,13.785767866763145,0.36724455929722766,45.656860215486496,3.2699260273878537,3.4187363496950622,0.5381057209433169,1
42.5628126788721,66.17512589145788,23.309542027008355,0.959083518269169,79.96960184085926,17.76104365383489,1.4207530220175724,0.19644751621476397,1
34.02774853058084,68.57833003067145,19.585666460551366,0.199184934389837,85.15165946914097,3.573567358628594,9.536655066031901,0.9238670274183787,1
27.29945944968064,5.208265037280326,24.34013300187202,0.7397284370529222,41.88844067088281,12.28983050378391,4.447038734893117,0.8262554486102417,1
36.48982474250674,38.47198835037814,29.415935479285555,0.6267259180679108,46.9727023496455,23.793305141056894,0.05363361816839513,0.08114521739240543,1
34.3819474729669,34.478398283681045,9.485331915174257,0.12544833358387328,26.308181095478467,2.7181556287675734,0.15803316659447275,0.33880954575708644,1
28.439872740521352,86.39592169499879,29.897572435781615,0.1143294533591056,3.6752020721853462,40.903861902806035,0.7057045878570762,0.7358552148892721,1
31.009976981519873,54.21125649713336,17.310456988681555,0.1101480093491301,8.17185019409321,17.636659221914964,2.7070993882018164,0.2257835413164463,0
35.534187817876266,61.65844362878598,7.929979052223919,0.5049118956720132,83.74076142641276,42.390428736458375,19.262010241349813,0.7029082089061496,1
20.095281211381014,69.87241810637757,27.570003899787192,0.6997065313154337,96.35438535877672,44.935347107685274,10.939235858124936,0.8763588222671322,1
22.269882102636203,13.116638783536478,15.377888992731727,0.9646511569233006,17.481077366775256,35.23991779764377,0.9884667827041909,0.8301443104293305,1
45.10367678310443,83.3675698846719,19.89861635621584,0.5674836201984509,2.6714211155337675,7.94293171224776,10.100165505887077,0.3203482069358782,1
35.20772704565924,5.974435609152705,22.039352161554813,0.19781251350532697,32.605705389292815,30.38586668008662,10.527581445414548,0.8142160495253965,1
41.93569466753304,18.9339527091346,10.961886502226273,0.8281652818448892,76.60840952132011,27.40520822763347,0.3252784385420037,0.010743523685338485,1
49.454205473946104,51.5862293042697,22.07880174513064,0.9305217519019462,79.12430727964974,17.575300116924808,2.505056387507067,0.41173585061197215,1
41.506334775389426,42.45414323562348,14.293102262077275,0.27853727159714875,88.09423044863975,39.49565503515439,0.4986931569570464,0.29979675130647965,1
20.805132840978118,71.82322494539214,25.386310693775503,0.5747921040525248,67.35134281470808,15.266655591436534,1.8164656148903102,0.2030063164205551,1
42.05860955806089,69.50596288869299,2.9662455325432138,0.7658093297711263,12.32443663124827,38.848611092385404,3.4011359569358257,0.7343128879449368,0
27.47969792631531,42.10992562109815,21.48557729498525,0.16149320568977998,93.26785431131007,6.841150547392245,2.8356965272977237,0.16570702743299703,1
39.13347424085692,11.553624162406244,3.4419550542123356,0.4288791649930632,44.039883766850316,24.133448328054943,7.387845275808101,0.4238127573312973,1
16.38020101080349,24.43916100258827,18.704388052696697,0.2846152600607082,33.980042289993925,26.599790039747457,0.2988136066504187,0.5924082534014523,1
30.481933425170634,53.72709267260392,14.251550731155445,0.9730903008633602,88.42785676058878,21.53388187973522,4.005567354629547,0.3793291432571737,1
47.39159883750233,88.59041407808164,27.75229633311375,0.584594787301166,7.813286002172748,33.2168220048286,2.4212870028388735,0.21778874356657507,1
43.628875774616745,5.4788908625423,24.82320809101957,0.6092011730572098,52.43280390324097,36.1118959615063,2.306882837111959,0.05823546860921791,1
18.985596518040115,53.744647562748284,11.61864174212141,0.8133290000943736,75.66763588381902,3.0802601668335603,11.874356671932224,0.2224031677684315,0
31.951210362628483,32.951213567150276,13.480724124811134,0.30672646015420146,94.45963897736057,10.254736341831869,11.846562168719316,0.20838813117784594,0
45.65076753705671,5.07846327812895,0.25275731225801956,0.5061063147523415,9.079769848788343,4.4801916236185,10.113851656034159,0.5352556148970176,1
39.248383031615674,47.64334156921435,7.316941203848669,0.22875746816993253,4.904531098342357,6.394178163999076,2.31774378798594,0.09035120260028329,0
34.87498274173102,68.81938378837279,16.622497337062473,0.8108279865359727,37.214050118741206,34.886623861634966,6.289761327821121,0.4151980301736464,1
46.53250002213859,11.859408843402244,4.923722323374214,0.5545368578097979,58.54004394180823,38.14973775034842,0.5064871826707584,0.7482870086327297,1
36.14614041654072,94.84137255691378,27.08010691957439,0.33257305660122516,86.73902745742308,9.281560228106901,3.4800702902745098,0.8195189314672104,1
31.841624860025025,93.85667562563265,4.281309083855268,0.7243649346834022,95.60339936742703,7.600238222833454,3.87838580157373,0.06113226231927593,1
32.61626633915897,49.914841683221596,25.881135492089765,0.27885194145655334,92.11600528642336,32.13962321431258,5.157166635643883,0.6407349741376787,1
19.900976345236536,56.59940631669088,9.485776239072377,0.5159237597176021,30.841223330357835,39.02440985263733,3.511925797129777,0.7881096381659313,1
44.97162777241448,55.490097650206415,19.301636371614343,0.15536643587756804,38.01114437744998,44.02014758825493,0.6960266659379483,0.11052593214806661,1
29.306200297802064,27.73941599349407,15.672395084719083,0.4458105692973814,87.43197021198267,12.2813419646896,4.435881527391372,0.3933767360165342,1
46.75705145712131,70.97529938223596,26.4007808056584,0.8826677269400809,98.88904615410551,41.959057641082396,1.5989368670242763,0.9331240185063467,1
30.24119988555853,17.9507761587462,22.30168966210891,0.8077876114724806,34.25236627180848,30.411455765404416,10.246364071073394,0.34367887428420196,1
32.860742542462646,78.09152831286762,3.5031618413441636,0.9875004630001878,74.67440769922771,22.833631820591318,8.50101427522922,0.7062676127929893,1
33.77601331635546,55.57031204828756,8.975034508734247,0.9144915131171596,4.81288286248871,19.998526571274105,0.6873653493703985,0.514238887900179,1
32.34044407971777,48.20307485826274,1.450623561270935,0.4059431323260785,10.36884460834332,36.03644472440529,1.8644856743176683,0.5512905688935616,0
38.779846416514104,32.25856757697948,1.4345686883024344,0.37490993249684024,35.63924625301092,11.336358570960627,5.475000076449526,0.6612048372584716,1
44.144614692860245,46.90287476477808,27.61879144091664,0.6580316100613637,80.44288872568731,7.148301187435438,0.785820345876584,0.141965913259397,1
28.003109081084347,38.99959520065723,12.045959016586034,0.6938626600951145,79.29572052237087,25.704142683700915,1.7219092321354257,0.9222828449513661,1
20.237359405580072,17.08762432628071,2.2674622128809263,0.23273873597939004,48.43435898541523,5.600031125559271,0.08732184537837336,0.2609604452386909,1
39.47032503660633,63.30062312185822,17.71554971019699,0.3958676379149091,65.37332252878126,24.466246500306866,6.626589128533671,0.8540209656536243,1
26.80763652062487,77.53289533114334,17.532511593204386,0.17832001497873756,42.69117583616703,0.4684063156591117,1.8522304167143573,0.46409047059824704,0
44.40153009244072,57.735767152228604,24.723967178380654,0.705108719983296,71.97440326131917,35.21833532344652,4.138136899531063,0.39606873864745407,1
46.107599967799956,71.99890585992698,7.917394949227746,0.5597034547805707,24.38753350997096,21.003582325605837,9.207188351387323,0.5502354622281382,1
21.475639132445068,19.38338547746117,4.723345798222542,0.372381343153688,60.98211542829392,10.746672361136362,4.716453444826424,0.35631506973247407,1
32.924516769550316,74.1776124560887,0.2561477170205573,0.8443285434587021,82.12777736797896,39.019186398423834,7.124639649604358,0.9133661265544436,1
32.62486819487609,26.898232304244065,24.433512866035507,0.38337129629619404,98.43376584641359,9.504449480644407,0.35400209344058825,0.04219583753793643,1
35.205501193145615,75.41667147275801,27.48329816727913,0.9971731078092003,84.11381420711523,13.687819692808782,2.8432769756849483,0.17598775891453167,1
42.142247221376124,37.883879283840386,4.0998988768430635,0.3902351449851299,1.0867833981369368,42.524065042754685,5.587701412781,0.8743804419301643,1
21.21801678017458,13.0795826377826,18.963340742094857,0.5225631506351351,4.904319265111711,5.634488674395833,2.19683172541753,0.4152794379311181,1
20.041697476994756,45.35321776004603,5.416176185920652,0.6779327961404351,49.083935567249604,30.64880739923615,18.0671931613241,0.18056770216139006,0
27.587338104274338,25.948246512272718,16.89897916014343,0.978735413132555,57.372588997626636,44.66034499640099,10.099874842126049,0.6414782639175132,1
47.70908665170501,56.51533882491072,11.490790181368268,0.4998989302355449,22.83365016767902,8.41097695129064,6.095624661402761,0.49498373220639924,1
36.278217017790695,31.37908731682897,0.7081693968108571,0.1099767445424663,60.369836205616025,7.219842665908952,4.11491818782382,0.044371920632443884,0
29.93159181741745,32.10293146030483,17.896658298118616,0.5830038747609199,76.54741480450899,20.33873828625055,2.1105548886236574,0.8159351984160521,1
34.974867132768125,67.18491831429759,14.736551415020113,0.16631739559365394,57.57085203743538,20.071674102576534,0.36139754603402663,0.27784179729421166,0
46.26964788325935,26.081813877330486,29.85157256085806,0.2203935518120688,46.36931301842725,8.464648022820018,5.307818910673133,0.12813930802362739,1
49.52850130980862,91.24589227826193,28.362939521064337,0.7890655275520865,81.25905123950578,18.194216619912435,4.276705385902991,0.7180172195723499,1
21.182015427972264,48.619654993169476,20.556293582521004,0.8924828774848748,65.03747721864977,44.835621697225264,4.3596040181214955,0.23236891753254652,1
49.85156644778868,92.02685846594997,18.900479727687575,0.40145309667374884,80.59114978707596,21.102513465261165,0.34595941016431075,0.38900735596892455,1
28.853062614990062,12.106288959711389,7.825174043414508,0.2502819373046581,75.22066521544423,42.15285219916913,8.003534534253593,0.7822274984870565,1
49.147416795281316,59.54783181376273,15.385296822711055,0.40616787308711844,9.681244551689282,34.77874433953813,5.851437220644381,0.89484126566734,1
31.715727996814238,92.62140916779441,9.619812013120544,0.6912921859861854,26.820206234443454,31.7732210281366,1.5706119182324554,0.08337459141953807,0
32.44768947987938,57.81628466770989,12.78482217168171,0.28289967256007764,96.72013296976948,43.343136268586036,0.5210819035704402,0.6742098363581766,1
20.796833676714385,80.51845275376486,25.44689828824745,0.21651671297612896,32.83144580675663,23.79507831511527,2.5938585321932823,0.13941864186058606,0
21.878384288473406,34.925467096736284,29.4850211994983,0.1876085194756812,43.17460538003265,3.6545147165502287,0.5659460438581477,0.1407240414718698,1
34.05568721691285,10.064179671968695,27.378785405270804,0.451402735065217,69.4010325344979,39.51956579759409,0.6395329867229389,0.8042399952738991,1
35.96642544876424,6.94290396672148,20.924536846485662,0.22962568458374377,49.77658014765068,20.620976137917086,10.555212250384864,0.3522638643136936,1
15.719221487221535,84.40771529892902,9.73219632173837,0.3949847111755156,9.415293665310198,25.877162498041457,3.029680962177848,0.09662544702164189,0
17.31079825936048,75.55508271309412,6.255831240207317,0.3703399203125648,10.064275618252438,27.41827204019881,7.761933263004974,0.3724322969576803,0
47.89215842953715,30.190331087543708,13.583335157764092,0.17066719259942775,76.84875743816397,32.62993932152708,0.43000824502145796,0.11302972698383651,1
27.713087133586278,23.399460703779248,0.9870197237253342,0.4730975411180539,57.30598865321349,40.830137137897765,9.48246214319621,0.11060563049484395,1
24.46385860033528,82.71299058890207,2.204016269131569,0.7093124881211678,8.962895422343141,38.9013709281535,5.295315937753509,0.8861604720679629,1
35.719972293782114,31.964644056193436,18.301201934332095,0.44235072693736766,35.70076222815589,6.052947318250978,4.721814411110253,0.35315044581528476,1
33.79769269652216,60.607007071417996,28.416104449242198,0.31975140650112144,5.48734044226955,41.047809405139745,2.958443929579518,0.8159367439963907,1
26.611828400784383,44.60767857564048,16.14790329208863,0.5227376650744815,42.085840339086275,25.638283103673544,10.770078348141299,0.21622273292707261,1
46.35071338481204,85.56525429683104,25.538228759834155,0.9344102372390787,87.11582500029795,2.3213315772188743,7.862492988276827,0.7575488618593362,1
27.47982156715048,90.25958752744262,17.13027299826195,0.6048786960993738,78.85086110615414,43.35527822336809,3.9948548616024384,0.7581622085693884,1
44.46330316442703,54.92032232567383,27.91146236364669,0.350497448077156,18.73837416789872,43.06944543053747,3.2315138913507924,0.8671949720603976,1
27.276830078485418,53.21969572439411,24.56264584782732,0.5490783686522512,67.49896374160178,42.523676717662646,2.8184227877727404,0.24715119074643155,1
36.25102152737928,29.680797427466032,7.429499007338541,0.3592359093868035,80.29653160402994,44.74532223984719,19.59370732920389,0.26897201155487005,1
30.471068243658266,53.251591652780924,0.1347850253837135,0.37813940793062706,76.50692233550059,25.04390574560921,17.465114255194393,0.8824445306539304,1
45.61375354612784,15.760895548911884,17.04118197802822,0.7177096587112347,3.142343216453114,44.01332770746664,3.7781968757268523,0.7636642792674567,1
31.10959566097701,6.241237205053956,14.180694903873372,0.27102042993522824,6.89958874487091,19.19859731119108,5.553424187503696,0.710528028777932,1
32.97832765860598,28.19381691587345,6.584437113658836,0.433085597592071,74.77817506161242,15.964935528335646,6.627200418134552,0.3323945603538656,1
47.76933806443339,85.2805223410332,19.442445381541976,0.13915323035052526,8.166060928183471,38.33185938643254,14.040406321963996,0.8343484944739943,1
29.560779894021067,67.29553810306112,22.79296441880153,0.9873456112760306,96.35968914210623,8.732643096098279,10.190037707177428,0.8452734655450722,1
31.47126983111132,21.965505992498482,10.917302573109811,0.7443531272210979,72.54075930294817,41.497610303987734,2.659809219014827,0.3240364075556641,1
19.31446204901004,26.77845391799468,15.560620553563833,0.29263009200706086,36.87513307948915,19.376954456659757,15.97076772609805,0.1269116270042917,0
27.18911236813123,80.93314110709842,3.40685692722968,0.7582215243380585,24.39230139324232,1.4474702473231833,5.635291481217108,0.13992186037938037,0
19.192354202925628,80.33387992623479,1.6772608998636018,0.47798288805516864,96.583630015677,20.943709314575628,1.1499609334628649,0.4895573154960239,0
15.752885604246329,75.74843354734348,24.86416087887651,0.29128377409349376,69.03122907234092,39.40404862110742,0.0114172990841757,0.13700742326002224,1
41.121282234120926,52.015121058468374,28.676939746810604,0.21912874079785502,16.072389588396664,25.886645247261217,0.14381024596026057,0.955910929077945,1
20.534713039489027,62.19490249799489,23.501578753074,0.33202396768229375,16.18670681125551,39.629230089629594,21.412560814410455,0.05856998082799081,0
30.336333763670403,34.510382472068926,26.59061541773828,0.3168166106019012,88.63578864669022,18.786136144211643,8.76574532740144,0.12732757720532895,1
19.825120408715424,16.58509745615728,10.399954885888834,0.14476951593223428,33.49521950192392,16.57952594383505,7.480821285810494,0.14351977001916139,1
34.029936025565945,86.73586433884756,2.98735059989495,0.7200297796922274,33.35823712029287,21.953239316198967,1.175112304270522,0.6146413015655745,0
49.446717868608665,78.82750644021428,24.716432892414982,0.1382373768762502,27.740173356906862,19.31763313930859,2.2515775148029316,0.9337508238651612,1
43.56611319611346,42.01941577352904,21.635645242116027,0.5715083228513663,54.150619807458,32.558656261914074,13.02036865951549,0.6067944607313092,1
25.932256570609876,24.39068150136658,2.7554387690060844,0.6336743768186679,98.60460449518364,31.974307446924247,6.149221888312837,0.6831560406405994,1
48.01117767726477,41.18252249077013,26.86139554306469,0.1408553320644465,31.47720693143513,17.270152888845274,0.974146048714216,0.6527602722232184,1
48.7250512859409,30.05833658909045,1.5713337734335053,0.8373831215213298,62.512541003138885,30.383538025992216,2.731470338530238,0.5382118251146499,1
38.02454715748989,16.042674151640895,27.337019699385124,0.8469161716368813,17.985722192980003,36.75122612111515,1.091219281838465,0.5568188600426285,1
17.45350989696068,44.10982208489733,15.840520833990873,0.6013821925682942,38.77970572727767,36.69646115814923,0.9939948379537775,0.42761834765942286,1
39.364460890423985,88.43671479835218,21.990953177352317,0.13770629117040012,22.704156399273522,34.10186894682619,2.117452355601475,0.15831373536780824,1
16.260101124447115,70.59864408024963,19.783411820652322,0.1737792227143256,17.454765944191465,23.88753931415013,8.867108125464858,0.3933933230714718,0
47.991949706896676,57.309312492054126,29.855398086205465,0.7769662010854842,44.125083385846544,22.023773479531084,8.962051175801554,0.14652298985849788,1
37.9948943701931,90.5424988755558,28.949451861976577,0.9543336129600327,79.56857356055752,39.64710895797572,3.3064477174472295,0.0021973650933220235,1
24.209898175488753,85.72799271427562,28.828074673591757,0.3293468629319721,0.7842025330294544,14.096705433984596,1.1768618983161123,0.6890041918190732,1
15.961098698183656,40.30919053653035,24.7599322014744,0.6147190780305388,62.34009692037744,1.3669650263997069,7.103347596086719,0.7520213570837657,1
15.943836659657984,93.27585044173071,25.303758562300096,0.5235600320319231,32.64448293015173,28.088378891603877,3.3169511378292116,0.12970985494053322,0
22.65580394727227,92.0370782274426,27.275503967275096,0.8586241201927928,1.0009541035256975,41.89703875337612,12.626704094142545,0.08702521359689874,1
25.85045737030317,9.745648408928691,14.818555948181018,0.7772808608402507,21.258760625299633,31.998498881438582,8.846531350940515,0.09375405690331629,1
48.6850609785691,62.52303582918579,28.8673992239552,0.6218188257075247,70.74713669257528,11.082868239116726,8.491015154544895,0.29777844514080454,1
15.227397273051977,28.39283574925205,16.594192620471333,0.3033127224546764,0.9393763070059014,9.464049273775226,4.150068175884014,0.5640624508609569,0
24.753293629618923,32.64296273168991,14.921882892592867,0.9811999896482195,31.482587449841315,23.51554972688597,5.279738829878054,0.7759461623066284,1
30.203428448692513,33.726593699531456,12.724988552512443,0.1366794041380896,33.00109195737758,5.789023614652794,4.226422049290703,0.9674490320571165,1
21.81655364856334,82.56283186237845,1.0176368065955366,0.9269790437063378,56.83005354640473,6.880043031131376,15.322806467846476,0.6570349620617377,1
32.573530147865824,85.40727286569954,9.771677172812938,0.31487435824755217,67.01286967764362,38.13323889413646,21.002767957575024,0.03866571334125379,1
38.86784595919586,81.54273389325722,1.4473845708587119,0.5366716939040093,10.269313735891517,21.19761001111937,3.7157325146347464,0.8408341600243278,0
40.44837418908764,53.80918712174599,23.692248575388728,0.42923210290278835,46.97527957300852,29.56843878728769,0.9872191695077017,0.5629763038538642,1
20.471484435885458,49.12503736645628,1.8638558850957143,0.22663641198822024,54.97966789697204,22.232036871687207,12.901022089488281,0.17642494222232952,0
44.58620117422192,78.98447519920481,15.587660063865787,0.11740342198717221,39.63171024719511,25.720348788009694,6.116238342108291,0.21174574088299747,1
43.74709552357391,35.1585039440757,15.40879637313434,0.46655883202309256,90.19816788470563,25.201363264262476,0.3899531246666692,0.15842865248549398,1
28.620208022868134,33.03911090760004,24.3896294110289,0.43925914280501277,4.625303760991861,5.644060305690441,7.854128886403526,0.8419831620084339,1
40.29659807354611,85.60247428635958,4.32768563398014,0.34657746051230287,44.178381113442924,20.742378216824267,0.2630154749874453,0.11779154448285001,0
19.780143868206874,14.088790541134578,24.037090763794936,0.1624611564582187,40.77075677029918,20.30462034653797,3.4151008118125317,0.5920057068594511,1
20.81702046759392,47.663861129940344,4.127594770320407,0.5108754584448771,78.30305514980684,37.52365118614333,2.00716928179371,0.829847077341976,1
47.88270858098511,88.59695151327658,18.95015366860435,0.7778715941353189,65.35018591962441,26.30873259966329,5.683340936011333,0.7982470264344692,1
25.880148857255826,80.69298992147309,1.375535945267411,0.7280953689246279,4.168339633290385,1.7767623887566297,0.7780292190242143,0.36096070173258477,0
46.808971678725726,69.11046848629736,26.902590045281705,0.7039918753010045,8.443297632554314,27.156348145258352,0.15782154352720856,0.37441943539415146,1
20.28816674129318,43.6996468179737,9.339045099561146,0.8489026013436353,79.87610983898192,5.010586380865521,3.4364239224384043,0.25525977808050426,1
30.171247269408465,18.92695629801802,24.58047827152294,0.608617573375601,83.95567083100597,32.3898977668212,6.301547219210695,0.9200756928392894,1
26.091777265744156,37.025129392775106,18.8807454097883,0.17732433047564022,47.36675591988758,36.217444916167004,6.043669689364522,0.6585859569714412,1
27.886758864001404,31.39704200607186,28.568390474351048,0.8482956208121825,40.559778814626746,28.106577920449286,2.903195411266944,0.13308980840775175,1
43.93443283103574,86.6741642800579,1.618096206245322,0.10239929170704705,33.00469476306896,37.36081163966533,3.3538096772890036,0.7335420307626377,0
26.26757624270752,30.02375726329775,27.248626047761796,0.3954429695498166,77.45974900322616,29.1871436587857,1.54637874019007,0.7062966936796995,1
19.575606068791522,82.56643353262403,2.511599110407894,0.8662936471636858,73.07918156498192,17.42662746581435,4.262304936276917,0.1882623952219724,1
20.61269886177697,11.712671651700294,1.1118274383759374,0.3745514800066361,75.46519584801405,17.064243914243104,4.001452982792587,0.6208233069074397,1
39.65712102664171,24.410863353048125,22.54301823290268,0.10479184610650648,70.32408417046928,13.602455244734541,0.9959862799933706,0.7719565601152718,1
29.660719393991222,67.99907907045313,1.119883813762066,0.7202746702413018,35.4988490836535,26.964764794249398,7.803927573623071,0.04554260362475193,1
20.162115704331043,51.36174404863278,12.824121844671986,0.8216578973738119,68.71009543286898,35.06501730432823,3.3251133153726036,0.8961199691902711,1
19.267167635418176,19.956631631970605,26.25150568659418,0.33051945321784276,21.543461656437035,10.64035408441293,17.046165710031172,0.9780319025803337,1
16.40577347481142,7.1748805622791565,6.143245581376907,0.8617740004427635,36.947344330030504,1.8425191483832293,7.187202552629779,0.04378838352131198,1
36.9184918031503,5.407589280935197,5.033230459593837,0.27265354455013147,65.90663615846732,5.061589702635151,0.6652690729946609,0.3994853005214173,1
28.444608720218508,24.504504562025428,6.542361455467632,0.2505731726446009,19.319295108496547,20.918558460989164,8.530806788753235,0.9369610579898362,1
43.551948265456815,25.01195852659345,3.8525592524730734,0.6463645791519338,50.48891850155596,35.12331923074123,2.3578217652499944,0.6889712339648062,1
26.452604594693383,69.29616712791916,21.296828963958987,0.44924722084368063,3.4080881055396195,39.02826577867756,0.640636574652953,0.8012178190281527,0
22.447402590201882,77.65376626079862,21.34201835967385,0.8225495271831665,45.8958538683699,30.106671504036708,1.146709335813491,0.6570977535444226,1
37.57255609383022,61.382163454474224,8.484045400497056,0.6415786388360731,33.64149301170247,5.3994686511356225,0.09970848036991758,0.22258079198180825,1
23.838816353354794,43.715235022947176,23.485018458979514,0.7652592440904751,39.78942223748572,12.053732266266223,1.8265687481696253,0.9631857298705795,1
33.68843167101316,47.408178037670325,0.11971452287290907,0.14456531272145642,23.236036876437304,31.69831922547611,2.620272941061131,0.5038699685251121,0
36.390478090859766,51.14305323524754,6.751849796349871,0.7608773954462063,55.84632588596272,35.71924715074436,8.721909071214158,0.019477384940224107,1
44.896484165137295,40.691095917929566,24.757403337553725,0.5561664725084857,63.45510864238716,28.6209697944287,2.654642507089177,0.5496718490405864,1
20.826943547428883,49.59187040320797,12.318689036411744,0.8307228128201369,10.849141433591402,6.603004350169098,3.73892227574258,0.9853189808959176,1
28.631417924620028,91.12741152866961,22.086791254293814,0.8582181379635012,21.35304440401351,18.755089280779316,1.3347241811956743,0.7543405951857612,1
29.042368062431912,82.57810814159956,2.951058729362371,0.6154226667135239,99.8092718597331,27.149902052154598,3.339992687193088,0.2795641988172092,0
35.884070811727995,29.560467371488528,2.945896975847183,0.8050399042700063,35.5392705820539,6.8098682397195685,0.6188001912683739,0.5280496155219039,1
40.06458026473731,68.52361133641212,18.88856063574335,0.8089755660701653,90.47494647913346,40.595883133831705,0.45260788794400697,0.7260152097305014,1
18.929497477590026,31.36246721811219,22.13853489256099,0.5380272958269048,78.65563875669433,2.6904944987688095,8.116446452965754,0.7444732568070113,1
20.815151688970047,62.39326101051331,22.45416840625899,0.8095786391223438,24.167314095222668,24.58203403397383,6.877819043130561,0.5662177856669092,1
39.39042499704682,65.18818745583924,5.800022025929291,0.48606767668208206,31.661190917439797,11.264179247028038,0.32334439904136847,0.49974063378464617,1
37.451545215905796,21.741312252844544,0.47060487861617983,0.12103597787879546,57.530168475585484,9.170784230384719,0.9406321378689608,0.262633382047334,1
44.44951834280937,17.54033252754001,19.572305281869852,0.8673205918177804,37.02165290216327,8.7223185722081,0.8549181562775131,0.8094244327019161,1
48.9592936061429,23.56998149625036,23.777156349820928,0.2143965112717357,83.25817806301495,7.828622828263103,1.2727759084865635,0.8570940793091485,1
21.71820652955306,63.4582402654937,17.569405998685262,0.33576872833283433,37.9836320738773,21.764967144252573,8.861076495485541,0.34055089053901577,0
48.565553550154185,94.76583652277516,21.8597840524038,0.17114795002014022,45.78330598943644,14.754942321350988,0.5645077589594171,0.6430890345352761,1
33.738095508768865,79.07736008718146,19.441695750498397,0.2907331620514556,94.31021545539446,25.096699565953177,5.528661740379466,0.9415118095732368,1
24.399489379687097,83.91646229710696,19.77544003295187,0.8196218707173818,78.40083277358909,6.392984685295281,3.1003991927324264,0.5976855842256049,1
34.66683148993886,63.16762589356846,4.746138055490693,0.7910558268080106,16.011913307198245,12.405898091598367,5.231612937021749,0.9241198073750423,1
16.26471139976953,34.63999699065998,16.118270259359996,0.8145176280105627,42.961410197649755,20.551666522021986,2.558484492684813,0.2975999996890707,1
25.88558521203541,15.954809080791094,2.3954500861333825,0.9611941366434748,98.62718139047182,2.7014770804247497,0.6247201494808621,0.9266669373153784,1
41.941607647997905,12.047004719236265,21.94540603795041,0.7516446102294879,47.87678094466978,5.07205722239092,2.252062029857946,0.8304464550572808,1
16.96895243428485,50.525228845025104,4.378307746204527,0.6041097143959402,63.28603603043923,7.8501925453311525,0.668056816227123,0.5479273027189703,0
17.38572854396409,45.78988725033818,0.631997143812647,0.5997367145592131,26.449767182348648,19.876197679810023,8.309745764859901,0.29844754586576383,0
19.932279590253632,48.400822958210426,25.170554430070737,0.37583610076941576,50.92836281463644,30.360664354648563,5.30768400914424,0.44631063480092026,1
44.20766696671048,46.41116896797058,8.97122597762846,0.8482484049758876,30.479773610964443,11.05710636695965,3.46198529972554,0.035186705030148535,1
18.75180072638142,78.4761877128787,1.206809082496777,0.8882245470864535,17.836626632703943,12.5448043939782,5.594459393207912,0.5490422208989142,0
16.808991563342815,76.20196317224242,7.094203964312071,0.4292820472537372,39.1323454916527,15.356896969283014,0.4962666637368293,0.8682750190259145,0
34.72522819757992,87.11608992271722,19.449054543923097,0.195953508637564,48.84730830196473,37.71498582308389,0.9942234251398758,0.9241028860757422,1
18.573057720943304,60.736747137362954,15.870615671891725,0.8308096214935902,84.43292846578784,38.52287900535084,1.473914611733874,0.533921244035055,1
44.63069903681403,54.24836144161207,10.32161351481567,0.9955014424651797,6.92427539072793,27.8130467062411,0.8824630472852812,0.5682951596255549,1
29.9280517689744,49.51010958359899,15.797783719980611,0.5217808079495353,11.152525580039418,12.813203507632728,15.572224902907934,0.19447637987193733,0
21.940239545294105,74.28034982866798,16.6182304790412,0.201569038658036,51.702695231298804,25.341316669627776,1.0934279384952013,0.5718042864169802,0
43.035472296375985,12.954773919187765,3.1756248630084594,0.20965918690466873,80.94975964999932,41.46164571355108,10.730417356600473,0.8418792492805632,1
21.69701172459746,46.93429602806178,5.666546155286738,0.15393245039249862,25.667953913715458,27.282638064185157,5.559789983832628,0.9813416754285331,0
25.08114458078351,68.45978184377255,23.062036709241397,0.20592920071258697,22.414834762323533,21.629186154252263,11.01046455611623,0.20821128053453763,0
32.9060719543986,69.27611828783796,17.976891240604836,0.9527821671910441,20.303184983301847,2.371037412340286,2.5939771201410924,0.5468194938457386,1
23.50011545767353,92.51151893769097,18.921459464435237,0.2195490435737768,6.368786965034568,16.70892525050988,0.4912368124150489,0.02561893777058477,0
29.015855330229087,27.34051658861137,29.10794383631968,0.11265166356238819,87.45453360330735,36.74529628910331,13.393470703982151,0.48246593009928085,1
19.15349190601055,42.559036765418064,15.155351463835201,0.5229453129556788,16.20990618186071,20.874038182932896,1.4050911960017105,0.6780890604079319,1
44.46352288671214,43.74020122037731,10.317240758301194,0.4152009519118742,37.3149622288784,44.732601713933654,5.407487051074552,0.9361721039350244,1
46.457108436355334,29.746867984157184,29.93163784859187,0.6441953705005922,61.308999991065306,31.646660053113212,30.08614312033724,0.7184742818470511,1
34.78081871639597,54.98631381583334,6.8032041113663455,0.8253631938340776,10.713343759587667,27.491057904531594,2.1582949017583704,0.44879368456905344,1
19.22770313310709,57.99433282619441,14.21104089042942,0.134661811142411,45.43929408453712,22.473556520592137,1.7942838581570482,0.8235102450928172,1
37.54123426805789,20.361431367540572,13.611984647118737,0.6338583570869927,73.51705407049228,24.796177257230838,12.206411794317402,0.631563524628691,1
22.347447638522627,55.41247189791356,24.27231595499312,0.9372337861113403,19.524690002034827,19.500599125909773,0.7481259113137996,0.07839414308590831,1
40.748267537902336,75.42516107185516,9.975902306405633,0.7493657241800133,23.008835087764766,34.22748490987415,2.5743432211733372,0.8974076755045812,1
23.77091357364731,7.703635375133398,4.0845950651343905,0.16686894898328797,81.41981602785677,33.27973531981043,5.752962092645407,0.027881181354043938,0
27.088747698282894,84.75005672175593,26.876758586125888,0.5104706769738997,7.641537086752603,13.194922614735361,13.714957458203454,0.2535290853049834,1
17.84343182188529,56.025472789158144,20.260655634719306,0.4806639750161681,59.97827874701355,43.43496047063406,2.259461458090965,0.1496369893264119,0
24.332999263649754,89.72199893640122,9.06245822708303,0.6008530334978782,95.103451531551,44.26661197594614,5.726521593994967,0.9472525094759485,0
42.372665636103605,93.48560296233279,10.817099758234308,0.25574127400103985,2.8482748076833153,3.7277464042392965,0.7024389189800989,0.2914071864690234,1
30.069816827056975,30.849169970132476,18.280173434579154,0.9491462656669041,70.3851322728484,25.0641737381573,5.4656994792463625,0.4849743086543319,1
24.716271333382466,81.34623476966621,20.77491638271261,0.14927543827651635,49.26700757427268,4.771933283033606,8.318002753734582,0.685877903611886,0
41.929711479577904,7.742949929557622,28.61742959673048,0.23576720188663317,16.62112660688837,17.346405096945922,0.5182556734909998,0.32054363892590854,1
36.01867833828724,77.84516032440881,4.268291569250193,0.7068355133686129,68.03725685679422,4.806309965116064,3.9006408863555047,0.2758316269935105,1
39.36590941298648,40.12625817004801,18.87100881460258,0.28148903413190063,82.78541013693233,39.49626846160828,1.2503801344406915,0.33807618125426653,1
28.07682586343869,6.881489564393387,21.01249169962491,0.5139621597505567,39.20754361960458,40.50440925460855,0.9182825031998523,0.4451843270349577,1
20.428679004878482,73.42647613039175,10.600220957641785,0.466841010968691,27.62898010015776,26.939044539041905,6.4438283620070855,0.6403004107016758,0
48.465951837626584,26.221332044282754,7.035033317137357,0.971002962523352,17.509279624082584,34.66807990537571,2.58335087784985,0.32220002304054884,1
39.19986042046768,31.25891469927707,2.962272531128395,0.3639696562462388,75.81293556268737,33.614564056803346,2.248427059003329,0.24213649688946282,1
19.76812823592214,24.165888825790404,21.730329536690487,0.8420231962751622,62.53848848716659,34.25898229644917,1.6604075727184773,0.8248416919156947,1
30.891716111818727,10.705130497884664,17.766438158806494,0.49130913096411066,57.30135855363283,14.405353828498022,1.6735615033132631,0.6006282037439317,1
20.23801656247753,25.73531763000015,2.554966863659174,0.27261415649308807,2.6909772072273297,19.573188197133682,3.1614229794259785,0.8304557627097128,1
26.833192573613232,88.1789852963094,19.607903404106068,0.4105793038381341,19.780855364860606,35.25948013313827,0.733479851324732,0.24300277435759154,1
43.33009668447169,62.67513840517833,9.885432088448594,0.8533220710472245,1.6123418421606917,32.656320644650826,0.5710109502368161,0.12064844196915125,1
37.49255599433351,75.39403151647123,19.79281225428116,0.8676978090112181,0.35455739506981,25.851347463602952,7.183481408548444,0.4364209129890033,1
36.866301791314854,94.27635973231128,9.92009577163001,0.751923771538501,1.3117101144390908,2.003401042049122,16.137240023603084,0.21682087991296695,0
18.602784822020045,65.29183959388493,4.607565744105365,0.7275699762800121,31.351117274067832,16.574949694892005,9.891519572994232,0.627833701389543,0
23.8963359156067,74.34112696146639,29.811523520770244,0.9910613954719432,73.739646181633,28.84154572086267,6.323843664522744,0.1197608052204362,1
45.97176436407455,30.034965178095252,13.051348165729172,0.44894968592159423,53.38950537914447,17.545644286708615,2.9074147105867527,0.44597666349287024,1
34.79477025430731,56.02130450777723,16.645517306110044,0.8866821486795569,9.747631953646184,1.1931466132719297,2.828084336979307,0.808641479647213,1
41.28330363031698,34.19610744334395,10.765745901616313,0.5234420797009206,12.349786881400393,33.163458090584975,4.965153504904235,0.027044645391436806,1
34.398861051887486,69.40300625715284,19.22571913251292,0.25893848122950636,86.97501117353656,25.88481082977909,3.7142934496075157,0.6591430411765222,1
36.08033912562161,33.372386911608174,25.21240006642824,0.7856415512599307,33.59457827277025,23.39283208632869,3.4438278571658243,0.7666906286353753,1
23.147505679588576,15.76767714614321,8.765942190948858,0.3415680524018449,74.10079478798221,14.325237203744962,1.7811790119527893,0.14528934918743608,1
24.433930675979678,94.53349819600236,0.2417395525501398,0.7591502447464213,45.82657149728633,23.983520311621547,1.056561589354507,0.9095285105769512,0
21.023438256043928,89.76833729237363,4.824468741478354,0.7558016610975499,42.685135755511475,12.279779306071715,8.697695951481258,0.6855515491555499,1
30.613513736597955,45.76290127057711,25.861802977102734,0.5547634549354803,25.697516755758265,14.172814668993068,4.505105483490598,0.9007445586544875,1
35.48716143116546,28.847993230976467,15.49353646411852,0.35275219744756414,45.073209588469645,44.580912171617186,0.6400674869851221,0.418402470900727,1
43.19352992170026,47.49469884969834,24.00283929650392,0.9963458146118205,46.8257675602441,30.72890678986116,7.367875658554544,0.5416475965383412,1
28.43064764000487,61.144391554052056,24.461678088426908,0.46521030087224013,77.84674049639321,25.195139449464076,4.234276901463243,0.4334439224929666,1
27.35509808747655,52.387551286021484,2.8765444774599382,0.4686787137145749,47.084053768940656,28.105101819796484,7.843114877907707,0.748122987985651,1
42.81217464574966,45.27794921699474,0.1433835803846495,0.4431266376555075,88.96236395722983,6.792250588244286,4.998034970300903,0.9191739157013457,1
31.4759069516852,56.69601668744841,6.516134575454552,0.9019603045212862,83.89234542979447,38.08631076522641,0.24346489025433474,0.7948609875294154,1
37.26723781070356,74.63270079528634,27.59771035986892,0.1327869974209679,62.921322738503015,7.559145222148916,0.5201391594439895,0.935805076149234,1
35.23999260300031,87.5151830395172,27.906960043046144,0.6497946916104931,58.26339095981399,8.699914956492314,0.2818434175950516,0.41700452244665764,1
16.805838258185258,42.268267151992795,28.3020923678658,0.3789999524208427,70.21111207042601,5.107572039254913,0.24550935174626864,0.529728393593154,1
49.45482143134515,76.50926841863718,8.056994563484484,0.9829232230390283,24.293099772146032,1.0452074172778847,3.3164496959601744,0.8634680582239723,1
30.026185052204738,17.252068571301297,7.581295638995606,0.23603081934977202,56.778226686961645,31.52272598400371,0.16464669788746839,0.25125357269378823,1
24.92079113415545,46.19222835865341,28.63413982444018,0.37841314521536806,53.952475579974546,11.181375046559392,0.08676677509768095,0.4172830112584601,1
35.03302682953381,77.65066070826937,5.071823881651073,0.5642132933626814,79.36164462703846,14.171952802654395,2.769851309054901,0.20115497327884468,0
15.746645562652517,22.084300202983172,11.873324341302556,0.17226261924440214,73.44687991471307,2.548972802022702,3.1883654194650024,0.5245860793645449,1
39.81884184168949,36.48626876532711,11.04034847007805,0.14130559972790677,95.9569863601203,44.16611010711079,3.105906021098903,0.793760106461922,1
19.922368439468762,90.37530539902662,20.400334050646517,0.8296733089541724,19.10038462459813,4.15857701980967,0.6640016007299168,0.8169052601604726,0
38.034749813100575,88.23145370604425,27.881426973555367,0.6285973738528754,28.200170388247138,12.299954147149343,6.659689939367562,0.2408067417279438,1
33.22834358392625,51.87600118896038,1.150920340139322,0.6193544846000689,17.74390680452358,38.455252020430976,3.1281496627039473,0.715078690376453,1
38.90464542402774,94.41099335812167,5.733684399459164,0.11004196982788714,13.260688481009486,23.152947383359642,0.46273523099853286,0.5592227388810124,1
39.74084773052543,83.93838511958582,23.559217943617114,0.25957218912669267,12.783026270215881,1.3539321813510907,2.517851558155379,0.4327772070644902,1
25.84899634467996,83.50062429301092,10.976222616083888,0.2919139443710471,4.9253379714538585,16.607246228412023,7.739778627814823,0.8574914670402329,0
35.40379447283159,47.220600321988094,15.487426400259427,0.8178570446444955,76.04468116881961,4.111581652815087,2.9415726522033188,0.7625558821100367,1
26.24419385140996,84.78869718918692,4.727776874067612,0.47458140463252807,46.63273886870405,11.360847153672188,3.6986001566304645,0.22566762177020938,0
21.49234912335162,59.623189569093654,7.93584546769026,0.8480968300510848,84.71840161668224,37.336143842783684,7.977447684339369,0.949288956002052,1
15.883508622854361,24.98086332466063,20.26492706371626,0.8266845639139311,44.036568497397354,36.108838275507225,1.9231185482798998,0.5558944692154514,1
21.58242607626378,39.12910462782899,3.994825858402228,0.5901200795370758,39.648931463281066,44.373123077181084,1.585437235762959,0.43542728841193057,0
30.76365515763293,5.7127246973392865,3.3622725514733833,0.7411577067349209,80.66921074295705,22.061342772528494,1.131945168836563,0.43578501531004066,1
43.428870727485375,5.790651981055643,24.92046228574798,0.21702664499937818,84.93090540574539,43.52494747544671,1.8649087064071765,0.6327422787339738,1
36.647804179836655,66.92493219015975,4.05544268412042,0.8563702950863226,67.88083813789329,15.408305537740755,5.707634506239296,0.650750207091023,1
39.06643939912015,43.45201733029153,14.597962238242859,0.32227845273519273,67.31159517007174,31.57739843293827,1.9103994644055236,0.6089639777954489,1
36.946651388043506,40.34731686966692,17.69200795527012,0.6629281355365697,51.37243244389171,16.031431107221817,6.055798933353692,0.4945656655413664,1
39.17835623144869,94.6340879402259,14.669394531199803,0.5472068939817454,74.38169317584968,22.801668722239796,9.517280215102582,0.46582763802554616,1
44.055212907046496,36.74245895281226,28.763913382616735,0.6070334498027212,20.827750904630303,42.35135420144528,10.969618716091919,0.4765655062427401,1
46.73461431332713,75.05126058579458,15.085856553130458,0.6931834030865586,57.94313600518321,19.630363926902735,1.544872892713822,0.595160874062361,1
20.274747854245117,12.368660060342082,7.131075770517095,0.8946410807489902,97.94708258038378,13.458829711874397,5.279592355158642,0.9632421882441646,1
38.80919654573276,50.157221480143015,24.321635028268894,0.23942314196580874,9.01169336120441,18.722892182371012,5.938690335658752,0.3340820276409542,1
26.960507619292834,46.36522269966697,28.974371636270504,0.43622333220266285,96.55111500578761,9.12631529141602,1.8946737711951689,0.8228360106214078,1
46.94666893920581,69.68409835497664,17.35368477967307,0.5899807174034207,20.24354733549255,2.043545080190024,7.455401087812177,0.22005247123173088,1
19.306551128536594,24.296462269622175,28.467969012836118,0.2066426644446805,85.1059407498435,27.49323339581732,14.74627854428977,0.3752025235830613,1
24.366239715484312,44.007754095199154,1.4505220599725555,0.1809596753789191,22.20279555983813,10.096804450960883,4.431851521674325,0.695801835033134,0
25.295528317667216,58.14931742412071,1.955542413001432,0.7290029269426848,83.23129530275584,7.700635501632657,10.21534388676862,0.23697419407662546,0
46.82107648134202,55.701389891139904,27.375769177367342,0.9520959360238509,47.74021321569415,30.884046412434873,2.1750241774089036,0.6460431440068928,1
38.44287124623585,27.52945121319096,3.894643665971377,0.5556012887058274,97.02465089875447,7.423134597483717,1.3061055573741305,0.7291992757491849,1
40.343801888442215,42.18206249112388,29.34334911683572,0.7883655307044226,30.690257767676286,38.66841651975474,3.976079738997079,0.9309448253028338,1
43.36765899988956,57.88115477753408,24.44976147649526,0.4461821273231923,35.66297132188936,15.497101192409522,4.0745310123744005,0.6904561908965317,1
36.24413799439752,20.3186556289127,2.814392603664575,0.14669892215517172,57.729729447517784,23.10342293301841,1.3204906370026024,0.5059193717860417,1
26.56712259333267,57.63401878472828,5.064766772363591,0.7609291487051904,0.3999246130006906,23.985145580341012,0.855944244339949,0.2913773025995753,0
49.69396632194507,63.6821955669362,7.611484090388493,0.7171115424991775,73.51775974462734,8.188680411092262,3.640507275723431,0.2939474697640523,1
48.59411083390248,17.305317512191664,2.9806482327108244,0.13807987912157152,65.77171607539191,10.100793983279264,2.340119879281565,0.42686696149653525,1
28.246594312394297,11.277841727452135,23.356823998363893,0.212031086304105,39.43341614906054,1.5532304128751417,17.103626700892086,0.48513540825150236,1
17.359738924149376,67.00287810274878,21.11872812858426,0.870750793188648,61.73886517165903,9.025209842155968,4.495003331810162,0.9877488243897735,0
40.740716435384236,13.701592340811228,20.663309767298777,0.603622492529447,96.64733507061372,3.6837544199778662,1.8840827589926465,0.6380111522010008,1
45.40680109063402,78.11264862954026,17.194087130584503,0.7170367224801579,87.74836147421539,4.245462619722208,4.014754495338295,0.11377554775342824,1
45.51449638171523,52.196024067165915,7.236223806910573,0.42728840681305336,53.175223919358814,38.5461266729646,0.6895644733410153,0.3584923531203531,1
25.67447498637264,11.991634132775745,29.320332359568965,0.46347592174091123,94.50972177100493,18.448844406231892,4.2546799445081005,0.6841194683234543,1
42.87101057454962,24.031805671729575,11.770608528235009,0.24175180194810453,84.32740203184717,8.771253241176126,18.056675797136453,0.7271356932254389,1
39.79813605769776,45.32791251420157,3.955411478447779,0.40928066399283447,1.0094675990740876,23.41465258415486,0.2851428571492676,0.6166958626029255,0
48.028522171884084,81.43589944957093,21.495406215622744,0.25688419280668595,29.642289430606706,28.313284927112377,3.7209034080155523,0.0028799351244209737,0
25.517657503553828,61.25180589936285,22.330650626708973,0.49723304715564565,86.67653318597347,26.365789312111797,0.8223704398330699,0.44665941813711174,1
15.940763064641143,92.93974851935022,29.64664542666062,0.4012412352373643,85.97933284735835,13.060849619622948,4.994166591187349,0.23111003917492323,1
41.29712542382854,35.71234477802079,1.7005738277777238,0.7917291793238932,20.314193370381673,4.955604434189257,5.816155452047584,0.17847215129227656,1
38.05113903947864,42.77848126789635,13.690232485773864,0.3484609574597346,5.062641635254983,0.8318780682378729,2.7572050262506065,0.8548902287043105,1
29.080055830332963,41.0189082196974,0.956654885695184,0.9107368893338016,55.825131303905486,9.148825810263201,1.4795359051953816,0.29118903915200023,0
39.11243526846196,15.266933174098922,15.48507561575531,0.775739321865645,93.71989045724044,28.67063413394754,4.995223463328988,0.5988353916582163,1
23.288432685221736,93.18890393250392,22.14988397231575,0.4773684936984778,53.11218554528511,33.117424703897925,2.540301472097084,0.49834634539892575,0
27.05618487843357,36.62637873666503,1.5798479365511664,0.6889281198852293,35.61533140368688,37.18486209475108,3.2777713955373873,0.02970105232767173,0
49.937974330460854,54.675878562964044,28.03964718200215,0.2990209109870847,94.66562772128006,34.747453513617984,11.813338952205845,0.025842662258497184,1
31.046136259660337,72.12802018243713,2.411648069766356,0.8133280138209483,71.60967126852567,22.95646198225291,4.900623872926226,0.073027711949185,1
19.05511595536588,49.273284627001644,2.505914612247965,0.270431771251441,22.982978034307177,26.637105024143736,1.1968014315757955,0.18215570239602497,0
36.53780255391952,12.075120215018137,18.83908706088394,0.7426419617297731,17.4645089306254,36.855472929204936,7.5005941585867895,0.15359204732325227,1
27.848345693168035,74.82009094289458,2.0145827367780598,0.3796233421382321,94.46593782522555,8.482419748367317,2.0184949147707765,0.6127089880843691,1
29.554193583148543,67.25255454782871,17.347497041303917,0.7993675314631888,12.465970206907285,12.978817466975865,2.338563831726211,0.8625080204536443,1
33.074590616178824,34.26213696087918,1.0250119624687792,0.8328889477642806,34.82061818434619,31.230625811968963,5.568395881008463,0.5740266986658767,1
19.811030103072664,29.928172571471514,20.32564752263027,0.34956987705610515,0.5819666253016775,3.226852062509655,12.389550073699587,0.7721307610195896,1
48.46343209672738,70.53023718834565,24.335135596976134,0.973733947730623,62.3595685987021,8.839514833896542,0.849731337552724,0.5260508533818399,1
46.48535302349798,84.21534055095985,26.62139137332584,0.4236319002816894,68.93791703253946,1.4816274295313452,8.78184915752993,0.25148590455250885,1
32.912109759916476,52.95048532319932,18.2789423950488,0.9720931940421532,14.13395600212144,20.171313394385813,0.40293877768756303,0.8661337740626158,1
32.560310473138195,67.82218065269839,18.270328044394255,0.3134454817294147,33.37126152061693,4.023310375970147,0.1196124182897601,0.27649993167320575,1
37.60216041595884,12.240608712418789,18.865004626337083,0.3242925102842862,36.70465283248433,41.18564569643118,4.386467659270453,0.40775847131337484,1
18.709563115450813,37.26379641193798,20.931423137337436,0.9063918422393246,99.58110145691167,20.73474236636022,1.6317160498821108,0.5715333599505081,1
48.95137078438163,66.76680003400779,2.639175135980194,0.24513623351372743,2.8342327929135602,40.90592041480954,2.4162978504747863,0.13369741773963084,1
45.938009286302105,5.959519261840374,16.442572722424707,0.9426517207847582,32.351493722458656,26.43154360816271,5.1062290928763945,0.8906874567440369,1
25.837706696111447,38.13615729172768,6.6106659156564955,0.8758564636077167,65.79618070145126,39.76211834394842,7.711608392638986,0.33286696035772667,1
49.452457302008796,54.99648904888276,24.507950783053143,0.5866998418805296,71.6972578205041,17.98102099020982,1.026110582833906,0.04786024515120302,1
33.377453913769486,52.475402031015236,7.274515815902606,0.5067618812921751,52.59288581507593,15.270223420986827,0.3550293561856549,0.7303034503826227,1
42.52542990157696,90.07984180039992,11.820417980231863,0.7407511477663429,97.9607312097416,40.717635797045794,4.129832210322462,0.5454999038319724,1
25.973177949138957,20.723622359589392,28.736076631727602,0.618076074836747,20.41549344898087,39.3548285891372,3.106739629713643,0.6196164291172694,1
42.88055654473811,22.478533662837453,20.250011219221786,0.39356822597589614,85.23870830886678,3.6881006359457666,2.754566982703213,0.795522966383834,1
28.012796139203736,59.4854224495975,19.02188923338598,0.46524434976402207,57.42894326000953,43.60023641093476,1.8181477797122905,0.036616776803031215,1
46.26863124743306,13.295131619023696,17.564751625763414,0.6170605767010137,84.7571116563513,35.474229858003326,4.559985807525308,0.8795045133085659,1
23.367961923859827,81.44398582297572,0.07101506685367687,0.789487036226207,79.5229464495036,42.43738519325413,12.364489183969418,0.8044260988487679,0
17.206082543328176,24.014693532815752,26.671896946618435,0.10098263973861793,98.57070268784756,4.067243325419593,7.799304423019333,0.992072796070988,1
26.551622446941998,68.76484714657988,25.31151377289132,0.2703120330204063,36.86523248934546,19.05715637887604,3.954907361431686,0.751524238659431,0
23.743418842525912,73.14305762499625,11.757809652386387,0.6876806044133882,39.76527272469984,44.4450024488693,7.718408015071098,0.4559300529847292,1
41.433660661749954,29.542868302027387,6.716819059797402,0.19275704061712642,22.64108791312359,5.121772503676058,9.38613716083611,0.7969986355452297,1
37.468471729589716,14.810659173477411,29.273077063153323,0.9075558987131965,40.67036618063305,30.445712041304702,8.315212848253289,0.44072345604777263,1
36.95107692597614,7.7109466356111565,19.100661106260624,0.8736947625427938,78.60069502251295,21.978525165237574,1.872871875596982,0.5233372746061078,1
49.396137052127706,87.95819236037144,17.62921663308324,0.11505153658288851,0.09292712671494785,23.92850310949513,1.2722368566119127,0.3081604540644227,1
20.33948897433013,88.60180611485696,5.390469846855651,0.42860840333148853,63.76644477107705,9.397798483252354,3.864665596437102,0.7206627714584337,0
28.609598066132115,65.62040059418783,10.170303908843346,0.8352470705802552,3.043554933356185,6.61477739380974,1.0044370041625004,0.3854893791141627,1
17.778127845447017,10.547049724978514,5.427664851892579,0.23637661382677055,87.15004953970335,16.438888642111035,3.4145303159456777,0.6708445510781119,1
48.51728451999186,33.03952503924222,11.134895145465006,0.2992683494847035,16.97980586354484,8.001606903038903,4.815940976651319,0.5743070998339096,1
32.15603908826961,19.64099544643544,19.211364592014274,0.4608826210530236,23.916367599136777,17.9758923106104,2.345614860496262,0.8603001276087212,1
38.35951356368071,56.5256615706924,7.376666826285582,0.7407956071703774,17.39863374152948,18.31969519852269,1.7312533127737662,0.8477440138138874,1
41.04665233059681,46.35946587258156,22.434952198276395,0.3135168211162257,18.059369156629746,22.23652107386525,5.826113783826852,0.9550221171854232,1
16.317937023145113,50.676274851103,6.937660035911558,0.6036744976078745,39.33256716996256,3.118714664157536,5.540962164067845,0.8916075792197116,0
27.567683661338755,48.878797263332395,4.923785029624184,0.9392597294696508,95.10744184989179,30.964280360816357,5.718715917639027,0.49425352450457516,1
22.593492051450735,60.48485202516104,20.401619335276166,0.7716684107491562,31.185460936467724,21.217263574045447,12.71898704981544,0.5599450328812025,0
28.659378028449837,47.454269790650145,1.5743318649623506,0.956427813710345,40.46443723057479,35.219031048571026,2.629230025794655,0.6137276249750875,1
45.099213171894434,87.5702808274651,28.51165495696478,0.2782464714211253,31.339310795145657,33.90362669590507,3.188356230427614,0.793808058860821,1
24.239853443574265,71.22224267124602,27.936700753770037,0.3594816816617262,23.49830942021207,8.541124027532298,1.8573664905237033,0.7801366664753517,1
26.980668175837287,25.094359735939353,10.289526984072918,0.5061026219951564,60.324208854160744,36.210990338613854,1.9125552159925818,0.7401897263297104,1
17.68736966762929,15.044996602542664,25.351607267693666,0.48883854734789967,21.73127745202883,13.473084537072147,0.6607570951454712,0.7345572890488259,1
24.861914119177882,93.42761115530037,11.098146126737108,0.18713917162526245,79.067834466629,17.391116069853208,8.407663652040549,0.8154488844932585,1
30.58227764623367,32.739308743723925,19.408364037353458,0.7780623475370312,20.91291029904181,41.43227050152924,0.36445977330686546,0.9398032689117782,1
42.16122887467818,77.57657047360446,19.396847193136196,0.3747774041241564,84.88374391385733,29.247693423817058,0.07412934369986796,0.4176702587050868,1
20.85090796841814,77.1515136278319,15.174016382472447,0.5347156526912742,71.26936454861652,0.011520518737079821,6.426263373857665,0.3384228542390809,0
48.62346086289874,21.460788425928023,29.39235500585128,0.5568080923016644,34.67658776052369,13.903137431301452,4.391603849088611,0.76502163950082,1
39.446375451039614,8.993792872763475,7.3012367059223715,0.29376126416348436,59.13013841552501,13.539441611725966,2.6162983822871384,0.23903710276617074,1
36.278739120169185,19.24251729964587,9.912672212022539,0.6307315767671016,51.55347637563005,33.5802193411785,2.2453957497660184,0.6787454629980988,1
27.74957048344124,70.16336641706789,16.781483190847062,0.7833558450711707,30.378405290003883,38.85591234493669,4.561293246203678,0.8538214723008275,1
24.9963550765133,86.08123625717315,24.913871026281814,0.16575653976282378,49.576688521588586,11.441497756696448,6.958892586561779,0.43524083471856245,1
40.30117128077282,30.788905823461278,22.920536091994663,0.32300712235872486,51.539588293189055,24.132089639017973,8.7088880677724,0.6484704907100906,1
45.971611105572805,65.16462414721542,20.69117252587841,0.78268254106213,50.60872380194243,35.245111264008486,0.3381501978968798,0.6014195383970794,1
40.380036598323116,64.24954804778059,8.094091941043914,0.8215935433596206,38.32353460087327,20.629770578928955,0.5819094612245144,0.3783770611543139,1
49.036272798243246,6.881718092776734,0.10761275107507129,0.1763312758156253,92.2072664004178,37.270959741329136,2.3057069850705765,0.09597323828332016,1
33.992861712205354,79.65537699823722,12.647069347548573,0.9473697329939168,21.49463057153894,13.084792517553083,1.5076812777038824,0.4180435172390342,1
17.495823438897922,35.33214991659875,3.265324077104872,0.7580176070267477,69.60627882624487,16.460375981028523,2.5381668034917504,0.22602516196009315,1
33.173983098984046,36.31842731099853,12.581675259259878,0.26432122910920186,13.7067583316984,43.39337649723672,1.6333339730570293,0.016555547922270097,1
27.864230463017822,36.37644473234586,1.1094408637465836,0.6979937966968616,34.53798869844845,14.76720006208769,8.844798810810989,0.3126620585768354,0
22.1321657324523,56.196420545263194,17.496044727341843,0.6920161222085388,7.524697528251146,30.434942606070205,1.1621771809562647,0.7880787753702416,1
42.907880829666546,9.769351980651532,8.871181160044118,0.4097334403745686,79.88515032042484,11.266965820922739,2.904265580962096,0.38824944411962936,1
26.06281484081149,12.427725155880047,29.238594657685063,0.7750788028660268,78.128919774552,2.2406257910761602,23.425563821750572,0.4929236703003894,1
18.522816667429694,91.37668114058657,10.017544785207322,0.4951826123150791,17.157103041064794,4.206498711323034,0.43777317267241656,0.35929270369837685,0
49.05400380418694,13.734757148106905,6.582307142721351,0.8291177672972538,31.295431441798648,29.9972762831562,1.5538144157322564,0.8663091809668834,1
28.35170736532518,92.84267435684451,16.318864560851654,0.3347927615843186,2.3066507309680517,38.48615964023235,3.081262953074317,0.2479954670894522,0
24.18796633629618,64.1910244530892,18.493506330081136,0.9779250686565782,24.698987710305975,10.29106202529971,0.6565272792612937,0.2701402968217729,1
21.008087051095746,57.63494558361341,15.39650295106355,0.6177249304761394,55.93072175503714,4.180364949935243,3.259160419504528,0.650925685607601,1
40.15017238998478,27.160817760262947,23.210939897376043,0.5377632593959435,40.74534553447528,44.22613776091404,2.811688443059852,0.16223791029867918,1
46.63572237691909,18.478125003380562,23.71502187915211,0.8295485889459883,91.12550919213294,7.335040479085695,1.283511996783751,0.05932202792969743,1
44.620363029373564,77.00069897438476,9.71030419702831,0.5965629895926117,71.62823066385695,7.909736967210223,0.5350339871066677,0.13346644203938862,0
43.65612566435891,32.08905854881982,25.29368178734023,0.9562394956236463,0.46534469727935734,1.717940888151253,11.107412893591935,0.07957333267641276,1
41.16531562522964,27.11966236787277,4.619369605429196,0.3920183471437956,50.73178943871019,34.620243008495194,14.454688697972358,0.7659281696361483,1
48.75415760669071,13.29627117757115,2.2937538698066238,0.8752629722111823,80.12624129771612,37.29578755917479,0.8653302010236537,0.8201447872886465,1
49.38551323562468,66.44343048757808,22.325287847977517,0.494075697665725,47.008125496558016,22.52365911095373,1.7103781774651008,0.38084142693965095,1
30.595870962880962,9.733720027973945,6.903972974810789,0.6111443471771002,86.51448241782688,41.8707027536094,6.370969214002402,0.37626423509898854,1
32.95265697348367,13.478707068050674,17.15900976841605,0.9229032661476096,47.49199518810583,38.4747835203413,7.892236976873718,0.4615310113124139,1
27.617259557546237,21.432470873478024,19.17149605941098,0.7302001661769078,84.22394137177862,25.098085517141698,3.5955876538938485,0.5383897827570361,1
42.85875820315236,62.23876704066451,9.62657717308566,0.8659518134291007,11.0519727441866,36.14367325996996,2.8194534905721857,0.971859936860789,1
48.78954038069996,71.79372183708895,16.534671596738423,0.9814995438658027,52.53576774683041,44.17620641008547,0.7072456424604263,0.9567241724877229,1
24.422533366602416,9.219262300306866,15.953248093115004,0.9445496834884666,49.47499819568797,18.285573208146957,3.293558266395749,0.20539997285212452,1
16.313266615796312,52.43909698781264,6.976159165895468,0.8877643105682599,4.780280273390225,18.40693804961754,0.46960328055624934,0.22727306834881444,0
48.75184376336009,28.58582326086755,2.3968850675070263,0.8252102239239159,46.90305554757512,6.35866996662941,2.513370368667847,0.008281110359373844,1
25.1957796079938,35.20614348838886,8.449319052569663,0.1571285121083249,67.55896495523282,10.608213278125247,0.2052124107888599,0.778994175869177,1
30.879452797623145,73.61506542193442,27.193395257953078,0.7569979998574083,78.00210121560843,28.294517704222763,4.641544575338956,0.8012764554269637,1
47.56488798969231,14.371500705846715,1.628481886984826,0.813445338005196,98.27528379823039,26.043962780860795,8.926977828031786,0.31124727141870356,1
18.735122771820343,39.417714160981895,3.6995380624695153,0.9072674482605793,16.06129132540338,20.744540146946896,1.1141321017340629,0.5093309330144892,1
37.60081209849157,92.90985597828681,16.939474602605664,0.4402691242803741,63.268709785067,27.250166818379178,1.6934476065675366,0.6543991291751752,0
27.449751274483162,65.61163334976928,4.4901157080353284,0.11014692460416425,69.5946367532584,25.05585010484025,1.1141534475550434,0.5378109125684879,0
34.9029718744545,93.0183213711939,9.536703566388821,0.6190070611378742,73.62031930655345,38.12326910663474,3.6803688106672756,0.3186708004567934,1
48.42453532480545,51.3045530575615,23.447719254391963,0.8181512929457808,69.01218895044234,0.15126083131001555,2.8034914956113157,0.6516780838828977,1
37.36608166391651,57.51092556803524,10.363853981758673,0.5237490630016078,99.22852518735888,10.79351831585395,11.7003051876088,0.6353358954178782,1
16.87332287140945,25.542209729789576,1.0177421829003852,0.8216786902949277,19.806317825502916,4.028326433849785,4.063055066912228,0.8749140764261945,1
24.31368416037441,18.326581525712076,26.28451324237365,0.7927313890407329,29.205122607950518,6.831743270736606,1.9223064014714786,0.5029311238562277,1
35.06515752010379,5.810768739741884,14.71130605316125,0.9043404690891769,6.661163738249554,39.00455443845414,1.1450072531828541,0.45876361062156357,1
31.725505712883344,24.50288415703462,8.400190377528736,0.20064739566479234,59.95335940428171,28.48055786780567,1.3561631458454642,0.7420056528728299,1
48.44404004701273,38.8597312926476,8.242058358800517,0.153644508225869,50.9650138797147,11.622605140543678,1.1281665898122024,0.0201061358038227,1
20.419863380560592,79.38829561879423,28.26505316395018,0.3800655601420633,63.18178994571508,40.141535272666104,4.948552689585848,0.6987872795540657,1
47.84548100560866,81.25162712909189,2.4479558676203093,0.7614199097355483,58.65990827446137,43.78217704162939,3.348022863323587,0.8429283831959838,0
19.671205207387818,35.61906014610871,3.4741055460409775,0.25211341971154255,75.98973235350269,14.858803244366282,17.046721645352797,0.14061220025517718,0
27.740406598722352,25.734928723607318,19.469201434570984,0.4628430411383677,36.51719082420769,41.00464076171991,5.371858239380348,0.28435183249713447,1
28.514875274716488,58.81695234509236,3.620282464125897,0.17791211858429262,31.314822094229232,38.455675065889714,2.3650703820587484,0.3020311213980442,1
30.037168584439957,31.392867130435622,19.084022510143512,0.38119273971485057,1.954454803800476,33.114882781554876,6.923106917492766,0.07225457987010586,1
49.524219109570915,74.23947366313884,25.45706364307193,0.9980946731800933,25.634505095262185,12.522953688242852,4.188103659889023,0.4209423976235954,1
17.362698153268695,60.63920128997641,1.5689179119731345,0.7504472354840606,7.584153008767435,38.08192877443975,2.488738798900914,0.4522269515959978,0
42.24610285067833,91.10730893711442,20.39581133779691,0.18487577853735987,31.07009630132239,23.93135817174018,8.766114060125302,0.44335812269547037,0
34.11506869600089,89.18213377110689,2.822472981463994,0.18199357284734435,46.22152382934348,3.3397457550111467,4.947442992995599,0.4738271358193016,0
29.543747999330577,20.649548522849372,3.866539128761511,0.47234296288820643,66.05245866229164,11.787788318736116,1.2636768482345277,0.21781846098055802,1
42.03334786526172,88.53644207625675,7.304907212317274,0.5903830940075608,78.70417550594469,8.37007789123506,1.1421494493165854,0.902993559900289,1
27.606734323743403,14.354894087808368,15.278726707417315,0.5312436077475869,2.2252356150611607,31.2304959303712,5.107878584620228,0.5787074649517158,1
32.15279159426798,89.82793061623066,19.840218204371144,0.18373015217100047,47.14947652105435,35.63956480474949,18.167685501218394,0.5759363755921493,1
27.392047498707992,25.191150706060913,11.335921577176535,0.6297021183539435,20.63064971808225,33.788180792897165,10.028448956292104,0.4547554115442627,1
45.41221422236245,55.95937182630082,17.150080397528004,0.1983588313147604,19.076923857918516,43.96067718807296,3.102747488628646,0.610124743658726,1
44.749908582949324,53.94972153871008,4.34622749972918,0.15848985813363753,37.392779417696566,1.5961285105695349,0.7837797304103554,0.5927876298026298,0
26.971180765070905,61.69192666136508,13.240913288315468,0.3857118434783814,26.63994192690814,21.388565737545868,0.5147501761487785,0.13406765914038488,1
43.437919308488276,48.69444039112383,4.580689727629492,0.8773606208783754,32.23668757929027,8.263577569428,11.338414378376363,0.8604255671185388,1
21.121289315727658,47.70152250518925,20.251592000343106,0.6068845078047035,10.821460949555384,24.531589982059593,5.456307414156647,0.33159256101571843,0
23.008506830603693,49.93733889159744,23.421392845592496,0.260532520948945,11.99698408462555,41.55168961984719,5.299205943312194,0.4562793878058332,1
34.58291182443023,74.15922816820715,22.0911306427023,0.6310117874254774,18.201987328435433,37.85652022242878,10.406615676366016,0.9951966793529687,1
18.238407742402632,81.90512929577037,18.836550626398427,0.16376798703099613,48.74324390877397,30.04008369167571,2.465959888003381,0.2433607607567274,0
49.83781897330957,81.09879203689015,6.937574046332408,0.5581005601274973,19.392969132265602,0.3835792359734219,0.9241702539928086,0.474203155598921,1
18.595609784944823,52.453509195580565,29.32901510610362,0.5409932161131737,60.96541481567442,34.35599345710711,5.812921090109024,0.2867834733293191,1
16.89530070026033,91.87330898450546,28.554292644317837,0.6221135954297375,41.75952490385624,0.3747611662178374,16.014491576612134,0.5189652222378698,1
48.900707341143146,36.12778361636478,2.335439318962871,0.9111035854866341,99.00402627637297,1.3915563148787435,5.9741038360234375,0.48185197066561514,1
27.0714365223201,49.21602467376195,17.124743385375904,0.7917862151060395,7.278942127211985,42.87663558129958,0.6242211081391129,0.1050236636539863,1
46.34393106022553,68.68431154831998,15.267313926795916,0.1402250581866865,22.79732374333282,25.228603710208457,8.072689440869201,0.2503038005280084,1
28.36897288189148,42.77687311825408,9.177954165531997,0.5091702519585829,93.15348793577414,39.50356477334368,1.8548319595285054,0.9819251856237271,1
19.12032152629166,55.773445835300876,22.401279835679105,0.8110147154264903,25.51968754988576,20.889982580961572,4.735996616185247,0.296027348766953,1
15.010962930030407,10.48498873017336,14.618532687953849,0.8992161325881268,39.84216100805551,29.097214467100876,1.2345096868197074,0.2069918634294653,1
38.85102251358148,73.13305555217072,22.640265769799047,0.8004129940520287,67.94100146413209,38.768597744246215,11.144313163743726,0.968615520827881,1
17.8926324630825,41.79832780933829,17.05289601275896,0.8742741991851704,71.40858506126916,14.243629901626921,2.1486654244671173,0.956496862108865,1
45.17964173527706,50.75606561503484,26.476914696180877,0.5498087293059114,37.048692402691785,39.937622665718514,0.16904037115059967,0.2969521201107742,1
32.20830117213261,11.65893478308704,14.17946499616008,0.8880077253958037,74.27670757765283,7.407124965736612,3.813990711993362,0.6634650567412799,1
27.77605018518709,60.60100678173373,18.912560720904477,0.7832536621462736,19.060178147098682,2.7834018729181,6.424622252857168,0.2379802687988679,1
35.79808603844329,5.962017257627174,5.187287556174097,0.8765417330109009,88.32391269342669,22.29189122020661,0.2903407732599571,0.6944915443517343,1
23.560715494290598,60.09121025386168,2.0947361757624194,0.9138285127663648,45.528877173193735,20.76758078938208,24.836742260504955,0.0738509392616824,0
28.613672295059242,94.78292855757157,5.06699094465171,0.6098796698701264,69.0374655152375,41.63502051393884,5.650571359366148,0.3636461741235022,0
43.22917456533694,40.36646572942749,4.750893336131858,0.8814289349382083,43.952730592986654,40.657602788214945,2.642037077064816,0.29633778178662196,0
40.17474115186338,76.45558463344675,21.911252310051047,0.6192925105417555,67.36965213405176,7.699013855695854,2.344811314986637,0.11601598728007756,1
30.67759122140054,56.07476841500684,20.636117195065204,0.9869133519178122,31.071044235975343,27.19112524661273,4.091751552427482,0.5065557743655584,1
36.34398393997462,16.50060598458151,15.343612659852898,0.36557131183082625,50.56640704565829,41.05112581655172,1.558061466467957,0.7692467292291232,1
41.64540263358809,30.371236508850327,8.120685878155639,0.9669302517427123,65.83573643922527,26.136304518899028,3.9011858685359857,0.31635955480890365,1
40.176623951709075,65.78813204255204,8.707015343923185,0.39195901662867383,29.372997731301876,4.65622324258496,0.5748448835939988,0.59461459786668,1
32.77933151384507,56.86487363721653,3.791299592617773,0.512344163249888,18.351608206607395,2.58643360351938,6.223561467526539,0.5641684019619192,1
27.668993063886845,84.64086671486102,3.6848640553006495,0.9121279495866632,29.195777491750253,18.924841634458605,2.7303679653449024,0.06473986739644166,0
45.13904289519674,14.139512851082321,8.102045484629263,0.9132757508986762,33.726828180957256,29.156233516858318,0.9596820932429544,0.9212849896684242,1
19.46119274307796,36.38807717837173,6.46370145326123,0.4858660806255456,59.710889708947455,43.72969428913274,3.8970101050185812,0.34988608960098433,1
27.364372384357473,68.43863689021154,29.64732578054966,0.38369724609909095,96.22473713150758,0.2497345367318865,3.867660231604912,0.6132994851633525,1
25.063934543039807,58.34749323058517,12.584641106350794,0.915673712201116,2.347014188325647,24.872999813881872,5.11716634099861,0.6133560168047297,1
48.06648663172057,18.207513176711675,27.24696614149902,0.3222802911206309,31.30917930593552,22.648289222495993,1.8588456307644374,0.02966315743072301,1
35.16588320047388,77.92910728947166,19.63006876553485,0.7566003693482692,37.055862180719515,27.730278821211527,5.725137900946286,0.9899199860305797,1
43.027523545832906,19.15685023204889,9.668422839955976,0.8145102946809086,91.80452144451539,15.626282626341776,3.634137476222803,0.2583486899699141,1
42.86758738117899,22.70921677937385,26.36758332174345,0.36499223195002706,58.055695079549544,35.34121687386925,8.312771449740573,0.32819148541857324,1
28.346358442476784,67.31122793537784,9.159347217037293,0.40985760968848495,37.350999704239825,7.77486908406275,0.9674550123731319,0.4478106689758655,0
38.921682013532234,46.29869446158,29.421176834176414,0.837738047010131,7.056588913974515,9.93431638340082,4.253446041806729,0.434803595457809,1
35.06681944233323,64.23652724679476,15.912151298098909,0.3470919448857226,21.53496181312723,39.56071531839549,1.2387794997553634,0.4790364037892738,0
21.109820685265678,39.19704587640135,1.9271707845657204,0.8669437561626688,92.27027292928538,15.275544468451393,7.046465233208626,0.43544830154014513,1
38.165108350417256,57.52979606170095,13.13458067377367,0.5118907068860453,31.319469680220713,44.76803853759653,6.806611711614369,0.9559233359944497,1
39.45501311424883,54.68621541388786,19.22042986370826,0.47669143513708867,90.14951041229291,21.588337505363384,5.025603501092039,0.02789708515379985,1
32.695095989028985,6.403255855210027,2.280819781729991,0.9107209466065449,79.39143642470775,24.328230714189264,12.832880201912547,0.04056836978904976,1
47.2756537911399,51.697455899088304,0.11028985751160403,0.9159025793908186,35.30441311087515,18.404776524970284,12.867751892094352,0.895715089870689,1
28.04243379587588,75.74899821307376,28.38838558499492,0.18631354555816196,37.47452957586127,4.744769689797256,0.13972238255052338,0.710844623233021,1
41.594552356121625,33.0816573808803,11.585398675483638,0.43023893642069566,50.87113737689387,39.08706801333081,2.5435912061450945,0.30254200573440515,1
22.6338413869874,90.64033731370893,19.477559237904032,0.8221390125901364,35.71946347653869,13.234974768946284,0.20503238159332912,0.005151905219879405,0
36.91006636029731,73.244359963287,10.335138737282806,0.2935384872874234,84.19110117808238,22.109342482794126,7.28037366492595,0.3116525468204431,1
18.720313549144734,5.430706339764257,19.241983853181583,0.8405907587546169,95.79305352540646,37.55856105758456,0.9141862722504044,0.947707962547243,1
44.877738431392686,30.04335309755361,21.489657316567374,0.6370640259647491,27.059911729193686,2.0962122808363164,9.856877747384205,0.9556623903451681,1
42.47144762762109,15.060142531127749,10.192311170604974,0.20533252666525392,16.797269537802773,5.012771699279584,0.2718226906606037,0.4047237924006588,1
42.99139309528961,10.298887723037765,28.48924666150403,0.5106742271016489,99.63078292788164,16.954913765024763,16.35234288383416,0.18948710677750058,1
34.741070927248714,64.75262287228622,1.2148530170254512,0.28115994657888044,27.98398650778202,39.87801088894716,0.4670194455317151,0.8883406345938052,0
25.158493705270345,65.965136730602,6.098668907375121,0.4167699190516597,76.69149701612103,19.575131532117382,1.7524923828094146,0.3263134073683388,0
49.17573157083248,61.203049095739495,28.455770850724733,0.7958042216938738,11.179362533488103,34.10794001178792,0.886994629099218,0.0024880869744916545,1
29.83649178593526,11.73712617232335,3.17983513020922,0.3562410279457079,80.8675257958909,8.861221646845589,0.94679683577376,0.10149417194641597,1
19.86396326017963,72.16102146432766,28.576445873107424,0.4827891134362722,13.928739853348803,44.0451191568107,0.7298738227912321,0.3609957494506567,1
40.11425955086074,39.78993003074086,12.529765898102019,0.6081285114278716,72.15881352993355,2.0819926705176894,3.626930891482312,0.3993862905095861,1
32.58258900024732,56.075543991494214,4.633511716639065,0.8452686263985948,88.4991016662845,25.9267593641765,9.883820631043323,0.3735782859203578,1
41.565546807370026,74.07197787468854,13.512579865370855,0.9194851065298966,35.29242814756862,33.793910391583104,7.553958217689885,0.606788811046783,1
32.9274970312981,12.26769157034088,16.78082768672638,0.21020653051614158,74.64422470703951,11.702791514675816,1.2445256228274697,0.7436925996344056,1
42.201222863662764,69.51723356701544,13.466003510466143,0.990058890789287,7.7768325476661015,24.41805597338956,3.8977040445851467,0.6308895274901274,1
45.72374730494015,63.909569379330875,10.40054392942652,0.5835050157448906,87.52982178002017,10.42505445936856,1.0320828033205134,0.6631125924404875,1
32.249783958039586,38.12494525440048,0.899369146315866,0.1446015962867758,10.117269780293503,17.563833972272242,10.58855183384463,0.9539906516809631,0
18.004510214997875,28.593211453942132,24.596640403227774,0.622456198197891,54.56387122647956,18.459977620207464,11.937641232901157,0.3497078194556563,1
36.26388058630741,85.12117114837874,4.223699639266906,0.9129558244484177,41.45083831315167,3.705841776501865,1.3036777599138982,0.7402365080403426,1
27.824613507654114,53.95825629751389,18.24128665573804,0.6182026916434828,85.3454126143462,24.674679296888055,4.283249990917338,0.1991879578723864,1
45.36011138937826,82.04337327551802,29.830908982581438,0.8994769793745913,1.7025659702011198,6.454918656782775,11.647457855340944,0.1557301255948883,1
38.28287218030094,7.486179797142024,6.266898418641398,0.1098442121576481,57.44610361103353,5.681330104763322,5.596847144232143,0.02206402497622384,1
36.82221443027521,51.71778429058863,5.60454597754109,0.41014826926490855,85.65545644257872,38.93676231880436,4.797363450914086,0.4940534080991752,0
21.37604193851345,71.65374659396842,11.99314651790965,0.6655620092557737,65.54766059820999,29.715952693324805,6.476813641145682,0.7396002834411997,1
32.875958168893945,7.215085681856123,21.072389274658665,0.8050925841500118,10.577374086112156,12.526737918368411,4.488733889969116,0.03855202695488624,1
47.80308005011192,82.30979395127233,18.563913675102718,0.6224537215076057,78.58863306876187,9.750433311571085,1.1412504623232738,0.013672214693118856,1
20.036164410076264,42.878374836406486,20.750414850537904,0.12023274027979781,21.71339257888465,36.374894472571484,4.262417259637312,0.9007229126052373,1
22.5289972697399,58.76544022452518,4.64967026830055,0.14305327967370038,86.60298401021161,26.279500647120532,2.069363614091954,0.7368302657947026,1
30.775449338826842,78.8296511235633,23.564815556882618,0.1453165430528686,24.320871243220743,22.20967236140266,23.523829913666535,0.5409635832856763,1
24.954159558364275,33.11700478155454,22.270340899914494,0.3339825358791988,23.136252454499296,20.425924143842426,3.0647745133892164,0.42026226202718375,1
18.932220497508496,41.43376406148022,0.19064324634196717,0.812003372697025,43.10002274094953,9.40831113504626,7.782625392773079,0.5261333534687841,1
28.999457756710143,83.04267569369307,21.30377340727682,0.20348646597480124,17.665759588186692,1.1749070223214575,1.407271285346071,0.8684221298953766,0
37.599882671824815,22.297417194568936,27.421194477648275,0.1853966450939044,83.0237463672878,43.12993948752552,17.483801435960316,0.9093396779075955,1
41.77668420898286,62.25511615998377,22.64511414201815,0.5868091583846559,22.4061529806451,20.802726949039407,20.86467149290939,0.6720108468937223,1
49.06547082952969,75.2270966768387,13.574071340646029,0.9078658427886992,20.323828477445517,26.59185106980356,5.113320454137225,0.1527047364303329,1
48.94398719559727,11.325691178961314,17.94436332370838,0.5009284428540468,86.59581506591822,12.86233905216868,9.782480552634702,0.21907493737517336,1
43.10269605915697,54.11540260822275,11.966490310821925,0.11118256472352767,3.3006134550705224,17.0560165294519,6.661155547235044,0.8106231728750458,0
32.38132043785852,31.585813137188314,26.730678737400012,0.36067259835630827,96.61801443403154,9.59296455333856,1.8774955547593166,0.13978976118312803,1
21.791279771113118,62.87072594238833,12.382982737368625,0.3259002853756109,17.165333328062705,32.16265986986506,7.453020248099462,0.24363372079700607,0
16.110434356380477,9.069618118044577,13.620539567665519,0.7187488069389716,95.92139195037042,21.198992220045625,1.565504386266459,0.1827497556415847,1
36.38196003063037,63.26941572660296,25.196267772392158,0.2368139690951978,68.04276433023513,40.55870156795177,1.2443370781493022,0.5280750987615941,1
48.073491458905686,32.41156402406733,29.17867501000246,0.7591705608637132,80.47337414293116,16.64865055422124,0.9965930565685849,0.742684681457252,1
22.73251290157148,63.64152726929574,25.009546808000344,0.6785778922355146,85.59291338292034,4.003558516822252,10.039291284503998,0.8911068546272339,1
41.96576399113023,93.04709523234422,25.228362342424855,0.9272830233730608,95.86838127096262,10.084885312236825,5.786538371607528,0.3134458998565086,1
42.53090630154038,62.857178144686266,27.015157470708527,0.9693939891324469,5.2221331585648905,1.2948041010095812,3.94601774566214,0.35825022391008365,1
17.393812674814356,57.08130600815368,12.49320631870514,0.4421758489430977,67.36451337744771,20.669932123689264,3.1571883437511077,0.54009930897681,1
29.052387400947342,7.4226151800820155,9.431750199632372,0.4012559114203522,99.52580253934245,2.201559940010739,3.134987510590559,0.930208977836525,1
39.76706589240489,40.26578614325522,4.4195544112624585,0.6163606229423292,75.03207727687305,36.60917727166205,8.282173265844342,0.7509633871218363,1
42.46536499285496,35.385812640373345,17.246715488010665,0.9356086016772948,59.637583454602286,8.45465501842884,15.52785918125812,0.26170688944751186,1
37.41262373726568,47.1958560217881,11.535384854587786,0.6005987770675265,63.926746060330956,28.27461722057106,0.7876851813104366,0.9375772427766746,1
26.387766740620304,80.0623194649219,3.905364588778537,0.996600303273379,49.724919039597324,23.08280827785426,5.429199764100691,0.20416727229574372,1
44.669942124931275,84.13366241994714,19.791661437882237,0.10401191176901299,38.4610844465403,16.121378194375357,5.913491661825262,0.8212689182999696,0
42.86018744664118,35.76846592478984,19.82829997705803,0.7642552034311524,36.79393373055706,15.50368235160232,5.547510062954632,0.3757808610463578,1
29.84932920584756,19.638508416950152,29.173238759168544,0.27262911199215967,15.31467947460422,6.190314969482625,1.903137334003494,0.8586263386380311,1
15.254887050297967,42.0448789647081,17.627284518195623,0.2871461287170284,91.18548050198193,28.585119894620906,0.9988742048833282,0.2993105222708231,1
36.33706986629389,86.18525547524655,23.741652115349765,0.8435170582257748,2.515476954143514,23.21195908499827,14.659603541166247,0.3504168720795664,1
38.48480244432233,56.45882138098511,7.624627931926263,0.6903120451429551,76.82599884321532,3.3373842670241993,10.170628054229855,0.333124912289391,0
19.57547730407189,26.63150623875176,16.658591684498887,0.9693995182984506,7.242532068665863,43.129335832819294,0.558289704406899,0.5331110717675934,1
30.44560088801761,17.376065055417804,12.180815097071658,0.7325910513622482,83.78511356577582,4.602390228541832,4.857320429521751,0.1158303783631991,1
49.15014558680278,6.237404122765532,11.40648438895037,0.4148068040483057,18.057982635163373,2.492978759202729,9.240655026081061,0.31957457111919574,1
15.522956514569396,57.315362347445756,20.69253941151284,0.8321794709934364,7.669364140883738,43.329528364173946,13.59794629244271,0.006132568092067969,0
38.345405290871696,64.67421514469828,10.566124852106972,0.41021450931977943,34.84541827167126,28.7638938168917,2.025128458705016,0.0888572510353387,0
28.819404871852853,61.57693377715677,8.776980467479586,0.8735844708988574,66.03442258662544,33.88683253391466,0.4058398088715673,0.6424607866611947,1
15.415411311594251,57.74973003285248,26.13662908486623,0.46657355134035583,30.435968053270102,15.249023229169207,4.862615601901437,0.832536542919828,1
21.852486278151552,15.239710889656152,19.17088289529675,0.7456780906518572,38.94310365724664,42.1511725831244,4.154111646351809,0.6082676891186829,1
19.68906736971162,74.98491593843505,21.135648898445876,0.34135616475645914,20.19688854357774,0.6124120339796629,0.8220597222377563,0.8328790823390912,1
29.914279639357268,71.6818212493412,18.47583880217614,0.7039359050314582,67.34902311072204,30.284750649545753,0.9163363978856411,0.9464144142411809,1
40.699425475973484,25.575037984144828,19.600943784709536,0.4875531426965134,90.79685004346386,4.708611850230478,0.7696915316024595,0.5242881581789214,1
26.047874633706222,47.498122840833304,1.6053376683380105,0.23552119819238285,54.164374105883184,12.782422224051226,9.672943118638146,0.4739313139705169,1
45.58576051611414,6.735767584981081,5.356596105220231,0.4877986286451118,67.40755013241963,32.567219421632046,2.811836254129603,0.5822224783015304,1
40.94798856009888,94.30518948064777,21.779133028676473,0.5496845343916075,20.669302267287303,27.22885881531434,1.772686202659668,0.24729098223514934,1
40.765087712678834,15.166843618480685,12.24201596886987,0.9474125624929247,22.966499293082865,14.995823898395187,0.43472492814222374,0.28298589941337593,1
22.671390814617574,38.64796411210804,4.363161729227466,0.7272837050578567,26.239835648587693,3.4507275968745397,5.289458371690149,0.10165597120398284,1
19.00224399371078,7.847427707998785,14.928863535127755,0.18930797138188157,70.8896382363346,23.847841456291338,42.04360781986905,0.4618751403243646,1
36.42429557480422,64.96769417686272,4.505030607087748,0.38645492120468694,72.7432090996627,40.04665862874911,4.911045644395655,0.15573799074972294,1
46.50095607546765,88.65912753097314,26.786982508263623,0.7721545294561286,2.213719654750501,26.43596202340131,5.723608171376462,0.16897814912024234,1
37.49547105459558,69.21507758347155,10.901423764592115,0.37199321776035343,40.830990127498545,8.021659237054205,1.789865976999909,0.7336009687421218,1
27.71149766428035,35.79269601968976,13.082407210424389,0.8096127627674241,66.59131521980626,32.09026100976884,3.4746206754664213,0.20231520260659386,1
17.643844052061386,67.69413816365008,11.868994203728246,0.7785284001992907,54.029808728574224,12.5445402852235,4.008834460742511,0.33125178610880746,1
29.790553169884472,52.66625694351416,10.551949593388253,0.30715267014288217,44.979211687556855,39.11549044090101,8.90374941994285,0.02800488400300949,0
47.8505131700921,22.091677437319447,21.622264806651273,0.9650099487825763,96.2841108034368,12.427626675542676,0.5865716400804848,0.3975538079168879,1
48.195571282962135,48.550211895440675,3.8084704178240045,0.19509661704804995,81.13407068863411,39.806727195540866,6.0654787461650255,0.9617498232395275,1
20.376790392263192,37.128646817567265,29.916770976433796,0.6882197103401881,66.19506908082403,40.23905951572883,10.559577992916445,0.1005998612788842,1
26.162706070498693,85.18573936747993,25.88972254925952,0.5860852356586335,41.19229935266916,18.289751566539557,2.3477760281995628,0.4489729770268399,1
17.742157303228534,66.39471584356365,17.43297860789723,0.5264239007281083,94.96306937435213,3.0873383875707487,8.021651326036409,0.5004092932412768,1
43.12942848528132,88.07178592865309,14.464609872461052,0.7090057387292892,83.99917950235705,32.651955694863624,6.121339259934338,0.053568212745279675,1
21.1995310669982,53.918863207771324,4.600104037064599,0.685951282974069,41.05579113009411,43.64443808705133,9.80152555144146,0.391865931778816,0
25.178167906799104,47.68835646440587,6.313639705700762,0.25426450472312584,43.340807197817085,26.442943523634163,2.883075281743573,0.3918881506179589,0
30.282214470177653,42.55141878342623,19.047205062100357,0.5598252981005643,34.49790061690625,14.584734350915337,1.1134539837435895,0.9840627027727562,1
28.392119735935623,90.09290273881311,15.664869872351076,0.4755462171434296,90.96417969483085,41.249399417142484,2.677874333584986,0.8878803903433892,1
27.727028371076393,39.15232885194531,24.49332592339246,0.7416711119892679,26.378299220847634,20.015186340632532,2.973591997228801,0.814549084188741,1
36.2344348585638,27.668103792009667,20.660991422909973,0.3631787669256038,60.188063716717956,21.42547260727794,1.8993393344566987,0.36638505287620926,1
24.29158898527104,76.71750742965489,23.481234714363325,0.5877228349472667,84.72906186376487,41.97647265453507,3.0721633772784007,0.7414661101821642,1
26.704542480775828,65.70029816803535,11.610993540166675,0.55492151356,98.67989856207268,44.33016234162447,0.4074603183708839,0.6298124104087864,1
32.99018969905154,28.607453319649956,7.780912386603082,0.5866088932578312,70.61820531782506,38.17598680661856,0.9936230737724273,0.9887093169038491,1
19.560380885986326,6.466820756803113,18.82506607956045,0.4446442087678075,59.063295008054176,35.21736915318549,3.482578714446827,0.20127120453594372,1
42.21048726810152,6.501162446750342,25.451956886013548,0.39743135339036306,15.322098343131918,35.65349936560936,5.354246636775755,0.8312794548593772,1
37.089631687080114,13.8237527699025,25.5785952721953,0.30903732986626115,66.68534865821812,13.602374681037551,3.9443865165339425,0.5579293170509279,1
21.291775217609786,62.00854442055453,24.469138827503297,0.6515004300035224,11.503904736984227,4.39748115161386,0.7766435276720428,0.7259890516050654,0
44.89407788815517,5.084473999298012,15.954445145116033,0.5956918512598512,28.1339426905717,35.03679455220891,3.304075999075357,0.22475968040827998,1
42.00390483218281,10.18194806474283,24.647843945540767,0.37340386043373963,90.40569440685503,36.30853406489046,6.468303274729601,0.8507582363831719,1
20.321256518582054,15.186717261413458,21.797952130720535,0.9334563192874004,37.18388060000859,16.84630593131901,1.0005696405501008,0.8550065704514227,1
17.41271380605752,81.88084076198543,4.709571127465082,0.197883571561346,71.65993288932886,11.083406160412538,0.4562284929122097,0.7033695404181066,0
24.352683518953008,81.83536894217,25.856586563816382,0.4530849140053752,14.862085252593838,0.6012453346986318,0.14048059917685932,0.9157388375177093,0
22.360489399648852,76.10805053312247,14.372953697199641,0.5177260797426828,82.35661364327993,36.26958506286308,0.11864735049101327,0.6619159030781269,1
43.598734365430886,49.48664589138795,28.54535006761068,0.9432720005671903,3.7346305657990575,33.085094706566736,3.3305068732487877,0.9329607794064487,1
41.20436015127984,85.43971359303323,24.083382444388562,0.7851990164802178,43.80930541285344,22.686478076268006,1.430864612561037,0.1374466845656851,1
31.340155706149055,49.36400249117198,16.713305000007573,0.3240625066733296,90.50765361038813,4.983530344520241,7.568949415877259,0.08115345439238042,1
41.26095654979855,71.96850618068751,23.648479579488438,0.43696599771505196,27.585590608296805,24.818491635379498,5.040850857887102,0.2512659067301779,1
41.062738388310265,69.55674031274512,8.957403348903323,0.7421815550994805,26.399378235789563,28.681526240637766,4.016538282234051,0.019877342950132326,0
34.0974894234686,60.93129620239468,13.629384332559935,0.46766590834677135,92.55103062285627,41.87717412615167,0.30892200341688214,0.285442444037035,1
38.705573683309154,36.825693586811504,14.21357383615083,0.81227670908879,6.081167290687528,4.199178133485403,5.8464951097941515,0.609609311667614,1
28.568528062717157,71.80936508338844,5.740320887133502,0.5899032617348163,64.88387854089817,29.98493798770681,5.652946352014398,0.5442525340189339,0
21.669163186748353,48.24475459343778,13.12224524502588,0.19603520144997805,46.68796320788163,6.622070542029629,12.746020320296044,0.21412814061883834,1
19.173168709109106,46.88502462715858,23.19220661023231,0.2790122803153879,22.092659948887537,17.390503603157402,5.006491398051746,0.5000442688781013,0
29.529729117891446,68.85891049796601,2.0445679819133966,0.8541270067251231,16.22101791091196,38.78277280279088,4.311193191551937,0.11115065725693163,0
45.078642974881916,21.892223152783135,23.87928558235335,0.19367353765747441,49.12453094220653,44.22155910477084,12.213483267001799,0.12986937294310985,1
17.444377818917573,46.149802852835755,12.759079235752713,0.25446880214463496,8.15176298157999,11.618699403656018,2.0605179749959097,0.9354784637929253,1
37.750980359302375,24.743923376540454,6.673664618381954,0.6988536332699539,64.31910824592133,2.4020108540912393,0.8074218535449924,0.45793696444455256,1
46.21588500744413,21.002117030677883,7.123394074606791,0.2956725403523578,98.78214266181963,12.723552164816397,7.676561415575202,0.25274428737981924,1
42.99441058426112,37.25104138271545,12.837179587717442,0.1319960066161875,80.72192789927922,29.310573635429222,22.905414039982123,0.5994675721513382,1
38.29936514957714,21.63821197915078,1.8332264652540042,0.7968684681485007,48.75632907639872,18.558100503280933,3.956154751096439,0.3932936878415567,1
47.24179704550219,38.79259283631772,2.5285590131618916,0.15098263580363672,20.017997420073343,40.88614428040285,6.341257451137187,0.7727347513989717,0
24.980498540340637,15.711054641229667,18.718501578956136,0.8888801582184722,38.59517104467858,41.471232602848374,2.8346232348133444,0.13490175559465423,1
22.36714765100446,45.715307773673665,18.05443590065035,0.6851812246786398,50.933863952986236,16.69785897632933,4.042911088483225,0.4377802310686827,1
46.258974522305266,70.85784587539193,4.396772661666624,0.9155061664510522,20.72623819483659,10.334018599164663,9.343302750075175,0.1075640526166678,1
46.94297931549501,72.7670338260194,13.781724839975922,0.6764647220093667,70.05207848899957,20.90622508283414,1.828125013043611,0.379926694658535,1
49.33135661130984,44.82672335890607,17.172912085790827,0.6069270075265133,94.50111869943436,41.707867057207714,0.029022293410017694,0.43755189002539896,1
21.059818541365587,34.52175338589281,18.42189779742992,0.366552754038332,83.15378236124704,19.282382770980867,14.347884871117484,0.5773838558465291,1
18.664723916268176,63.99660504904438,29.005504880644544,0.7219998157687337,16.944072739956837,40.99638104037584,13.721044245038875,0.6864178138311068,1
43.17978937678407,15.638938862880288,14.980342041225118,0.6691700037075192,62.158447578594576,34.80579989421504,7.3779275257313515,0.3074617740844855,1
26.598964078630466,79.01474168063578,10.963612156766555,0.30900562588013686,50.14374618366342,1.318656767591193,8.020434108723808,0.6937578598513634,0
29.660444310141827,85.11486927666171,13.847281980789266,0.4230985846628864,95.2511063095331,21.66355109346592,1.747331141777807,0.058647786349882214,1
15.255458140131546,69.26437124323967,25.493025864329326,0.708059219329859,57.635384422506775,30.662074820594473,2.034868265956157,0.9935282264038684,1
35.396761387532145,29.439862851355098,12.335122886182184,0.29920186832547846,33.56164324775438,22.879818828243053,1.913600421889142,0.0947984467944527,1
32.23366549058446,12.548158370332565,13.585295210572767,0.36266780235455776,51.099583101267996,37.64189773978019,4.603337682056994,0.2113220812333252,1
40.693693018171956,53.84150441495453,12.1298125891486,0.16339292617610046,2.8839152044804695,28.257271440726267,2.446770190464767,0.948058773601707,1
22.31196010136751,61.525137500040174,3.2896933994109134,0.857587453825227,9.825503180254902,39.51794194679173,7.493890776282026,0.04598152927749766,0
33.52473407040829,42.39528845724329,7.219382117798418,0.3356011249627276,47.32880863934328,41.69728766840937,17.42657178442851,0.8991771499078359,0
17.337053531352243,81.44361938343704,28.943742039020346,0.16809241436578132,3.004693229051525,40.65071007074594,14.103919807229113,0.35120457105108116,0
41.84714500659412,78.10609952658893,9.019326014683209,0.24231559165844313,86.79409406087673,10.306275817758209,6.987782099010175,0.9283156088243288,1
27.837962865570766,23.299717649549912,0.5482074020805061,0.8341524229277097,24.10790834754073,22.88788532284769,3.9591725231047343,0.22880505235469495,1
32.69909428586389,9.77505424105986,27.691296540982297,0.524885471331772,6.555165369007732,23.244685658771225,10.849452149208306,0.5765048121852538,1
23.520067728984923,28.171434931845617,1.3926584524809027,0.13577803180710013,69.06788907066309,16.279692331809375,1.862381748110344,0.8759319041720862,1
37.36050591627257,46.324464955752816,14.506896412305888,0.4400706849894378,51.56620073724657,2.965231718537887,5.40144835857694,0.07948266098372092,0
38.20436479048912,46.22605307175044,5.619242119512986,0.43161309248471924,9.028325832331907,28.65454563083724,7.894574361111527,0.4982640904482316,1
31.39657086144598,19.45196592173052,25.939665749747167,0.7813107828465756,48.87273199470216,20.080339826509785,10.771638548611582,0.4557224016904603,1
16.40290906961137,75.4956249292965,23.81803200202855,0.9547847345387576,42.305849586183754,32.91515847764841,5.5408110721771635,0.6744511711047229,0
24.117763053120868,24.890806408436703,16.111664464227257,0.8715052378174066,35.77479635033804,42.827737209421755,0.6252912425617558,0.08017937972865563,1
30.613225011501765,46.16120672136168,26.905504746280137,0.12830238530701985,84.43769748835412,44.094121446970085,2.2191311905575963,0.47741899762772977,1
23.467921878935215,26.79540415302936,13.004515844976261,0.47236470230372063,35.57516638690558,37.984903331303066,1.165476233793473,0.5880361695220885,1
47.27332330718966,38.44889592279833,17.690402129634023,0.32996688822003206,9.694449604585886,37.93151332551111,1.6390082927940983,0.24888856112702984,1
33.03022387373942,26.614431308987495,25.7839849833806,0.950829233491249,1.1385564772257273,42.16554765333699,6.909768846722949,0.05077277262767943,1
25.458454112284656,52.11224150182047,7.150937192385033,0.7910598915351085,14.069844976718649,42.1785147480198,0.5388831568578655,0.3477431442820964,1
27.536728869778415,84.19420119140463,0.5379337755199676,0.42881602789820306,75.3591299116278,3.109302095193235,16.550463480469265,0.6244638419903777,0
27.793078610296092,80.59564843205227,20.00136708225078,0.9400346987585084,0.617511198393006,1.9658382634028448,2.116156597881415,0.2029190032082394,1
43.88165232759401,16.684040095825488,15.955834059554363,0.9857788509058393,71.08132853899937,29.520863066022464,11.153412786570362,0.5962903722104439,1
31.674531523051137,91.1515980455105,15.741398501943742,0.2962918830170185,89.25183085046766,3.925087740247072,8.327786005921563,0.6154475506179391,1
17.14983746814295,85.13565239944153,3.918551659995569,0.9024389517630544,83.68610658839802,30.158819488672364,4.3177145151822245,0.5914866911762373,0
38.76300551704735,31.349378871658242,27.279115343134,0.3102646480860733,56.72818044302771,32.983801273980944,1.22040183231511,0.07575041524707093,1
42.48401391656174,55.224741947908655,6.508942713132266,0.6741820702917474,29.845194826113364,7.993311193502877,8.351459305848167,0.6552578451670056,1
28.966203746195124,75.40765517128698,18.798002241481274,0.5120451032803607,98.85819202981068,14.980969727528922,0.6151800918994942,0.47970806468545746,1
47.020670240780994,21.19772141021516,23.972018832424038,0.6374168438274579,86.50766312309432,29.576311585004902,3.265291676832372,0.769736325060463,1
44.58122206198259,85.41187093861427,16.77299178732082,0.6958617333383806,42.537777217215,41.547010537938675,4.512645341106486,0.16777445267832491,0
29.169297182391716,75.65136690136603,16.554763570630268,0.6167267309157773,29.690411993523224,26.049461536803523,9.616306875280824,0.5151527306579544,1
28.799435206309692,46.39967121233569,25.979884451166622,0.9972221923382366,82.5735064523735,26.066596033886725,4.601912472331079,0.6188076511330811,1
31.403523249821564,6.167817976271288,10.77107340997797,0.32132894187451183,53.90991066580176,13.638285676962647,1.3057612396642224,0.6139996220824988,1
26.623865034378746,55.80205681456819,8.155510747092936,0.34947172318810316,54.38419554371441,11.554704334868386,1.6778628251296301,0.010265341133112171,1
29.63537140966139,59.045378226110856,18.868626027674974,0.20490310026545444,66.07520609030665,16.651910492203623,0.9257287050732309,0.9920460768810491,1
33.60619597114882,22.869782832142278,12.677984068601898,0.23801505427018704,56.64386442282841,16.970916490514103,7.560958410057389,0.9791195353489522,1
28.747530089470267,49.71903309995653,18.184267875350248,0.513476132658523,50.43895976457276,38.81933195436414,7.04906551589982,0.7542206115153398,0
28.97521407249235,34.04604305463131,20.387079635725822,0.31421001132445203,1.1417817826941512,20.435139236345908,2.7406567827179105,0.5484229764905,1
29.66279895974411,7.4945391686272265,9.389596210570849,0.6444955124956963,66.48622280938244,11.08457185094499,1.4146945251918872,0.6137783453403789,1
18.784806699724637,11.5656337292754,23.35914734751477,0.35128492354305385,38.90765322299545,3.189239353355639,16.213992892898617,0.27994194182816845,0
30.612938494910587,27.82431590837661,9.868117106181014,0.9762969151813636,92.24656862340973,19.432781628613288,6.095743699132838,0.4616600739793931,1
49.624735196316756,13.705581946958716,19.048806120779194,0.3010399534037231,23.09474408986355,22.91410047648811,5.573991544983263,0.4957452577990501,1
34.88898986354689,28.108098071917475,1.1845198794133383,0.17471155497955476,59.74731063072215,35.72930665037827,2.1140803361708467,0.17536299110754083,1
20.513102549010696,50.852010307895796,25.221451005319956,0.9743324598793404,67.45478066851621,3.5356687220267,2.729222312475741,0.11736120086233981,1
26.53674888219923,50.60460566332988,23.26596184784695,0.437019481357095,46.77783895450563,43.194602979252,0.22668321720454226,0.21304523996405633,1
41.85468070545036,25.954188306412867,2.2392588784425795,0.4134505489855753,23.407347419534663,34.04407878792834,0.06941583226557976,0.6075942321245585,1
44.793570292632324,23.766387234724593,17.00677156073451,0.8633067030026593,96.92351819445366,16.48416916489284,13.481270849511409,0.9129505495746733,1
41.165471277742256,32.18793305909628,22.969921563248867,0.6838953440702525,81.14085521396672,18.13511635216819,4.253181385311039,0.1191410097888772,1
44.92401828408964,64.54168792518755,24.631361964865928,0.4419643270304463,21.12758429608825,2.270889664963632,13.282667424858808,0.9311371435201081,1
40.639365251051146,20.00863608595405,5.322649002038824,0.4205908388519394,70.02330986480274,36.59493587292568,11.466336724918456,0.34941497753285755,1
19.67673783338143,69.663504988047,9.614763845184331,0.7778436299460566,45.617873977596915,15.4817409728225,0.8413809183119705,0.6681425456399499,0
38.21064999224387,63.59618771458498,4.7659465854033325,0.6904781010867551,5.115335895626194,4.127352216879391,4.829273924747079,0.5032005031092964,1
28.409423123068358,84.73273079908746,17.44957413628087,0.28512711586877915,27.17351104628306,6.212409408051459,5.840302581523835,0.5911675324460105,1
48.73640414983808,68.5238260843098,15.690963779866662,0.8351865847191894,20.862270204434452,36.44197119917482,0.8825332937625687,0.13795294529518332,1
36.849381971748016,45.66971274445708,0.8729950768022909,0.5222717301758436,97.47764292632412,2.4302102804065244,8.340851415384972,0.44423552124771126,1
43.46621872210247,90.035532511832,16.226596583563225,0.37964831979747726,12.651799208959824,39.13378774641624,0.6116073378170478,0.6226763437918011,1
32.67610397032057,84.70611894427513,22.822432543401757,0.5066200569235916,5.0062655937126,7.664807066675104,23.285163833790186,0.8680320461771145,0
38.58076009032119,11.063204214071675,0.6989036258034598,0.7728821081779755,97.57140715968191,3.7775441861990515,5.90163374079088,0.30931835656194495,1
26.115329801657094,15.221610609827753,3.9101844407987,0.17131286911992777,71.9996326060769,43.621552463431094,2.177886799184237,0.3902458729910988,1
45.02068629223942,18.486056335984756,12.465235197740279,0.25522780715372284,96.58517826503237,35.82247619930681,1.5153104689966912,0.8584235221868957,1
47.1182409888319,35.227667821879905,25.631229042571228,0.4631091238644942,67.06698165341098,14.806635712259233,11.579648664657425,0.534347265143134,1
43.23377333394123,32.77820665516159,25.0236635596991,0.8706280011923978,47.46968734699042,41.488615260558426,0.6162967848914263,0.017560590451024316,1
17.27381578281621,53.18984893969516,29.450605829807024,0.5003252834453716,2.2179131635637894,14.623907111365927,6.543231329319293,0.571518746367128,1
32.849262010340766,63.188438254452315,28.403322238544444,0.6588076496792719,47.52712198948209,11.695588809830026,6.010052466903057,0.22814400957289716,1
37.738225133242594,70.3955284872272,3.524472015952819,0.19077727761612936,88.70487011358377,24.972736952130706,0.33687744922883023,0.04085852290423386,0
45.72835015436223,15.896743758308,22.84343154747141,0.3366064881416681,32.72564917710936,2.590324606566003,5.499821487841815,0.6770253808922801,1
31.96277847297339,79.42762765091359,8.07070114078172,0.5359589615606739,10.402341610340116,14.636244667454946,6.972157466910093,0.027155801623182874,0
37.909399122330164,33.00786695604971,25.01026937071253,0.45692434598158405,37.733634785541916,6.955238871101729,3.059508539566715,0.24320329357550552,1
15.802396294833322,63.090691378828154,13.868690507186791,0.4309085410035869,78.99656567528045,2.7369452360206035,0.8184769261851855,0.09418504185448329,1
22.158285339794283,77.01329925989411,26.378376232784685,0.9754625007449705,86.93575431065842,28.244075937774863,24.140620722787155,0.9306148110423456,1
32.47721712734277,26.242668137001278,25.339581300912226,0.3292058377324229,12.981713271561812,8.793079639407985,9.463694767934403,0.3642225588310085,1
37.50524604617294,29.88060537738952,27.291219164355027,0.8240321343614564,53.926449601450585,11.035743000711431,1.880542201836183,0.3898636193592264,1
17.60060420885827,68.81367611848376,29.263625004513457,0.7994241148553738,76.0473549727378,34.15436379964625,2.6898766530770817,0.2881935301098806,1
20.674015389182863,85.26457428273633,6.563964905176103,0.6635612989611603,72.55418260654093,35.139415554773514,0.04120336107375437,0.4888170148190808,0
27.035553768798984,76.35802440586092,26.137217689540496,0.4359757254734439,67.09724672914643,27.17998339817433,1.0534455236934535,0.300805311859056,1
16.82900417766195,92.92387089482077,18.463728894914674,0.40827038138367355,44.4768926170886,23.989882986711077,7.130035925562964,0.21661797131912908,0
37.1475021006838,39.416331594677104,22.534447413563353,0.5889361330355048,85.32626782226983,41.890202416798104,0.2273164314048873,0.3829064033745583,1
20.069174784147737,14.766264040040912,7.141595913410953,0.695804289551114,76.169730794972,9.443841861266487,0.9561257609890604,0.12449447093092536,0
22.464968913106105,80.22332565982677,7.443408325461819,0.5100918823358442,25.940150040606557,44.35455484125889,1.3219494872757898,0.02808983111247776,0
17.346299719677614,19.439597910696463,28.682082391779932,0.4637208203152703,71.29102955454455,1.9044952710707685,5.0955216546464355,0.7700184598925315,1
37.97064781114814,62.93360203049193,12.851348721206994,0.7708562077034437,11.934696336171235,30.314240585095074,3.3982988149877764,0.9691800673138347,0
27.53272541567809,37.86997896797325,1.9308587416464629,0.4587079268405412,56.464460248693136,31.557911267082094,9.81416437746679,0.7255982290227162,0
28.969557697679868,89.94866658913476,26.780770318878638,0.5224031714143335,82.48489762856445,22.562830886875417,2.7244553996334138,0.32117124041220213,0
43.152929430325166,30.15555882698967,22.265596439164035,0.7297985433964344,11.651938131130423,44.38040569043567,1.9391787941427694,0.08059139226570522,1
32.284234550522015,17.509314959163365,9.734715491825924,0.10547531401298571,65.43480057457151,44.7674101904219,2.8337205103007794,0.6581943346137011,1
43.302299835349956,82.56285889195316,4.100381807380749,0.8345353309773661,41.6296779318452,0.5032735277162598,6.468642292431967,0.42609059785911685,0
39.148515810457454,25.018903456556664,0.9156456886900011,0.1447107341293012,70.7200804460913,1.0885890558153588,0.6960490232839266,0.8141574890812306,1
29.65485472128267,64.29371511435224,21.64825916184235,0.5627694759592863,35.47731805088866,30.061134475889286,6.042745378515911,0.26732353772800743,1
32.48410288814118,86.42911708700784,7.780255084449869,0.38700497900553343,56.879063045383084,22.033594686454155,3.556878066843704,0.138892222293312,0
35.48249785917338,25.103394516309734,1.2499781124041731,0.6298495934104574,54.98755395925734,27.332475481986965,11.192216171701519,0.18177428995291134,1
41.45830685249297,72.69299417239083,14.789290657213432,0.4080462308265238,56.85097741899629,13.753374319149492,1.4011395540749885,0.7951796546693822,1
28.880654431051298,33.72621214462505,13.175965478967345,0.608034383084546,50.64333940790689,19.097956180562047,16.653096673773387,0.22557885572373038,1
48.85125237933472,15.857803133779594,23.367874469177288,0.8235871163929571,36.72592987048294,38.623064530946436,1.3121662481282417,0.4041406053244665,1
43.84823552136966,82.10464268747825,4.906034663962489,0.735613219504743,5.269023608121682,34.15785402693067,0.85986036444335,0.737020047772998,1
41.19725770556055,26.418282739265138,13.263891938880569,0.742051558540915,16.700295444357348,44.638795268807954,9.672957438365389,0.9260080325757833,1
38.34318381760566,71.84890497733383,26.00212228847635,0.12267121974328121,61.12434343705608,2.8385285487998946,3.7988492192864216,0.19044577352463876,1
46.08411586942649,67.46986680853534,4.70431782416624,0.49578673082251623,39.48570996128462,30.123024491507582,15.490139535729883,0.274396626853851,1
43.700829439409105,80.82185806548681,19.475477015254718,0.5917262038399062,45.044043129879384,36.41303458110819,7.272556466407952,0.2595664760441522,1
42.890119129477455,59.43081235220918,17.09777444546786,0.9089824408140919,15.010749690769764,31.760695307010195,24.2610287732971,0.5162282189288294,1
26.652968241054605,11.543567667818511,1.292507345379742,0.11090094182490204,83.88409522004555,43.51800703811062,7.109232302524058,0.08896769923265391,0
44.64549409143504,67.79662021639908,2.975958119583334,0.634444375911655,84.62709586093247,35.54835627637808,20.100056471271877,0.9559966212800182,1
40.25317948067891,8.037223923165602,18.35797702361522,0.8951241449087198,12.780284613962023,32.40095836924731,9.124894542937898,0.5909243440339055,1
18.611010144636815,46.01446976822387,26.046344281795733,0.25120441018889234,20.92041665307893,42.106745732243006,5.577002256026722,0.26198992710587476,1
44.65459373628571,30.80706711402308,5.1641696180976115,0.8577130195625364,9.17661768793041,1.632920421522524,0.28672027388856414,0.38697728239474005,1
26.91022370896347,23.339774242595784,22.50393984067187,0.1612838719140346,7.071134380344946,12.067123656518346,9.1460401968252,0.3233993428949973,1
20.390023922258727,76.07665290438597,1.7161566307025955,0.9808870242540424,50.50443189338183,10.850416170719233,1.1857579849576176,0.9882632397139612,0
38.14317784241442,9.335884231375951,18.700043739005018,0.9184889774646522,45.82493542399575,42.424694226380545,0.388439355432579,0.935516577843683,1
39.315081511378175,33.03203963052124,11.545250091541913,0.7124891086453343,80.00738634773839,8.01907788330672,0.49426244598924945,0.5690277064145666,1
42.56304530023794,94.6965041718202,28.552190274819562,0.16433510775599314,17.871997964495833,38.426610363066985,4.663564268800721,0.42372600258418713,1
39.68998670646204,84.78053266520527,3.342504310415003,0.5280848998801428,70.82136066421515,32.58473723374358,1.3467575981370337,0.701646650646424,0
37.834691002278646,72.69142732326722,0.3307029249008364,0.7013310624012188,82.84653318602086,31.46367045300337,0.9639200029579892,0.9224463554928222,1
19.56999495162459,90.99028170942775,26.87153644612431,0.339593341029138,20.53373762990506,20.063427917905386,4.3849610659006295,0.06435384221488649,0
29.30375935854369,93.70859802217451,0.289781612950224,0.4496384389695314,36.880501793154096,40.423697876467955,3.1155153188371614,0.654256319658564,0
31.117332310351316,8.675053524518543,21.915866660433714,0.39570225527326364,54.56115074588358,14.86417750812812,1.7666872561026103,0.8843117857744835,1
35.82384715508629,10.057568917861767,14.419960841920998,0.8333297651098808,66.65307367734391,4.616020240027888,6.608974079581755,0.8683767868575566,1
45.939634408373806,22.1879607231757,22.987169974458386,0.5042443566623116,7.772525865658619,9.414866072024504,5.5051489931192465,0.09838742012066626,1
25.057372975891766,87.92386212943356,7.702835430903757,0.9374997279080018,84.53991940366599,24.337905893835625,13.75978725208176,0.4986644878694576,0
16.586111342926202,7.25173230297282,24.65784667901477,0.6597694460612519,41.121948208480404,30.693979761792914,26.1083091375672,0.634091030964937,0
43.225190576729396,48.279544299726844,10.786167600233373,0.5569417470588283,88.23370153338332,27.525690085178027,6.543834564322388,0.46599769198148044,1
23.031370645939994,73.38780732522434,0.5332323701482777,0.9745720076490423,48.6782740310796,18.49803017325632,0.3104063367102646,0.9096257741897038,1
36.377898818453914,37.629972110398946,25.355722475487052,0.5193495322560389,2.1519071140129964,36.27238835259658,27.63302868691484,0.15333750845212502,1
46.281653186672095,13.111295379360081,27.857118004162363,0.5258105906301749,92.87830510925889,43.05844106249956,3.9732840478626628,0.5801586911570936,1
35.580060888744846,63.986218512283294,18.5756607301178,0.5128326823525916,56.74438747368892,0.7272896386191152,4.45414525205578,0.24080836621413282,1
34.0906664130877,89.53304380981041,5.764321650077221,0.2526537760123766,33.17570848773972,39.09783630454906,0.7131348091823947,0.5445216744664396,1
24.561336898927827,20.528663055538864,9.654090672650014,0.4509562134311369,68.02897868315203,1.9125707038042257,4.266164314756715,0.9408249267793806,1
34.113161607504914,6.28140402818101,23.210736387232366,0.20434397139826166,69.40576356866164,28.33273087654476,0.7316458781160801,0.6062030962666477,1
26.144381930762382,48.2503831164079,25.118045384205598,0.9051943769423314,70.58661628398903,35.28471614658699,2.4776187404595063,0.4087464779254214,1
28.33734799393104,46.59414404147672,29.981365129616226,0.8038200185265998,9.255036607832201,8.301996151659955,2.3312769793805486,0.2581347816410796,1
19.22709266630698,87.50963571750424,12.497475538205133,0.2162266057136159,26.27702018801752,28.2086441106101,0.3324039341546095,0.7994644637367987,1
18.90714011409696,12.89092641749329,18.76644852525695,0.9472908704670477,22.218715146971668,39.93007604273698,5.263033705265232,0.8007325874409962,1
33.232431832512944,81.437849821429,2.855304651678799,0.6613930112634563,10.776827815704237,23.830765359553723,0.8213951778121086,0.919031320263626,0
30.61832452924237,39.26989396304784,23.19556736543536,0.6948980919962684,91.56940683846094,26.54767818372147,1.9807012872213785,0.5077952471429038,1
38.400763590808985,87.06251287030535,29.086031980043035,0.44971536777736554,59.33809527824487,2.2294459054636873,3.801959282471721,0.4835884181579019,1
40.152532146098714,65.07313149784567,13.840194275767118,0.2674014327761728,85.14662868975749,20.145759979378987,5.661306126684397,0.6611446069317378,1
24.55489761220909,91.96303258626132,3.5694293492201403,0.661940013752231,91.51468768280412,31.539201129565757,1.2846225185561775,0.4063476748775465,0
42.966261058040345,75.90519876704917,29.383740248278176,0.3771282994260148,18.967765781878764,37.90439132311887,14.403684269464893,0.2474484725766125,0
30.287594407907036,60.10772863160626,7.4575515493487305,0.9194907419257694,52.45647454893877,44.0561858788801,3.1400158176728215,0.9467244628703542,0
27.01902693141742,94.62473441844162,28.358452345248953,0.9208235912156151,32.02590896687349,15.678836725146011,0.2133478208606569,0.3476082802516083,1
31.652294160315428,84.75938301700651,17.781838742157625,0.9429528249760075,13.012800043092254,11.157775856026005,3.0260100414671367,0.3737229851221411,1
20.910960472330103,73.38665863020249,9.333055459576801,0.9340144577822282,87.17117955195502,39.19796428872235,9.016031448250452,0.8811440570650083,0
46.400128518739706,19.493363076788967,16.92160054596142,0.4748689020360495,99.3782849190403,0.46353164609605757,0.6524991924439973,0.8664499658382384,1
22.111868171171306,51.77073157291749,14.31491600598929,0.3114271879391627,9.718342017619808,24.58182795025361,7.193312268818918,0.29775745484174,0
28.081958772223892,50.46936492590538,9.108117524072943,0.2367235968534362,50.20539409380416,38.02458475319801,2.2188683250832404,0.6724257356638645,1
41.35456459347629,14.640691778024769,18.300097400447438,0.5008346438633018,89.60795010199995,22.84995816749445,3.7449037477285447,0.7042596737341207,1
45.88673462085431,34.039977568999916,3.861974394802372,0.742852567427026,55.27417980973295,3.022432992105189,4.288523977755794,0.13844286014031226,1
44.42964480001335,32.72132334022639,11.256002336809832,0.6048867123663056,27.392186233619643,32.505900301068586,7.552634867895508,0.716623286585945,1
17.916318467699,30.826848042235632,12.795498709381514,0.13991367082058367,10.702869088752355,16.032760720834272,3.332423819579802,0.4391644433784474,0
22.878528436960725,67.97855152908451,12.07358702913185,0.9285745788757637,70.0692679195157,0.25533907127871625,0.42523803799919985,0.6921736742285297,1
49.553810820172885,30.052654386931245,5.033947117951798,0.2808018967265228,80.84105188885817,15.90298149926994,2.2959953263406585,0.7073545079864451,1
36.44656958637913,45.95506494899206,23.52826165465633,0.3388886264094192,77.0087937807446,1.7324854453928746,9.214106186264857,0.1523627384591577,1
42.299679255843365,31.969014609120514,23.845172154806484,0.7018501252085989,47.529021827337225,10.405121558392826,2.171012662145628,0.2739736611983814,1
30.948714768746285,53.75183760114165,3.036027280116648,0.725554763895779,20.956618258315206,44.90500124693032,0.12261928521607728,0.14924950983254415,0
15.671902058647069,28.625732405385147,16.09245772430682,0.40817794776546523,29.33860405544786,10.37232876271403,7.892670391721887,0.6958232018870151,1
35.29195181684433,66.04477684586695,17.0248324784894,0.194919215787919,48.97703480686991,21.829129059664517,5.968974366815937,0.4432234664898924,0
26.494954645845706,74.83056638765504,26.495595343612102,0.6352776806071264,11.176660410829143,36.81319791190255,7.210074488592629,0.17146518983970083,0
22.807272013275288,13.11307204440901,1.6347811417627467,0.9504128210210211,45.65269096190442,16.078268506357464,2.242103384248733,0.5295516946916529,1
35.36510746977048,37.70836653528844,6.251212919356587,0.5037246939462654,85.86329082520449,9.07429565674294,4.947789261909414,0.9931638558549951,1
21.216314783303247,67.63403420048965,8.303001974546314,0.3880608497192929,65.64392605770006,10.041273995021315,13.691201251830176,0.03912877500392087,0
30.877914544320912,41.19877739665691,28.018296435209468,0.6885239248110533,54.81887246528311,15.178407575564448,0.04881130420735802,0.733818552030429,1
30.416340075145847,85.8388004057366,29.17243273843229,0.774159988632082,18.25208513192812,18.44561788570887,4.326101509290253,0.182129186850575,1
42.42468287385712,79.23661903679587,16.386918323511544,0.37552550862871903,89.0833571884551,6.563532498726648,6.693447301931608,0.6747930722237384,1
22.789210847560156,70.93672259717862,23.603612892560143,0.24307908136069767,63.22232169651427,13.315903625707104,11.16858342178681,0.33619559980811586,1
38.12852069566321,7.655206000125036,0.5193639434531538,0.7779647009784677,28.33036789545624,42.436690598948694,4.637160293660408,0.6400472892079893,1
41.97008642632547,48.61012456258276,12.684356820931534,0.5560354068129685,99.89718226192866,27.266029094545665,1.0172994176856491,0.7102517424698467,1
46.21878659607838,12.695163844517525,3.055058634086303,0.2732567985555495,33.36631733412992,3.455260798895077,0.933497891033993,0.1983250509522958,1
41.18326986858425,68.50011888573674,28.926237939260933,0.7383624711582347,86.40414780315687,2.9755065425515292,5.012865408047955,0.6917225726533676,1
24.6104727105454,83.26204953611132,11.25627758461598,0.9005929131812538,12.906912557462412,29.23064873359017,4.108203423719802,0.6586015171051487,1
48.67212397509911,26.727897092084618,23.11698261590355,0.31582916123601024,95.88064437579096,1.8658319280301428,0.3461435626981571,0.8621450273749138,1
44.90427965335142,44.285334636415335,27.826453132276708,0.5473538670438228,18.77275710942441,16.139817077797556,0.973824361032005,0.3874817761033241,1
40.53281133734573,29.625048566861246,15.50371404979971,0.593514214763558,69.9862536046865,37.04522005440895,5.48395375863851,0.46358506762260243,1
40.38204173626282,88.62732711433644,4.615364247186648,0.6787554596538488,31.5405942832643,44.78144536770227,12.33828073483248,0.3934680164226484,0
48.47646967340092,23.958379236666698,4.302057622962917,0.5306443700074361,6.0017138603921545,38.80433250148039,0.34439176400581445,0.6483233802654104,1
34.7025682949219,76.09231940948166,3.4207514562865358,0.45265674087255614,30.21803146387908,2.830657548313723,0.5166757015669518,0.410449377156601,1
33.960430483330335,5.8245475962169735,13.966244183777391,0.4787326378293506,89.94412176775539,39.32294804576899,2.715489485939461,0.30684627967068623,1
33.278702705085664,57.35394566090489,20.493477687781997,0.8644168053313955,10.977396779748883,40.668482334641425,0.9693206797407925,0.4058053365669161,1
45.23510925236647,17.177839681694344,5.632656770780597,0.997225138712413,68.56157822580721,41.74086751865162,11.368639038925084,0.37908526488447003,1
49.534577067214684,34.9304545180987,7.181492637007549,0.8514255348780043,81.68732910223292,38.90830259251887,7.0315862787781445,0.17464095747261454,1
21.370463984025147,63.92895841003997,3.3557460408252373,0.255049612625552,50.13844614684907,3.138260567347313,0.3792039358309982,0.9608705892818629,1
20.14456970297536,71.30018507689171,11.877361424582467,0.8666596469205662,1.7443777165619179,7.685728676261511,2.8990766762068394,0.8470470809641804,0
21.766198382068083,30.56025170727966,16.760268567149634,0.49732924436724224,27.708855914107133,42.567124736423835,5.35699854860482,0.7008749474613064,1
20.123161345794905,27.447385058517575,8.986636935394243,0.5082183016051562,48.05475139580493,12.965031173399192,0.02647136630943347,0.976145372627101,1
45.1569318523952,32.71160358323766,6.068803001623506,0.43121702084765356,89.58281859209924,9.595519838944755,1.343729687958811,0.9037168402162,1
28.1738934809457,94.76556013835538,12.654118125752102,0.5183756998177812,53.31162010981172,19.680979513555908,0.6107633823360115,0.3951539426286752,1
28.50058154670623,52.04833053838982,18.667082647578678,0.25277418780372396,70.70203499380726,13.048758020560928,2.3030862452413974,0.13851501373210873,1
28.45376703762944,57.376485190752696,27.207917272784158,0.3098233430540257,82.39740365696979,0.8944394570993369,3.6557599739814393,0.4769299960693225,1
30.418997506894208,22.704048614206986,6.542734268502669,0.21346741937013985,23.77010634037049,29.563816627106924,1.754215600094098,0.6580096694561255,0
39.799988557773595,45.521728359667286,5.401068089259099,0.9272353424433859,19.837177353237124,39.17211648712549,1.7425389342444584,0.4100281585313099,1
34.29106780195808,26.022697313921675,19.0438990341509,0.4421704062592914,3.217084686275007,8.101921975153237,0.5978074612588129,0.6205820422396775,1
34.43639354445787,42.57862233255223,8.879371855892042,0.8383349097076954,52.91413507099271,12.343357814726529,8.568416649670263,0.1575485354354501,1
34.784943090722805,35.258574032041714,9.746669164265354,0.4986885733996551,46.982898292583265,44.76063211339332,3.84069153655936,0.894688390511271,1
19.284330772779516,90.36926739424014,0.1902089019125841,0.11013051049254116,64.97385754658647,37.183531961911626,8.216337834923088,0.4929354044180062,0
49.55471929459315,62.161617980154574,9.795250184028983,0.12654377818838947,1.2638740400892856,9.446922631195081,18.793173282158822,0.7832128931298391,0
45.777718576454575,7.35631304939858,23.533228279900904,0.10866094389656888,20.574977693140937,20.98292577834133,5.030052961192947,0.6171358202275643,1
24.690892005404766,66.71379253023969,0.2804884701485022,0.7539868221229583,13.323318909354686,43.314448934772294,4.586548637386099,0.4175199791188293,0
30.135994440853683,6.742622012400298,6.41850696782381,0.8824908193525499,93.18519982622298,27.853474307044408,7.154375285991476,0.11798180672309089,1
32.3604333478153,10.101191228722191,5.790166411658095,0.9229410834030015,56.89048984330449,20.171473232376677,0.6137403669122553,0.6632142875403487,1
24.508528939544508,61.55187500502782,18.24046294213983,0.1803459624152532,66.36118544252253,42.25674947450604,6.903937617979098,0.19549546021391784,0
23.950207502407302,76.72461815501053,14.703090252293624,0.961881979999812,70.970262878342,35.81046534665359,1.8126911686214031,0.5945333444967378,0
45.26176391889102,32.163935542084864,23.03462633749989,0.6717554479310411,1.9089096776561676,43.99703292500397,3.755656801693545,0.07568906981828827,1
46.47780756829839,8.358888222363078,0.038451921646437404,0.62647657226014,33.8383555766394,15.157933191234278,5.38888095039598,0.23143599222678746,1
27.7554011788324,89.2502041176609,28.612623256660104,0.3706463767090661,5.234515056322076,5.4350913534185095,1.0083037560013606,0.4194748419677755,1
24.288404301577934,78.56037086914506,18.651272644609364,0.7608802557127223,15.13364313938711,21.981673461263362,1.801841768068729,0.9985450354117383,1
45.016579419156976,75.65371418584772,12.009830714331237,0.925928444450581,24.111201752717438,2.628027870530394,7.03656412389596,0.14826917833879538,1
49.26832237023231,7.170117459271546,23.77880375101853,0.47646569566288277,17.118393680259715,24.01512517161266,12.440878765216363,0.21155571333516432,1
15.389559368492979,70.87085652057495,19.005040816065307,0.9761318424874805,45.650094707009536,30.421876862333843,10.253676196006037,0.4871129153747913,1
21.4277217472693,71.33147091374747,10.16111552853381,0.9783268318410945,71.41793286028533,25.364602651567218,5.936850502721256,0.36570134243053976,0
48.969693980385486,84.97129363753773,25.93848674468066,0.18985892831873685,9.5032489443029,6.268375927441957,2.0985718106794344,0.25226055398487157,1
40.718157014286334,27.388720783346486,10.791721557149344,0.5971690399565422,37.8763092562559,8.405498665330764,4.681277972104213,0.41620679200898725,1
15.312476268042124,70.24227261447213,11.120301932619931,0.8750306235323624,6.927745112128536,2.962960517264521,1.2266309964141435,0.7978140385191941,1
19.50586728104296,91.71158705654744,15.872315700301089,0.14283436609727274,16.8117561138443,4.75064235175518,2.855813679933461,0.7192948333200984,0
43.82462835190771,49.17602402158143,26.896355274383026,0.424678022595118,9.866659795090138,0.5903226706686077,1.6209558978644587,0.5444544963925805,1
32.534725464200356,47.84370695130185,2.728469414985808,0.8472877148704768,22.62408348782089,12.200739151435911,1.879495710931833,0.7230832749232657,1
21.98793039703181,9.11046806081798,2.7035890330516565,0.29880209752061715,74.15714346516023,44.631046185662484,1.0028583862676612,0.3871093238617833,1
41.42189610937014,45.031113937623644,5.551469396979717,0.8347294525952419,25.858648186921528,32.72524604721816,12.981905672935955,0.5060589824521504,0
18.165221232961354,94.13452969100686,29.750683444441798,0.3115112396715598,20.32808205621004,8.945577589777043,1.929513706757203,0.7767778652068988,1
41.711912704329784,72.63255319176899,12.310045737682398,0.8573894978134721,22.837360152520812,22.51477524458947,7.7993538995938,0.6023134132130408,1
19.10905694872655,41.29250316631453,23.281392592973045,0.680645277889494,66.92762367955845,34.08796748034034,6.117142115102908,0.260644211490238,1
30.612725465536542,38.43298591174679,24.26130649798494,0.8021753427789543,62.1079702322327,18.552060014854092,9.604306711199818,0.7168437168859983,1
18.806413713764883,21.740938302293987,7.787504639795692,0.21506098300286192,74.84679921120862,33.574425082550285,11.712401813476664,0.3781136929241333,1
37.574792488921226,69.25280815913261,17.914735243370796,0.9116058057526182,86.55174578910308,39.72368071863507,3.2886180492017916,0.5309553727285299,1
30.303742260454474,66.17940539572452,17.224840018221858,0.189746890799748,76.69572738429083,25.37204122571746,2.033828761838325,0.5577821203389358,1
35.30090481753494,18.735449306704105,27.242440335929345,0.9643324710495842,11.523266406024902,10.68022697892224,1.7323409055207482,0.7337304177636039,1
39.63462373536231,15.37852647049863,13.640733192530725,0.17806837580142473,57.43567467101861,41.54002678190553,0.7214354458406915,0.8537472410265338,1
31.174358965934115,61.33112232424878,15.183465051366094,0.15254917280153943,35.02471236549223,16.938264547206334,0.09211968629672035,0.37185827232269963,1
20.916764020215957,41.50550925784033,21.081056740814475,0.3224484163410001,26.100861342841164,29.366295299888584,6.508109021783869,0.5957338313543302,1
27.265088314653372,77.93717167704033,6.034947947066881,0.14123049175704083,54.26419459749958,22.643881871003746,3.5674776733183617,0.26048258366500343,0
29.094561002444067,55.95540105691679,28.882842636412988,0.24370030071903914,96.18045781061937,38.86507295070775,3.3783004078428007,0.5311438800070473,1
38.21047290351218,37.73938009238103,24.959377139740543,0.46492193026930784,24.852039409914017,3.5037487275877965,9.62505195926845,0.06726608563332992,1
26.560718699056093,67.35040440652955,6.1279123758934,0.8156413849952246,34.331555426088265,42.47959925497192,5.228442777308634,0.8346597225501389,0
46.267101845203456,68.70476769484355,15.957575950409083,0.5297665032522586,46.7054883823766,23.7971423465449,4.023683287496079,0.6081547277018168,1
43.99724750909047,56.32922335689136,1.3693088588831615,0.5128480451816638,62.56815833809972,6.817675378347003,0.03235879453100777,0.5549104932086946,1
25.51495553630283,15.094560997830012,21.311229241102584,0.6933967806444498,0.9319549180435427,34.85885514582432,17.93465381850884,0.7541860055417262,1
31.538847957960485,37.31209968800191,28.19916115219754,0.19956003015488477,91.02680198819326,34.157387031367975,0.932492334271829,0.4170739829788903,1
21.15326335050164,61.836602553915164,8.867739741554775,0.7733428135855118,61.426808297291814,11.891772903176234,3.866478000520919,0.9005121490745926,0
48.018681280493986,23.68231989454817,1.7389938613379063,0.3614308014052168,42.177842031252624,6.545387461853928,2.0333084140057287,0.07762932316767746,1
18.39492427123921,37.790045958558984,17.39275533506091,0.2757204461406555,11.431309307280824,7.695050205997057,6.441189443479953,0.49868867582515575,0
38.981753722284985,53.33409362933623,9.65298441838648,0.8081073746318821,11.108155769415928,22.848346654234824,3.137293502343801,0.5836242697134442,1
41.78970588228473,36.02855398846536,25.921223847326235,0.9660539010015127,75.41951925664972,19.454129556181528,1.179152432839073,0.9500340555950408,1
18.66504899762896,62.36549716574499,18.7678537521253,0.3157832629610328,23.39898970666736,38.04649478265074,3.159509577535577,0.8741298289838497,1
49.35587515008415,76.65253777825586,18.765587280844034,0.21080942462034252,38.97443822879896,4.67872453387798,0.1133791195563541,0.4606183990426538,1
22.697082149577597,14.955997099014574,2.487903196744371,0.5729841751400575,12.475935146989524,12.903177569748143,4.583900531954972,0.24049283261688048,0
23.862412438397193,5.477774290435096,11.632376203268505,0.2672626202866708,14.559013274866983,21.092792384173244,0.8948357374161164,0.06250383687788674,0
24.904692495068552,78.85430581136941,23.136142368948008,0.5758702676040883,44.617694426379316,24.907234041261262,1.407088274874976,0.8033341891434377,1
44.706874023546135,42.449955190022294,23.98847567570082,0.9915447638379128,67.6071578549519,1.9279954512531066,21.443042780034204,0.046623732429424525,1
44.60788022269597,46.39850618775994,24.580906340216874,0.15069396158978687,3.359668744225275,39.60423199529031,1.1180088136737043,0.9646026825891982,1
39.98778216323289,60.23616069425248,14.009321476042516,0.7096440500910269,38.892251645307574,33.130053466048935,0.5941059378452195,0.24351969060201073,1
35.92473385234946,51.76427037899869,10.41157179378499,0.49271311990231914,60.63649031765254,31.921181395373097,0.37302356328267894,0.7043375321355606,1
26.724327748123898,24.863220028233485,20.293991300768816,0.8478097833359898,78.30669767073213,14.046938289345261,10.07982311270891,0.8646284769816657,1
47.95340896012705,43.48623344771109,6.832049809799382,0.776547286946813,13.552563338651591,11.58035565177364,14.471419339904694,0.4533903250611142,1
27.751537610422105,44.37118262088759,22.60826435006477,0.697289837826812,18.22401472500985,24.2824291540857,2.778898250164228,0.8684132385893018,1
35.3562309825444,64.26192812076583,4.966488278534022,0.7305619044719183,33.04384741126856,40.46794871692279,10.555709927104589,0.5227969637316916,0
15.322619052527426,23.500797966179018,15.740255611194968,0.7587692641544481,44.058648251973345,11.891985232297374,3.0781632276570985,0.06334900677988087,1
37.552990424314544,28.199083908308204,24.47101198428157,0.8232272612047953,44.1961766809033,15.73927746459738,10.4577293279329,0.13375563429092585,1
38.65013262203776,59.31790413988016,4.475606399379194,0.5567009121668715,10.680927690811403,6.666740493727386,4.474595865827365,0.7526738575167656,1
22.65099792793708,31.094061692716448,29.290104682484937,0.4327875799447848,58.852732596524824,40.18223258068844,0.7906746713834574,0.7976460810968004,1
39.98790756136192,58.65636056288436,4.506822688262964,0.348295084836555,61.641198295903266,7.38102218953789,3.760057197491784,0.21889980726972003,1
33.17491653627496,65.15506756366045,18.56505226720251,0.8477943515224203,11.272703974474673,29.60091420785502,2.312003294759759,0.9001303568082656,1
26.906771611445784,11.251394597086481,23.486457001879153,0.2647282183409083,37.54633603276885,14.519948015645628,7.39595932650158,0.7518695270433133,1
25.338554883648154,39.77263538422739,29.963663822201337,0.7393488419949457,66.18365765876723,33.09079692688338,8.48421091065832,0.601819449348849,1
35.51969688809217,20.97419081696942,3.0482846916215878,0.11885972188309285,16.882474415698233,43.23645196364621,0.6809512787654165,0.11061973709218687,1
29.16007254097149,76.12874419536962,7.407688575995319,0.7572486605858733,66.77785613860335,6.67545594441808,15.705853980013488,0.7183931900653573,0
28.47026926595487,84.59741118814328,12.02065811274298,0.8427955010260879,76.09406498496655,14.275327356689854,1.393129279958421,0.14430438384530753,1
23.60693796358314,20.466158598673424,1.1993923114820249,0.4999379913571512,67.37994619407687,15.135847035295665,3.599029251218067,0.5492054404228925,0
23.368920588887125,32.864435170474394,15.976325345351455,0.2839170689826733,99.60151038770383,44.60277061534228,0.24020610579904705,0.1784047447679713,1
45.92145073941894,40.10975195715206,3.988614241884496,0.3113078326215835,87.42564457251474,32.40204150759559,2.150790591079155,0.8343002781110713,1
31.479324783362156,84.89693266724079,14.989950537466475,0.1076562240983146,35.15365934167234,2.8137099974627606,0.13362154689822656,0.28875587251721857,1
29.022724000881126,62.38992726955327,21.76349190884469,0.8686500475122363,24.380553424774476,22.511503530851748,0.10938530879748748,0.12078568851569249,0
45.103375432485535,39.51737217903743,23.192910975171845,0.38459932329909896,22.9500438631161,29.154041203023514,0.5734717154762055,0.5528186551247659,1
24.39244699491425,60.43851416730375,13.680731032677931,0.8268756651973269,38.90474356400233,25.295702616437822,13.77416714472709,0.40967913950281,0
23.767316849563358,42.842735087541456,21.777984580897947,0.9911493632660049,4.990156265070622,31.005809085958475,9.4646555819684,0.6792349815335161,1
21.137505235628097,64.59527388402512,7.66683526209655,0.3173657112886714,74.8501421165743,33.666405102488575,2.953813051256943,0.6323048222321899,1
26.325580943031355,51.41452742616463,29.489670498272854,0.23545175568039345,41.25073261257693,17.752022507161673,4.928369964304124,0.5051758503831782,1
46.127179417183264,17.317418006516924,3.0489114669300155,0.633378529890446,11.758156260724373,38.82048456337643,8.8564677773101,0.41404261330031666,1
23.247517930604793,56.350360690679544,13.57163112235585,0.8227018073572182,10.550382837393402,13.648747219400082,1.8477064108702745,0.1437316922268841,1
47.51445970497346,47.77277642682571,0.6645656548442613,0.58846957623552,96.81166435177444,8.596851941464418,1.7862559490014875,0.07047718248126589,1
24.605428940779166,92.75794902947668,10.420672655700159,0.3153818192498533,91.66593079724362,18.283064396555204,0.35082127096527904,0.19747626103189186,1
19.813816032518222,31.819862138150228,7.523905543793507,0.3443533094302095,42.04093831679704,17.476499156765673,6.136114340085385,0.22887388262583208,1
26.871901768469268,87.13658600799013,18.99484246875033,0.4070710709972778,45.293023612049154,13.899870520383871,0.8380421555198521,0.9887220509875614,1
31.123843766182752,31.620560555195645,19.139209556712085,0.5848667324809124,96.20023473572238,16.895313919797182,0.8942018192494188,0.6557851033244281,1
32.633196706824336,21.23413184646715,0.014218637989488192,0.7506862888646694,14.671078089829004,22.823793575553392,1.2281270109085667,0.024196561882083745,0
28.66898514866569,19.981707618838875,8.172105385205475,0.9166851241777901,10.322578300895401,10.17489573402263,2.3077632853146564,0.21742153332325653,1
18.693607443419932,77.31627911573493,29.546061770524112,0.2650019945186029,62.73829043246274,16.833636514400638,5.101518707054117,0.7249331377772243,1
30.217188245270343,88.7938777806381,4.454176059016558,0.9543353260873773,80.89005715309335,2.9510126289602057,1.7843965180919896,0.1804203449249031,0
37.78655193207892,22.328695705789336,19.838708122894587,0.1163887223422026,72.17797599875506,9.321117383031632,2.316825150577161,0.8745304778296273,1
44.87674701650468,86.4338991090828,13.507298880675254,0.7464416076075212,54.438266817388595,40.262313159061755,6.903830646447327,0.40229304969425606,1
17.607083816198415,79.96006929005571,8.733712879139,0.8342745155169463,11.122262870672628,13.651079137705596,4.184066563062972,0.8353412657628883,0
23.81608566891998,27.09225868770848,2.0213878824747367,0.81617537858286,16.173333147359525,34.18006099975118,2.390469821547382,0.7464866515500361,1
25.72069333445598,31.98860628855124,5.21782205665824,0.48615381989668005,14.351748608835258,1.8456105359489139,0.5752980393250969,0.10293322193217103,1
39.04015282364489,34.597294790767464,27.21676228946782,0.3170949006128819,59.73812311216714,31.730642018510427,0.22809462367826472,0.7423352594718174,1
16.80202849683077,21.809432731394594,17.155523767594577,0.10369940121146132,21.77653377116291,23.08733067663405,5.551947376002905,0.6473167756961765,0
21.65793731987263,78.12270065964222,28.3651001091071,0.655141806641641,61.049713431935594,33.709180036246,2.3769393261345066,0.7964366017964412,1
43.96150618366957,7.686437413707595,20.97152609713168,0.35350547325361303,27.512502473953127,22.519356832823764,0.2493768148412856,0.8361067222885561,1
47.35236793450835,48.90611908011299,0.8204223379996656,0.6212227762366181,37.17295231558334,22.923341589147096,8.95831244196756,0.555215550919112,1
46.92290103207688,55.4455137597938,25.254144214097302,0.3009793849978583,68.04198512647429,23.664960419777948,3.4186822836344715,0.22349365829961498,1
45.06111636770335,86.08457483204793,19.759317385420573,0.30603793147409575,28.84213894024843,1.9112714004604796,0.42009123044035845,0.9740926047935258,1
35.620989715625555,20.441226949910252,3.1979248220099543,0.5785582168758299,54.78464946216225,36.48415674687125,4.322912774068067,0.34570755283964294,1
16.206810093025847,59.56984330382366,23.875325260349186,0.15393808019882504,38.678394605498,31.83489464219761,0.10361925335831101,0.5667992316063866,1
19.173242098359978,66.99533228132185,5.467044737429632,0.6554794942558922,23.95769420472188,37.2119354207379,6.400795040612243,0.8862073666815077,0
34.23665936035732,11.633764406393961,11.636747899867029,0.477275179069108,85.59784778968934,38.76814231500353,9.81612124946005,0.8290017172490606,1
25.266747269920216,53.37390932687121,29.982293468160815,0.9501030844569391,3.694610853315483,8.597186100465239,0.7566432532162881,0.22834750191583653,1
16.815600300859355,29.548247942405403,7.431621783420825,0.5318810089811925,96.79053028098909,19.071740229172168,0.8753568751927542,0.06590549070580143,0
30.599019494316003,94.15056346212323,5.2526056954233376,0.7654933409641969,54.30539266954169,39.94771630513309,10.174024761110338,0.5781035467014982,0
40.6629330795444,75.58608837304587,8.43265120961882,0.8574799115471307,42.228386742328794,24.684144322258412,12.63340143341955,0.38258161734682905,0
30.421019826240148,12.5430512036184,23.046499471787094,0.274959240973374,83.26520026716034,23.824570412460687,2.868416002026515,0.818780680765558,1
34.68368564263328,23.18965628387438,26.84240105947429,0.47526457823738877,12.04702750317984,43.49807101821429,5.615241509685106,0.8746622801957059,1
18.90498533671934,7.929363117597474,12.117551043215785,0.14787490683328525,68.62839657926683,43.66408138530327,0.98074432724764,0.4057688230900133,1
18.092365245414975,45.44585255824722,26.655047331659887,0.7657920898749851,29.24810903340429,10.957777109883548,2.503733353308515,0.4294614273212306,1
41.68838177296696,45.39913986894807,23.467425054177077,0.7483927520409449,11.111348869282601,35.74209677977469,1.5530052142970485,0.13479399276016946,1
38.196054856962675,31.311410537197943,17.361302069516338,0.8749991792098357,34.71312564866952,24.13878594085642,20.44876556623677,0.7777651503365571,1
37.0656659654648,34.58241296389723,25.000269282583627,0.11674513747474248,12.17668151213097,18.15176590238937,2.977326702486942,0.2459070691689107,1
48.4912500105377,71.98762432710328,1.7301338542129197,0.2992530602365745,90.53708208964699,9.136923863741893,5.281587805695881,0.4583665573359885,1
47.60531249393895,87.99530666479255,21.33041613213166,0.5280229943747323,36.911464967789385,26.744040887822848,3.6173267380119825,0.07038817751051751,1
24.387878796852895,20.757581201377377,25.634433590555297,0.9873972928490281,62.71146346923959,37.28794699729127,2.9935757353919614,0.8937282366912829,1
22.064124777241,73.71087939800724,24.774141981858463,0.6295365202384716,26.821024675180606,42.294330178469075,5.074743224856117,0.46284145706242585,0
29.05182128766964,38.85624104536016,23.89768882022371,0.2114608993778226,60.681607073241516,38.49914567373272,18.300633164592533,0.9248378679665186,0
24.1719776253726,27.476957464460497,25.73099207169897,0.43207560349239493,4.735001845937859,16.456435018211685,2.6160268626092478,0.19658618506511671,1
24.76162756874239,42.379738293730554,15.488334671456718,0.7291282304925759,5.6230844115607415,23.296796671305103,5.42471410618547,0.671499784106479,1
26.53535747997079,5.242356460504371,2.2894055094280175,0.5863378493649319,30.59710401319098,24.19828844804023,6.773294958630375,0.05503903507596242,0
46.96063563537115,21.498769868152678,27.858482124980057,0.8307043198383028,99.28759517496111,30.685998198898087,0.7181982333058873,0.6280232143536403,1
48.56707163701938,6.0113732696796145,9.575732776387962,0.3345853504829659,90.78972816948882,15.041441271689434,1.9469145406702193,0.8858688303266361,1
27.69020379315209,41.34891187199811,22.338300712609552,0.25881460716301585,41.01447719054584,34.73703675032619,3.2275501497825894,0.7302096762996232,1
41.659381984816434,36.74184469395051,29.300490458023457,0.5264885604631004,77.49181390565262,17.87247555449808,8.951676814008206,0.31786746664933596,1
44.80801824242989,67.28041103620825,9.969578324975476,0.8417015330692691,92.6840769335564,42.36355943175743,1.3286900390160583,0.8445643669767661,1
29.046919743538567,88.38944939244648,22.99533797232628,0.2457615955956512,87.09182644357213,25.127329924417246,5.8174436384669175,0.46751701635915544,1
47.95241259423895,55.214282976581714,13.89122076280097,0.9516299760945198,20.43445390172758,21.784688710873855,1.5025434579709165,0.62651400117476,1
18.55364809419852,51.95351489155147,15.415561817293305,0.7588865956595124,85.26459335354033,10.921234601407829,4.867472880377748,0.02694228182687508,0
19.288451651149245,84.60071250581835,12.485900555945719,0.9450638877461782,70.29075252008641,37.696533863220786,14.934489666658767,0.2760556271107676,0
48.433941323565506,10.249959129647879,12.219129271108851,0.873568544996109,31.729153865884275,7.915692283629881,8.611590651656108,0.10456610069785077,1
20.610964283321753,37.66849551398962,9.182823771798832,0.5027246943972054,9.37343438395304,10.191113158634309,15.408109456777785,0.06645953602234733,0
35.84367561661511,46.83209208719178,28.29700125542511,0.6120200228589079,54.76103171545549,0.749874347064266,3.49870970485815,0.4028100432017493,1
21.719777711941916,32.145613391826785,6.3542685704012944,0.28112813590188634,10.296934503617095,34.51342419561447,13.116146118251828,0.5629009967975177,0
47.91210101069401,62.8528185005214,1.9086933261819994,0.8377734494434422,62.7619740959158,19.579098704227736,9.406704484429738,0.0264122469620921,1
45.07069480828383,69.94715899800356,23.12503353999086,0.4454021825773459,0.6362909283068374,30.077619726366493,0.3465991337721217,0.714103503475946,1
22.401810361606216,70.65013564108493,0.7137436458625868,0.6951815712804551,83.32259097022852,6.09463406296236,2.7259972993391997,0.040539092190418735,0
27.544194326015262,73.96051490566501,9.867091534200732,0.4665733856202804,3.183857238213872,39.43289921958894,6.862754271261514,0.1184576228326224,0
30.943695801336343,39.29171393056663,11.535423433432738,0.9830576782804301,83.87012528021407,6.257293916455727,0.5081533976021514,0.49677927405335187,1
19.36851885622569,63.948881121038504,27.716279404747894,0.32434389160395916,85.44707044761627,44.33229510429629,1.177565001934585,0.7226120002935051,1
19.249392693372123,79.45261569660093,3.7199928374687783,0.5923942569120303,12.43772980048462,37.292380025949114,5.123128231612824,0.05389265668113896,0
32.48957991491684,17.426966486573384,26.87086236460374,0.5840923717134727,86.01565243184197,38.23839885850613,4.749146172703719,0.34970498432872466,1
23.485376208235685,10.515329743476961,9.081387103289348,0.3758801070763884,34.266299413651005,11.509430851782234,11.752602341151421,0.2879978012074377,1
24.891728710711476,27.93681807316155,3.7444338661824714,0.1868078124285397,23.275603088377604,40.84850616624676,0.336159727495547,0.6657743199893794,1
38.96112896277798,77.86042861597429,1.1685721406315697,0.521312060394349,19.014308487888165,17.02571454470007,4.113312120216241,0.14451756691745699,1
33.32228991065922,92.85576459933002,14.565230753079438,0.4004941387986217,56.34945166662907,38.267168277009496,6.865719325604768,0.14683519663330769,0
37.176460979416305,56.68451188053668,13.242499896585857,0.9307623168957724,40.11778542946609,7.408610977773909,4.758174293344563,0.608118874431544,1
39.674144749687365,27.44506232827542,23.117311879893,0.131105963925825,65.50830871022924,14.266896484530214,1.0694830959604371,0.04145636506124173,1
29.114167228102183,78.58459403083289,23.430767064664188,0.4785608200410516,30.46133370038572,34.53280281980081,2.0904593566211584,0.8868575041635975,1
30.036417302313524,43.32077952092273,21.145595685398696,0.5775006388612886,24.56179131060162,13.772325733241315,0.17714298159737563,0.00624553656044502,1
43.379206699490396,14.890631099475263,3.8563030022285725,0.5480071841958021,70.27477527821968,8.714199374479593,2.271634165955519,0.8345067682726016,1
35.12620927422245,55.4960437817969,2.806309920661332,0.42608717738931423,29.231259461303505,14.643838055625357,2.894525637506859,0.8421209326753294,1
40.66052045557231,43.84340540227844,27.990987003744213,0.6585033656200778,99.7620114425069,38.18044564454511,13.747430283511651,0.4839495344626664,1
18.330287370876704,25.31102643833282,7.794719607650369,0.6793519618069795,16.08388705718502,2.3878777915804177,2.9481007703332867,0.37346905994776136,1
29.804327011686336,79.5278467855307,13.194216019483223,0.3833186454490536,16.91307679952796,9.142026162957649,8.754803854023681,0.10304340432095593,0
36.531881221159665,24.502144706960138,16.248218198454484,0.2941231512725766,31.30390872817841,29.89486112063599,5.889090182369456,0.08350725810092519,1
40.28348471512592,19.028672271964084,16.049660359063235,0.9601310909134932,48.712056892560305,28.870339972190735,3.5696718982236746,0.8519172148055425,1
35.83305008086252,81.13125946927232,12.519446454700612,0.7036509231480785,0.42470105358577426,17.00456546570638,14.070130134226279,0.9426189004944623,0
46.60946356638668,47.442969396156876,7.784527762895528,0.9775927357785251,99.83479664924407,0.8239902027859075,2.0152296414878683,0.005608911331237976,1
40.77276128418615,57.58286155950622,21.4315047395837,0.782014315074052,5.116967168865649,21.85134610908899,4.339176576735964,0.7062556273859146,1
24.043175583075303,45.53671939055294,9.69015876343789,0.7642752926672681,87.69258936783618,35.61447831398584,53.60483540033927,0.6894281012316308,1
49.9073319145495,37.34394231431685,28.57898843056393,0.5972362361053886,88.05042917020944,8.735523573831092,3.243046887531627,0.26561417389869635,1
33.390906476033805,39.385341888873434,14.195242652009142,0.9963636882224919,34.30782142628234,6.7257014444400145,4.721582061268012,0.9872212915552565,1
38.02677374447758,63.316343677759285,9.272306519443651,0.2794140415417074,58.446583567566776,5.9235436941685204,6.442061521651046,0.623852272905172,1
30.86198247671478,92.88229577056526,14.740224782275238,0.5456234653384964,41.10161778480561,6.43211930836875,1.8483690578328515,0.36907519456403237,1
33.34166011238345,23.571776148394143,5.638013335609909,0.7216126193527863,68.28951779127436,38.369050497429484,11.212891804234948,0.4634390643323081,1
48.06580849539391,56.12849950299257,11.452152351272778,0.6951933331620704,76.89669939629724,32.57130908357437,6.399248339483702,0.3120750585496159,1
15.500573243819655,83.88499079282002,9.034864279094743,0.4399926726404687,68.36188805966444,16.406433062920076,0.4403948728112953,0.41930893321895957,0
24.30670191863822,11.026500395330611,21.73641141051255,0.7715263256257667,6.004603219198024,29.819077166946773,7.270677681733364,0.9210492736589269,1
34.6897370414721,68.27080150613168,0.7605246703053814,0.7366694671932521,91.89842730564807,14.74627628457449,0.4214356388090794,0.7736203582863668,0
17.63499647833197,65.68846517371564,12.403863984052062,0.3471584758097188,26.72045678348085,40.614068660049284,10.702349941662199,0.7124614356001969,1
17.871196152317918,33.9383837507317,17.294325285194276,0.3411251932640351,19.3144493965126,40.83429498867195,8.627163591048287,0.7497694036083242,1
37.42500339895852,67.30866361644266,18.848913044889652,0.23502667669505728,92.29969246633925,40.72803506944048,8.1482684255964,0.5545255261012094,1
25.245973701425694,74.37865979288416,11.328666581710836,0.9185424569137365,80.80282623239249,21.24380258386466,4.4975400945380715,0.35601800664692695,1
19.15674626371347,85.17990759419234,29.89789145547303,0.34314294173411675,63.96886918821851,20.20681681413986,7.3449079417277074,0.2422679983516428,1
48.101289688442385,90.7323275405175,10.44867581688276,0.8006059447871856,61.10609253575438,30.875578512332424,6.457474081339334,0.35600856330583885,1
49.53174497279631,71.96295350762762,26.4384659797086,0.7571785084502474,78.46984194209337,27.151019715284228,10.93686740711573,0.5314183931659993,1
19.951810994864097,90.01908809850669,10.736213930396827,0.7707505515222135,60.30202370063957,12.956651059537057,2.288059716175183,0.7209476260255478,0
48.264097721135954,68.936063832207,23.14880905462893,0.7669483022901356,67.31306182002419,1.0862355682763107,0.37128327024355234,0.8205708640957077,1
20.62071721387653,75.82037191902072,9.636223472527208,0.13915638236047911,79.3676011345757,35.93698632260179,2.0526484586151224,0.28539689198022633,0
17.06853988529454,85.70515673513508,19.146257903650074,0.6642339332156951,10.59747244488154,42.06758997220304,1.208626022509211,0.735966356980719,0
39.59195249387604,77.85642526417199,27.372460218236235,0.6802062257093546,65.39875623046487,17.07965622255247,3.4838389497005235,0.8000126242334538,1
35.832774625594524,84.51404247093916,14.351048441530272,0.20721898554388118,69.9668994008364,4.669553727096077,9.15929054226948,0.03372741347739949,0
30.093652502942355,22.399325161407756,6.781382383392986,0.8998380265677485,25.992082833950036,0.7862773498657621,9.207379041120623,0.17890052396924272,1
37.65978414420903,37.02647072049239,19.41063165039299,0.22494466682268838,20.648967706035172,12.071737775159333,2.6481648590699773,0.5511081085845904,1
38.35792474129497,49.569224524700445,15.107829288188196,0.7658607203452363,6.249567101135101,43.95854879727258,1.7148385062496374,0.9401822728679492,1
43.87375659547658,44.29709454434065,22.411335886755975,0.21782101564006284,80.06243558184522,28.549395687583033,2.685411044953598,0.2604123560446985,1
38.47588037646098,94.10889710208662,11.346153329419318,0.3292070398478788,55.469319185546176,12.757617535288581,0.6708405154311526,0.8851365091591352,0
25.24302395684535,74.32860362329612,13.389539974033347,0.43329695392019474,99.99739929172038,40.475260088670105,4.432937431946242,0.5536878625782428,1
34.43037665472585,47.12714706137981,8.772174004787622,0.6184017350230997,58.71539251948816,39.36075104293272,3.091394671554655,0.2460491468232342,1
34.99666203682035,80.64328447206347,7.389265637786576,0.23727100870182188,72.99507187016135,40.58107782387964,2.0335798395047817,0.23392273230882266,0
44.15677480137184,21.378755661413365,22.22459386472289,0.5478162129040981,75.6995348641275,18.903310493363556,2.989252636944993,0.7975294259624487,1
15.29809070482289,45.6074334566125,3.4020207620025653,0.5064249270209851,6.868328792476596,33.178760407291136,12.326100593281765,0.5242724193115175,0
17.237155240739803,32.41214324320164,18.39688151363902,0.5692773921191224,50.45774856998854,37.555887668452854,0.6933183175180462,0.3795020328465829,1
30.629436233765023,34.08254779626159,7.984813376169221,0.5400030191348341,53.11721187429232,33.814304923473706,5.452398098086699,0.0995535101078251,1
24.541267225595142,88.5143606294792,14.82889056435562,0.4540340760961924,56.504709509913,33.69628472165975,0.5433326896662672,0.9000047398715093,0
35.364120426592464,89.5478950238855,1.9533596071054882,0.9064048717128559,18.310955271865282,43.81692705833462,16.67796568028831,0.9657529942501991,0
22.78366112095678,76.05715554949762,19.31147384397575,0.24645739407817135,60.72670707074328,12.404665123203214,4.692733346284269,0.5928791257576627,0
42.958910654098304,15.590105968525158,24.14032432891649,0.4910270858276684,11.585902611983979,28.81795440227473,15.55565406511366,0.014815185842548484,1
24.017427043937925,71.78504500480679,22.842234409350574,0.5611685514874595,38.57983395094672,26.121326186053437,3.4112670579744004,0.5669074157358313,1
22.34927724569911,17.988845269491925,13.416120552364463,0.27645581592865265,90.23309117324588,12.303182422540443,1.1115798708458333,0.9087504921185179,1
44.92406379453994,44.374381366597895,1.6608177957524939,0.3537902471458353,17.72036728327542,27.73470645909958,10.120026590078412,0.5466196110436389,1
16.243456722534436,54.810533914401276,12.180699756195839,0.5475795780503958,66.95607668725528,22.86998471255815,0.130497995422764,0.508753200558733,0
29.711738869215104,40.81179225888465,22.613613334500233,0.5832179983563974,3.649793544916935,38.63242749349288,6.710839751224289,0.9119106417127518,1
32.196664141831135,75.92150936052917,17.717357676807833,0.6008740377414516,88.55303755787787,32.45713476527727,6.302531522922497,0.9753354306373885,1
32.90383346773973,5.424812688964624,27.52244742477125,0.6010600442426647,76.49896592070581,5.374418635084092,3.131115791557999,0.060003253922657374,1
44.46411380322328,29.463467284343828,13.69496662768926,0.6811772714417511,60.55079873594516,1.6649067705891152,0.988656175559151,0.3978941014010884,1
46.300909987833336,41.59766749542722,9.456996233870699,0.6263039123164647,69.62629152002522,40.52496054892647,6.563922116339276,0.940993469932665,1
28.5587665397926,40.82812531103411,13.193319197403095,0.16175830541954778,67.75808955553603,37.832624268504716,5.81129248992622,0.9180274313676529,1
39.283085109753536,86.45030224450464,21.924333490435156,0.5696522416608386,14.275182126142806,23.772774031937633,17.71210256195317,0.21021343176526963,0
38.08004754379573,45.05106492268589,21.656192314390434,0.29157920815492877,96.00716073876158,18.297139664885385,1.861602291346653,0.3978914493793956,1
28.33312502585263,49.018612234245914,23.685745792313938,0.22800127587002317,6.089053267234368,19.529906089543,5.825069397223287,0.6478574464516426,1
44.75289053469585,41.40199019856045,6.487760765235403,0.8425087777491023,37.65357531564315,10.51268136715317,9.642354425947959,0.8626922298993461,0
47.36639175042762,16.758756798010168,11.346697651905709,0.1456149077944199,71.3991552754552,31.09991774349212,0.4663599894966687,0.1090166977854331,1
45.93867057937918,92.6499098990398,8.627935668683829,0.42983404727841246,90.94016933848776,31.101217377528428,4.161347312490834,0.8908624465287467,1
48.575185941254176,30.9266795701962,26.018052678858304,0.4775383187458203,10.410418790446673,5.4350886250223205,5.997070538084292,0.481572472733504,1
46.29997382112548,44.625741717193925,9.126193358829086,0.609128395359707,68.0338900886722,12.843867958481832,16.006436225898902,0.1781222264733856,1
28.28178058204311,41.73781469059798,20.671939925852033,0.2149471288620143,42.1088023731359,8.01953417030569,1.6381346258478078,0.5555072261547112,1
41.07769387291735,72.20644494762121,5.677115770402036,0.8747176277311807,20.849658597565135,38.10600800714337,4.735907162416049,0.10619412137114081,1
26.696514041518782,90.15487005074472,0.1669607002971596,0.8300883609615997,48.13901394263079,21.197802771536022,12.161308690406782,0.9496589079700695,0
28.177484835557046,76.96846181800069,4.449381026974638,0.4001798396250341,27.660965902171718,14.156523987412317,1.7376143796631425,0.8296454121335783,0
29.64547432666275,44.42571647653877,17.772881067139295,0.9667865447130901,74.12690892208467,25.849546332291595,3.2839098131175315,0.9170518485545331,1
25.48347707643002,84.5662969947556,3.8899083813434334,0.9747468097606934,57.29278256566519,19.87757741285043,3.4227846946572886,0.938959979828381,1
15.48886467216791,87.87398199070309,2.7152880730941495,0.6516121880737504,63.41039927709984,44.91338302244438,2.0873848930569987,0.6304572914930424,0
19.38869377794762,89.1432354107127,22.53539119001899,0.7067324794398204,9.371906865835644,21.75126751272613,6.2389715940109625,0.2169184388377272,0
28.921679338006363,59.64473578745126,8.869120304194473,0.3282771113922799,7.9346763354404715,23.324940685434754,6.648834691593416,0.6900869305418804,0
20.174023584316167,84.75200763478428,7.850821815392013,0.7609027605388518,17.63545422814593,16.796149499529385,10.242315325774712,0.0026533461993674123,0
22.455178520232508,43.6838337080877,2.6977988459148703,0.7069283272146281,33.36457105778196,33.607656659046654,2.1019622830903915,0.42777186987603555,1
21.04727120224211,57.96424147095197,4.218206751017725,0.822614162445387,50.10812280408273,8.798478058941836,0.509884053873425,0.47544616183606847,0
25.492989989949166,5.862522754756444,22.64186908863247,0.6867674871944202,7.083297149927503,10.748094037881385,0.4400047954940731,0.28706063183730723,1
48.82176865172396,80.62098991600656,12.39782075946238,0.3317319342216227,26.19871101654119,22.873568594482144,18.867051659476456,0.4806665161018989,1
43.17387141457553,31.543352633541776,10.417234828774735,0.57869250548935,95.94482150872743,40.42960719663612,3.8132308333912506,0.47245369121723824,1
41.54908292621587,90.12995095770437,29.23007302498443,0.2832539410167892,25.196930271393335,6.987957150921196,12.926305720691316,0.726547811070449,1
31.352332859035688,42.57422468959098,19.020246199470506,0.6873123591439918,62.69653653630646,2.497168626013129,4.92427272554822,0.6390197524067676,1
16.57663464883642,35.92019264622476,23.31152725631083,0.6922492073715759,22.4571728925144,34.4837963677729,14.345468312871043,0.26699092996213736,1
26.746782761745568,13.184146451748957,0.5038272353458217,0.3118848722451964,36.511773349360425,43.55048772976074,0.5956364274766413,0.33152767925491733,1
43.331693942486666,33.69730262767996,20.82357293996951,0.23531917292783827,96.64011076900955,22.111412102822122,2.793402291421777,0.312584983497573,1
44.00953437733644,64.95633177550758,14.160461492400863,0.132365122634837,16.91780886056573,30.91750998113082,0.6650806253167345,0.6277180870398816,1
39.24209533018075,52.360148206914715,2.7719224434524135,0.49564035873642664,33.07971802142319,27.885371839617605,4.611336728246818,0.4104729034629516,1
32.99066867969302,31.559652365220018,8.753279706227538,0.227797443528538,5.742490628864305,3.1580295629044848,3.483200873533339,0.3355750746220396,1
33.81794503062022,19.197015823744287,27.75231424474185,0.5903643834499476,15.193803552167662,37.159032292267185,7.282308065344793,0.03578431283660355,1
23.215086531790213,61.48164844639452,21.799544159156415,0.8005102597795555,85.27520329044371,8.907291830632243,1.3508669157954845,0.33599281449835494,1
35.85682549906866,32.95724097608587,6.853643708498036,0.5581413065053545,86.59950571970832,43.80553984329062,4.802123200617375,0.7861018460160358,1
43.0423684205172,54.243115075453225,4.18532347835264,0.5670831829310532,29.985828669860247,8.975726655183669,3.524706389345469,0.5965559825756933,1
46.28627225149418,28.165589297320132,21.059079394380454,0.12449396745984292,26.6202354952621,0.09046583649993445,2.5093236140149306,0.39341364466979833,1
23.981719769991066,53.000327758378226,12.540577930511452,0.8774894624795406,54.56743541814228,14.835435326733446,9.693760180544844,0.7777753097023817,1
46.393176031836695,71.19199492899992,21.93286224656976,0.38929296719012185,94.94981009017262,19.690752336968778,2.1007791378121174,0.8549345849476391,1
38.536170779701486,7.4174800519658355,3.4811838780602047,0.8845166563650457,77.86984021301788,10.299839924416808,8.517232589615313,0.34388786864176624,1
17.81199154919397,71.73782694139798,17.431821701190735,0.5697127871121849,38.862120846310255,43.10947970713292,8.376538984205492,0.14289164948950162,0
48.300179627617275,77.89948958586632,21.742878583908425,0.6170031986921264,49.056985903671944,19.424928082869375,5.002791935589688,0.7013872742682926,1
41.50516823092781,36.677808056340325,29.39374203475014,0.962520015972984,97.50581328273644,40.003834110246174,18.109565191349834,0.9675743966665031,1
47.78752554570891,36.740479333787086,20.932933951188716,0.43439739509411157,53.431851788611084,41.406726358302265,3.483208819701686,0.22863083740026124,1
27.46835403669145,12.180517307432975,0.1628654709462951,0.240807224161207,46.58951099333943,42.948250814867684,0.45237366395248724,0.06019940150951042,0
20.19040192287258,41.76687259427722,6.741276317636452,0.5326658458319904,83.16110046592182,25.301331304839998,1.4376371391459564,0.45825088931857727,0
23.007957691937456,26.210211605884098,7.27924352285838,0.850351575791094,42.95598233580521,43.41290350795348,18.725425095877664,0.8420303709440156,1
46.49737501672929,26.163958828609214,25.79313516574244,0.8162543613769659,45.543740810867725,18.06957470470148,4.217643981619791,0.032515883448605454,1
19.364912882124017,30.031605486981707,7.63669450345081,0.30404302832247876,86.99939594413178,6.040947116312024,2.2934470939248692,0.1835467957449829,1
35.343059800120116,49.97236512710857,11.700997100699217,0.474787388062202,99.57248309808323,26.803843508462247,3.560399165927595,0.9222783299191266,1
48.33174432886364,84.01624634020143,7.059081118207939,0.39745394603658557,57.61095469833057,42.2766446483343,1.2962032518375777,0.09260565518402664,1
22.511648472086144,25.611702868788665,14.876419369404726,0.23779866340953537,82.37048477207203,6.237085749224284,8.29446893426707,0.10783331344100555,1
42.677936038209765,72.10265867109419,27.101698785592255,0.6015355833278218,36.819664024777055,38.44083833616671,2.689266167053338,0.3834854696106549,1
41.998911005275005,12.706431081583014,7.248175019665847,0.7243912379472125,74.14311403225899,43.83244158524288,0.6881825455628885,0.4764885600541844,1
16.33188781312128,73.94392172774675,11.995051475987237,0.24323297124562773,65.7614190805252,27.944682847445268,23.745546104552957,0.8259233674789385,0
47.06000280346813,93.70595918992694,4.08399297613934,0.7798929819023372,18.389866048808113,44.61461694600446,11.826051999247662,0.7845693649692372,0
20.18713147331704,70.34744047097622,15.40294740617929,0.9566447923389731,76.2031968080764,39.734703046748194,8.079119001530891,0.6497545809509491,1
37.40709703270834,24.514640117718255,13.053340898259313,0.35772798631110747,80.46509221280523,0.7488311642679008,13.238004151482789,0.5095880664753962,1
48.27511185996653,16.53109012373206,14.95499951913551,0.7963366796169076,9.095828715008903,25.0213259806157,3.957696649191495,0.48122811322526826,1
33.7776927172804,58.334163782497065,12.153010639001597,0.119953011526985,18.92465096458922,28.29178682737237,2.582665130061078,0.8137598540703243,1
46.547578689125956,48.73617902611753,26.476441978392394,0.2958390473010094,51.93239563623961,34.474923996994605,9.683913746868908,0.16865707071986213,1
46.69724500002978,15.341955579569163,1.8744526649243676,0.1456214762565716,87.98178172226946,11.933936195043431,15.548222113729459,0.348410176253682,1
16.104528604483267,60.89901671805741,20.068449981177217,0.1912027338291774,38.63770106148118,8.090606660401921,0.04359810697240858,0.41581067080257916,1
46.49420226489289,48.82427148584172,29.430298603920452,0.10208519270984535,95.48674493520303,15.09258943701248,11.127370218690594,0.5380268114233705,1
24.590891266045972,6.763056324135654,13.021770535109557,0.5607225267303644,77.81660287456855,20.60345847103085,4.525468742202231,0.2792934768292248,1
44.58615903045239,48.041906383418066,16.517725707232376,0.17055008815018222,22.39911759100949,32.74099032188001,7.922424590268702,0.6741855852724483,0
46.24352367928934,45.64972896088478,0.9055668519795257,0.6850689149053656,59.551134414533294,13.208517086871408,0.927626469492908,0.11868074214475588,1
16.22756403618958,11.315758404134666,28.415392588192038,0.3695192067181071,35.3970841436421,26.730506427704086,6.797597964676607,0.7047373894008236,1
21.03393869476249,90.44668502354062,6.654058783812311,0.21760316029087803,48.077110707373414,6.766924073377513,1.1960706919614512,0.3365247326533187,0
36.59093249484734,60.60952131886044,6.211573462583085,0.6836309512468626,60.5417552204206,15.918098647492025,13.31094628380657,0.721143624386578,0
25.81217775920209,5.616668056341355,17.53525528006223,0.30869337525473467,23.74073025074952,10.476387674485254,4.065886132395574,0.48865474051564717,1
19.126522784843402,64.01842829725683,18.572145110203568,0.32875238684284847,31.307232529996053,17.023586799954447,0.5555876833623637,0.22947265370829995,0
16.6901383499452,24.511173808976995,13.859989217507723,0.5918344302762528,13.599128779752645,17.524404754224715,9.776196687379041,0.0426478661898243,0
47.667487360605435,24.988865407130426,19.64236066561871,0.2787426537193892,5.837046510233101,16.553520071198374,8.64551016825052,0.5025891567982963,1
27.82787069199528,40.705073501096564,26.330240153110267,0.10233422801213678,98.23716661628836,30.88444727863225,6.508676140158501,0.46003045896596706,1
33.001749013654866,93.05805341723013,13.05781158399107,0.359716225091281,37.62437522278296,27.208369583223572,11.844360405822334,0.17191330442509511,0
35.52735958519722,18.31087555373533,10.853787309512452,0.4484777266243496,5.285702807652804,11.613307115406396,3.5881838363612584,0.31721559920786657,1
23.844839122759545,48.89787457157666,1.859286819232483,0.37742116679937854,58.675028672129415,39.11237373249013,0.12211031656904467,0.6156980303751598,1
45.13763411840387,44.55888852702134,21.574185420670812,0.8798236324951675,12.921454631012985,11.843638023167072,3.9943926920961426,0.7943145284107281,1
43.251272504708936,88.88087865893802,25.103224318620295,0.7148174996197467,25.766594415748877,40.46875742535281,0.49492839063598393,0.5475415940283787,1
37.1744013203906,93.32948500512487,0.44028203804806765,0.35818659637407557,47.61350468117725,22.439016808082922,3.027211839540303,0.7015866791103702,1
25.015823840564966,18.995853672261276,20.81920211394394,0.46072039274965204,94.11373348542787,17.87569011867023,0.2952696848405738,0.17500266110114449,1
42.21894557594656,71.39429494075272,23.527454654111498,0.33224789771563445,63.63399231791341,16.10799958968379,0.40078304220815486,0.21596495620945022,1
25.58279329973844,29.63681566770771,25.985704399765417,0.11717193177529381,93.38729090401836,43.43750377966116,3.6781172480108553,0.05234226727965652,1
28.25463610581901,69.76161219967007,19.24998443637994,0.27601974985737576,15.394799188797448,17.668058080165263,0.4273261905803946,0.9997848960288449,1
31.671896208406107,12.814984144145978,24.823947184162847,0.4095798863613547,34.62643335907466,27.697110101499742,13.510841527892596,0.9448850727578919,1
43.29874168950641,47.7181331745869,22.690005646434933,0.7975933876515051,49.32069246733035,24.758939361215006,0.3117539882002846,0.09088956052888097,1
17.017858190191554,46.80217708747598,8.730960493743682,0.5367142374020624,75.03351324620029,10.404594194415184,8.50305432179588,0.8199610703424064,0
29.786457370740862,76.38492351725967,20.63346392008715,0.40324074031583934,89.76580555318415,29.594765036460263,0.6921472096379915,0.4005601480279012,1
49.73497762893011,62.12277985171703,25.700851109241,0.15126588656974793,8.000083379546098,34.01768942244425,2.8909481046988237,0.8630499715495296,1
25.032093412957543,63.297361475852384,28.347743157139654,0.7530779989639648,39.87655582100656,39.39977926925275,2.025583824178207,0.8220914050319001,1
39.34726870164326,17.55405818753442,29.694708875542275,0.5419191377069423,23.021906626626134,31.688338421370787,0.5145957209099992,0.031748276735697245,1
36.635700378319044,36.962596543971614,21.721392461029655,0.6124133482042656,27.100656394901524,5.333831874198267,8.175064723548148,0.6689999297517066,1
43.415461793577606,89.58419193781044,26.484476316616366,0.7753068822869467,8.588201775673232,42.725451550941784,2.342088408596101,0.4062701692631602,1
46.08581679811221,28.373565304060108,5.182938001226823,0.6078617783062784,22.413298139166393,26.92963682473202,7.347419391797285,0.3133237623158909,1
16.757579668961434,88.9564632901506,1.3825238725999778,0.22663810108452756,39.17729512851942,6.340710221528076,4.387215145605459,0.4611763845456326,0
44.57491404100851,5.65004926843963,21.0025714574875,0.8137957745927855,18.607729757984004,17.07839932228086,6.492959086553425,0.46065078119631386,1
42.74665853568478,16.914484370546145,13.67757720107368,0.7330582364454544,23.578945941120377,31.990652501478507,4.022369558101038,0.7834102781994644,1
16.663412920874165,8.233946270152003,5.733378513413591,0.5878805715407498,67.47423749672494,0.7055139114379422,0.6889313823477368,0.5639138781077881,1
34.29415634627735,71.74010664492876,13.117648594400105,0.5639042542217332,57.72689131924045,8.330956707533534,0.514497977716161,0.9165840684920601,1
23.413628249895716,29.968723921601526,0.4049962830401088,0.9044750821735101,41.33515786156464,18.908557199969202,12.834043360250442,0.8244740056406724,1
48.04420299605641,84.21195273272669,17.61926857328655,0.2531901180326793,97.2492236455954,1.0139601297265255,0.8307601054020723,0.23545366133021572,1
19.607256355485582,65.03815613247365,24.818789611997985,0.8183141664288655,27.358817002371573,43.41088253847235,3.1650656053712805,0.3977950639154354,0
30.938405875671535,33.757640046986644,3.680012764013061,0.3602838413216105,2.17615669871426,41.0953435880736,1.3740418625770465,0.8506373568539694,1
40.55233999649404,34.102704601754084,25.05696499539451,0.32284007620419497,68.35692046022169,14.785257284378698,5.457352588924024,0.423529485227347,1
20.657387825509005,77.36444572929156,0.8554254726372279,0.5146176803154526,17.247931783019254,33.251780491841274,10.64417631981387,0.26066943239105644,0
40.20884038778619,27.503779956960816,6.11660751046962,0.4913883789450888,19.48242600142095,3.987798130046883,3.6331038963677225,0.6000605877076206,1
37.22064249410701,29.586056877296098,0.2521408934262348,0.3671115326638057,11.42965008998229,1.7558476553986142,2.868315489889051,0.13820698460402825,0
28.01249501400578,74.7567271159193,28.31679033721802,0.1836220093903066,76.36310882426646,21.917014635910142,9.34168102374162,0.9576036082545318,1
18.395334704689116,66.84237868548848,8.600356051645493,0.9256164706232187,29.30630151151069,10.415448268895814,2.8979219658747097,0.3932385189194747,1
46.33632687074302,86.04909244211744,26.668399281180896,0.8037623432169694,17.407777992202213,26.15648224030964,4.628236189361556,0.6869483525004324,1
24.96047635235263,72.26630095825938,12.720073875996531,0.44061364724499874,37.92915033683375,33.89924739117548,0.39873255269837793,0.0359039871366954,0
27.59414788269047,75.56564787876387,0.42853043430093885,0.8673958226499008,52.45775839279623,7.995585800439895,0.43081646850596456,0.5715658918055133,0
41.92772246406241,10.341599391710304,28.24330119792809,0.9561381780176914,63.46178803055116,37.379410149375374,1.8032655365368355,0.015979412189470077,1
22.5647785727228,33.26603657209183,10.896593585891875,0.3039007492082567,20.998720240122104,3.973516411952629,1.6441857450475905,0.5952224000934806,1
27.305349023112065,30.4776421155493,26.0475103592549,0.28837277373695114,77.24639104466539,34.76126237810648,8.371365132791391,0.4585003229180975,1
26.47450873510369,63.837443567181865,27.221196308027313,0.7638179976304741,90.91378863244695,31.24322248310219,10.408858033437436,0.6036940560067738,1
48.81847502146602,91.227147018794,9.52102334620985,0.28238277439240755,23.34792700698205,19.093450967564248,3.73052877774867,0.1135671916165768,0
17.71097839735954,64.03193712249521,12.866376932362455,0.7824657698869502,84.31808731048243,3.421078629055401,4.833377485259611,0.09148515654744749,0
22.487132892287434,87.41019881790784,10.977853196049015,0.3135346491298846,24.01262650107283,23.744038478526747,8.22302971852537,0.33909607877737424,0
22.975061007902227,90.37068247747258,23.026268970982894,0.2997627259751877,47.274444496656734,21.05095887332477,0.9987722767490749,0.457994267852157,0
22.48186005443936,92.0155628495777,23.111014685449298,0.6009624454360447,60.41146788721028,6.829811890850504,0.6210618994877383,0.4239373502757471,1
36.239222310370636,70.73705818554147,28.981366254550203,0.45522851507683404,47.857291647505875,13.280213295469407,0.8351981795689003,0.37796424160155706,1
25.986729129714384,37.3847743418712,24.946261253882728,0.6378133304223189,60.09986092079591,32.7702178492067,0.8705652989273771,0.5909037884833843,1
25.41731221349688,49.06765049201453,27.5312002490091,0.7015221630021495,68.56273261216252,13.465067561887038,3.580788342540535,0.2930327481630757,1
32.51453159196555,90.02876720522411,16.01563383703211,0.45751183910577664,86.27427659808683,37.71489922411271,9.48533161739729,0.9900621391112171,1
38.16353579556501,33.978646564873635,10.256305778093362,0.4705283357993494,24.410513569734725,30.92555784151325,8.326460167555053,0.5021588501246657,1
29.78959693731811,52.09844329510322,20.660849997663163,0.6219941580772264,47.95417119950764,44.73027796509535,4.063414554762063,0.8608013052226923,1
28.837585224414973,37.320068846273315,2.696742332264238,0.3325419574658367,73.26535459332565,11.31788076192092,14.834695263715592,0.812378234257753,1
34.11205683664106,43.14352775439863,9.038012078437127,0.702810972951752,68.8931784197318,7.564049706237804,5.4590581116965655,0.15580712781327766,1
21.804151678082356,89.81942377441887,12.549606468951701,0.3985524100263653,55.49234798157894,34.76085651660765,1.2271312270029604,0.9081165181174561,0
42.8598120095364,21.676412691076486,12.873178708061063,0.6922782478602667,44.47146710823047,34.90197109856977,2.257851954825135,0.9784429763853226,1
26.616522942232038,85.5372193197101,6.59676358580361,0.1463824199197311,33.56209592011892,7.7236737560928175,14.118901206166314,0.13324021732818525,0
30.634441586970922,88.8168693922246,17.828754431746116,0.7404176654073863,55.53045968099263,8.259023387480383,0.36267951118628805,0.9658143473290616,1
24.594562521786912,50.35890470437597,11.5715760214473,0.3852995572166015,93.0766369689988,24.448331259673346,9.603325513769258,0.06922829443525347,1
16.843654878545365,72.14009960060861,3.0822303442679733,0.44880361114593925,23.065340003560642,20.276972654954196,10.337650341692964,0.7374350337409628,0
15.52095201546258,44.36875757415634,10.408760109476546,0.6074592022929234,91.54832549871217,16.174401470188,2.743115106244745,0.8554408635289797,1
39.42898023523573,51.24674757472165,25.149695045185876,0.6135142977667827,14.04877236702019,3.425956125313089,3.7891058946752167,0.011094499466772323,1
37.036973924449754,63.56878440158374,6.5482955441722535,0.39684231804293024,15.715732309114582,12.515692052831614,2.356929462619549,0.7563380185196807,0
37.99275876442137,44.9495688366506,6.941680901811838,0.5858807911524666,88.89047802358063,2.8898109779303667,7.75820200467038,0.7395598977295739,1
15.27973713855877,55.97298359221021,28.53756341498306,0.8736270507938049,23.55861152303873,36.007849007513194,3.834381964414085,0.21009696032767788,1
36.88669568899471,8.140478444034278,13.504410530006284,0.1877843981751714,62.47427301984975,5.534084852147447,1.3198893169322257,0.02461254112387179,1
32.81882150400601,46.82541362457713,19.638317565534457,0.8789447210573532,26.87485297241664,31.901630240720948,0.5330173041647552,0.9495025689919183,1
36.08642188077344,31.600175846661983,14.276704768353293,0.7030344563442237,39.7387512927721,42.73999416681429,9.467163246372444,0.058810518685916024,1
45.79370619056479,33.87607976934696,13.583265636430982,0.5028480605922857,32.60842314287446,20.015919138453995,5.711291044235746,0.43734837790450676,1
33.6437536824576,76.82176308272953,8.790985045799196,0.3107841411224813,47.74642756466236,4.086552029530802,6.250077098842471,0.04974705152166037,1
28.356514679189733,56.677830330574174,16.313493505534787,0.7981287852543562,97.56593378107638,34.795007289429115,3.129212715360979,0.7417098990968753,1
21.35642812730824,18.46649036440374,20.96377073558828,0.28017728499105976,68.43217476434461,31.616697501166836,2.817043487851534,0.3395455843026629,1
19.589829910529733,78.03253607819276,20.4928931205791,0.5238617650061921,92.6094483937406,20.988442037021716,12.817756808351668,0.3965874046743171,0
27.921256085227043,75.25697467159009,20.371311591120254,0.45145160180993626,62.718549803297805,10.092311662353927,0.33817370879885505,0.08974825297000188,1
48.39431739444719,21.023113963485233,28.03643359286355,0.7989947276379407,0.15845483349381517,21.77882017770696,2.3433166082580517,0.23878796081187748,1
43.84320503934739,42.73620262006741,14.144878437627506,0.9070694770973375,95.97986519696671,36.48673162380923,3.439196959400272,0.05775066283534103,1
22.219279399242392,56.05812323201955,26.393906750253684,0.8094028817666439,35.399559926595344,8.758581422848348,5.742063202644011,0.062360085752870664,1
47.54085613472136,91.14527540242236,24.234729032791723,0.8126374223940157,40.98563538343013,35.046579898900184,2.115066221174483,0.6122460571869094,1
25.038138814703178,39.760330024380664,5.2433781330564155,0.7089429608915702,87.06614073521615,14.436840613376855,7.57992558343498,0.4063614915728875,1
15.57411780508673,74.04282957702708,5.461224374515928,0.7214890696221026,63.167316638115764,18.975415058064502,0.2185461667652699,0.23354958237728085,0
25.35425604839305,26.133996234617868,15.31452565100386,0.8950867875180918,24.027225403894615,29.398435293901944,6.371461302117618,0.6815731654880333,0
35.55245762158983,24.258301845903507,10.63780608839392,0.8925677835909875,9.806147683047916,5.122338101191915,0.6437931381853339,0.4211538131925817,1
25.89924726182437,57.819595161131616,13.120353963149068,0.9650325840281988,27.245009126436294,20.32140596657634,3.325955643706933,0.5548596477034725,1
45.47826011171175,66.39538796663237,22.717685611433343,0.8676000448769351,63.58441100179098,2.5015038322859295,1.347599658095996,0.7087211629953597,1
27.659486338519095,42.25014515112445,0.9892275784867266,0.41979861087950887,55.32768745794342,27.061493658263675,3.381620124120773,0.3761729684800018,1
48.10708926856253,80.54734589457847,12.42507428627506,0.37506974270141613,78.55858967952908,8.55384579420654,8.687427389050029,0.5306700613687886,1
47.831813843804056,10.68337823270087,24.722082107823184,0.6395309651066535,91.35118103664588,41.61754688836843,0.5397287171082328,0.7913486173916653,1
20.12742842577879,66.6963329974535,1.3111649716360874,0.7214198775192576,99.8751695917161,38.94401080396614,2.928550176107832,0.9824626689214957,0
17.84734136484937,53.683044726782065,4.353481752034175,0.8140723635096317,97.67577446894961,35.25809903980624,9.610964253733684,0.5619508529021336,1
45.17528976637227,72.66320791421404,13.588418037071138,0.4239843843616059,99.86494515237031,23.86835187126849,0.3914525129775669,0.6805756540478641,1
47.02128454454099,77.67884658483196,4.58207113473557,0.23920014598736566,18.58836020002359,35.178814230470884,11.942074789337179,0.4895710551426744,0
29.356026499674254,89.71304223323418,20.88201090188738,0.30486493693101635,38.79709266445089,26.847193749450692,3.2294678041040052,0.6632871089233541,0
48.723741148452596,52.46706046515104,28.882582301188542,0.9676836715387921,53.595865603600046,43.580247826696095,3.347333391402527,0.8759272556829404,1
33.2710973018537,23.592176383588473,29.8289305751739,0.6625729471311674,17.4294817590551,23.823965139473763,3.9430113831728573,0.33204596751907733,1
48.67507499712841,72.0697889107598,26.622165800046663,0.5145383846369245,51.78419609073012,13.537470341865884,5.628698324727247,0.624488103988613,1
37.32035703133849,75.41754474116816,6.960123813467039,0.2783914023215733,75.26432007052233,30.137117161345632,8.49159770983768,0.032072875155369496,0
17.35149218722999,19.4021706984261,18.006321422094146,0.10762768454817645,55.91620937037939,20.660618290507802,2.4987285633506553,0.4088488658487105,1
48.67226129999495,51.54972430707336,1.3047229639716351,0.6229776009493225,51.174211625195476,13.711908420786195,3.725724211013712,0.1993104515099713,1
31.73991033166061,74.97913698016289,0.9997435150179568,0.37235808757059063,27.59296739346858,7.740137044148701,3.3665728123870227,0.9487768757315407,1
42.80838714878814,23.45788479807553,11.332647220659082,0.6156720667187456,20.657504466654864,15.254704737952421,2.7255077778902717,0.944934044898037,1
49.23602342845664,40.985235314445276,11.548261872180747,0.8489722514086684,19.569516526636242,39.380074364992105,13.563318762864538,0.294603678042609,1
45.43863544059798,37.14562525284641,0.21624462750283735,0.8071050480195417,80.87094189982251,21.033684217356953,2.453302573517078,0.11681442829336985,1
48.55623939749808,8.491652584740335,16.919584777835805,0.4297146568222344,24.27049037592385,18.68632701764584,16.858401622227902,0.37971556349667623,1
28.373727287476925,88.39154429877411,22.812396207767502,0.47497012036927155,98.65356083890428,16.56618098095599,8.710951335824081,0.8064144015538662,1
19.35285779428647,46.562489153002694,27.966444298253634,0.4435094821816997,18.267943420729814,20.4986508810067,9.024564250091046,0.220377099504396,1
20.245900678945766,46.70705635304498,3.8507038666378834,0.4239589228132721,0.703911691168635,43.00207813350706,2.6949260442596206,0.5684298682128617,0
36.765748880511595,30.72181510111684,24.74622449466094,0.36366184374120425,74.33528512762247,11.99401700319437,1.3821303284678588,0.003881975921841141,1
48.417323290560255,81.97127322764312,29.44654182371651,0.15162947745988714,57.88092765877789,15.84776289428547,9.42647354876017,0.8037779567080019,1
37.080528922229064,34.033580608307304,2.733739341031003,0.4940471430020803,83.83021742642201,40.93637283622691,0.01228364028762455,0.8132175784587876,1
42.15601389031728,31.411071583129196,0.2706633856672924,0.6400877758779482,10.861342377741112,23.934715887934434,0.8721602256605023,0.994833262019293,1
41.730936868694506,23.457395010936192,9.957383303886527,0.6617048100367902,28.69352803381522,4.776694254498379,0.09082173073591661,0.3491602539856674,1
17.746748268737043,59.051131976908884,17.53487883699769,0.5012801539788155,39.73256797709666,3.5782196878086685,1.740713869355891,0.516174486705639,1
45.337664241623685,33.59103353522035,7.72402733927819,0.5798140819649131,27.28064970877164,33.211980017619744,3.3269597265454336,0.39929281854501397,1
33.91324068398442,36.528497377710224,25.314492603878687,0.7030360110500367,5.068941356121748,16.11062396022703,27.935533800429152,0.6739459932082125,1
44.064743339844654,32.14042598775117,8.496481233907817,0.6433833299908823,0.5879856084027968,5.149012821312896,5.042430498591469,0.8453155992302914,1
29.343124369041114,32.61965632267646,11.362664781547497,0.9412205778212702,44.926366870585255,26.858570966795963,10.517411611620043,0.2908096858785948,1
30.79223656279715,41.73262036464553,15.619472434651735,0.2580499197743584,56.6562458771112,5.178820255773478,0.8691449682239026,0.17050255339692433,1
42.157466406482946,30.27356610048351,20.841542563299413,0.6711835005451661,63.091855895572,27.477716829875618,0.12787425192457796,0.34971501645110636,1
23.26269727535154,12.714098926014307,5.32966637430431,0.9227280250553712,93.85934396706463,2.834812807436018,3.5432198994863047,0.15176822151720026,1
23.341134444882165,56.12841224111653,14.924850558209046,0.48288603366583005,15.726201141681194,37.473726405759685,19.464037463540812,0.43213156660077245,1
27.89859825818553,15.35150155562186,29.078443151683896,0.8743940655468903,40.92668847245129,32.675842314510945,5.645637532448311,0.3646734572634963,1
19.473165684059367,6.6888095292491725,19.490627370743983,0.6802040515927125,15.521068386980009,29.257697199552684,1.1887199040015626,0.9702069185470205,1
24.092638568736444,89.123676863995,8.646898872676974,0.6771106238412603,54.66531770585521,20.319948018030694,7.145029553343693,0.1675512002591023,0
48.67299610707388,18.179319074403054,11.573120465030145,0.40361511480210965,22.800894136530815,30.14368763771382,2.910617019617006,0.3019161556787301,1
19.206616807491613,6.840088206384331,20.02216118956796,0.9618579859302974,86.33866337373085,22.268854076697735,0.28831372769501756,0.33411102705689444,1
29.68416373521329,83.49919074187994,11.556789321231438,0.8204604593187408,67.9783235348567,22.747434931750046,1.0877472077328323,0.041480889049555936,0
44.50460683921382,82.29114014784356,22.674964682447925,0.6488890935329398,41.276108906453324,14.388688468907203,4.739379306415009,0.9120347060032526,1
46.62421823209691,14.060968804246118,9.86883131683869,0.14935465304643963,48.92563660868435,27.351042414289562,0.1331388919810295,0.15255993428450698,1
48.719693659103804,12.318292306116192,23.74859170095668,0.6473355833906218,35.47707042420682,13.25848845355193,6.923754999153843,0.3935938722002308,1
29.100289815939956,59.71056557814176,2.5952322536443138,0.5205729232543951,22.94959188921184,22.649874369825465,0.869903370414349,0.24961256587839176,0
37.844899936094606,74.38945051964733,26.7700586258187,0.5658131043066118,58.51654431420808,5.59108992911108,6.297733029582815,0.06343985587764334,1
19.845816848128166,12.057147529073276,27.245438247297287,0.7764894150255506,58.77553817451303,40.757498978538216,3.480081631444185,0.1923243540891929,1
44.137647110281485,94.53903424917713,9.03780775480482,0.7168433218330099,55.16353447479329,5.325652741678477,1.9164720358218688,0.5573293251386302,0
33.245092546487015,25.801914383364657,0.9744137912573714,0.48807972513169884,10.761209194298726,41.607209158535156,3.604428822150829,0.8063389726539887,1
17.887287375794664,8.859617638637665,14.603272744661806,0.5323376658032882,26.01827670416508,33.86978060576081,9.916600183372621,0.42416653717882125,1
18.508925478589596,52.2390941906063,25.812841632806716,0.9444716279799943,13.579786072235544,43.63118327566467,0.8511194132237626,0.15801329189996072,1
25.263293312994755,45.66039492503223,2.0662976208571884,0.6671692861903122,78.16966602655322,6.956807252180188,5.3612322765637845,0.4129868835379028,0
46.562541637302914,26.171433399449025,1.3528063718079675,0.1704249717144093,4.1966900843984245,37.551950662574946,1.737220867870479,0.5033821611256201,0
31.710961406513658,84.88716598213966,17.83693177064309,0.878696101197102,0.4116503542775374,8.435465735992855,0.4822545754872436,0.7583326636798496,1
32.284594546628014,20.392449464850493,8.364781588882046,0.2996923783968761,33.68231507531958,28.514863882057913,2.8585272019152357,0.6524278703360255,0
48.52114199887134,68.09895055916442,26.389243498899635,0.7194307809218363,11.689934104449717,36.05548765024539,4.212385327599267,0.569519869724922,1
42.66208497452034,87.18340441928945,15.500367518543733,0.9244816045159918,15.079674829702139,18.300263040237333,6.323559372986249,0.24085318370171727,0
21.289445212037933,57.215364388580795,17.812858616149615,0.5670407362772993,50.14797336246206,42.949290857556754,0.3709488492085764,0.5632191939145546,0
45.01395600731068,9.62240259351405,10.079427925599678,0.9725048251573168,68.71568117848668,19.747002216939283,2.1919974294664653,0.26858452932256593,1
26.44601873903286,85.90831480937777,7.797069581616709,0.4286821763470481,55.95478996061204,6.817262919383625,9.164774551315114,0.4536714092386275,1
21.07424467343698,30.655842427297927,2.4739456443645045,0.8248402304784079,56.91693293397364,25.84420692616397,1.089450618786956,0.5839231429358647,1
32.20487913294004,69.08427600161004,9.627639132274231,0.622138559944851,33.81765504382878,31.055821837006018,2.4991134690847847,0.13163457396430678,0
23.123312679165842,67.40581358086472,3.8537830333746523,0.5541557454774888,56.430108892106155,35.61569547931428,1.4031457012215491,0.9166286673002226,1
37.07272949356826,73.80250165817267,21.80579990634155,0.23552170983730028,23.492786050744407,40.55656665217428,2.650029492543593,0.6241072448848776,1
35.169326890071034,31.35011500072857,0.4054240789197694,0.6616522423616789,55.60837996213665,43.29207302981124,4.095069763952371,0.39950249100209123,1
37.28485243349777,48.529669514384636,5.99540817687414,0.6783655893276841,60.375053906610695,3.239947369184462,3.9167532455041636,0.40349436547009554,1
22.968618094774982,91.41694266949453,12.719192192605588,0.9673354979371136,21.610698404637894,9.137358398499085,14.466211053629152,0.8450206061588671,0
39.343982344978755,36.384940485336514,29.830637602483165,0.3230764002045251,1.0871366715322517,20.649585097031988,6.0216162339091,0.7418383743372656,1
31.354379219604212,33.692854061211335,5.297598841294851,0.5812418497682645,63.82139322616408,16.78874360456515,4.468928119817181,0.9280516722582325,1
42.38632524432249,69.79383526640248,1.2432541107227868,0.11717268278645367,35.316234659137514,26.555882031492526,11.605826498983374,0.5767773740833223,0
27.43531589835478,90.65171487309446,17.832228532869365,0.35598535054556313,79.20366047454715,38.090331886942515,14.48930691396466,0.8283853228509802,0
28.678942156486777,79.0983418125998,25.05643624545152,0.5244503934463111,21.835030248216835,3.4847115505274315,0.08960980098516395,0.5117117864496741,1
35.381148276324765,69.24641770386356,28.335477147649783,0.3501644892080451,90.93061223535408,7.589827307991805,28.671973626619177,0.08982710104504221,1
40.37224943625847,84.26285483475513,24.03209531380049,0.9560699882629374,12.012747069876639,12.14488762512102,0.3702958793683241,0.6316723509786281,1
42.77372365008155,79.92471394154542,17.649791876506054,0.529555150024491,22.916815206466435,26.998705795696527,0.4247236643173308,0.34540403980815026,1
23.5566325508389,63.9626246703694,3.8249940982844253,0.9478981429610772,37.52619827914522,31.654486466798293,0.11556071228745411,0.01731591077943262,0
21.437123669612227,71.7700940369531,21.422491114321634,0.1548567394935243,2.730931921778179,15.009501254779035,1.4317080578723105,0.6178984303564351,0
30.405376634454896,47.06812770230874,7.126539666057846,0.9119529198380795,55.01715053767954,30.29833824128845,0.3912200139650451,0.7084255593020153,1
39.95370628142763,25.508976629027067,1.4453556807660473,0.8286797106367604,6.555332180951856,37.009107073081864,1.6200935833259213,0.09318658863734619,1
42.128935561169534,75.7588968792447,11.040123383055185,0.5970714801960112,68.2047783691398,16.353121512838452,2.417903292261482,0.8648825129383706,1
16.240681291807277,7.202319148573826,2.9171402194329197,0.666714534974524,28.91015902931806,1.9423494604345275,3.2558584046997208,0.9888505082332717,0
24.600720055342016,39.31859470741946,25.87361103611731,0.12154281393024685,70.58568488692113,35.369748117298506,3.4927205126082828,0.3671017482011091,1
33.05534653973282,20.452386278292714,23.970909204748086,0.1906788967703788,10.171733215846201,25.741919223083247,6.402308463440871,0.4910569870555499,1
26.836077327183304,66.96032007980855,15.83920968883872,0.31104794277553677,90.93272368463113,19.73164829393843,0.678714651615155,0.15517195473271483,1
49.37827925819965,82.84217529553176,14.382281870750361,0.6817908205309412,70.52506473811425,23.91173372565066,12.373360354519235,0.9525801552038585,1
29.25698636428428,89.47753642031722,0.7804167002183815,0.3306633892158617,78.02864485980223,37.21346064841006,0.7929730978665112,0.897751174281104,0
23.76731188214879,63.784947395935035,17.5018584429428,0.7129097414363429,19.513366513655562,15.392486414150595,2.3173765439095733,0.49388997609117713,1
34.60434986773731,89.85512774258349,19.809247100098336,0.9959716368234128,29.87055460085931,23.479784236095078,2.238130049411388,0.4445354240560824,1
16.627728619453382,18.97689890880624,6.4445231937334,0.7450815641015729,70.50399698342751,31.82296087569624,0.8657448715845233,0.33286513379739135,0
31.264996145499392,15.240342959995761,17.950790174041714,0.33879287664024915,25.14047495194145,5.712384334140508,0.6374552229734036,0.9149295612896526,1
46.164542422882036,65.33384446218058,7.491534325173728,0.367139486984718,79.47180830955072,30.05510440172156,4.9992231355625645,0.20174132207595752,1
25.70707803664795,37.705339021372744,5.635969347853131,0.8803792745612827,55.97966877264078,4.1796298374529615,2.452498533953363,0.038048837747584274,1
48.83565904784569,27.36328236059196,11.90707619045034,0.7222642315192966,67.94621639823872,44.521463517044836,0.3823076656897352,0.690967952738406,1
38.12778397114469,67.53278218232656,16.619475228566017,0.3267913362517124,39.26081980169079,10.628916030188524,1.8314179151985646,0.9121463805379173,1
38.071291164003675,36.01732065491554,26.14087430477107,0.1146460578729147,29.81091487610118,42.84911976073998,0.6539871541586382,0.2619133835603591,1
28.07555451405448,90.42846086335419,24.092615746448153,0.9384090903270156,24.89140479957832,27.35131766267396,7.297518523471958,0.2561717707965445,1
39.8641975482895,7.678975740678563,25.751665279706344,0.7315261068658442,20.293248122400787,24.416201218850883,9.572597562718027,0.1811381432032514,1
20.58253093837827,88.71720696248586,7.9263223197292465,0.8644795763074258,30.766315429339063,4.3917746581086545,0.3495939960587705,0.7398885722775066,1
32.74354150844567,65.6535545446954,1.129809913359291,0.3199130886915664,82.60270384026936,35.28691464620805,8.710282942840799,0.6329092133775416,0
17.348905598643068,10.30970186372154,11.410135578878293,0.6635141739837049,90.36040206758828,22.766184107300088,0.6526972606035242,0.41118291747066205,1
24.594946621755717,45.02679400591987,4.812150657870778,0.7559688275326893,96.32692766349815,6.133660206392621,0.6556981973981981,0.45190129409987667,1
48.469216167838965,80.89484525640194,17.717659112020172,0.845980631203962,26.724341691363584,36.125363351237354,5.541783675561433,0.737510482687189,1
48.90835916234736,88.01385385826185,12.881476259569496,0.23484264516771314,67.14269816317672,40.861515130921774,10.82791573439465,0.11149320136918761,1
23.289070035142846,40.87960427404319,26.346161551016166,0.840725923909228,98.49509834560756,4.393502706144769,3.6617098287288288,0.8850062246129025,1
22.95676200324892,82.27772472580403,22.461197467583368,0.1601268627845723,15.6027950853448,27.12182578684571,4.312375266515397,0.6948507129827822,0
20.464085366202195,15.038378239672177,0.4405175328146349,0.21739465453429896,66.98953661969364,21.549474552552994,4.554511854035981,0.8902762309567032,1
41.95661626312271,10.931322349277476,12.128438028157593,0.17857511842021012,19.78563783972923,32.11520082274387,2.2792845400215027,0.4185122020103108,1
40.95820179341719,37.71493207542755,24.132261058222163,0.38538245459634046,50.85617198080533,6.674800245241165,2.660666694095601,0.5528069250392508,1
39.236961816928826,76.58846552549562,9.099985786657278,0.8596812718222798,12.800784072885051,39.139255683844226,1.91540723225198,0.00480211330773217,1
17.443033283917458,52.16628758811267,9.380959928210743,0.5647294231898502,21.132531756708104,17.741949203923063,9.998080069693087,0.9457522437822655,0
23.021690848495638,59.28298903387852,0.6304584736566299,0.7575162476377103,28.056910035106853,26.604039425060805,9.0949451318138,0.560538626883117,1
18.593022076077823,83.13767775266778,21.107011065141418,0.3654936559169615,40.57298070068336,27.035977941910886,18.13372993721186,0.6647914775830804,0
19.7378262120732,90.3740747842488,25.848711496106965,0.6700630423197693,70.87828014715573,40.293995154171995,2.6545113360087558,0.0359285412615733,0
47.1943838470213,55.975365658833404,1.1701643646886473,0.3246895623592909,20.798704257104227,15.284911864594362,1.688672312483891,0.9206925053207126,1
24.507399920198274,55.19866454537648,16.75725378753234,0.9180622173750962,23.064885495838773,43.1720993891156,2.970822906679476,0.0874128188678488,0
21.61606352361329,12.546093756970892,8.920566369841799,0.6530986147586739,59.15362278430929,34.75860723971395,2.164647845003153,0.1902288314874354,1
21.90655152525479,66.52378994451104,21.683634608143663,0.26330145727100845,86.02924574928458,39.7329442411088,3.9775190997702845,0.2117497667808509,1
45.484470826159146,94.00853260034066,10.112054147046882,0.8082568803195462,77.79087570169591,7.852376421303679,0.5271715893075787,0.3825535631399011,0
41.52385381972849,85.73152669467689,6.940916191690799,0.11393224043390224,23.76525228171671,44.44263988398137,0.42129985925930596,0.04483619587136434,0
22.16028861131951,8.197708499821243,22.460965532094924,0.5725315506442914,96.47833445143425,18.785493777214654,9.304664008974868,0.5876427052532982,1
41.42596040348984,35.826849984982786,13.628113811864424,0.851936477728882,13.017432806971009,4.654239277501616,3.490682370275878,0.6337103499845775,1
26.03153300843438,54.012095122780536,19.18323432754425,0.25731385581815,20.55372375476975,3.644732238115618,0.24644041691677765,0.3853394836322972,0
40.3382270540007,75.403097078891,1.8332172365252164,0.8312483692719067,18.881877340253673,11.960268305760135,25.99635188904469,0.8034930211444793,0
27.99079076425567,52.77945466749246,12.633151736572028,0.4865476077858295,48.861613248774724,39.78002772460961,8.736305359089489,0.9850876084756891,1
42.03094867595114,69.84808121398284,25.83808764286616,0.9986561909291239,5.048075130861285,12.121577222120132,13.119795581289718,0.20485164612121165,1
49.34601088952714,55.771750852498656,3.8549867975257843,0.39536976034157534,15.982693071770148,37.85531353632069,0.2233910307359277,0.16324691038740313,1
33.911696331824835,13.544615046932202,17.10292416723037,0.2732067742873543,55.48998466190154,42.916014992114576,0.9616031367003376,0.6504989307947423,1
44.22627455787178,80.1244002125018,25.187945125180008,0.4338031618317145,0.7406683421881444,19.81136222523557,8.511515130539475,0.3740134223710917,1
23.562238318985045,8.621258604676964,11.214368205849944,0.8453542774780429,77.20364417387053,0.07373812083617093,4.100317091846405,0.015003779257098282,1
38.43732410096878,53.600174174761705,18.338344281005284,0.5864919544495243,32.07092977950994,35.180961766454985,1.0455811647868432,0.5903621123247521,1
45.031087471710705,25.53056037184473,17.577590256469513,0.4500649003377599,48.60849100679264,6.781305604161895,13.126036147471659,0.3957379741774937,1
40.470172578496204,36.34016858286269,9.568784785996474,0.9759250814293103,96.81230815675471,14.478503555538321,2.5542545151618072,0.7210278322607442,1
44.85384168593014,19.114519727480932,21.459115685566633,0.6005304205306579,23.30019055942939,22.78465848424754,7.944978417249697,0.6440617891113639,1
45.217083664309584,49.80483640624112,6.233019514954402,0.6477396746791007,92.65697122735341,17.33468070865156,3.483546140427536,0.9185331978993597,1
49.174674213109434,8.501180000852617,26.896799537044668,0.9225901959627106,32.193992658231366,2.28095924035037,4.773428634358438,0.08546154588259569,1
48.6859269313375,78.36828180545234,12.541800073626014,0.10867102771649195,97.84646064311335,37.0090753471683,1.45600691049425,0.36175209840397604,1
35.42924556499508,85.88787849558265,18.833083330511165,0.16539623059116715,36.35884466463574,1.8884050546559799,3.8731184476167195,0.815176617308998,0
15.36263992270134,21.109319071051626,6.25435482927407,0.27853375570826083,91.19811962648437,2.479774104829211,0.7473876823754539,0.8264391603878415,1
26.02673435890357,27.88212629302783,18.496689682300552,0.512312697969045,22.575285262699197,10.60606130156583,10.865401768103947,0.338073909400593,1
26.76891784035186,78.21070417518541,4.395836624986082,0.9640449039009246,59.509919509571205,37.52038974283914,5.660298188132669,0.6799613026035625,1
26.452014257816735,8.247958591842393,20.797324609175266,0.8574683622553922,2.2099564063519206,16.047241414065144,8.401122789028436,0.6712688302261745,1
35.552626298740044,74.95258041550139,28.25383211200878,0.9863215869350965,9.803020541642937,42.747200971124656,4.409762044607723,0.6427713611393511,1
21.437268151394587,56.54322546457128,29.990170571980237,0.8679160248117191,99.3087701621188,11.658692306065884,7.468162983266203,0.6476780704917952,1
24.35135750091231,45.77669929021608,28.859178445970873,0.79114187557294,97.05737687686535,13.910328511491905,10.760381016741523,0.06178993778118247,1
22.806414279824228,56.88499618301233,6.740059064845186,0.9622715193542661,37.31075215663046,40.426435527042166,14.50875994911808,0.8050825201482873,1
39.44424581034599,89.5004250477526,14.639569922020288,0.9728223975166025,52.577727895440376,34.21624381425898,2.808224749202306,0.3126225313241323,1
38.15882803887125,48.24876133463141,1.111754245332781,0.5712232764032393,68.47831024552313,23.41547006343995,1.744637975259407,0.8232584128549895,1
22.172779774419404,6.768896101422137,2.6308454482424515,0.7684172684096263,75.45476592418424,17.133138509623404,0.4285099219841074,0.34818384143306724,1
39.155500385377735,32.98329795918133,25.69237668227785,0.3914287347494265,63.57666383492945,40.19473624231476,1.2125350199546623,0.8107222068331562,1
29.779111574296536,67.43326959966763,18.84364362910438,0.2816435389892209,77.99682122456055,31.983607044544467,0.9926067780124037,0.5515677935458299,1
45.7888697873235,22.631282205596687,7.598651057468366,0.48665274198798103,56.743428049905866,30.58230978540065,13.306862114652429,0.6531926564518195,1
49.081853122233014,39.06226450159867,5.591068111162054,0.3204582221549508,23.285983562846724,32.27781416255956,9.355384260810995,0.6371432854378194,1
41.87507642573914,43.75712566246224,6.58186510915571,0.443387381470277,17.73988853413051,43.92191307615163,2.861858401503463,0.897758098051779,1
26.300519874299624,47.378949984497154,14.791100103013937,0.9001981470204219,48.66007686049305,4.580881754389777,4.898628804354941,0.35531464797807466,1
16.28498236798254,42.7555399909991,20.889058808478946,0.4985889778746918,37.916740745487445,43.40102892689104,3.4137398773695136,0.7878469014020476,1
41.63550803880861,29.554644743444022,1.083466513975394,0.8147177937593577,55.73859482339645,26.64751005635121,1.5897335890149509,0.6387128788204918,1
30.161006309532297,14.380068915337866,5.834919246189555,0.8792472815485904,48.20776868704038,2.9591830213945105,7.436736152684418,0.22366378973021317,1
22.70922096747794,66.68675692885694,9.072164099473722,0.5877606212324591,69.42140951248042,36.361120521433165,0.2345842691775293,0.8085794444842545,1
16.11516178920399,5.128124743379655,22.053853807518042,0.4372141238496723,58.77633961320397,7.121828496499553,2.784958237947394,0.8947933739162769,1
30.607752710515463,30.96280600191597,13.044598883860113,0.20310570470547268,67.86529038604147,18.441994841999836,6.0303160645423315,0.3908720878335582,1
21.297374746244255,83.88007677063044,4.5789304908347646,0.9151751526223216,5.200163935279612,16.849805053416187,3.4367140030697567,0.736708251222531,0
15.911493671983347,39.25391400911525,25.651917180855648,0.41195872627888497,86.91118457935043,13.611919355667455,9.504287963234406,0.7540179815570721,1
44.673837205867386,49.625501697557446,10.532886278159022,0.3768197565371926,18.428365026548832,1.4825679512191465,0.2933515926896005,0.3043115120914657,1
19.141153289296277,8.327302992559115,6.339223624803839,0.21057341884954933,78.48991819389933,40.718673804137495,2.760078299884983,0.49004613471327374,1
33.409180367780536,63.73231540790444,19.564951052563135,0.3543688428718105,0.6883870718140006,36.75039686456523,15.673023115181264,0.9760753191331666,1
42.7117628299398,51.476832647337964,1.3426983139970927,0.640685680493432,15.414382579884567,11.23212044952642,3.750617542950274,0.8670814070078097,1
35.03366454975436,14.500304380609354,8.90819975015827,0.1525236281413691,68.99115208616521,37.7653697333431,0.734251324701985,0.3113940559138917,1
19.72510773714349,65.96346703162027,14.814644843520684,0.6908341787528561,75.92785277489521,41.51019458956335,11.609904602411698,0.4570463643604007,1
38.66089761574963,66.68924312938996,14.212753022523476,0.7947855645702956,62.96669289452539,39.75208342824767,0.1321675240156216,0.789597738084423,1
21.185263316797542,44.155379679039115,11.747824892661981,0.13513433866556077,16.071579127569525,8.085309898111916,5.222971297903898,0.3965893192914086,0
33.64377800599952,46.368904540268325,1.7264629697423162,0.7946106744734468,69.25618718833853,44.70049171943027,0.1841184357980919,0.7018325080061245,1
23.16950388585122,60.941759342994416,5.292595560173801,0.13599555128611077,41.79411750895634,10.467519323400545,1.139996906170494,0.3599862488054614,0
27.197618625458418,38.37467060216996,3.8467921407861883,0.3925950107510401,52.014196498892616,34.75234635321245,5.022911551048201,0.8606600075228287,0
18.04982289351568,69.02272443721118,7.751570813508323,0.4218106651075407,41.700549861296935,19.39555958725061,3.086055914635313,0.5730504991834019,1
19.973138753943058,77.27004503400752,3.1180453407934428,0.126105819616775,76.63023833752499,29.77108088646604,7.380018489441381,0.4607176549387647,0
45.69787132310266,71.6882367652131,11.019480401762706,0.7267667436683214,44.93371133078333,14.296693758802741,5.292266897530884,0.7477662746595667,1
38.20260888467594,39.078699732936116,14.69376693722909,0.48346198110679395,30.715552312673978,17.019682706766808,14.614813253609775,0.3072582938686941,1
32.534574804759714,50.000761912497524,1.4218756746870753,0.9289161980117155,24.386148950673093,41.01059576491552,5.357093877495429,0.6167362670199246,1
36.3468826883002,36.272207298343275,20.30863327690244,0.21270291316458007,34.77436156206354,17.83147835754586,1.0658829283114366,0.17099115664395925,1
22.48343424440237,30.20867243973466,14.963520555746943,0.1758210758472361,91.51279735235455,7.7287328084799904,4.331103299120807,0.11613967606491782,1
18.155830478725672,70.62444327214313,16.466254213410156,0.9245903378041143,71.35249802424791,14.625627596884694,7.446420636469654,0.2818702684935971,1
41.92590845253393,57.63554306153602,8.618265557993782,0.9353408451168438,52.034345417755745,24.759999358846052,11.227342374614363,0.5517822763000694,1
36.644733566336555,65.22224650263317,15.687187189939234,0.7099136962520411,28.419547475466345,2.635147571319825,6.191400350220629,0.08969949704365865,1
45.42563233946188,10.188592297631846,4.686342099053759,0.6976918863775149,82.83017233814792,41.24164354667925,3.8864965485699687,0.10309403025411512,1
19.78535000482633,93.51349575792933,17.952642156894452,0.8996963364565107,9.177524343515808,39.40509985813013,0.3983399134249448,0.3780449866615565,1
40.7120334696488,41.90560505274592,20.949358207642632,0.22206160956927284,21.972408227448003,4.3489387019059835,4.53235297722742,0.5510344422568533,1
38.018005338430996,39.09753720768662,1.6670187878126919,0.42927950556844474,16.298038331730634,25.768162357353575,3.553910706217848,0.6415604570615783,0
48.78040904394506,10.130128403777325,15.275428111177957,0.7798358638499394,30.781953842752152,10.115450837233109,2.259474397605301,0.9309572639040307,1
17.23264337793571,91.90595906958865,0.6356668580151315,0.4658333249252926,50.16027934616437,33.46636576028311,4.913480389579319,0.3660376814758092,0
18.015867995158914,6.701578094920865,6.4192501690554336,0.38369404100378657,82.34162499319385,13.867885964393837,8.181376138627707,0.7852853355718112,1
46.4213272005905,36.70274258481561,21.274588215415438,0.517739610251039,16.913018558601557,8.822486227238374,10.007555069850454,0.14307514019216505,1
21.7977944171386,33.53130667096244,24.292848811232602,0.1604753939751931,56.20713817624644,32.85622355312505,0.140352093300882,0.9361751573693975,1
30.926208297502733,64.79631106665977,13.61744946007575,0.8509539187691363,15.03222263390802,39.83356650038078,0.009571867224678614,0.4472332271276468,1
30.036365608392114,70.71349667033908,18.346193557136175,0.8707283173289442,73.29849026480856,8.250565195149184,2.4101774356600454,0.6064952942192284,1
42.08644857408663,14.783531401535237,18.092085318860097,0.2525866723753317,90.87521482181525,22.231440518662154,2.5323124846010323,0.6126506966218668,1
37.99957741587236,91.04110261235056,27.50631646748247,0.4510314599968517,91.79537742294373,27.063786178668547,6.333875278393505,0.9140209379177547,1
31.799977837631825,15.362520534337662,17.841224611399088,0.542645056695022,0.6286226845109599,35.651994119842755,6.4400265611356255,0.6740104314769694,1
44.76507108403969,83.85598017752059,15.722674662553231,0.2362133257040672,65.71467699767899,42.025430419654555,17.321944061356472,0.9425025360422824,1
16.22622233142691,89.41756659326971,21.951898678338782,0.18898012242113055,62.52161271532274,31.31337148540557,17.276151038564016,0.5248187031370327,0
43.06752023210725,42.15241424940996,5.437320498703944,0.1884445368159431,24.566191145994864,16.71695821980043,0.682254653879586,0.4587320246023433,0
18.077962468606515,88.49557645485966,5.542665635731423,0.9807908588680293,10.8209342357101,4.306088230173774,13.582925293306092,0.5742698657407715,0
16.319373218461692,56.08599826591508,28.12533326216148,0.7325848508396422,69.2801386196408,24.240589469603684,2.2326114591868316,0.8781421297834302,1
21.30402845419183,31.572804372864315,5.264776697952753,0.6193051791651069,43.291477916231905,24.32030721263626,13.444375571320995,0.7856943859046631,1
16.030940111044796,27.056518501463223,18.33277402043329,0.2300405686336442,56.68241423152286,26.183411644788393,0.2657063847791262,0.24411552615690468,1
25.44226254993025,72.98561505114519,19.56712860906933,0.19373084727895185,56.81833126571863,25.926774552723273,1.6359773561853763,0.49456713344981296,0
37.15274019883854,89.2218590238097,19.671417252448443,0.8473551910513906,39.553880558539966,42.31550184574933,9.259413767404066,0.672920547543757,1
49.435148273516205,91.71489646230968,26.301158506100787,0.4824532162666022,22.99844401827259,23.3663289010052,0.3314820276551597,0.42627967252892585,1
16.607154329941352,9.088013665096568,15.672262488808501,0.3430088344166163,53.34780489583532,2.711146632367123,8.217132005842592,0.14262451611324178,1
35.029533522806126,71.37178068230259,11.166784632459688,0.2136574765590616,46.98702674020024,25.27963660170228,4.353537732110025,0.8288211118634067,1
26.69134719738196,6.042369620700288,29.00914205831304,0.256079926024915,81.20997310743576,10.35336344376034,9.996119361132013,0.6648146866336088,1
18.8532113989422,79.16326263838837,3.8996966872718697,0.12870355546347412,8.708948326769217,27.085788583150457,0.8443161450110738,0.8942977287324558,0
17.03244990127429,27.967484054551203,0.1945905285188998,0.36347234513288207,54.24319084316041,15.77959761819572,5.064737035505998,0.01635962177453587,0
40.920551196737414,18.956992682796617,21.936319095349,0.3082024144748388,92.41775124557479,13.566708612194576,6.94843911494077,0.09207142298558602,1
16.39617506712547,62.92593088678773,21.556662149414596,0.23302104346149327,44.46387732934023,20.196999976432082,7.071946749595038,0.3067718518565187,1
19.922380066043758,82.17698154064749,5.949923644066225,0.15618270583685942,71.26503361151634,35.843058286008166,2.5054192293610047,0.03402863646854348,0
17.03361349115074,31.742764675962952,2.279591979070722,0.15991906746443452,92.08060951877877,21.542969042073988,0.315098973756808,0.48132020338693493,1
43.80717693222687,90.68798499323206,21.728139125867468,0.634114166453409,59.16482097684539,36.7643779892658,3.187634534265278,0.6784747032847589,1
31.40088996135077,83.2591166924016,5.7181658689443555,0.6504053194437901,72.50123481693217,24.134804382090927,4.96951080335489,0.2884406654960314,1
19.74611432069562,12.120430259523152,15.506582588417473,0.7120932378366406,2.4837336010989697,3.5372262729332604,9.82156713915925,0.19354866545032623,0
37.85087107494326,63.864473912606684,4.837235711384174,0.15478605436809223,17.013089842047226,8.671166497900373,1.113128412339158,0.8564968547167233,1
42.515732152612166,28.473758327631337,19.33361101552258,0.6775412635504945,75.12022288953679,4.783643324654677,0.648535623758554,0.2211053856978734,1
24.57534388499561,84.37468518894163,26.43115773875865,0.6383598722123399,82.10814728727121,16.807526267285944,29.328972130069335,0.025931058143575214,0
24.51072930253861,30.756147266387103,1.9612502445206692,0.1941734708175465,24.367610988056544,25.393205458659327,0.17342893905551812,0.47961149252537993,1
45.72620862096487,44.198231281218824,29.367481737982104,0.3268496011841976,80.09654622861612,21.19860595871862,1.6938096296046612,0.2917234717229502,1
21.534556223315974,63.72259703833074,24.875268171638602,0.47840545130301826,93.14329001938145,23.201411364353635,22.60928409355352,0.9937420047997644,1
49.033196661411004,38.209683063163084,24.211191802512925,0.9171354060814202,39.24279977892634,14.420640352658204,2.2687979252174,0.21518945013375068,1
45.16783270105128,69.81598865049376,3.265500879185541,0.7434057155619358,35.23088201109893,39.75600503812646,6.332806990514359,0.41081592513615506,0
48.64719522258287,32.57181064202115,11.191366128185033,0.8434536876095458,34.29350660852377,37.85385468961282,5.372720212384,0.7293199969666355,1
24.86607466347909,33.47080840552515,3.163130322370573,0.8962697638270205,34.65966391736527,28.975999673916558,2.2302362203747377,0.28575279442552104,1
38.25315178854676,55.72424276675337,15.895784571627184,0.11740567075113725,61.10471312355818,43.75584620944149,1.7026853586975959,0.37891890952492546,0
35.81762527204954,74.27048777222794,0.952452420170482,0.6045158892922223,87.39622427555295,4.06851984725469,3.7272899351272666,0.6658099651049133,1
42.024350322397254,43.941441179052084,22.781458297810012,0.796343577448409,90.922911627252,29.564193970764524,12.856133821550515,0.22729084747684425,1
32.154563080673384,46.96069712762062,26.944175574270357,0.7568336931393832,63.47477610317384,36.03029439898206,0.9487555462780233,0.8517770828413954,1
20.267800526171875,23.523623761263547,17.925663780229147,0.9150194948129208,86.05432436172836,17.25155543107967,5.102668527646518,0.8130298892416605,1
30.16077407578849,32.91344398042305,13.09852703611911,0.7239870687269263,15.349360788670507,3.371927651924313,1.1937144586075594,0.6571488807896505,1
29.148275433070623,71.54323017824348,19.38325172906052,0.8816814041295697,34.00387055617503,0.6702392315185429,0.04993036532973395,0.5190935813087335,1
33.52335839846111,36.879735850740886,15.03205126021195,0.43912667112738046,88.52467896560461,18.36276190288665,11.802978370811372,0.10961799425146679,1
28.718994430069024,22.84212415506445,7.01816455246118,0.9998808843915334,23.94488242279801,26.57382977492502,9.598341955768461,0.15230577379544707,1
48.866633230018216,13.822889355513665,22.129827042257922,0.9735506692805955,56.46901230620788,26.99194199002905,8.507555686979817,0.7269372741466977,1
15.268430552709141,5.829913011717634,7.334249789181397,0.2654215273433202,44.78099754856293,19.595574333585063,0.923236021912534,0.728180674034962,1
17.797159992879504,18.859969814483296,8.183444040322753,0.6577389846623369,31.42631154102179,34.818353951795544,1.244932239221689,0.037160604073649184,1
24.573791572300244,65.76661986984365,6.124409446943885,0.24058121618682257,75.65701513260886,16.822080720265674,3.167066012710662,0.655199613241882,0
34.689868310792775,48.10568551942513,25.83232569759633,0.5993372324702846,48.8738490512624,1.4530177761898766,0.6079541004888036,0.18200504552099495,1
37.03049581974575,63.10368278302265,14.821746786610166,0.36968244196803735,92.66675636493854,14.115168599258764,3.950190482594552,0.9842568080649373,1
35.992593821254296,72.22935635707955,8.05092113093185,0.5384070084560654,66.7028091603492,35.85925936252049,11.833034056949206,0.6956161355447752,1
46.992932337758745,59.640836607352895,2.171227712159239,0.46114899713271584,67.53269256477698,32.732224094671906,7.382013104542082,0.40870789367434257,1
37.40557996789773,51.38936166381799,10.434559727552465,0.3492578556827513,19.978664486349217,7.292429247197701,3.7427951961579025,0.3169057914343876,1
22.120801315321657,42.75503824938273,16.368108382941916,0.684461941603894,86.79145396022763,32.30109139290264,9.379578662743093,0.5716794109700422,1
39.57278880381179,8.066110177789874,13.643086382260961,0.8334830863095906,84.7886516210114,8.413150821621246,1.5188260230558959,0.45458777735454603,1
22.86736944365745,11.689081562862409,29.580429363943857,0.4310073563269514,59.972391143542005,1.17457793117967,7.360164217612884,0.02864356865609141,1
33.49919322351091,42.123455564906074,13.811220263890744,0.5663447007506303,76.09681258966117,31.184623822185074,5.93806006688656,0.15469897411834432,1
46.027574634731934,56.20953148238321,4.289712530941813,0.3204271117886598,50.988795054346184,2.7693771256588313,4.248443924820701,0.7787728619711184,1
41.53993824455926,62.59000665147698,22.79880061005347,0.9126264762235728,16.405434071914815,35.14203639865268,17.444792377940807,0.39163975576000065,1
22.948110982739593,18.927598899639882,23.195540582471633,0.4006852783197097,38.28725029768687,41.39022173232941,1.88941753731671,0.2009432359922041,1
18.85334960650064,76.2132101853816,26.821080697197008,0.2579056832512212,67.52363422599281,19.617258582777453,6.1543063822831945,0.8639936748257449,1
27.589195347084768,73.11042650280706,12.60305697799872,0.6980482707667742,34.519516808173314,14.52966618179594,0.01901774402182441,0.2038579233024066,1
37.833635579418115,44.55383270983398,24.318932434721987,0.8155445354279779,61.374117676078875,29.39904420851684,10.877019231031388,0.6407436653600472,1
40.91379845150504,28.59629951647316,26.243085058326738,0.6393210318804545,4.489896219631362,19.1416640543943,4.621743794958947,0.4946509646969044,1
26.2356425980605,91.22416159992864,29.1457234153329,0.7070019013405862,39.59681037863068,43.23896678332601,2.900008682694267,0.055964809660577375,0
41.732308537342846,39.85433511858802,6.20068250124841,0.2611444778931753,48.500373821655685,44.68144049149711,1.9918205974033762,0.3311314107482365,1
23.824740758081507,73.2708631792227,29.051762212478454,0.9265961657038347,37.83628488917415,43.31512344932697,3.56006414911157,0.007456705917668671,0
35.99463165644718,23.711932434153827,5.793473246563275,0.5092972675192279,67.2629183239071,42.42513411628827,5.339270053720467,0.3950766633484166,1
16.056172034615567,45.19475436257247,15.129692679245375,0.7599116593746575,31.70148902307438,18.964776922236428,5.141950399781705,0.8446830887882679,0
46.58915009789153,39.92314086856799,7.672841153097522,0.5994478713337573,73.80305048428417,27.9417915934651,0.1812027549040025,0.9054176047983752,1
31.59668269660759,93.66325237025973,22.831826457130788,0.46099899298486013,9.683901456176002,14.270073698200942,11.660492664122557,0.7173417728947675,0
46.62448246270904,60.53194054244882,14.54014325882987,0.5731559122671072,85.73407497009433,3.2847711162603166,14.248178696303793,0.1517296644983478,1
46.09196138523296,51.906267387845574,4.802628648920091,0.3466533652836219,72.58499895742378,23.704944001296468,1.467613590212833,0.2752827166653665,1
49.40209434126833,58.190831280212215,16.30079784326568,0.8508723620973005,7.452696635486822,20.149664224383336,0.13894304544785632,0.02059143440581468,1
37.935792369216614,86.66240937855353,15.28573352991781,0.8338397245759415,62.90541996970174,5.126068945688447,13.354627789836934,0.41763316089565905,1
26.35966113470875,86.60894321337796,3.3838239526792355,0.29312165869196166,82.3493650131666,28.580871625440626,0.5928300641739213,0.7160932052741014,0
31.92946940368563,44.65171699247179,11.719161827170053,0.25968874398908054,87.74836834549387,28.506806042310906,3.1895757436712247,0.24114334382501723,1
48.24066412250119,36.52224198212309,11.64189352104169,0.28218566739666523,22.60397217864787,6.136228064030991,6.808060690172173,0.9903263706249568,1
26.76770979349085,31.68579400873718,14.688403149275,0.45890627789564653,65.56821350590734,28.93061083772658,0.6653101913122197,0.029679271445086863,1
24.80837041685882,6.998895524359657,3.8690347909836644,0.7527142024993926,92.56940761239342,40.20903628119485,0.38393920250051494,0.04307725466937995,1
26.057590257152917,7.96863560849057,20.67348535642499,0.3630470216814158,82.43630760911952,16.165210695805182,8.809562453739934,0.29918404095313167,1
40.947671406673905,55.99078108271251,8.060941084552715,0.847550163636619,24.841027706322315,24.795260131854135,3.6234232889178926,0.25256777358942917,1
22.701402536680263,18.33871626081612,22.547603493769984,0.25665237276209957,70.21258180665576,8.756548795229458,2.2216277493092376,0.5841516629297325,1
25.211660171191184,46.66746706503567,18.331947514064527,0.26137878277555915,56.85623014574494,13.358214775666932,0.26714733711013267,0.7100834260075358,1
17.245414126063256,82.26748808673679,16.086309137261814,0.47263365126793877,94.09400073781465,31.009940550710855,1.7936406203967463,0.9849094934979554,1
17.519009266437365,63.81937128444634,6.035718011357778,0.8848110882099621,55.368678116232516,9.425292702074072,0.039306366383879354,0.42832647324834905,0
35.10967657165531,75.78703218308812,2.377073486610355,0.13673821778195966,18.537495078866616,24.502761087141057,9.178935399766242,0.7346552195458725,0
39.02426529419834,72.27772879024492,20.828174206999964,0.6913358437782725,83.77875828419134,5.182816991771641,1.1770830632126537,0.4954974179972953,1
20.117678031851522,32.12341177891466,11.604751134973254,0.4823749148268358,70.58723883405791,20.808347151646565,9.806211956521016,0.2550064949271681,1
24.886294957102592,80.66264580624986,26.742285874034415,0.391484257475066,50.16682337409749,16.293679620298132,4.133509356683401,0.5243135447698686,1
39.82099421336096,81.71994068330564,17.888702139221795,0.7254262987456455,99.5817673927274,43.08513482334855,2.0921844530428024,0.16450285560908384,1
16.920230282936938,11.952503508112674,26.288369761174298,0.37084952886515876,48.388773188052646,0.3580601440811876,8.732219873692529,0.41786083309500655,1
23.026348277342606,69.67986139643149,21.819980502305924,0.11211305162703467,24.37631867613137,35.74245049678985,0.8270749691034154,0.7749671117541833,1
39.23280273202047,52.61180766956247,26.48016952290348,0.17219847831227614,90.06156678837034,1.4765189061393595,3.064909895910551,0.06621016501026455,1
22.24999314565329,91.36427546782738,14.52276651099874,0.2516514033229963,0.8161129162586822,18.689879223085562,5.807601708436793,0.06522888877739474,0
48.70393355688257,36.682206027669785,13.750633136809036,0.4459289730800087,64.47230537067435,31.69059121427527,4.021519282324842,0.505031446435397,1
35.827350989779106,64.09324980431916,8.236999076908772,0.8754082491222441,42.88115828170629,44.07778248546651,1.584372150651168,0.28249678282425694,1
16.339323584871558,51.526701692953836,27.96498839167561,0.7242597362786619,71.02612911378613,23.829666296211037,5.107622923520107,0.7789243157818189,1
47.335735910589875,92.56420120274915,5.978456754843892,0.835499927594858,35.85356998902582,20.56464572121251,4.218723501057024,0.1611426642506656,0
21.826388772347627,65.72219390188994,22.342240356024554,0.4642296777894067,46.236231639040305,6.230907684814148,0.7071730483210176,0.6083498289931214,0
16.39514672314034,39.126999166051185,29.376859718450714,0.9899757903605267,84.95896663088851,41.0427020246212,19.913875638408655,0.9745534987545204,1
38.17636843924893,64.18782307555516,9.707240836476062,0.7288857439950495,1.356046798164301,37.871826793592994,3.736568277927317,0.13921080641651518,0
48.140061771457894,59.62794633979135,28.50247286842354,0.49429331678029786,56.74276872604705,41.82487699129461,1.5859493586053683,0.7595768503591694,1
26.514825980275962,40.429419131962064,26.890385115570016,0.7168792728897451,14.925423646847735,10.896800903819917,1.054648454462013,0.2130641637917564,1
31.503287358478875,87.77647374660124,4.77479079483781,0.8767306319307425,92.63332526479202,20.527963589880844,12.819245426722558,0.09394741113847438,0
19.2593748635868,41.60742786999678,22.464838107402365,0.9335035396252777,89.02053595984817,44.30665520520165,16.97341536885524,0.16862759930896365,1
42.195859948845495,14.788972330535602,5.403983127170098,0.7474568785002075,69.20776719792303,30.55283604468881,0.3851835721245408,0.9894675784551406,1
28.17625465580811,88.27025795296426,8.15359107195685,0.1357026071518354,78.81128181799491,0.3070676077296025,3.6877870132159387,0.8961872152305247,1
39.52098656983022,23.837821838275925,14.769688066891378,0.4405700642191648,40.849497277280264,13.243414319468926,0.16160636237584824,0.6113813734939857,1
47.0938592389176,51.79119933989544,25.272963369810025,0.8517692597679783,55.229078638094975,29.15320465848056,6.122176633795128,0.39853885417469115,1
15.467550580310688,55.23468742734809,3.6398121995839006,0.24548018717132447,32.29289256154894,12.028900246732642,3.576574303958486,0.6797936380060745,0
26.835330143718128,45.41983966529254,11.553885865100549,0.7632506098921698,87.54274714488844,38.858913791612004,2.4542043848683424,0.6752087565087928,1
30.644999073155397,31.312835127443822,0.029729808576465233,0.2976320222040031,40.64305321407162,12.036734123871911,5.1766489698171245,0.48608165119312685,0
32.225767621473835,29.301307223420793,16.682719072806577,0.28242227699726785,68.33473612053147,9.281515989773004,15.316172341049546,0.5616622035059018,1
29.757044136769743,11.508328715904916,14.55181535058618,0.20523373295619418,73.968310245743,23.407934673540723,6.37554036872787,0.9663717281019325,1
46.825903059955756,35.64614981245863,16.221290067122904,0.9515057080205827,90.15506853553342,38.789514246701714,1.4869380434075274,0.8914208890652255,1
19.773504720338654,29.511691498298905,12.111732717693071,0.8325308825366899,26.112332746437662,11.144511399261118,3.815275787004546,0.6066735770516385,1
47.912272369034,52.32315606885226,18.463324855294797,0.37748371994519436,83.64967985132927,23.81960012103715,31.385463101918255,0.6710991973062403,1
32.30716257328359,79.26814965257977,15.594938031441286,0.3455809309564791,89.23197641940544,42.93567360737734,29.002984891401997,0.07970430554515351,1
16.535844038056354,52.653340389625534,20.127080745253362,0.3146749731905136,83.39247107719525,29.491791675510655,3.2223450909569817,0.1633525284431978,1
28.278309866941562,79.07296150531295,16.79136569243476,0.6684446604039214,95.50174285368946,6.212817993473565,2.732972247122075,0.29392528982800104,1
17.53890155580485,57.42365908991656,14.203006580176782,0.664879871382544,50.83984730040279,14.56429003042947,0.10900716886552489,0.26789507294358794,1
36.29459065340137,6.86295339735692,21.342468002313822,0.7216053801293457,56.983550688612326,22.566849785113778,19.394759105554474,0.05259344961655621,1
36.149002622801994,43.12654243962134,21.554357843833934,0.6521412213380662,28.191580133632765,16.375620953312886,15.229110766260138,0.07367639476797516,1
45.38978423119713,79.18196246682415,25.850136893088674,0.11983645059907481,53.61950723737745,32.280993439853674,1.4876967563373298,0.4126905099567212,1
21.338131417529205,64.82546585244589,0.6970038243213994,0.9313359195274576,8.641172247005002,22.558925026417075,24.0367387480215,0.3756041427179342,0
16.360237155041013,74.81770548307153,22.045669353861577,0.8913939747703206,51.75077059637048,28.16506014753536,1.1380914267504671,0.7302895398873667,1
39.987805264953124,79.4226397420914,10.144485341701298,0.825635206509187,53.94677935662797,24.39781149758325,8.973440786384513,0.8671038301831442,1
33.208941805905134,80.6763014821707,16.36804270939546,0.5815120141475648,98.952474119294,0.8809592342823147,0.21925310742735712,0.03016029841945278,1
49.00416679618202,18.589509705519816,5.696020249393957,0.9674976710639144,19.554467858170497,37.540367805171,11.289299260761311,0.8809633391795587,1
44.2959760037826,59.95793957317807,13.831734580192244,0.21016499456923046,60.78239550873504,26.365064682892633,2.3025813313367065,0.8014024282338849,1
49.037060550259525,11.547840651847768,4.591050675380652,0.6276202533441383,71.73495086226815,8.571785575124137,4.215871411893417,0.13259534983941434,1
38.54502299208577,41.19130422092299,15.312655026194431,0.39791921579811673,13.649591254608728,13.95573313165962,9.616239415967986,0.035591126453552,1
47.59262433241366,82.07816281459749,7.531623838269619,0.4798397198030696,97.31430749984867,29.258478294833324,1.3642408924688234,0.27976897285494207,1
28.620816269964862,24.08407625714556,11.939365361296352,0.5021103655005249,64.83870469256104,15.532075913046095,12.721406240313637,0.5715777241830933,1
34.29092993149624,73.38956360083225,9.294118590839924,0.6194214408657902,20.01406860065481,35.436731275863295,2.2103886101861185,0.281604196993691,1
39.71941083928977,6.188842693458283,26.666869580168363,0.840862269375691,50.6240676887271,29.78781406784344,8.24984354419199,0.8096644166951826,1
46.9493276249636,72.35363155744412,4.987750235197334,0.3738734241252347,59.83934395870808,0.44768473860116564,3.11005166710145,0.8800164596941346,1
32.11409549880234,63.18786217531998,11.338817396010084,0.9763996023644556,60.06214273889236,19.451351021250556,5.899461583201062,0.6213157084934369,1
20.559689448943487,92.685428221728,25.534913520304823,0.19407724381394553,34.21224970875372,24.323069899359826,9.044993747352418,0.4497608894730776,0
22.042774065441442,15.181383163764968,15.254659570239683,0.8262666246922267,71.36083007740577,40.06959529524588,0.9422109638415798,0.022160517126742607,1
43.89195248191908,19.244344228877733,11.825396920717404,0.33486155518841687,80.05272196932687,13.577665774042623,3.7911858789532857,0.9741193915285592,1
46.929226664513266,77.33632357583144,20.097605980571643,0.4389936250064531,56.24415415449202,6.856648010332769,0.4004070345259298,0.9298123147457286,1
29.83247042967757,81.3710818249574,11.398823454501573,0.1433983106340714,68.67608344276258,0.7779817409828926,2.0166109977676787,0.4811928854137093,0
33.280734286285266,9.761142714274932,28.702582597156514,0.7554550444153683,58.416827187598486,7.761292268999616,4.187191641104491,0.9590836133074379,1
19.78386235178548,51.33483230353889,23.893445100177424,0.7370675464215196,14.589684146530491,21.31479209841173,4.545907335542167,0.7186836122466741,1
28.566194085851002,72.39520272773626,1.1023257109238205,0.9133737400711812,60.33551471475115,44.88797768130332,9.97978413013662,0.5694103108733269,1
40.942229510656716,77.50637472428326,19.6576318875903,0.17941909816600374,17.846289772924717,34.288286288621485,0.5011177648293429,0.1778152245658935,1
15.652693395897359,55.46503641801382,10.922150931564143,0.3151268252846968,5.5085240320259965,15.196603010197487,7.063698848893129,0.571259252179959,0
44.747648181414704,48.008319832349784,24.15536465100897,0.7133199599979445,44.412280017410936,37.357201779814666,5.6321793008411625,0.8080961507325721,1
15.262182933103484,94.66109071682386,13.1139691544936,0.66719671490559,23.25682055005708,15.35475800947634,12.830896919296304,0.613674896976603,0
48.21760486916586,82.21047407758952,26.363819268770726,0.6483091830860639,91.64171304698604,32.594601338936485,10.438485608184976,0.8787570130182627,1
43.238963953926955,33.20193561648765,28.052364604696177,0.3280872357101074,69.35123814737885,23.276421729127957,9.731863714147586,0.8472767426657161,1
33.75292019063545,91.7199262885762,16.528291028612482,0.6094127828714009,57.02793080657074,18.941359604046163,0.18680822719839507,0.3427220511979342,0
30.410266908545413,25.35588014386302,12.055765715353578,0.43088925324139404,34.78267452545324,32.85043305969924,0.7112560373950888,0.5176733475439078,1
15.390672821204474,51.11807946928705,19.14174319523214,0.7684000312769077,90.12057968136024,28.192778061782658,1.8308778561603536,0.05163953612661398,1
24.972587236518187,93.80557969440368,23.56995181806019,0.8948726955380945,46.72665310255981,15.162412765657827,0.5362665684120778,0.7932827447979084,1
16.510710045940982,17.067355584499,19.2309313156849,0.5656881866953827,82.35182750469446,41.11117718508793,0.0883295081357016,0.6461721095573738,1
44.735174384754885,22.564072559914504,18.437819349010013,0.4118106042206058,64.10208603161436,34.00689530627291,0.7235134969450345,0.44477844453071935,1
39.5638264022083,72.10578598523729,18.66804346793241,0.29855361790702584,86.60277916251911,19.006958689992004,1.2635148334070307,0.9802548143855989,1
31.50371623818685,28.026956155888914,13.665252124546663,0.5995975033031506,72.68012366046742,40.205981234572015,0.744079164869776,0.5416525039466616,1
29.3394883962912,84.75820612898117,25.87506239797466,0.22070758997281661,65.18765499400591,21.355322592871403,7.22264873528463,0.5872636891830837,1
37.94560152471805,44.70334531796222,22.168885999836426,0.115028748095863,5.032064709127237,38.22511449243344,5.253672962383627,0.1308234237828524,1
17.460379400166847,45.93531220059595,10.692256708948694,0.639943349986664,31.202992687403096,18.131552266608313,0.9197235447483921,0.03710612514313427,1
28.336157242464587,86.35906856114157,8.835798770452827,0.8276191454886909,9.726564756781897,20.501921661655455,1.317970968058061,0.7544422491291677,1
36.19909272823024,42.402198980472775,18.692430192624457,0.7602859838446931,85.28723686130678,35.75101436471022,0.7203281511582593,0.8265279311962525,1
30.94805071722039,41.38994539709844,14.663569743258009,0.6884403745014701,79.23139592046732,30.498973184664553,0.6470796627577087,0.2246777731256402,1
17.413277516375594,17.06421113991449,14.766810772222698,0.4899834936133144,93.19931531469899,25.700267329848785,0.12062622241581035,0.7007908200641513,1
38.59391980027431,42.27778331106725,3.2157611760061178,0.9630073997848063,2.1447883379513533,15.065969254768369,11.017642193324635,0.9297934565606583,1
37.58365607996583,56.729729500377225,25.37008965949153,0.39990236013561253,25.555739935388722,38.19332646717702,0.457509965175219,0.04398521477569595,1
47.619211123882096,69.37910390470863,7.508942275757803,0.6198281454637049,8.350416049411646,17.469246427530706,0.005081284486097297,0.4547051906428432,1
41.06708719574719,72.25619488961068,16.809175440503267,0.7165446313572916,89.68832953679603,37.98811551681514,3.6616985772494424,0.94252538742394,1
38.39505481191553,16.862969561060382,14.626676439760672,0.5698443809647626,13.593436054288278,19.392564520079564,7.017494086321104,0.8275455119864712,1
16.93490951600586,83.32261162869379,9.36193280330476,0.6291735712713817,75.7129026437274,18.868572141106114,4.084924129711268,0.6676395075263558,1
25.00905358558333,36.62141432476111,1.9100681115462126,0.6330544057609153,36.11950511468167,7.641057946406596,0.5130189299367884,0.8942301662440911,1
16.25989599886464,58.21836538901452,24.63653249849682,0.8266447228742531,45.649717082078645,15.241192477996508,3.4324088735903304,0.6990191379705581,1
27.528787771993564,44.75100322553017,24.614736993549986,0.21422215529658017,34.84832494518636,12.042586960421286,7.548540280733377,0.005849467089256821,1
35.74202402906657,12.129773210042684,18.89537938025226,0.7809314134947345,37.404840464004316,40.59553482872944,6.59049925309591,0.04553767099971118,1
41.855232373682696,80.69241048592806,27.38503662780307,0.32568774140172463,23.555745600509038,13.264708545343497,1.7537605455632082,0.8246364903393628,1
33.20010675288667,60.22173126650749,10.598733171667183,0.6945815114132091,46.65695958944104,14.823713773103783,1.3697460550446852,0.8938224353643991,1
36.95539705470115,85.68767147503738,27.469264929857765,0.8429969743567771,74.3157926572547,31.985202582307377,3.1639492969681715,0.3851935628248837,1
31.703662524509713,75.17034827009904,20.97319385918167,0.442408443016327,76.88870988375083,17.131178241963276,1.1712092450546827,0.19157154539971455,1
17.024412853551727,18.381917512755663,28.30225118743311,0.15180546310267187,96.53218840282271,36.57707953894942,9.179971084016154,0.0312606944800814,1
40.44864506749835,70.75084610956338,3.9404938288314026,0.13571006287151144,23.30843157472161,44.379198603131236,3.0661953891809386,0.9513422180762889,0
28.413983991115746,78.80465155044067,27.905872785488512,0.5787644897014544,93.68335032978878,32.42821529328899,1.544989728233159,0.9884100509973202,1
16.149329204496784,37.70123377319546,1.2224146880488918,0.8519936896483508,82.03950872777496,9.86815168781283,9.843399432008935,0.5986693122694875,1
44.045961647869156,68.4650609295572,5.181872582277353,0.5171955760723019,66.54008686265962,10.73140539171966,5.643622769984182,0.9107220769329283,1
16.668112506512404,45.19289969014357,21.310500896829666,0.2986807020957605,0.49285325794337087,19.96928520076533,3.884398172200576,0.49379271063610064,1
49.100968886936236,53.3161423355161,16.19878982240749,0.7342071353019824,56.140298364833704,36.85527516104576,0.09255722791928093,0.9130252796874759,1
45.50703525509968,59.96253082757324,26.162339829983026,0.40692762722020215,26.563032712267876,9.979139577521778,2.6578076785498177,0.8608569324263204,1
28.11888280666733,58.283078334319136,14.999150907822369,0.6983302873306513,33.103041382340315,19.08090176761199,0.11964227889366724,0.5929370757826385,1
20.284794457612094,9.44170769427189,28.584323504362505,0.27059179689561447,93.1221418326676,7.856624384836996,2.7584036970545163,0.738294947067858,1
43.83609174307671,92.69168006126576,19.72210193174891,0.42420167565210953,43.159550235561284,0.84689136335937,6.575145532891993,0.5994057148255982,1
47.98683111194614,61.4051941483304,19.54680189935712,0.7861563951694162,25.370402030066643,8.444338697461585,7.8741547482278476,0.724546882070634,1
25.176829082676168,71.71155526874823,13.207496342397583,0.36312495990570204,29.319165453379348,24.14364227364728,1.3882788593620974,0.6790150878511276,1
27.651857430520803,16.382652660106473,17.767322544110122,0.9196634123790456,34.36788530115565,31.381678431677145,2.8069096214886198,0.550285266827297,1
22.092862120402543,80.65572150799623,4.76586061212385,0.45191701198717404,55.68794323226533,44.45820253438831,3.7764449688719575,0.7464929625707734,0
21.56933141227789,57.120154469014594,27.21793218938139,0.5892965349562395,61.75482738565832,40.610924514685756,5.099520506721506,0.39873404895579945,0
39.76020876600208,39.329343966463085,14.684494499535697,0.94518932196943,48.78074051677359,11.715770441937702,15.894379876323168,0.25128331740643806,1
21.997178299335197,39.899351447660194,7.9905228441824185,0.5829936769762308,5.622869509422712,26.553387131762694,1.7599955765228983,0.4007950412257806,1
35.35522110105998,73.20108953853305,26.191508212822676,0.43322641588884103,93.69138096337231,18.830584236128228,23.220072439532377,0.4030343207990218,1
23.444501030453388,27.920052999129158,1.6244763541035434,0.4158935296766689,64.057280052362,35.78407829224773,16.042163708349644,0.04746526690750774,0
28.819176989655894,29.38006791144777,11.124220566434671,0.6779799081926586,66.08229009092787,36.53082350791849,8.297039721247803,0.7942517227301032,1
17.650622415436253,33.060438832635114,4.960274973628993,0.5596245786295142,92.99015228152122,2.67832303653476,8.178308855807803,0.36579882403188013,1
18.44632719393045,24.53262426121444,20.185792089164682,0.9367249850126137,53.95755366911187,9.900023423121306,7.924662158499745,0.7289801457003151,1
39.88391122147933,78.6227832288944,20.240177440126374,0.6989834713670748,47.41193411098337,8.088349562656465,9.810973598950909,0.8688283734117151,1
18.76293891943605,26.9438158029806,25.855777858137053,0.7506509161217594,71.05534007787558,22.91406090928674,1.492068147797447,0.7660145383708111,1
27.076359362633262,62.246815911584626,4.381177705652207,0.947008142152783,78.62983585021874,17.034194870400672,0.343728808589743,0.34529108886295823,1
40.84793281799635,17.631788544846962,15.140311856913371,0.9612891082036765,5.111337708661279,33.60556454013698,1.4178567726396583,0.4262571168107796,1
18.82935501407171,60.72839320192607,5.534726241596417,0.927308714034253,38.920732098367715,8.27182200896325,4.512170897662994,0.07853550053846059,0
46.621990864861445,15.009486708233538,17.566026458333383,0.5442817326893077,94.19256995107466,30.449218798973572,0.4025289255254647,0.7848202378399427,1
15.1826391046717,25.988944615125238,2.0900422310253264,0.3932304580571776,8.525572043234463,4.127331022264168,7.419527126927697,0.6532690866470566,0
23.75560135474609,81.14616208159306,24.974074308151362,0.4754060304621194,99.55571244038828,16.298917317324502,0.2578952853729038,0.5658222048505781,1
26.004313386901934,21.334885681995946,14.871965415871246,0.5305150029440513,70.30968803005742,37.234901515567174,0.5963135057436413,0.7043598012406818,1
18.58323391229451,59.55809697609185,0.8384552013328683,0.5685370045177331,35.43032397977709,37.607089779953,4.924524768004397,0.980640660375602,0
38.10492920203621,16.357422234188913,1.6601785117041556,0.694719381831307,97.51886464853686,33.03513807373774,11.999033485533479,0.9582910683376737,1
30.450615151756246,71.29528229641139,5.333974660951339,0.30603295173021977,78.43082414102727,23.092158944719838,5.5466219549863975,0.07322111797973285,0
24.674129940629037,54.49410469249712,27.74732626686215,0.6235280381147719,49.37375492238466,43.72882293681973,0.7049651623347444,0.8657332666970512,1
37.910087920963946,43.58751445465933,15.4014054432867,0.85504489723161,28.66655727962215,11.737036316911697,7.2172243701584895,0.08944862324030345,1
23.4597426322443,76.459885929023,1.5858113946930097,0.41259649931228204,31.5541230021368,8.371031927319152,4.934014944008449,0.8161250206206958,0
44.254332768943314,62.34510604649018,5.567566476695501,0.9219886396862379,16.1529661992307,30.242503665717603,4.030241802504406,0.20259922891404858,1
24.554480601662362,79.3347765048675,13.37029457781196,0.6140361205386047,8.920311650525258,25.044686284362648,5.634091271834134,0.10334588719846349,0
29.571799961075552,55.433208945311684,9.679707850866944,0.7116139283103359,24.50241362716412,1.2574935290432043,4.0417254612150835,0.6727614940385671,0
47.603392454863304,31.65836711566652,28.10896885905846,0.1987148035389441,89.73292685740795,14.61238252972321,3.2953894047414773,0.9848063305684344,1
20.955881634180468,54.929476344271414,0.3816930014381892,0.6669577061379766,10.971135466751303,7.331264579923371,4.142550775952328,0.3696619214935305,0
30.146731752494567,6.428662491077559,29.718548235023288,0.46587757588119505,32.764481404558566,25.970446508821922,1.7284776224110199,0.09666202228578058,1
37.485851090655025,45.51664943229081,26.900793373652203,0.1566402442043603,68.22544454138605,29.72673742013609,1.1717204085870274,0.25614162201611756,1
38.995150400764096,77.65373467541063,1.9728753361996498,0.6360374238014945,66.29870227213902,38.430112607099154,4.02920252449963,0.6547755470339091,0
24.109297040376404,63.30611785418809,29.418413570243995,0.5898452110965864,18.820131165633146,33.73261734758987,3.9154383277818203,0.507648460775184,1
28.0910427395033,47.468836461110406,13.629718607873338,0.7847318305824736,28.31888608650621,28.218567958766762,1.506873448719924,0.30003565218948913,1
18.896403708832437,94.70622250253423,28.710169269079135,0.7239623720131315,51.03796617010899,33.73730186963564,12.46670688316706,0.8407398914866716,0
29.49157237815752,73.15322657480473,23.337015165646722,0.3301994873893638,39.24402576620475,18.48523891517312,1.7708475742137706,0.21047300663461854,1
29.088646629274688,38.1294535643916,8.353158986436931,0.8990692345074026,89.76241742813349,17.488330667235292,0.9210259490329633,0.5393494207424955,1
39.05434512235672,44.69982619531219,27.654939683179624,0.626190032186841,67.5091393696743,37.39722069532341,10.770229117806041,0.2056660848802352,1
40.46685772444506,74.56329989186864,9.235721516892538,0.21341025476801384,46.302294314476136,20.283166552577438,9.289797487461211,0.6414471238249707,1
23.46248468559636,85.66920343330486,1.3373655774184134,0.12862950351720154,35.278774538176194,16.863514512532756,3.8220916885414535,0.504243772063678,0
36.86085237304584,71.40972970768792,29.795590000396345,0.14123743200786587,1.4517575226141721,5.170657586043724,13.970115463208838,0.3414895550243877,0
25.127958620631063,43.99662768397706,25.638854290371604,0.696767456161573,21.17230287351871,43.240698854978916,0.5273937291360716,0.00814427898708181,1
24.70135367597344,73.40927286073413,8.643471436667035,0.20130302084559143,40.92272071846168,16.554815985425588,0.8177526294779386,0.6952130345849991,1
38.5912887223228,70.82208399005879,17.899430424578654,0.19159037225610046,90.4115716057152,13.963873956395885,3.1449032041094216,0.02244285455292261,1
18.37317269644359,48.26575194248604,16.634541189424795,0.6130373905966838,4.287995618439355,10.784110453141038,2.8102882704780945,0.2728161201804451,1
46.24971173574117,9.132246308204245,0.4609478053887628,0.20628668972792943,11.364878838455583,17.438984971709175,12.226127106643354,0.9139705789892388,1
23.769808224857456,22.281646969248797,23.574817923756182,0.2712045925363736,99.30947872655659,36.23355613744609,4.010908710442875,0.5946660933768306,1
30.862125960101707,79.77224015403928,28.46027891713229,0.7633627220588413,38.498954596286225,8.256884185563466,1.9491543882172433,0.45998394883772753,1
41.7564329914089,25.89189424882528,5.661626178311835,0.9501404337291102,88.02442830778875,22.13371031522324,3.047709139668644,0.3220966373627734,1
18.848457603398362,27.312493176341015,14.494980174389749,0.8626260264362757,71.79266872903828,26.155769820831374,6.3894195387112775,0.872488589022796,1
43.648872544313846,68.3591628903296,25.11424291531079,0.5908680435533977,50.67461944990617,0.8036243392474962,6.906628742491025,0.2773326686635019,1
27.513412259440678,14.356790730419494,10.388177317732353,0.1742853902532221,15.51427569053947,37.189278312027895,3.8994107694064635,0.43781364749846663,1
28.30055852863101,81.76484534908546,20.536781094062036,0.36708582355854047,29.644567665246658,38.46559120862094,1.1381950072849016,0.2888794558884906,0
23.583323388976556,15.274547243906001,0.986789818023921,0.5929185255838806,9.220679917726493,44.90664584533819,0.901524991551667,0.15185057978017225,0
26.6486527770643,62.58440530631795,13.74795735980934,0.4724539914159879,17.533148458572366,32.01561062123343,3.9266831512736915,0.28830572322201853,1
23.221706892585473,76.2504266076701,1.4140687567561327,0.19675205188503891,56.78372174880605,8.483900587957256,1.4661746833958587,0.6992368967965307,0
28.901356230295182,49.21951435428942,28.430445370096447,0.10385721901837003,78.06903247762905,1.6449296371232003,7.588292421273916,0.921898483852552,1
38.127993969721004,9.861715672958386,23.095715220992908,0.7480896858722328,25.008948907784745,27.50315698187789,12.799267902782582,0.36299662315186687,1
34.17988570514413,64.36655944370035,8.860177255305533,0.4424798783543783,80.92861035403071,9.857390373894201,1.8439868229274203,0.3849028400178227,1
40.85728653604722,37.781286852168726,2.009447337342337,0.8524894899486076,31.21168438644457,14.87995317394083,0.9605063031176992,0.7702608635921804,1
47.6953668077897,68.58112923821552,29.039463170334912,0.1609163372305518,94.0511372539381,18.860534905107972,2.152893486968486,0.8346090076815262,1
39.582339644991734,86.18439911521156,21.367601918318126,0.7515291124733166,82.33157896182533,40.81017713571532,2.8242295349357533,0.3521557762675881,1
17.660757921619528,44.952540342654956,20.705306939535017,0.6323223489274282,93.1857277699649,20.953389290234075,3.3023780630763544,0.8057996034255998,1
39.09068299809809,35.16863360537733,3.191620532768964,0.26073277938605094,63.763009103665865,42.410191618058576,5.79790445437223,0.09431236327707171,1
15.263975993744571,30.608074897282435,27.92514337332573,0.5752406701668652,97.71679029687428,42.360075577915055,13.141398655042893,0.20942208173246846,1
48.6274970235287,12.447196648709392,13.424713765161046,0.34900388308481356,53.67235678303381,44.95861735646089,2.1767145771094665,0.08278439769959411,1
22.613106085955007,33.799345675276925,27.74451614920069,0.4312525068521549,45.37275414665067,5.033971429767855,1.2850201194666768,0.273161442293817,1
28.24817230081036,77.70121674956245,6.557645878965454,0.4859554239955657,10.25155181405275,30.488731488427074,7.819594764580534,0.8222381287936893,0
21.852534759557177,80.31877184364075,16.300103493552257,0.2617493831128904,42.01745284698093,34.03990645319345,1.3468380891229659,0.9203635680429308,0
45.69403851250732,37.39836867486083,29.63749018504216,0.9427817993227972,59.253010957628916,0.29321127494104315,8.2714316639286,0.4471659538437981,1
28.246356135822364,83.05091102520188,2.5757708174493055,0.1796140482494881,35.08123029938325,22.550122901153717,0.44239467634728435,0.44577109975433604,0
32.44639219036263,18.023971722096153,6.247629645507774,0.5984222852302348,29.649051274338433,8.932803263989651,0.35446800224519837,0.44184395185679404,1
47.58919758446073,18.28105563037377,29.092162187098783,0.39361981724178174,50.91951345689702,31.785879366464094,0.6262485111848498,0.4408570524201674,1
34.240028009410864,71.13386543644945,12.011019199222744,0.6529737725091957,16.491528266158404,15.029533879277999,0.9534131649556238,0.1713066316833669,1
21.368352356669085,88.95425755483724,9.169623916675,0.6105431740093094,75.44044807479435,3.688531099668579,1.5619236816358066,0.11647594357649871,0
44.66764973454811,33.72542229673798,1.6632831105587331,0.1600375811199465,16.922061298431668,31.050152211490815,8.94638505963529,0.9661924878818898,1
21.72847162079136,84.37402286645964,27.023614617627636,0.726452890191547,93.1818300819692,37.71808436112926,0.021607000131997938,0.6080294658334157,1
24.081335600995885,44.53303843444906,6.037696547825247,0.9957389270511803,43.55023169564027,11.58620193779806,2.6316720854265814,0.9032249691057136,1
45.25258128914116,19.012600123353103,3.2904625260578078,0.1604863440811055,60.20654030078101,3.7328647233435985,14.7735484910618,0.5085004185130534,1
46.700847815851546,46.27737805563431,21.294183925112883,0.7760238247585469,19.824373870050703,2.2076086728569067,2.5591564282897945,0.36865969520566577,1
32.69894166684692,63.60961351277691,6.170903715663016,0.4805290096996522,46.98182977278235,41.96098350827289,3.447161237719045,0.030742518521589046,0
28.49026573309709,68.96870719419182,4.064206596450902,0.21580447257883303,17.21725171469426,43.58279030746951,8.379042464936983,0.0706927662501532,0
45.48130399285326,62.40010017035644,17.08902097194555,0.8688115284655139,97.41199409771859,19.808261487311757,6.609505617135456,0.6695445493570316,1
23.593956829748933,72.26258737383681,16.82359344317084,0.7443104050394481,21.973638812267428,31.39758144602413,8.348486276814398,0.004377214574320609,1
38.03005904559788,80.9353788292611,3.3518578092891547,0.29274272014963804,26.220170205452973,36.333496601228845,16.99627791225094,0.5436276810288705,0
28.9167415574027,94.83161414658078,10.110435675633806,0.4405232744120845,96.4964301573532,26.58794229291259,7.2992285081739166,0.9915369653170958,0
17.692427538886175,37.09589398729819,4.456993069220076,0.6833513771447658,73.69782687838426,2.7306097134669387,2.6994807861384236,0.5177909019247059,1
22.350783451326222,27.06541199435539,1.5118304924331338,0.6056826251814051,26.783878037562324,33.56118605466645,11.966288839992485,0.2844380065497054,0
40.71350626856852,93.42299759867613,4.495727605872077,0.8575048092053051,48.09008498839825,44.68377753111922,0.0456227110563607,0.20850587784968555,1
34.64788751305325,67.4126981273526,10.61505756541511,0.8010102994582886,81.75775156900806,27.148260987908024,0.3964327498747206,0.6100477905870458,0
47.4987931075494,36.8595982047903,6.879184477698362,0.7260834706202967,19.610329449746732,24.428775326096257,6.066547101408037,0.45927764109826585,1
24.435761865833353,45.75915866582107,10.359716632724158,0.649672492916632,54.58066118707995,11.854661924437837,33.191166452223285,0.926664872492511,1
46.65909066655642,35.801354475815536,26.739513320456943,0.2999058597647024,48.821276906625464,0.5259660287238066,19.32270436868961,0.26857610866840353,1
25.692544267098626,22.537246611018567,10.626298793682261,0.2873632505970444,79.43479234650903,11.250554599794654,11.636325026910093,0.9648735096604036,0
28.949713849978696,84.5734423983553,26.891972090837843,0.26720641046830523,99.69777793561741,21.77749912171367,3.4500925773179936,0.7710493710776286,1
15.479091963464661,47.30237341836968,18.94740108382363,0.7556713379693972,73.67824727450403,15.382971597261117,3.466902706128161,0.028772118419331028,1
26.25018356976748,42.0600678985671,10.56555806713,0.9821144204061105,53.52180471781397,12.971826019376227,1.0784204382583864,0.008298395710226059,1
32.42187910331246,88.57635606640116,10.26416143287419,0.35375299537030724,86.6645290984842,23.10155567133808,0.9705307313311483,0.011079074451951998,0
27.665513305472004,83.05530354231449,17.82971904367743,0.8862830112360893,84.58490683053088,18.973289166364815,0.5790835259416698,0.532000836815678,1
43.080241332050264,25.039162628146435,7.627292012809006,0.1279919900204033,46.58273670729738,36.42323589471192,6.371645498613613,0.008940261938823912,1
24.046153157996216,49.74725904000036,5.848680397507131,0.10392625264090065,54.62457473539458,25.613400933508032,11.147692917134735,0.6422356128905228,0
33.386774140018275,59.279844630550635,3.0250670426920747,0.381267856417177,74.2145779730575,33.73720974104376,3.6217170953638105,0.6912262670293854,1
34.97572172456434,39.28304594446462,6.937135830306611,0.8034374854934758,78.79333342104484,11.937234069943631,4.462848187604594,0.13594764185950292,1
42.73541623678756,10.628985377979133,6.658140095211391,0.8486286086836311,68.755799330027,25.39902397688424,2.733222153451989,0.47218169256499254,1
15.716137100370561,85.01904784544416,14.474898489679592,0.9776714881983822,70.37171411942916,5.159891848824336,0.08916149424121059,0.19940933781696835,1
28.66879106953771,70.65103549407638,4.643743408387241,0.5714230214073168,41.10906296284994,15.683825032632257,4.358328707571786,0.28279030530834937,1
40.489101043004574,76.93950585917737,19.39544241321223,0.7067639484399415,82.507329039009,25.951888995572343,5.856858004953434,0.9647524205914507,1
28.10370896967421,79.09316716051502,13.280784535279857,0.6271773284340229,60.913465422338675,12.325713457081132,3.532072412545908,0.05793203085428089,1
23.192907380777143,79.38784581004937,10.511311893787163,0.6956010404033112,92.90883529985915,17.23428536628207,7.859364027844261,0.06849323444514221,0
17.559157072200428,12.110459523378955,11.906220918801756,0.5461174033140196,71.28341140941748,3.878723103919493,0.9971548066315239,0.9648280686896197,1
35.84353521643447,24.791739894810448,23.143936640532484,0.45407782493911675,32.40925952459131,22.248098623426284,1.8341830585542664,0.7427063115040489,1
24.225623785972623,38.69575181386659,1.727362003550189,0.5091556972424679,17.18402735771235,4.970288828918218,3.1853145789204045,0.45605939294521014,0
30.094001927770435,18.57524049144901,22.779468718240686,0.5513663642699371,78.72520066150395,16.695536735314143,1.2942225472600084,0.3753499920581349,1
35.0258182685494,41.875621062175775,23.673677068575028,0.22957009981570742,14.469234416733478,18.478059597157355,0.05311539843796961,0.26511157812549857,1
49.566711597409764,25.546973012906395,14.543638902219001,0.21096266442308387,43.612927793662124,33.36245216011825,7.667172486627249,0.3807535034501338,1
44.85972254741074,49.12894216454583,0.42863186316565605,0.9239123161081176,12.652253150161364,15.602060322371326,0.6464201944287005,0.0535057718251144,0
31.743321001057645,60.87722710664014,18.03999229830603,0.6366192365300475,89.87442710594486,33.39760661410988,0.17590049336739988,0.1439836770399775,1
37.49049502098286,90.59102145684278,16.557203137795128,0.5216634290121777,34.41106161324355,15.784719670825485,0.5223598880655204,0.0745715019774007,0
44.72262634225294,26.017436897165453,9.508607121936024,0.5673445388694786,54.666947200215866,8.472629591891208,4.258589788011634,0.19535661764706502,1
39.55095149310025,64.36096579094648,14.397239849787658,0.8517130927869105,0.7905926348997228,38.87327043964442,12.83261041234297,0.9038201715680025,1
29.042324364585014,58.42839000749165,23.868391769020725,0.45145057206153727,35.679251900292556,29.498920735616856,7.860912224418033,0.22882679330451217,1
34.13973707079812,31.650506040372665,24.26773215696168,0.30794744072817715,74.10637992145512,6.977381627615173,2.9308032371242723,0.9387354664308393,1
16.753327214818352,29.473126696286986,21.403948903913808,0.23340852580586294,53.1331870621155,21.891542566453154,12.371601858237582,0.058511865649549244,1
23.654401533250674,90.70409236160829,20.02566264603771,0.3272155807004511,89.89177511648879,27.254653601140095,0.795956532827104,0.49070323250819325,0
17.61055114187242,94.74453345476073,29.732508077834854,0.23887047154061447,7.289270483557775,40.66195257671281,1.674811420965321,0.6596231753819117,0
45.14469436021351,84.33844411105285,19.28419301099673,0.32549540774261393,98.22880442278526,18.167043280827112,11.976705910165713,0.767131121522547,1
32.9853668030843,68.6869860419252,15.779774495089463,0.6033664479470223,7.900554924436987,34.39604119200056,4.123798757616042,0.0885037586723767,1
33.211845130800356,88.28265732123243,20.915415213252516,0.9111174626617358,83.51297577042082,2.524555297400555,7.218127318170655,0.0471813409992754,1
23.130586812642093,48.269486396093086,14.400149819984815,0.10534130453674614,3.5281771112827154,15.147659926411322,2.527843237702057,0.8162168871271729,1
29.623925242206454,53.75640274050818,29.02650783657635,0.8071507802454331,90.72869320834471,28.628933604298503,12.60785763390587,0.26786702171651144,1
41.20389004910241,74.4582950997152,3.3387194406067744,0.8278301511233646,56.81928988306875,0.49923162169938196,5.0789182713960095,0.8551738475904374,1
21.671738783564365,75.76054523380863,29.14779686759384,0.7509535810180417,40.27865252042081,34.16198505177828,7.105375514294745,0.24983305106029496,1
33.968926936486945,45.11056469463087,11.82526306455828,0.30887921205015056,71.51147540356439,31.917601649624437,1.3802035329924156,0.7508692406086137,1
44.81309110122798,88.77058859091476,25.57783657200706,0.3286340706760925,63.91275041541768,13.319909181019625,1.1477298052235205,0.3556916172160782,1
29.009982202782695,60.047083223035585,7.0727054356476335,0.37058825387703065,80.20755302868899,12.906356965518457,3.439601223402358,0.4371285977707531,0
43.91250521002081,16.405046819583166,11.600048730085275,0.25651099603315675,99.35295058318967,11.409363020983116,1.4985198281303505,0.785755564074605,1
15.405633418943433,21.2628816843252,15.388407975263476,0.17659727709201223,74.45150078200771,4.367008622730896,3.743932174955095,0.5606116613605482,1
45.5393594112454,34.21963846225549,13.093899684824704,0.46508438769945193,31.532279080872648,31.211932157533575,10.930503300777808,0.9774572006373884,1
17.83885572662083,38.59399731484065,6.4414652678582645,0.9769686355551608,97.72917799022308,39.659314634780145,2.7461357320626076,0.6534878537660503,1
49.11672655275954,69.50944249538655,5.746625287409054,0.9882279502740803,62.30198780195845,44.00470340199586,15.64000007793808,0.32328992781075194,1
33.39774485900153,17.223187730876376,13.705573155685489,0.20891097791974883,12.707084772450273,17.18641867266819,0.7971528308685062,0.6706665427910584,1
31.79847117111152,85.19628693318134,29.85244328420503,0.33612203646065086,85.98131298219546,6.616716908903774,12.979374233354621,0.011354597607589056,0
39.40006962741229,38.1431600897271,3.5475602971855267,0.43744028894169873,55.504501882545334,29.798134479116086,4.11494790053219,0.49563984512180737,1
29.677728628873997,66.54257492179279,28.2292595622366,0.470277845064209,92.43441463966363,1.6155749212533181,7.935895654464806,0.6140646848443734,1
43.564532726407606,12.521962307573338,24.346898838368045,0.9963291500190633,38.04129006560852,12.301302739085811,2.9082197703378987,0.32265277757280064,1
21.974366555313907,32.478740657718475,14.98386293243384,0.9068871388923873,49.65505259913906,38.70820942235439,2.2717203936394164,0.9774132874333151,1
38.41711472457135,61.32625671066202,4.4298113165491815,0.10951488970842171,78.38703696934171,16.610985190309716,2.759152355707393,0.8733529067901049,0
18.531870337077805,71.86568001951666,13.044547982773496,0.6752123231736875,42.463824148498716,4.989355798661158,2.509398373624564,0.5127734163189077,0
40.624602617310416,40.25186770783185,9.304284024376578,0.5651099462482236,53.85276756541798,31.732362393590186,1.2947250322322645,0.20585694074309602,1
22.82265934106103,77.96285366449096,22.22777104537304,0.7487913267280112,75.20456023996641,0.6879006421125583,1.120286241117339,0.862211236093032,1
23.435332929941065,79.69213530706156,22.57925381757863,0.5667969188966745,75.39148765271004,32.49257855165459,2.1871492716258194,0.5960440536671362,1
23.514881356761734,56.59845625163382,3.429240603239554,0.18178188990181643,4.20379461377649,14.995057873650106,11.64652295016368,0.6712758730541252,0
23.35668015761465,82.11039498116565,26.782447700080983,0.3073342725685786,21.985489184290053,38.820288185273014,0.9994036137458128,0.7651924847567011,1
43.605424861582755,23.13440401979789,1.0366837300260257,0.5391815180039127,56.91902469139735,44.82633742717186,16.9055558148251,0.32985143818291973,1
31.72358401282017,93.24344560664365,16.112504861414017,0.31682805371853545,43.678123390623114,33.51205840778931,0.011412438993012386,0.27786479092855,0
45.28853021354958,62.35014555327378,2.228576277430543,0.25765010212754574,6.365488966681177,16.832078013111424,4.666474680040706,0.6917647655787067,1
39.312950345140095,68.64575693059757,16.518756528201298,0.1321548898648801,88.48401232043038,44.593824262614866,3.398439337767133,0.13611596491721567,1
27.275960271423692,61.040725444798426,0.5334802201265854,0.2940703749999953,93.71537682548212,4.790428012185389,9.688194087121587,0.7807458588673853,0
42.14574918003581,65.59055583344903,8.342723429375278,0.30662682550253484,61.92041014420667,31.87135238951232,3.438078767766783,0.9940297545731075,1
16.048894286754212,63.56822974071042,20.616555054890092,0.10031920458410865,95.1805919344055,14.514888835024811,0.32878228952558847,0.15330767763410158,1
35.33453268448503,24.087606451384215,1.7697788440924644,0.3012037736747318,63.468015063544534,29.098945203122604,5.692162574139438,0.20746991344693388,1
44.75971388161037,38.14334648828264,18.969890987764483,0.11067351833249112,75.74452171987433,6.764790086857366,11.479277563034403,0.9032903062542473,1
38.78145824216621,71.43559178623919,10.461711971317163,0.49005538318900377,57.31914020761481,20.192265559290455,5.933278510992823,0.03419790875011475,1
47.355232937262706,17.936551336993432,5.915653097876365,0.5358334632345173,90.01456848080636,4.006299476223805,0.39714825087297967,0.7789055592689338,1
23.793536479786514,38.51060754770057,13.651222430902783,0.14922063109669254,36.11903510127713,14.296267644865615,0.02363146717030956,0.653490679152014,0
46.58896616238817,7.395036365334397,25.43668264022946,0.35697062791914747,12.983752184348019,34.64613577198332,1.014700059375959,0.051748098164481005,1
29.143673069909674,78.0794543252504,25.512180452836766,0.9934433440728375,93.91662368529767,32.11042728176928,2.2339629972191055,0.8122967909789413,1
33.727869650209385,12.026282664297234,21.957268239483987,0.7006954918225526,4.682167555081773,29.782902647867225,2.4888983931449977,0.9709475040657468,1
23.03322909136566,52.42920559196634,17.75560618614652,0.711865754790334,25.47343524181357,41.11444914862724,1.0045850406348515,0.2006022302323548,1
32.30183470371246,87.23183067616002,22.09231785247752,0.9844514191766534,4.246267074840082,22.64028624820002,4.278628175614466,0.7392799153612113,0
31.889773637093235,82.70478526674535,7.3904100787440505,0.11183423545678237,9.858153748831288,35.30701349772362,1.175964068237212,0.5001489861580206,0
16.72026334042238,43.681751578948884,11.139720482789262,0.6412740377144421,48.621415090715544,36.65635690965527,7.10095497599876,0.917505842458093,0
26.523948052588214,28.02236001027932,17.329747143428648,0.7367632604925969,62.147311980607036,35.244248533596526,11.889138735331786,0.07667372664236438,1
45.383450337072816,6.551295584769799,19.61522942489045,0.1335033904481199,83.29958542351841,15.66482010457483,16.74823026251738,0.38241405571217457,1
19.508027945587497,19.511047692369605,4.932781040601757,0.8240309990204181,81.4368656070976,2.9614673365154998,1.3830336622724502,0.8685254582449881,1
36.99543152490945,82.92902579009134,17.912601477577034,0.9832844462053599,73.38417875436188,6.833769496560671,0.008340494888280764,0.663411718737723,1
42.29876806385236,28.400091265843812,10.685836097730306,0.4515742554255341,19.53810186970094,28.270165961281652,3.657396922616167,0.8027328369496812,1
25.19627464677457,69.71321945724338,3.9805656095979094,0.22702303685688247,2.3837535217112737,27.321981644549385,1.9297007872913976,0.3195520469911336,0
22.306337519337532,63.46022732878389,29.306666295375884,0.9823860254040157,68.89915602082772,14.505372590654002,2.0165937981305087,0.5484211351068061,1
19.143715850259227,7.617457661815013,16.992552963425954,0.6464966054001002,54.08266709018672,38.61666948412564,1.8287996302033842,0.7075374509440678,1
44.883535729454536,50.10336917855625,3.1190696679580885,0.3250295122380249,99.38536397738122,7.387106758670971,2.212862292750824,0.3969680523304481,1
38.11466844480794,84.50046089935056,4.666237058768267,0.2536061958889119,61.63774564960459,39.17702402947146,7.689567064855153,0.8608714631531802,0
17.227696340775857,41.60822693407569,0.06517172271386151,0.19650482006668318,6.576807358787629,33.919802319027,4.855702628942609,0.5580945029838491,0
28.395305900525553,42.08870827620069,15.415654743057708,0.4099170437346005,63.17181163082544,5.487050874024098,4.32709716718772,0.31215347121671033,1
28.80788539868481,65.49947226790928,4.850298063294678,0.5127245725899718,14.34037010982121,11.565877978277811,16.720606902625445,0.06123558000210216,0
21.13865245543282,77.87047676602766,24.690859318553137,0.9811342889713502,76.28295671952444,38.45409014470127,5.178317882053917,0.6993026479090276,1
37.16555691507544,27.608696316513146,18.358912200510364,0.5129060569587751,22.796946829165275,21.68489958111202,1.823278303028502,0.5671059479042189,1
35.883300276052275,35.77901238512655,17.815241858277336,0.358378502291434,82.30313647800538,38.993609961525756,0.9790641400454215,0.6359944061136027,1
22.632532224896963,94.23755430496696,23.397070347201144,0.8458595036939136,57.18842254280667,31.208027118362086,0.9724177751173512,0.5903392194523597,1
21.207625798057855,23.633823919547755,0.03389655981572148,0.8940231401399739,85.24383607712723,24.03019687397488,13.109909124918202,0.021731478077140043,1
34.21991508518761,67.50638288790685,10.941930583542442,0.28034226011161417,72.31112435053771,6.738554103925855,5.574248377991005,0.10771177000587073,1
42.471108740075564,56.78936392527467,6.71160218543568,0.7676362428467762,36.856072665600315,17.860663008212125,12.549075932636892,0.018388118920368846,1
25.109309309067612,16.79190160829656,8.74944462267964,0.33881147109266935,70.44760987001067,31.108104617152843,0.7638377595434197,0.16881247173936265,0
40.59826682392316,41.50780999751097,16.916217971345464,0.14559899003171498,41.32289048148841,4.950256405024602,10.611562538090052,0.36955588833550945,1
25.615229882482208,9.040203735881233,23.896106701813192,0.5891804797255455,79.73120443829748,6.270814336036762,8.02599888449473,0.43330485367727245,1
24.69189309459664,13.995782694831412,11.815859117749392,0.4614050478898075,30.86041952667563,20.27431257723883,1.682733457308443,0.9207064615468677,1
21.37673937012594,61.607866727779715,12.46143905901979,0.8592398146785152,62.026662433074264,44.71504982262749,1.1992865235027355,0.9347934633200456,1
17.112636320783462,44.3524806861725,21.641943172672832,0.6466849278244956,48.28302439189866,37.76847816571329,0.455111114499568,0.5744208047309289,1
46.06725756627209,9.886535736538477,7.699870011195261,0.9452195241128982,32.886622266032205,14.30745542217307,0.35326980298855026,0.4659901332983418,1
45.68568358915714,70.70121467075465,16.5265719893061,0.1520363784430217,59.419215612801594,21.855733616700682,5.567813929978149,0.7814695965002258,1
23.528698404351292,7.201292354363259,0.35770525504007833,0.3710730486571143,12.586943668868322,41.010909184148694,0.3319636256030168,0.7891497762199621,0
16.958305143515638,38.208379304695626,2.930803289725664,0.9414356669646701,71.26896270525509,19.541154781190222,5.331908272983905,0.43476680287046965,1
37.08573026627842,30.5262866669459,27.36407747220197,0.6386088874946614,6.488800068024625,32.33199728417578,2.189258136282854,0.6970918941662368,1
29.761683466798193,11.342668886727218,16.41184227567401,0.6276681071024477,17.10456873340791,44.70695316077466,5.309405419439074,0.8524301417992672,1
44.60022511121032,77.11254762126204,3.6290833130400637,0.36279038335967506,44.71779146484278,3.176435928277584,1.4813982187517116,0.4349790197994222,0
27.134319788544996,87.31475168794086,10.99694158560563,0.5514234993140248,17.409135629167803,8.846123100269097,11.27418241512493,0.17059744394471743,0
23.503597297947692,93.53595555422775,16.681495354876116,0.9060123697467751,42.07016649780255,3.227138072042392,0.7142427609946418,0.6878904790347407,1
46.49590206144624,46.365791038307364,28.698781047895455,0.6796701849486141,77.8630373142885,42.955817606516604,8.822182515454594,0.11991443179785322,1
33.05836318630888,9.706453754897911,23.026433660342256,0.7803313506249363,26.32854261893832,13.667539973936696,3.0201361694674307,0.061111694723889554,1
25.10404065255255,91.97793586046755,22.399997754982998,0.10025748495127823,19.2874048429981,22.896211301802182,10.9811365642404,0.5716420525336825,1
29.432406567233635,34.38993088535184,0.27784931534572843,0.897886847843507,10.58482447627962,40.199784159248615,4.47752919935137,0.2402529543088192,0
21.910091019399562,28.812199934241693,29.336281351049788,0.16152212114918985,2.423770523333457,31.349975111875203,5.068107567571056,0.615139009642654,1
19.64287613758544,10.964904592101417,25.07948980472061,0.4644273301890829,52.904970344668776,19.07902029025622,3.4271369256274182,0.3944073586586412,1
26.492447475336323,20.264572246008065,24.95491942546541,0.733734782586356,33.823256878596005,31.27952949687014,1.3195340335185535,0.8915221295952067,1
18.698180247481428,39.10453066779049,17.88856121097956,0.6675910897381411,32.05720301606755,36.0354395237455,11.013747695628368,0.6792043555250847,1
22.44450161124277,57.14055794894555,22.219135046493996,0.8838297930030309,17.988423121185694,3.5295885826245317,5.760589501798965,0.19220503768243602,1
29.351287687358088,38.22539934330755,28.68820104435551,0.3171315838490968,51.47957249442094,38.31306876710471,3.0956941041729853,0.39115912000752173,1
24.619897669581064,23.94575649813286,29.56927337183771,0.6084233889237792,55.628431453094564,2.4447817887037933,7.727105540087663,0.3991998380744908,1
39.550451404757126,54.80698949908343,24.14414716929897,0.8944776110185937,48.48835311661674,7.1509590102835645,11.02213459647019,0.5970143853946528,1
15.979446196759572,41.264437168715,20.245797352275762,0.4515029811291238,80.87841732465367,23.238986834467042,8.821190807735995,0.6413166996001852,0
46.956727906612926,27.900219076344808,13.917681682999758,0.3938587856401514,5.194689318210899,32.90540353618304,5.735181729807959,0.1559183299188287,1
28.418505128869395,48.2648950781073,8.200959170219207,0.7850627031093533,98.18769180854267,1.746914585106531,3.6452864441765986,0.7361071332810648,1
44.85942180943766,86.17595345410761,18.44756677847562,0.8646132727869555,17.828074309610177,12.077525874743134,3.4889783526769893,0.03554594154877733,1
23.50864037790942,53.72556012304665,4.340666531739453,0.6153584650414518,73.0482707692758,25.14481995072698,4.076467149927673,0.2662804064945823,1
25.513698079963902,47.55546885669259,17.87141903815369,0.6173242898504873,35.325940512451346,30.90105789472184,9.572367630555362,0.36990736837829374,0
17.893645629902686,50.62656575321133,6.8165987450426515,0.8581896350299635,0.7356208690589172,4.053303384327818,5.098730257103821,0.4621018541648969,1
29.919665418889707,76.51217111349261,4.631278290703821,0.9117645006540032,94.12384079102179,8.613970361348114,14.041805595198092,0.0047817168511689045,0
21.888545278186314,93.16435246365891,10.242650961767477,0.3688258654465463,64.66584769701483,31.18012291752752,0.10996230328850828,0.07071245907870027,0
18.70417813178986,64.51004215064162,14.870808472098481,0.1847851569931274,46.523368540086985,30.7240246561345,4.324799440825325,0.05740746360148552,1
27.32398521437939,20.444754127883876,21.17605459529896,0.5631359220907592,13.018975970296076,11.227330765771008,4.590918244712638,0.8635720169695571,1
26.368741929213236,28.519284677815413,9.461245207517328,0.20273760826704643,49.13718675370799,28.081506780189606,6.430260948686889,0.5135144542484015,1
42.176761389748506,33.65859536036869,20.887760720915097,0.7504531845785347,74.43105837593127,8.029988192291528,1.2777149319319439,0.1366950974496689,1
38.522705063726306,65.07200875615419,22.36546568803032,0.2021934087991334,96.67509760350406,35.175485237075804,8.319304335621174,0.6135554759225037,1
34.756142445540064,51.75404956441277,27.740347150992815,0.32917388950133963,77.72556915860349,33.76894102374629,0.16150910502598467,0.2638177141444803,1
38.31260893274649,73.96350496266678,12.22762978877128,0.9453748892961739,33.95236117376488,20.997418223144017,2.361663850725045,0.7856693786039254,1
15.420011110236924,27.10458236702466,24.682188805620324,0.32231284408758154,68.14309918731543,25.953673237879276,0.3547832694437443,0.3261219188615385,1
48.790180611059306,10.849840112639235,7.996545144404297,0.5115904771977747,59.432892877062685,25.618149627494507,3.31366823662582,0.4273944281087285,1
32.07693340386558,89.57987100690083,13.831540143221396,0.5770066275975162,76.79760275555914,39.27333715793687,5.952939060690517,0.11264307947231089,1
17.16172571319126,90.23849265703427,26.197244633632614,0.4358863239580345,65.4999866216829,7.53037903133288,0.7764932719010726,0.9851218540289335,1
20.636998369876487,48.77328030371574,12.444283307761575,0.41991427109948787,58.77071718762819,21.541181689839075,15.076115752513191,0.29158998976419537,0
32.53562827636624,69.45293597892086,4.49154588708164,0.9855797852297824,59.24496247573874,30.497537468731473,12.1776153410357,0.21403607898757437,1
28.793025356662277,57.49343476251063,2.2980550883875184,0.9621924019222872,93.3218373104777,4.256054719375115,2.705166021361238,0.9602554572107962,1
16.10790144563005,68.27025820556162,19.281344623528167,0.37774857478964885,30.187726001159366,40.68779575345131,3.014200017107314,0.12361552142375865,0
43.825754778280896,16.750626918568596,26.91172366899256,0.26982394948019983,11.173841873405355,35.31015913204608,9.08923727303703,0.15620618597577152,1
42.28734137691997,10.066016526923224,18.53299687992397,0.7319927402724806,40.06585520294061,39.903282271872214,1.3598362466162615,0.8897233355476827,1
18.57301499542528,94.8429915379294,19.974078196697096,0.5623708227296038,73.72056729755427,11.678578862907859,4.38061524634825,0.005538318376159368,0
16.006814689893023,84.28466496304173,11.580404525042644,0.23915838688246566,34.78978813825243,16.623427093855636,4.053250555408107,0.9601267400251738,0
33.643087510719226,68.4534580470489,1.9844535645615402,0.7529365896553167,83.95825172504169,15.40061952313801,5.147702966173396,0.37796473967480193,1
34.71981420415264,80.85644231114799,3.3057157756877666,0.5756002179244933,59.85022025667563,21.154005862233774,12.115639054396814,0.7822945770295126,0
24.05643679007551,17.02818871756243,12.491952579318188,0.5515246073621201,62.92452506728288,29.169578123069492,2.8350072213481914,0.022563742710126178,1
28.416409019587434,44.985535525728075,14.710719240948318,0.1404950098639286,89.49785044090477,40.05025620287412,0.6061659011790884,0.43471489396267693,1
33.86240105961138,20.59457975553697,4.953121709530395,0.40725055536306987,80.57448787742646,34.958196636902734,11.079265423421349,0.6288626526118751,1
43.29493630883472,7.4323594663497214,19.29362725284922,0.7585901405721265,21.96781856915203,12.392131926158939,2.9285432163084573,0.951492290109093,1
26.0709691777944,65.60953908805243,27.224206726348044,0.32593136513702037,6.465082618193286,12.750748315202184,8.4281900162021,0.5005019015301713,1
41.256884283661755,16.529471336665107,19.27887300122601,0.9314260896948474,81.74133563409126,6.043612057159375,0.743125696583462,0.793763237650587,1
25.157684873770403,77.74802063984843,20.025153163935435,0.25414650780617254,34.40627287420425,10.631064967708769,0.28703057929776854,0.605004986671531,1
44.695934812470256,63.65705453794161,25.835169281124976,0.3907410394317484,95.65866243445883,28.507810891699222,13.94730227175673,0.8718893713632084,1
17.036971869652184,86.62465881474436,25.852521886716723,0.40654751464082517,93.08735424927522,39.96857819163533,15.801756442960837,0.39657486353780735,0
22.98305439714031,83.33973141151739,28.325815797732446,0.9184995585958987,18.392288545993473,41.56186275261219,6.8862040337083155,0.7508390128184097,1
41.99191915663793,65.38096231463476,0.8623360934640079,0.45230536162887547,61.64287835185306,20.872312419249074,5.809997259987007,0.26314644798673203,0
48.68376103220892,67.13511642929559,9.078372959363964,0.9353701841452746,24.409459544276892,43.777849002322284,1.3990015784749297,0.7110268681122338,1
49.23013054186646,63.17272831780368,23.361109389622637,0.6170162245417654,31.228164287982686,44.505545789569375,9.265396044354372,0.9154298640799056,1
32.496021260616565,15.600553165633027,14.278966529392477,0.4168485551123632,4.837613817907915,3.2232013141998266,7.455694267226459,0.12450738643848247,1
18.836185992389858,88.56581596233585,1.5890313924509603,0.3520357187906348,88.42701695114108,39.00982461101421,4.733344267849537,0.6127467693107868,0
46.32057792429243,60.416895063474676,1.5629427673193264,0.5294199148392498,39.666344393070986,36.01384692285412,7.508865639243496,0.8989142128032235,1
38.022196671683844,83.18153124110236,23.653131948391287,0.2730362095605761,91.08419819409878,22.190513842270217,2.1027155789508747,0.9631965145981389,1
18.39360229653742,55.1979969300554,22.725032676998918,0.31382123686484087,16.125454444768106,13.432011864207023,1.6139185691830833,0.4158008604164055,1
17.49774827834718,30.841720515032563,19.74290005082126,0.3220813265194082,55.27320398691354,6.628911156737881,0.490653175609905,0.32808343418964003,0
19.08043837595467,50.380379575447186,27.638422637726727,0.17077257588953526,80.16536943269132,6.506005797794306,2.9690295073404953,0.7529270196145919,1
31.03621535318491,56.79624819395359,28.161379256517506,0.1396589747271741,20.45936063399748,36.26772877786631,6.699112987051442,0.5811801455311626,1
33.06069047263761,85.98816217878546,24.71279599183045,0.9423388343779016,3.7304145823291335,8.090620401676798,5.863658312116398,0.11648427375459713,1
38.68461152830102,33.91476021154484,13.733128649893192,0.7765054559052833,97.5779812852527,30.038950157044173,4.591240440340255,0.2580873478612494,1
22.2955851520497,15.033804120491284,7.613748428063741,0.13210691205526803,58.273445948928526,34.327779618436395,1.8221170917337624,0.8160115433485244,1
37.934552998568456,65.24372065669328,3.2317518884163388,0.7257752980566295,67.23995773820984,35.079493031797924,0.9195265034767207,0.3608359904810715,1
33.86453863805154,75.48740857111238,6.609477721260778,0.31001483328742563,1.5935875325471915,43.85612756793379,1.2650373147776932,0.5702387510722007,0
24.43532972459667,29.50531818421668,22.239809204899707,0.26990110765052205,0.5114410499109656,41.777969706933796,4.467865482418065,0.1834011637270433,1
37.166492114983264,17.455399689211617,2.0103519151612437,0.7601410210951646,60.93304545585623,24.495235612305905,4.843254384565938,0.4141044059936376,1
43.45037351420417,82.14080337496385,0.197213061451893,0.974246892047128,71.59252040706421,7.56343612356926,3.6824072043603993,0.3544565830740348,1
36.237551934585795,91.0200909476972,22.143154552633575,0.9508827376048519,89.62951176714157,3.1390084861548146,0.11882794809584042,0.847318080581188,1
48.997823081473996,5.449694617596165,11.408052614802202,0.11892820294261752,95.50277677760788,7.851086508483442,0.48380164773204604,0.03622899925610912,1
45.06742777761024,55.33284732746299,1.486793404911383,0.6530435598463677,63.96220251186566,16.471860626926816,3.856017434034613,0.28878733054475136,1
46.43702099259252,92.80293013911506,12.633126270905086,0.5744788640087017,65.51320392726652,22.108819549275402,3.657639237278186,0.1279175080614804,1
16.490307705894676,54.68001494160932,24.92910117102723,0.7647523053433486,47.86595613468456,39.37325727075482,4.899224453879737,0.28381099547379973,0
31.292079521357675,51.48665316355202,27.701927994272875,0.8303518193766554,68.67849036073608,12.104629453775537,3.7417020018796654,0.6629163707231842,1
24.238249678504097,54.96843011316618,27.920667653539326,0.8761727370811576,84.25204624715062,15.348536717144576,2.3307253709400704,0.7661911116156731,1
33.207032309215144,64.99393726753978,27.593850177466408,0.9092116634458709,80.66454624819877,4.854356183768744,5.897766501400842,0.6140882411243435,1
39.421522546312644,5.43471403162857,6.9956407832953404,0.890262956810191,79.66186651030333,23.32978711077064,4.081518220285028,0.5589337003262265,1
46.98524952067466,17.369430403010178,0.6030223434368309,0.5532471755653452,46.649911812118475,39.35107364439388,1.6515290634937563,0.13176553907078226,1
15.848338282104006,16.46495965129866,23.06288698339094,0.8505450636608691,19.600503973596517,38.2583597611326,13.23326923784843,0.7514076703381039,1
45.0669196779998,73.97718977919584,27.9444050693099,0.47943134893028494,22.93962011819055,21.058898007968953,16.020397094433992,0.1747090126441938,1
24.81026813358374,93.42214193675824,4.366089988715485,0.2925330928122568,98.64091399496482,2.1177252050354536,5.0431409628676676,0.01317667379706089,1
38.69951951108109,90.78498447502874,7.672072441833626,0.758747220137604,10.925979951206,42.701264740631196,3.346467698220538,0.6827810835288081,0
27.158486092465655,89.40897232488702,14.350945881733457,0.783644375178242,72.1729964939415,7.556436148940659,5.495666366755883,0.4910650173656632,1
28.85482869307879,5.576242119352873,12.793344488118201,0.7704231562546823,95.41109427885634,38.045262963736626,0.9599027533109059,0.9901108542839008,1
39.1228864458855,65.2020984516883,26.367020536054916,0.1112477273364634,26.768561877975337,26.621705957382492,5.9783766010612815,0.3708718760535382,1
24.907948591630696,53.111346298787076,10.233661541600641,0.9209732443214493,93.74228003009755,29.91897530752605,6.752498972404646,0.011193911335935391,1
35.61957393274723,31.06412972130866,9.700767720113642,0.7087762045755897,97.15134795929977,15.940616717314017,3.21619389052418,0.3106075940668934,1
29.997002209386864,83.62993767768153,25.710873444132403,0.20181965880311833,65.4568998222964,25.589229656548742,0.11428160632914391,0.0714526405290411,1
22.999666941490045,59.759194648780706,0.5928673723078626,0.9810250776282516,0.14580179634774426,28.165017033745396,14.244629670997867,0.6397753941068185,0
28.35596955998775,48.7843029354558,3.525893858191319,0.447579323343124,58.227403254664864,13.219048070896443,4.037371287707647,0.8599538153739167,0
22.546532246319615,15.749734666344326,8.52030890603151,0.6146165617342246,6.73980046630982,4.272845366404942,0.5014237463978093,0.00030315617739018474,1
25.12203102209977,33.59217711196489,29.137249043492204,0.7729191367603964,31.784002847462244,0.8255385998878684,1.4085614583507822,0.3590758947145283,1
43.76774772951093,88.40514140244844,11.57445180569897,0.5271730203361132,23.335557780630744,16.97256375049199,0.7730023103752913,0.9248365167562697,1
46.87565254838843,24.740285792706654,19.70747292028685,0.614021916275699,96.70602777756847,1.402169138289671,15.486846936444667,0.3241672971008981,1
39.58393335968726,49.702537794518015,2.423612733549515,0.513194452014252,96.23072063209574,14.152658933742652,16.252074124462904,0.570177962804802,1
18.421414431892334,67.24742584265773,12.143121110845192,0.7890332879065624,91.11132321611272,39.55924902595297,2.0867008761621895,0.11318276720189524,1
48.40182912299372,79.3031464896023,25.521548918714075,0.7140264598788577,90.84552147997411,20.42707427057244,0.0715309175369193,0.8131119573759237,1
43.522056317788554,84.56966384928995,0.6035046032942126,0.5479477539991742,65.25347659687367,21.78676390987229,2.356625672320257,0.735390431376684,0
21.378703565802315,10.61316585133072,19.882390555012744,0.4755923218049293,59.78627367323172,41.21837328671221,0.3659924373454287,0.9676613711079908,1
46.633010908922586,40.06497709830311,23.48122454527461,0.5506608283586223,6.138973634257416,39.29856548218981,6.449301950559118,0.2954106279182994,1
37.73886089225304,25.76312303763775,17.316009242699895,0.6197176093796579,66.66071834781887,1.4444879917707447,4.0952299890396935,0.602347443501351,1
17.79660240018029,16.752395623038222,20.688325146561823,0.11572329430031121,97.95125515254313,25.88509274299557,3.017634906687283,0.9361175196261297,1
42.20797224775713,49.479878675994506,28.169901317454798,0.13482729337254362,81.57898485064223,33.058088941800975,0.7791440936653103,0.41688596842825265,1
40.9082489800254,38.15115820024587,7.957764902259198,0.40879219551797563,54.19950723657833,8.30639866697595,0.06701890628922608,0.7776410837373695,1
47.45233061896959,46.63483682283027,22.791111635008537,0.16829028310076216,47.20972072197049,18.163682102654253,0.4000393351945969,0.2521463467401208,1
38.835721593874084,83.64356698961194,19.967180388899028,0.44840969861514113,67.21681742117575,25.976622312355097,16.824747272419156,0.2031030220440203,1
41.17453059428925,90.28117819982643,8.369734355123516,0.48896261510564487,58.768780335058004,15.241114508310135,11.826040951166492,0.7905128462328319,0
48.25412371927973,89.91835626183796,19.597237123424822,0.5601313197036336,10.235370874496208,6.1318614726185885,1.8805564158510955,0.5424094805399569,0
30.425812201642046,7.960847192497912,8.605539100411074,0.9468763314331808,56.043258529232986,2.066484189533373,0.5241069977807388,0.569182384998979,1
39.6059539700422,23.810591288405377,21.535162703117148,0.40711380422778487,94.75657651854954,29.05896804917927,7.495391675527662,0.4490978364466367,1
42.21262403216827,9.533683479441484,4.6213510088561485,0.9789368728866895,72.25123730714269,7.813619940062471,6.5523687059248275,0.6442934707679029,1
41.14503067096328,43.35616547976575,25.544420676269848,0.12971125991483695,93.50691271614512,9.140729909121156,1.8674254155733112,0.7120751061827318,1
29.3743843682696,50.01394262845222,5.296488398968324,0.10874631783790424,24.453688591052657,33.728859395427136,1.6953907456479553,0.06365136563157192,0
26.928535910731032,68.96037459189054,23.29758788086522,0.10818514961789824,49.33741063692523,20.598983743672182,5.7333656009907195,0.6814676850749861,1
28.142001435615796,27.77307205764326,7.484575880523816,0.27525548813232503,78.07745244380938,41.43156019419753,5.207220554518244,0.6253445704354018,1
46.70697864348685,62.23357884324352,18.809284884227726,0.31647800008695187,28.30301735621379,40.41007961746349,4.729205040587049,0.1641356585991961,1
15.174677955925514,10.215982741014388,3.0378273833741085,0.2852610280495671,3.1438606081788056,9.198370721513154,1.0363000400664286,0.10209938585818301,0
45.00012416881188,58.425896293500074,20.93467046707784,0.8320849778033627,56.23610351698125,36.85197292491519,12.854662838019525,0.5298804426173459,1
41.55171480423772,51.763205596527314,22.911400786584377,0.20301859582528303,37.67817971462477,5.16916830888979,0.023204697723960645,0.26461892281411625,1
23.26922521677445,12.168058025039251,19.630098711369893,0.8712997055989593,17.743357261280977,23.124690927999044,6.9914974404878425,0.515504433628583,1
29.78753029115685,9.27111231737927,26.588530290575644,0.8783333164620476,46.552478326253365,1.0705364928088035,0.5115018643255927,0.06091287053096617,1
35.52199369090667,82.55312349242286,15.76140848569909,0.7781746619684952,5.206698195098614,12.693639884378735,12.211156156351562,0.24869113108349383,0
19.244374806364835,47.70664482397662,25.594444689945092,0.9582669440201126,83.52770462248125,20.566774282487906,1.404817085083183,0.8204116906523985,1
42.98148512889138,66.69031803953312,10.043020879453948,0.16938667524509715,63.57637816837364,40.09500791015128,0.5811433099208373,0.006959765503989135,1
19.289729131803394,83.08643884261592,9.400593299130378,0.9462743736545904,77.26858912035662,18.441123749542164,0.34872613674919195,0.14305350703513775,1
49.24593231742781,8.553108976258573,2.6762481602941293,0.2463281107222065,67.35462110011512,35.42879706197387,2.66915569032107,0.4788620045703549,1
43.545052982783666,12.519135481343362,24.067376375222555,0.7004429283505808,23.876626163791915,3.2716635126187743,3.685121921994959,0.5394325990157071,1
31.333693087738023,30.367569626295328,2.9726455466743253,0.20868547882028743,16.891803380957803,33.97625315015291,11.6617867606714,0.121442289879087,1
44.379006881823734,59.118966604145974,5.050042659254572,0.2344224142485441,7.173438838961044,26.681924555720336,9.683138557466568,0.3290610360687808,0
24.999198012306003,91.33505369568631,15.321874693834207,0.9780049746079157,47.10136277463024,42.442642123621326,11.647549954814009,0.10779302058490225,1
48.069524750535486,5.198461131861864,1.1197573570630437,0.7099797276245132,17.710635622714687,33.338376338701146,5.919650309372955,0.9782119745388161,1
38.5203535504235,70.63429898878869,25.54351102929172,0.6426375255523792,66.45219674663849,37.79001653412788,1.5387371060134298,0.2122142506396153,1
32.146304471579285,68.80183030926128,0.2796281738333761,0.3735619150953038,7.597088068574365,1.1939255418346901,7.008138235655229,0.6720929569862509,0
47.97836997695843,38.563333791364265,7.897279761168347,0.1050364469505425,43.028568680809656,20.7659315089783,14.27888014978129,0.8037249140220951,1
43.19774136458163,13.66351167337391,19.07759682754381,0.7287999526777523,10.32684902464056,34.445386308083044,5.744339853601713,0.3917332933905585,1
22.09691817342965,64.92588841057622,2.095226481870487,0.9970581808444496,42.6389535124194,5.871308326515912,6.468200997510477,0.055039202297979095,0
44.349372099953726,36.80981502976094,24.78537116606657,0.813106244488888,41.60343223583147,26.232338328515034,8.025478281500634,0.8497227990892814,1
37.61856658685892,23.702319143771618,19.506554083826693,0.7945550479439458,93.89243241025893,18.12958826208099,23.803121338771067,0.36367438517659667,1
25.10315737794084,37.62932793397162,1.7382703809243283,0.1286652786009996,44.58360249622528,4.7787987854407685,1.9426612823085314,0.5215846850414534,0
44.01160484927725,53.77685473914184,22.771124772529983,0.41666061279872757,78.71599784500212,17.98174530772985,3.1547029063480343,0.3972805539516644,1
47.540215997261285,88.63377179943262,29.226897876701614,0.46051901531424566,12.984182503030006,39.44271452670812,21.616144366076906,0.49966675555842976,1
36.55065826074144,62.13646769102334,8.85347599849635,0.7848733086475166,13.278441381649863,10.009225418473315,2.8417130458263635,0.7342225344357757,1
45.875693841467104,68.3764511639803,13.443253822756597,0.28071349087602904,66.03999791316241,19.325262227764956,1.5224769960399684,0.16384450271136564,1
41.193023277055424,36.57889371931971,15.014484777732411,0.7178859638593462,24.988756650701806,43.89607055160965,13.104901341551894,0.18261778366863435,1
44.15219909017404,24.54403874393717,11.840196360271598,0.3170685671431174,92.79641481728208,44.70821042683356,1.4261644029054006,0.6176873792241635,1
49.69476498310006,50.98277492961876,1.943171620352202,0.8745869279103449,1.8740440219272125,5.136612601639619,6.275158518743714,0.7979190334344515,1
42.10754734209054,93.73646697545631,22.52057866693653,0.16164604965957863,58.41761693912583,12.042211196291452,0.24274342201100627,0.9882342990753471,1
27.954639800354947,50.79347325652241,23.563556965594948,0.3173686259243688,50.71801561440436,0.7195108763898311,5.014923483042244,0.2845245838118745,1
30.66391737576653,77.78602502491694,18.094505009216537,0.5822826327404114,38.88674431606432,30.421041695649677,6.592637499848786,0.32936044577021684,0
36.983872286606086,68.89447952229719,28.640863905294168,0.25456361999321375,6.07190542947219,7.249060221192501,1.0371817628901643,0.7106498487922339,1
22.03497040264023,38.95103032924677,23.377779294150876,0.5284288465721161,48.50448032144739,30.945149706088046,5.673425052819243,0.10267032846537227,1
20.601926852519533,47.073621512664495,16.82790992727642,0.5641074369394194,86.23014236144037,44.54014962459469,10.127440156219372,0.12083294714424808,1
25.725125625460358,58.02470928692586,3.215234708163054,0.20678739960352271,58.37201839636411,29.65848183021383,11.504456684310684,0.2136856371632606,0
47.72911269839845,9.387913902418346,1.735023050356006,0.2666119975558985,61.62196231595095,40.93807699210086,16.80593262747444,0.9799266685197239,1
32.61418894465836,90.55462979661966,8.769518044824867,0.5440780254900351,12.660223418945538,43.63307387666309,6.6646269336251605,0.8772761233453946,0
19.357092894234945,21.370433720462593,2.4510120607749086,0.13160831411426804,97.10856240459573,21.211370812377762,1.5633582314353585,0.6202383712293821,1
37.21042994438505,13.948472255288141,23.023247255866774,0.5191311261507499,36.096920388563206,29.848766858558697,0.5591450482424134,0.34367795256829203,1
19.58525980087905,87.51390683112497,9.846113189774787,0.6297851701305991,77.75448301126552,31.518451722632676,18.713328332367087,0.1416025640849039,0
31.400982630128414,32.03476120541172,6.307013498000199,0.22530531088791167,80.96428345227396,16.4038534480224,0.3881493454268926,0.9115125725989377,0
39.6921104918398,7.382502271044274,29.662380232842946,0.30766445597054315,5.416620191525823,7.455316810923638,3.1190140194221927,0.8968886296612928,1
40.90168591859542,82.81957351037757,10.641345664449034,0.3782224943469209,95.76337918214203,4.568265050845961,7.105150276839433,0.01194027112862217,0
22.179998575148446,49.81119604859443,22.402373396684233,0.5949969376004878,48.78050689715218,26.112895315970093,5.876481392729676,0.743788003045737,1
19.8216539479,92.72072642313115,7.78798344262977,0.7806212098608446,69.09461371401477,17.424361377234366,13.114376322016014,0.471349261008577,0
25.616652838532467,66.72058751634401,21.308193984206216,0.8621169083695698,84.52902071052785,38.89014496739941,10.846768863410883,0.986847571068275,1
38.46102567305922,75.05453577512485,27.617155333113597,0.5614677403178934,2.3181389835394084,3.5472468817280967,3.3103238398274035,0.8628233006023739,1
32.6405118768706,77.09741439788387,10.212356765569938,0.31295751208323563,79.6467104777289,44.0231414103401,6.883279216483039,0.10001541425551164,1
20.770133884636024,46.62737266904258,0.14946099511724986,0.7362702613731414,90.22544185526674,7.290198049899747,4.854553885955195,0.9502141150198421,1
36.708581028936024,85.76953227054138,23.881652039376572,0.5888221814059951,13.149432445440235,2.119062263180794,1.0886656749824424,0.41931645413540086,1
46.16110376865322,92.12890827224709,24.70005410595169,0.12665971791698566,34.225044931779124,38.137212546901516,3.635812534509775,0.013706881908345903,1
34.317427562545205,67.60414489294368,3.454472256014227,0.9611003430415617,34.235176341172924,8.821408509370205,3.5788725051686834,0.24152169641281818,1
40.781406699124176,37.65357004336793,17.083874048737435,0.6967379138502379,68.70384086712204,42.84734980254841,19.289372872059097,0.2896897678252085,1
41.92908980249949,49.84409609366572,3.928579443253506,0.4697986492369174,2.7306147562977445,13.836240503716077,3.0807268279566085,0.3557472029309635,0
49.604739689556794,94.56700510059889,22.111782448228226,0.34210107331116246,54.8818691510842,44.095135484072635,4.02929530610345,0.04318510723178104,1
25.590757286775904,79.99338242115527,24.209380390204423,0.7891802232750281,60.77787495093235,1.3550108636915004,4.369330457306294,0.22742591388241074,1
47.7893969599722,16.567542754071432,28.840127236637112,0.655001030792562,54.869740483491704,6.043099487544039,5.783012549346131,0.25979831818875476,1
20.699555847416292,12.189890273928103,16.342440715344644,0.9587917850385191,49.11773176711031,28.00770987495,0.22087427357170855,0.5632430522766929,1
39.11392490506337,83.55649563135509,2.3045241116867565,0.3418059416525917,38.2775672262212,37.41408797922734,1.408809542612288,0.8706767717383356,1
42.86224457682887,78.46370398485087,2.664307162720582,0.6546180846134959,16.110256241895016,6.809824950820328,0.7516773254151679,0.843556551796084,0
46.079025360744396,28.286744947806994,20.105273370991746,0.770568087671116,36.71219901040159,14.006285680502483,5.9409022276375705,0.1445515952184271,1
18.001508011168255,27.738388486069056,6.423279202801384,0.9143387720049092,72.3997181295862,18.39248223785058,1.5934276596492205,0.423728915759112,1
26.399021670358515,62.68003543706191,3.153056941670358,0.9822080654892399,60.162615346369094,35.39338361543526,0.47648714331594966,0.4385064012233959,0
19.60707990780653,11.25219933007064,29.397214893884787,0.8346433694210244,91.7887561492207,38.51439847041242,0.9537507556467288,0.20353807692689574,1
33.63412188006926,13.575124634586453,17.0561025618553,0.10754600467101326,57.19293863594359,32.53585273253894,0.8220570110432274,0.8241215811040399,1
27.316601162167238,24.41116406238988,25.479050325887886,0.9981633427771444,33.6082389443436,41.239201420003404,12.50844007321065,0.8865440915042379,1
35.11810036596306,92.10060104743432,7.9846837715970365,0.7125669255381588,39.55707495141736,33.2709674038125,4.686943272839273,0.6450582084454229,0
16.269597507717197,6.35992487318271,23.903141514070914,0.40492323755102333,39.35631970859117,25.920245381906316,1.3252173675167227,0.31381798750997136,1
47.62842234382174,33.73369698092326,15.879130333908035,0.20320388843818676,6.130642376918627,23.572523486004407,1.694081758546841,0.20911261592728736,1
24.343027008529337,58.17567289172394,2.1914859252961594,0.973701034024611,26.965548415294993,11.224624209554,5.567051108016313,0.7581215962704994,0
38.577522428518556,59.20626096994364,28.227368808207864,0.929119918477994,28.140975281141657,20.51280630789719,5.056799740240633,0.9521327562477996,1
35.33967429461103,79.83345920567446,28.81816686875462,0.40094155885659677,28.185859378598877,3.163692327897839,7.361042144191218,0.3125588455381608,1
28.512850012878292,32.51707481955071,8.747483214098681,0.6190885234448346,73.64716396561833,26.918123726367202,3.1606182213719514,0.12628671865984642,1
31.416547314389042,15.89141583501134,14.870957189344567,0.4756952284744813,20.868280550302632,20.137005031575814,0.9456445029826009,0.765185329105025,1
39.709619869848616,23.648396012302914,11.758796840527319,0.7958232173135138,11.57236051551701,38.82985641254156,7.5629422700262525,0.4480226391297215,1
21.12873449105076,48.994806413377866,2.845896877190931,0.19048427319770941,23.987651751909667,13.111468359770468,8.421038457782938,0.496281041755285,1
48.09459214463357,57.780452811421874,1.121187420945926,0.15126547983602545,26.56550683186991,23.923144852055145,3.3958068045439034,0.6504489382644513,1
40.73905916693438,29.97628673000915,27.34084362219232,0.9822221224067902,85.24644944373286,30.340274798835534,9.074372256028408,0.661138230569937,1
27.647827590648333,34.3768594409833,21.256893383426686,0.303868352391311,99.31982196508066,31.24831433716623,1.465448702432607,0.06037653487491479,1
21.915068758656705,17.13570580724464,23.47621137448141,0.23403387630958059,46.46509036896374,11.043401177102696,10.38382706901749,0.23318648604631542,0
31.348472367570587,51.78990611817858,12.281615246678005,0.8695458297291935,86.80459059935177,28.543681793507798,0.532094124547229,0.3218516127891763,1
18.884696314930455,42.17103843484079,4.549862308901159,0.2951136279133103,21.28189761855395,35.727454095536366,5.1499177910247065,0.8460314807953757,0
29.48116909782759,60.09880416882261,0.884807461284115,0.43513801353596093,86.21465888792763,20.88690395079609,2.1602662415541785,0.9860828248298886,1
33.04461018523497,35.50392051413917,3.987843748995342,0.7811308945332981,77.18853351424363,32.70310586857183,2.586301265007174,0.09330317561176782,1
31.54111223073539,49.97466943639628,13.552389918258857,0.5791204984508408,43.77647594272097,36.18806858768158,5.096486725327749,0.4467942146107845,1
41.75109923784592,38.45848447907899,21.48382535622791,0.5266684105445549,34.38766590646364,36.61562644962465,18.260604459036788,0.9478900500585871,1
38.23484261095794,53.985959828355995,26.406228075295587,0.6710799783589493,59.1795691791498,17.932913567622613,7.7433954498260995,0.09276253049495087,1
16.11281176492253,60.375782585739174,3.962213386737626,0.5302246107111812,68.85732957852053,5.962447967443759,9.778104746325363,0.6367722375106883,1
42.55713422228344,46.31193105238418,19.969814363062156,0.4033738961793357,36.12285259896376,27.495407142750484,2.690213718305216,0.07999302465533265,1
41.03364738149671,56.58856682520313,20.8948365298789,0.390325333043403,8.321058684068294,15.083763849282011,15.72468667820396,0.5430411786451385,1
27.983447659306783,20.829648864781507,21.157552165902526,0.884781061047061,11.43698422827384,43.76962192005014,2.2104557694166522,0.24041270792970948,1
39.944669491352165,5.607036632038293,10.4027168050149,0.4630017108419713,1.2755281267450624,7.696771030884017,2.3138547115962544,0.6887348611921753,1
45.20132678056338,42.41547546809623,16.759050438595548,0.9042929999066012,92.40021223372933,22.94347651070116,14.349067541237822,0.6542174531384408,1
41.53455290768977,34.86497552853339,17.074653883479133,0.11938390435568673,25.638667191208654,23.197306992398307,2.8976715883459736,0.35323968464446875,1
16.598517907830395,36.63905846461175,3.7453929773323025,0.38071534682075725,54.649452890208096,17.550255545410174,5.6636832554811924,0.36746220443168454,0
17.895105815144234,92.4770733504659,10.887221233262519,0.7037416068519506,28.35066076230106,23.84409619738962,1.1553756770372483,0.3956764913858315,0
32.582155062445004,83.72152800679766,4.709399696715363,0.8612955482618279,97.84739991456995,35.543007922236825,1.5073787430101517,0.7171553720907817,1
23.88893562210913,87.11315258497824,14.6577952500789,0.6257225357126168,50.65814141673529,5.276413955379796,9.03679726071311,0.276761885651568,0
38.39178204966472,28.77900441891616,16.39674732994695,0.2760607083010238,89.35053043291657,0.915020377024352,5.825880407579729,0.9050401406966292,1
19.000941287006626,8.327409146390801,26.20132066698699,0.6594925129848606,44.457685084077816,36.07402544854307,5.358927933343481,0.8654186572880762,1
49.15357256823301,48.3827730404716,28.94923622072513,0.5822094625958047,70.0344549753238,11.400601066159169,7.110568382835776,0.6338853117274327,1
31.732244864943247,26.30126612118119,29.956531975766953,0.48420533392521714,89.92959731460026,24.557442964115094,1.2558314920547957,0.9769849433527679,1
49.005076166605726,62.21267241541064,12.3263927280566,0.4373843376394615,52.64423499047153,13.801163898975478,14.868328821938206,0.033761833283787235,1
19.33148084226398,68.4930403750147,11.138610279300414,0.22629251948685067,50.641508470649654,23.5836392674344,14.477396749291714,0.5229583519682005,0
19.177364630401733,56.90482289245787,7.743507194893464,0.8839361097597486,22.803739797628953,9.13644427632489,2.902085438097802,0.3296789135355348,0
48.18913135103453,54.31429061851433,14.40270601594889,0.5504266334323379,14.453471767234872,0.9830028026651899,0.1462026930955163,0.25677775999398744,1
22.12581799020278,80.77648005354875,22.241523786387393,0.8017901780168771,71.3436745772725,7.298511811968151,1.7702607594812032,0.8082155840866908,1
25.45386416888934,24.631294955852603,20.848197718974387,0.15731671437124917,74.13198552333643,20.430670268729553,4.1144269700923415,0.26396744018484086,1
15.168318845145675,47.85434131489561,9.751625302780573,0.55403750894427,52.79282229572281,16.230383432811088,1.6715128282341336,0.7741032434013806,0
20.705201296394414,76.2032038113826,22.071470150356802,0.5661988616311542,6.848584507271038,14.53967253369318,1.4969286918736766,0.8562733365495195,1
29.80224762614375,31.933827609862774,6.686211602767145,0.4440381110023571,23.334841731453583,18.68781874067478,4.967036160237125,0.9161709976230022,1
19.463967920404105,90.87258296392115,17.370457827829778,0.30190615001195814,45.4496502496464,9.939696275847373,12.564600577689017,0.6284744537751439,0
23.69541103757731,91.56072635482697,29.13902250287454,0.9889642704898612,13.603052788041337,25.39558898957047,5.310855575787095,0.9469109496026251,1
25.579621676192787,64.82513028636131,2.765583219953104,0.15487818910425608,53.64066369425703,24.503415583121683,7.326575429590363,0.9579111271975369,0
20.760813146233822,27.985091090586252,5.1725147092850765,0.4570841300607711,10.511792406731734,40.910286440441865,1.0541637077031631,0.07391545301567048,1
36.96802665280999,7.62530844988996,19.985414321208918,0.4975178304429242,61.224240352804095,0.6427930966874529,12.88657280908308,0.34740422597554255,1
41.23440622899825,60.71483784006057,29.354255766956605,0.5896508205215334,97.92332529405331,41.61981075571846,6.017951506153061,0.2585979817811027,1
44.24296113909652,66.25813309207015,2.1998593775105912,0.849283193794509,58.757120630975265,6.761032641303468,7.8498257143295955,0.4050283088162009,1
18.689381612592985,81.25317448856839,23.91956157482204,0.6395539549991538,43.20900908333799,15.620207403222123,3.4779507614049567,0.2836434288001838,1
23.93214217702554,14.6962128422456,22.978212635560208,0.8169419495869471,27.014888266509807,26.19655224980904,2.0240543190558844,0.3088955542409243,1
33.06400276982998,32.10778189438079,13.988684590227548,0.3524803448134637,34.436972853198334,17.418790440840702,0.6536014540980359,0.8382630143738466,1
43.268566085636955,50.06667033488841,5.5893423820076995,0.7551892587860012,63.899511028606845,7.851712294703624,3.1717281137088422,0.7398465164546579,1
36.3833184709721,66.5102384660787,22.55657091368221,0.31591844778775785,66.88880757976563,33.607119573689225,1.4636890177555217,0.6386998937852764,1
36.96213446800865,78.5615733259596,23.704382320005404,0.5992515718232995,94.82192988477493,6.589610478297504,3.0887747913068027,0.9956405839906846,1
42.56676261227071,49.04125799458893,22.11258011542323,0.23115082485493874,5.915004875331409,32.83107679432166,6.236968464154225,0.45173335264479075,1
41.77179302654319,9.892256488872466,10.490577001576895,0.41256575936121176,97.2818744870643,9.995635815483034,4.323865087469251,0.0802658265604872,1
19.671938335635186,47.162248113132335,4.1286081823974214,0.5498296275206868,57.96989572025091,22.523512566576574,1.0605279126271228,0.5533694908068435,0
32.44645165714671,34.60002670334024,23.01026854473295,0.6971587782616974,55.93623470399485,27.360900375074365,1.5493921685901444,0.827531024272675,1
33.17503709133819,39.0350778986758,12.915900585679644,0.5749656449984684,81.01489834438176,24.742187814420205,3.801309912333149,0.3078721126584849,1
18.897337414857336,13.580566896206053,6.015504141656382,0.9921016503026181,64.90783145318407,26.695786201166303,4.120075293843785,0.15193772830990648,1
35.57453636371261,15.542938329850568,27.838677478703264,0.30644149517247815,7.682475587131887,27.35957688381327,0.3144307181000534,0.2795379331686857,1
19.389835191801886,38.36415124568275,18.82402623445667,0.9235979693828104,83.59226694312629,23.39565667781384,0.018205504119036955,0.5037608811724933,1
49.13027966210119,18.9261893412292,11.443381153246717,0.5157606499509598,60.270399283430855,25.48307130945028,2.1830013171260587,0.30343864293382916,1
37.811196351159765,80.15723946390574,7.9701734906576185,0.45466331867177656,6.851799985930052,41.67823726615814,7.625134792093338,0.23066895704678403,0
26.591192717801665,23.147442007629977,11.818908642512572,0.42165569135472625,97.63815057766291,3.2637192704725457,3.0597203834373037,0.8789241206690716,1
49.66874803310561,28.39109885172115,13.703875163940056,0.4692391417452688,37.87650081596035,18.550099691011567,1.2915906205825491,0.40946293140227485,1
42.151147123962964,6.021194827001645,22.393109020527493,0.6505737229036553,91.20072404364826,6.59264175797076,3.1823884639682714,0.41182821764128974,1
41.14044743564742,51.847650862421986,4.342295667948829,0.9194375834374574,23.554706791727032,31.362522600433373,1.7843254087014149,0.3449801340648856,1
38.024034117205154,77.50912951848184,23.710955296916378,0.7862325438383169,83.0902553559767,37.36055368816736,9.373646902466556,0.567343126574852,1
47.04375883768128,21.67378870343137,24.833928656303502,0.46495022512253703,48.34544594317752,26.63907634907626,16.665674033473472,0.9844974860608147,1
48.4545524634953,22.725389259662165,6.688007783002336,0.7265565883742228,22.95210948163208,27.32312981701512,2.3183133697936933,0.4258835420845345,1
44.547455318458866,56.76740908467655,9.091093740901012,0.4091278639877999,78.3101093442163,16.56016221890462,0.21988587731397835,0.1837575446187809,1
32.221552889457485,75.67662144995414,19.41859750897119,0.8129028436689979,90.68552964676077,34.83886293286785,1.7084581773438676,0.20860846579838277,1
37.83314483805914,47.376095976273334,0.08863104352282325,0.48981104585769686,11.245244439300938,20.48459941576195,9.600254967320407,0.320239610165277,0
33.84103682483276,55.406209531911855,19.02393481671885,0.9669578761994351,74.86949776659318,19.22551554325999,3.479349918290176,0.08473087962867054,1
38.43653534278608,64.77584662987846,21.847220175619686,0.9307656783095569,21.222614765473157,19.64231635634238,17.15910194877339,0.6775327141685576,1
24.877361589015685,88.36267602550818,9.564498832503062,0.45452835583341034,19.1131364997828,21.740679290943913,1.479185036739121,0.8392278277769443,0
45.65201772578332,71.54049864504556,18.902150028857207,0.902189045619356,43.26306672888062,30.57786241736364,1.4260016543166267,0.6239371170133724,1
46.0035864287554,50.53376459864,2.0167438577965635,0.8147939103231214,95.530562095847,15.33229851943904,12.785141272413993,0.6487597013707309,1
44.24283992299736,34.66714384500128,20.64769791791889,0.6053686150846979,62.80105939786856,44.18739680362613,3.49922315135037,0.4846432878856831,1
30.32768629906019,12.648879452767485,11.03096189904069,0.8372197995806561,20.963576540748107,25.557766133641344,0.15756846359917448,0.49149513120518495,1
41.084908930713674,18.771124573286794,21.24398950000686,0.7930591733164264,12.624385616506196,37.53609607616981,1.9975431546321032,0.6187222146291905,1
31.86486271645957,81.09892430808098,15.533071875081365,0.9200355507859416,17.428695979217245,43.337362945512666,4.4285912732918495,0.748002871415364,0
40.114696287000555,85.1662250442185,6.683820793252432,0.19476194227673393,80.06325813571563,27.73292254901125,3.5379233591916974,0.5334196462502675,0
20.548066480806696,39.535843380318596,10.411248194865623,0.5297101171372122,53.08859105260396,32.733454784262086,3.364905854108218,0.7198998026387724,1
33.56045600704978,75.82310045592672,6.2793251334447024,0.989143839109585,95.03204972353797,35.201049351662796,0.0037257746080651064,0.726198861256155,1
22.52500781165116,81.65076474780004,10.523307406105964,0.22454070283604233,58.92021965842878,25.777124045996576,6.683153902178793,0.7692592528962258,0
48.1696477767677,37.78503664759773,14.137434485007422,0.24738884896991103,58.05501211499339,24.4250560343138,2.9224117793196545,0.6490027973132197,1
38.65682732367875,66.9249891656619,26.10635542663867,0.2924444010031276,33.10749438818835,25.44457199034614,0.9468709244053461,0.5743318975040754,1
21.6111062429354,75.03236134033862,3.87690429490534,0.8726691939437309,65.2637791651568,26.795782280207618,3.926769842021529,0.6785162328580617,0
49.60484104834205,5.638756242572207,9.326299433465978,0.5534161726490359,61.942184987906316,13.101238168274554,0.08278349580350612,0.46024912157341125,1
33.06365684728237,17.851969341261693,11.343626541209645,0.44830048341760065,85.95479822608922,28.03511571159477,4.185918357330617,0.6070665895925448,1
39.44402977570168,73.7895257803019,14.813088174488325,0.7689625173444732,73.06607018462061,36.098082279649496,0.5987186023558795,0.17007580729642435,1
37.845184143138624,29.442883530484586,25.262163931872756,0.9897885934740899,76.50567838004211,31.14306950326244,10.44282711828086,0.6449706575548245,1
23.98625652201108,93.71600560225279,2.533163241069433,0.6381363166774813,84.99827908484852,1.0272390800615767,13.37144278622195,0.8963055156191351,0
23.094913782916855,38.71250708810244,14.913759363020127,0.6282118068294793,76.62935453053153,0.953587239930761,5.347335497910677,0.41534848857383244,1
16.467083908577752,54.42099447593155,22.38419180680551,0.6452255016034364,51.93874768056207,4.199040329899651,4.306774543310937,0.028853967803778358,1
25.46945613419959,63.27356126613592,25.48394329881011,0.40261523812802846,26.424253649078842,10.246832446721088,6.314477251056844,0.886578692707432,0
25.92854204318644,71.39607807561191,15.883610549173955,0.708285374070742,54.98342522663248,17.479155078117714,5.6743468959952885,0.49569749015571307,1
44.967660569675715,16.90924300969335,4.82768428380991,0.1799262772243621,86.58508563005681,2.7253528051377156,10.718527160080706,0.3308337608355303,1
25.39535306284964,17.910690866229906,21.362003528361477,0.8694254083102189,79.20957326564113,2.439439280560593,1.959469147341974,0.28209551615025497,1
24.27051206319139,36.29143824986758,4.886981987220674,0.9677953586489678,24.76608176729539,37.66303891267968,9.809558518508176,0.3690986235300122,1
30.74541261888405,82.45392910729586,25.06363476509157,0.8642741149754962,5.237650191607468,20.222573715823494,1.3615908910997432,0.08998722042662144,0
46.62548924191682,68.53278582714319,3.3013311677509516,0.6067521143701873,98.8614839516119,12.109269911568873,4.30291738216434,0.6490614143597532,1
39.462637819828224,24.033981968806167,5.838867607727691,0.3309219307936519,29.420782768345568,23.250268540048317,4.772287184554374,0.5195271177925507,1
48.88644453715371,71.06744742828546,21.532041853381322,0.8163065892973081,67.54255447722767,13.563764129822408,0.9608777991182792,0.2051825711804639,1
44.10426020211533,89.716774365155,20.236668222796556,0.4879619681526348,10.960903559155632,17.786826665592564,2.528931516529032,0.94476022367234,1
19.287779889186673,50.618525851275436,2.8134478382402515,0.2977661602654803,94.53543208664746,35.763731338879296,0.5455182623092526,0.18873026478558963,1
15.167929471483937,7.074774426672637,4.192702288159621,0.40833290090104435,56.181932708865844,32.081435514353174,0.0855053330598565,0.024804299692891774,1
48.18634509108396,87.53881134088124,28.271596845524176,0.8686362440521688,19.42313502937798,15.236407512808032,0.06715005253563275,0.16036066753431932,1
40.20661959881036,44.15846519675579,10.68188317564848,0.2553111799024791,76.66016166991132,42.24251314903569,0.1377745073091535,0.644418554585336,1
36.44420163456978,30.65805783496658,3.1059239420298326,0.1759731661834787,54.390232793658136,10.131101834275075,2.4122334169267905,0.6818783614730859,1
49.86042283207313,15.181763127488383,14.201019724007066,0.30756948436225523,30.02523212021083,14.388801369742898,5.949531418143553,0.3624508905132451,1
23.779341412340848,11.264324935804403,7.02372302647917,0.4774507404538798,29.301635796709558,1.7785314972946031,7.333616836160361,0.4943424644999198,1
46.555115994177555,16.878416062416058,26.26290093711453,0.6452304468930773,3.019194628398536,17.30915237317552,15.069159497946012,0.5435071493358491,1
29.711170451298365,52.61624290421019,12.624808105408572,0.7769044630560508,99.44655171832314,11.686860028388109,3.2963616947769125,0.6486865122413146,1
43.06352711242132,41.42197679595702,7.475802463963741,0.16707344482843425,35.349995695379164,6.0464971381221435,4.630766864258473,0.6495577380804377,1
23.62210936131075,41.832290310702206,16.77948919928469,0.12377170179571889,74.37442766068658,2.816377929792664,0.40269415080748266,0.20103696441121177,1
26.803089599059117,23.841529781930056,15.655827022643873,0.8115325772700754,42.37624113496115,6.203447924721353,1.1651672773928272,0.808430354247359,1
49.78525374866993,12.5927272034802,6.778264659090616,0.6337327968903824,91.04453473429747,42.89431466257327,12.317115087469244,0.08027588338740843,1
21.723985365875755,28.606752746875994,4.298317902482861,0.42615734772994696,88.89596234607832,22.837632864819273,1.0494404241529645,0.7385684834900154,1
24.57408743387312,85.7896511149042,12.126772824299966,0.894773789453775,52.304855412495044,11.295269811828339,0.021346360155228183,0.5433468759440562,1
45.76189453252394,49.54809377483033,11.78012602924589,0.40108053473346217,34.12185128883235,20.117387363202095,0.08852660049503006,0.6490704886858064,1
29.12269419982041,27.70954845777342,12.376123472143835,0.34145174261024747,43.85260140659476,26.328901717381385,17.599077077350774,0.3360605231243524,0
36.61869167344233,83.29376910892623,16.699031026139583,0.4973945565255996,75.03562921512376,16.45760899459134,9.448160250025083,0.2737415913158159,1
18.76776158940027,47.23112001244084,26.311338686221976,0.7906397193334961,32.35518239184392,4.698620085160201,6.445524530302648,0.6173231690241623,1
22.605792696022025,34.48663225759636,0.25012932791097287,0.1718794064481572,0.10164482689408727,32.683329916294596,2.945473707937125,0.5734736103259108,0
24.76538597572404,5.70461003202589,1.8991163145049017,0.40388036338525457,14.63876643381491,13.84029360819834,1.5341714275655474,0.10272758092506662,1
18.39307664117386,89.55190180675308,4.14468056293189,0.3077540917098149,61.78119447917661,9.618325815378322,3.7809897225791804,0.20938748222764492,0
15.051193523277389,86.6719652412495,27.729553915415035,0.47191242988754667,4.775782658672356,12.378109422199541,10.253383001088554,0.515143060248411,1
28.472379917098685,69.57506063030898,7.792774820409144,0.30826736225040874,20.88746956255091,9.75408238256575,0.7640159819325116,0.8390285894343362,0
43.25677197450749,8.85736106469555,8.021964087204456,0.7223001452497787,54.13505054689094,29.332154911777838,3.2074444491159566,0.24076945548997641,1
29.165857875435275,30.238344695434947,28.13028239999517,0.7355185265054445,3.076281020354188,31.229887520577552,2.2350119673272766,0.11159761642915411,1
41.751318191222374,73.55830974427003,16.68786569967048,0.6421565645686009,15.662692505826726,44.47366908537996,2.8499494456837153,0.6341098191265412,1
16.35370240683617,8.618188983038369,23.340740697447842,0.7568921953479856,25.922029120608357,36.88820587971661,1.1326885365467616,0.761477767651347,1
17.858853261949577,76.63119774050847,2.3199466282377514,0.7215592984626387,21.284802375261226,31.143713572562902,7.848706777125064,0.6739265129476308,0
37.54544782480004,41.989414092200605,9.209642109633617,0.24567445617163358,56.10032074834147,12.416295108940904,12.24807423288646,0.9522054585579106,1
42.836626088307284,35.654130476602575,22.531498815366433,0.31554827599793006,68.24840082811207,1.4623553944651273,9.775670850325117,0.00773709852626181,1
49.51865163100459,76.82261549113147,0.24919083002406195,0.3930390805464431,23.583003333783093,40.02501611630311,3.6906067078611304,0.9843119548204798,1
36.774652162354414,20.865990434848214,29.380594983500007,0.6068759322039415,59.383193852463464,8.731850399633512,4.8015019658638645,0.2907445593645456,1
35.48777753202214,50.250629284141766,17.135662622888365,0.774056362162408,25.98186044871592,6.943779714992518,5.04359665588817,0.9968633098030715,1
23.123082622222128,47.20746579583543,23.640588628254548,0.9914535881452146,45.27398988420474,44.90846344162072,3.430767515519397,0.8342598738631146,1
17.873020479728503,88.59246733741713,16.25771657900616,0.33441646905766476,56.44617245014113,1.5280336576800164,2.330749032572112,0.12533304915630994,1
36.312171068408546,20.278610630968508,13.157335317191743,0.5690218921379814,71.13169354545656,28.936191718318547,5.21269205513023,0.7767501450892388,1
40.56769278598102,48.67263194572027,13.196514965206243,0.4844608785114466,39.06101611584268,41.14388629814213,3.736643466542262,0.8351393113585064,1
39.84698328803268,32.839075838999314,21.10315215154365,0.2150291788991498,49.91018531979138,28.986250370211557,0.8233353829562404,0.016808714168642602,1
31.106196995678292,64.57415756244275,24.63351926636804,0.15085484762560245,78.16622736519233,9.03732220053841,5.371405445224163,0.08526214498388907,1
48.8583968101191,45.9059927076357,3.198342737554525,0.2066141695444367,38.13116835384132,41.257333615959524,7.705537245486421,0.40365204300041735,1
42.01128838529588,86.17593428075328,3.998879655168129,0.6949492837839638,91.12837830076117,26.241252304419465,3.078280856599958,0.8114034278374903,1
17.23026809210139,12.14505375574568,9.468786351247008,0.19961040993784576,10.061990611223626,40.032891597999445,5.347964930159779,0.28440677459123787,1
34.15732101409414,68.60744627173372,7.821078773210503,0.47940022108274316,54.595767146894346,1.8601400456700006,9.571585758934603,0.836543477284585,1
39.12596746165691,21.434354326402918,2.487381061343985,0.4459017000784501,97.55039355153741,12.55812346702514,11.579896416919475,0.7510215345561844,1
37.17940795901616,30.88566863889146,25.51018041562849,0.9992623572916456,11.04993069720689,0.9991150914700642,7.672427708805445,0.9211951261793767,1
43.449847290429375,11.512357732990745,6.100751287609008,0.5882946795575973,87.48403302085799,14.496692097034465,1.1428650336637656,0.16383719366884641,1
33.30175448848614,61.46813624578869,29.02560526539838,0.13560805354633743,71.29675433201122,25.77567354204004,5.341391672033586,0.3823540777310871,1
39.59927342306257,60.312631030111014,0.8528008920550212,0.71062092225665,12.271980434754859,10.100437012438126,2.07423201394774,0.4669067889132036,1
35.81001088704741,77.48570967293767,21.41833767720245,0.32533144030771577,66.97978409951318,28.608733435337,0.9002047122540409,0.7099695995498682,1
33.23231641468533,14.217023709576104,26.068747905096572,0.12587960885857324,39.26361800453393,23.934745151934656,37.422453454577905,0.8974537023576025,1
42.7214239226917,74.47383674075668,19.72322256313017,0.9469573172318931,85.1321848436726,20.220330573731015,9.090549703018478,0.12860132809471336,1
39.001051713438564,11.048178730300972,4.2705341034166295,0.3175879493660071,4.716386859837041,37.61052360893782,2.0826334793807493,0.8699019060108196,1
19.234015327856312,53.720273068037905,16.708380038175893,0.6824848153632967,80.7325424149035,18.14654133042571,1.0130628472854264,0.18110282470356498,1
36.06541959463855,54.23285208775939,27.759423134116517,0.7735643667275274,85.3514537803696,38.905360714895345,9.50062802671862,0.9030069191571269,1
34.632049903919594,89.41920010050218,26.698810825021383,0.44078666320249016,41.26263486900819,4.7650116282407415,2.0944539458602547,0.5403370775229623,1
30.253252915891014,23.32386375209876,18.841531596109274,0.1542972041882828,82.90906691565951,20.182089386149293,1.5670566723106438,0.751254643436,1
42.176880703207175,27.73985513377141,8.952301321052818,0.6396175202176154,59.1870512585416,40.2911270747064,13.716514447952235,0.5394419873031278,1
34.38009314666516,5.05832090201617,4.608619597266779,0.8058935971243069,95.94955979052061,17.230219566635142,0.9319602527228936,0.49601626682804667,1
41.644337607500574,48.4554783462966,23.153021518173027,0.6393694078969775,92.70597623585509,5.2855367063911105,0.11339106921038657,0.9933406913677608,1
30.789192387158927,91.83109621563707,17.571605230034237,0.5765522572929925,15.567637028566839,30.900843220299734,9.108436060801756,0.525842448145645,1
21.520497459799206,74.00198229687489,17.043615489289596,0.8799484693080518,67.2778333483117,2.397181598726807,5.197276856389531,0.27564814675087723,1
16.882391965993502,12.810592451844549,12.186328011848053,0.6415683008701047,24.568262298873034,27.32419206225736,3.337078382166717,0.8478178171095628,1
40.67479891771013,72.53497407943705,15.971166989749515,0.6292037161546868,46.0077878735535,3.139305445658207,5.77205826800537,0.09852787040065991,1
48.020981746448854,72.58189385986987,0.2488838332488008,0.3490437593820364,98.6484431532656,17.194111176027487,3.061930830118749,0.29132363546999873,1
25.387888025421198,50.793577344540736,28.499869310226448,0.726406780928388,1.3856275478216662,35.012036639758975,0.7438301039853711,0.6586479556854627,1
20.407503558144324,25.621667659467033,22.714364499152396,0.5176934975214442,68.97312456116393,37.031471420171876,4.806156845212431,0.0027703392068969546,1
44.89867927807242,17.183703324272287,7.394744802626092,0.3574817878784411,16.300623684067883,4.402816845012147,1.1524468528024412,0.0804283120711825,1
40.35141554217177,32.783484443101216,28.523200082476404,0.836445910952858,20.199790472047162,11.936834099066239,10.442987902333861,0.9650887713454751,1
39.139091127254716,10.664791372149388,26.70720747686662,0.5681710825819578,77.5407916969612,25.71774981637363,3.548092093195617,0.5489451063331102,1
45.11528876137069,56.2716785592854,7.133093287925195,0.8657536904783198,2.603229416361086,35.979355324870724,1.5021470583680274,0.7006886405227536,0
47.87536154721444,50.41820552949646,4.685188106796616,0.5351612146144703,76.22808430796547,19.307281052581487,2.5029929713874512,0.1608147999750733,1
30.790580064208775,50.972979228790486,22.954935417464597,0.6994418102265594,80.34706466773402,22.319418189698858,7.562243320057913,0.1273733219930525,1
35.3718047896879,93.85147693400569,0.39943952455197995,0.7812418318564671,0.24815128822867072,5.901168817151523,0.7376975727042776,0.7388131190207264,0
18.288245025343826,74.36461466829729,13.423206488226192,0.6989533887412657,85.1913064644774,41.261478047658485,2.57587185156624,0.06904467797218727,0
40.852585685672466,82.13302171312168,15.317247593828828,0.8909578088390108,26.669702688166552,22.53300550883554,12.222236553822183,0.3438015811564612,1
33.134456924833955,70.65367188092809,6.1648494722361935,0.6155569583852446,48.29810722109333,38.47815633522286,0.29031110462049964,0.8477516249463003,1
17.662925437300057,61.26565241550676,2.8220422351851884,0.1505681718662406,94.91925071594203,32.504722971395104,5.024266386214644,0.23340299001950227,0
35.34182596259693,28.483730619073427,21.518744141852718,0.10996037741201065,41.42151697699033,16.582850032473317,2.821045003768255,0.3223301690487771,1
22.276779202504244,35.32039793475043,26.71727091485625,0.5078709938502557,0.7285279293551605,1.0109882929794507,14.894750154977183,0.9026349323885549,1
16.817353958264537,46.846077562446304,21.979101059497534,0.7937234291469553,97.27913924509191,20.52091369773024,4.799444189040984,0.9473205146325087,1
41.0510435364027,16.203417161263005,14.8078428475272,0.36819651547103294,77.08377534179893,24.596929809968255,14.840434378244439,0.9956447306712854,1
35.27093711110328,53.444080995879915,8.818344139131586,0.815847389160618,37.437562512941426,18.699272752511867,0.1476668041439013,0.7442298599013727,1
43.01289325640034,76.73987196801994,18.00260263725581,0.9559166780444404,15.693116917130101,41.01536805264111,0.37088151055382357,0.0018405207984366623,1
20.61250701601552,90.14392970665214,10.229509076506083,0.5626576816236892,68.34686591287996,3.30667861978109,0.6302946177245418,0.533188251422777,0
23.52935814186832,39.26591622079553,27.73081442576954,0.30236256626363417,74.51982997689522,41.28272125947272,8.087316273606348,0.34293955181944047,1
25.522078719507636,34.14970934903975,20.403274516868272,0.41273153524181705,40.6682932574617,16.5513973079695,10.411205389902506,0.6542192533023369,1
40.37641565754017,48.51486257046483,4.710185819350391,0.6170645187073758,74.3056601078147,41.84276361047737,1.3765025914700633,0.0867938457529972,1
29.33660565279,71.36933788779046,4.195362006254171,0.9721658359106363,48.438475480448695,18.410885467706706,3.090237992675169,0.07979640914937702,0
24.31788714290584,11.40092262907671,12.875991318549563,0.4803546099921694,9.068410732509125,37.627817630963314,8.716782924059189,0.6031704295439989,1
29.087275120290013,66.7731567386603,26.496451629245737,0.23929485534809652,9.578770973828988,2.7877988715908018,9.013906866369167,0.3862144403293596,0
46.17524015585444,37.430850465690554,1.7401763882884003,0.1084280656651219,67.91447836504922,36.71296539973775,4.042603352243864,0.34973490676311914,1
18.98844880852312,26.640004827855428,17.396069709966326,0.3188772537723811,53.80363731194483,3.0719538520194045,0.9923066351383575,0.4035856057481768,1
22.257632862846066,21.225537631011978,20.043283919808086,0.12639748724094607,95.77099892205358,10.692517694207648,0.9700721749925103,0.8119109718058508,1
16.38535001940486,50.18001290849135,8.595215769758909,0.3238800683031883,76.46130890813009,8.628247944086656,0.06319469139988318,0.9702587322039522,0
19.474716211494776,62.07774060529986,26.96336927423543,0.7199850979549887,11.580365843816198,44.52613102467399,14.999041599894849,0.6559385922054967,1
47.9036367722441,13.730159800042946,9.205091338248554,0.9121903445755598,26.43201984835909,20.427405621913472,0.6998108664241711,0.4926227054042335,1
24.16307693999959,58.86764553197609,27.653205643385224,0.9047867214343897,17.031969810557857,19.866547828265592,6.131325211924542,0.3457247493131408,1
25.742640996313547,93.68536479870484,10.773987991125978,0.4137282627257365,39.5456071157984,40.321283682009415,8.563510039592003,0.8815375128069907,0
39.001370881141995,19.288800900789198,24.16796616394619,0.6389110766329079,93.94655687151008,43.91786608092762,6.523825361502544,0.10736204684429629,1
33.844901489588764,58.79725414557331,24.66680459045666,0.8372289867551285,51.67398578788456,1.888198970268045,8.64207707934381,0.7966571467552644,1
19.628145316464906,91.2150858079907,23.233693934170077,0.6201167033154972,79.64427969325347,17.975958220199626,4.641379316844053,0.48107734314779327,0
26.78800228757116,87.9520311687434,11.804494423692649,0.1716933145802464,87.6621973850849,32.48388082399684,7.077189146589268,0.9148808915855006,0
45.14180678752435,19.50674697888227,17.543689954010404,0.30210694391483683,10.257190566850504,10.842800102220638,9.090644948683039,0.9457392846701788,1
42.69983556667138,90.22402785772364,27.447365384334677,0.26361395283168465,82.05937764873472,2.6484664155256983,3.205449583077474,0.7170659395591892,1
31.872828511367096,58.218223463535665,21.137101412289393,0.6151598020808677,32.9396409624601,9.80221232248605,1.1865923637454108,0.386548943152638,1
41.755691620379615,17.406799142371906,21.840464015188783,0.5222588620646147,82.90158350783643,42.14826926468514,6.075839954399377,0.4938153672296046,1
15.793858387917773,22.438175292412907,2.5116302782283118,0.5230630989795685,98.80447260157437,37.97672428864266,1.0696436149475679,0.9781604100866508,1
26.746010358954948,44.28888161225294,2.5322985862885283,0.19670462493450108,60.05568437299409,10.147197204890821,4.460450885845288,0.0466387674215224,0
40.55452486297391,94.07065652082068,27.39106156057296,0.14121153471559042,14.758644077612038,5.070573812521914,2.155224365788369,0.43540771607254847,1
49.776289660892175,49.69584255068013,9.87655487816183,0.6838294719940209,37.9439242440325,36.39484435242907,1.8250135149737248,0.548842117448892,1
32.90309319460901,36.047393816764036,1.1508839868064746,0.8166267026741806,95.18994744948326,26.66024321202957,2.793605746977929,0.4414748568002662,1
39.137748661779796,27.0763995982244,9.762800492129067,0.4675244440787133,38.02877855043012,22.690303875435472,0.06973622978586712,0.4193092477127017,1
23.160666484761816,92.16485317989934,8.48477523965723,0.8319039006840864,34.978386205963766,35.68837651108853,9.795442291274496,0.2367471221234222,0
23.496848319823584,56.646146344896536,24.35222392769375,0.6696993239510638,58.632143622249934,42.23888194148752,2.784241127096757,0.14443502770837835,1
37.59021002717715,23.414924134936815,4.560708883132079,0.5420058539240399,86.3249748195141,8.60501421128103,5.780017301121352,0.6644127971107798,1
19.94698982046192,80.08167412289419,15.072887284546487,0.11292245804629253,9.091149688768507,28.385910880582095,2.7367181367645643,0.11232894497065826,0
36.56933922931567,35.90752714252477,10.244421546290372,0.4643287443015387,58.653071623905404,42.896257246686446,6.807462727296514,0.9151739159008092,1
27.43885391992346,50.946069244026454,14.606354243412428,0.2631497949240025,10.969368698222526,41.304148888283606,0.22887137265299382,0.9689420106108889,1
31.088247507658366,31.876094748588937,23.65339804047952,0.7779029320966608,77.06093528285086,14.080155542934651,3.6218408722507696,0.04323783724669783,1
39.931516507972646,83.80892897343948,23.900457770623106,0.634455494557561,33.50268221546495,22.604041331634292,17.072463078189518,0.16182409904122264,1
48.116310912057656,10.72595555654123,11.116204483043607,0.9781571191229711,57.412855970854295,41.55958670841731,3.4663306854324416,0.2547792188922354,1
19.29341696917221,18.393236318272393,26.239816997913316,0.8946338603826732,22.785542471881183,38.99717438568836,0.7780898540271197,0.009834444787200747,1
46.19864158826431,72.86356723329534,5.173614153810387,0.5930085405165472,11.834491966760318,3.126440152987733,5.772195026924401,0.1654807548451469,0
19.451214288864705,14.347433643435393,29.185185648869204,0.7043136471578675,57.917192113250046,17.26761305398301,5.506472643299112,0.4351320483076264,1
28.422133413623243,46.169769692970284,19.695042799737678,0.42996049116908086,46.63321409597443,36.96621686937279,4.75246228423317,0.6433989682797671,1
21.499362518478023,18.695395175823947,26.164332792775166,0.6933978347414351,31.69420276105367,35.086365662269856,4.83895268823383,0.6537327646448527,1
31.722943603055942,81.06499265474119,27.047972207537107,0.4984770936397953,40.73159232349936,11.291169447279586,2.655254779012246,0.8166564700744984,1
46.06577255106831,51.44999324573279,22.66837350811726,0.4580516214058189,79.96498018189165,4.405906330033099,3.0942527563209516,0.03839069758178182,1
41.80782786712634,77.74717963019609,17.323032360218427,0.18766110676932024,32.26429877789641,13.22835492251742,0.002406376007984488,0.6063157893665984,1
45.09421506527187,69.98861564486435,6.859997227726643,0.20575698428112438,99.54854563407658,42.73150928641258,5.472099913625002,0.8886627329640457,0
35.672362997609056,67.76271839314282,25.170987414228925,0.3449029524118671,63.59393119718981,28.295148791085932,20.403175992030196,0.8084889753398448,1
24.217904647325923,75.92021762228846,18.554405183683404,0.5674375217519894,71.71322878870758,21.899284073460578,6.511276353498254,0.9564676390780243,1
28.807006957323654,27.1263584344088,23.67165299576755,0.9573724065781015,65.82391712126693,2.7965970000771407,8.287156087859511,0.2602437104956101,1
40.78813297292207,85.76404319290722,13.937202923091878,0.8861079807001864,30.64328570983237,8.142932925577473,6.05485051901937,0.9231927251604966,1
21.775302044445823,14.134876714350334,9.498521271861655,0.24962047511532268,38.88793558734274,29.206035109086965,7.718025111611302,0.8881195401101839,1
41.745834169698654,31.056760524330098,21.500006039487474,0.7530917656785642,40.69213622810145,13.534462023419692,4.83506316567036,0.25685138985250267,1
18.88807680123842,88.91454756960493,4.43031738476275,0.9762301280042981,88.30595203385076,42.48960420083226,1.5353146895118466,0.18169438234300384,0
20.942993599361166,8.355340934420543,20.909565816333085,0.7597812872197531,25.60309616732528,26.006371471935203,6.16364062558265,0.9455825344516486,1
37.86165829293989,20.40278530496272,10.23831511177747,0.45093152942829173,69.70255181178366,9.489260142216782,0.3369579553592429,0.2141936006216325,1
24.274428975596066,68.55915423866249,7.322729748757672,0.3869842588543717,83.87032590274569,40.51019557661877,1.1694750507514171,0.439256821119854,1
47.62421526659782,73.53958869000736,18.69745265382034,0.9225687979434426,62.237203168169216,28.78592448887831,16.078079345989654,0.8192500780314158,1
19.936869528527673,94.41944120617771,13.727046555097708,0.8478704541838898,70.04073630197298,32.942251667507676,0.5471383139973452,0.7196764621239874,0
48.21976076370274,16.71987240154349,10.749316172966907,0.2032440866398556,25.100106260250588,39.16000899211784,1.7429587987167514,0.6903494087462757,1
21.533118374479514,76.48485027597735,8.597631398470503,0.39248742509118495,70.23529806777468,11.706232080538827,1.8609951237071112,0.08298936562435,1
21.500276105976766,81.89381005954614,4.679840614739565,0.9584107608115766,89.18933803023513,33.75072156611677,2.0558883236043304,0.25466299304322304,1
39.04079470932048,13.500153401355028,29.199966810849638,0.47524904302458304,51.61294532003016,27.801539226512958,0.6225687624790798,0.31471349126864934,1
28.34428274605533,28.38547153212226,2.7478268384637774,0.14842287574305216,29.963334719402468,0.8943925290453192,3.483487596784702,0.6074579289975667,0
27.322756123809114,30.291265388636507,3.012405919141644,0.7654815383054419,27.741563496484844,3.7619442589092973,1.7681389837443506,0.7945623668315983,1
47.831347806646036,38.12793450382626,25.184122863365975,0.7176380420618919,22.286899757758626,31.163693484778644,3.480667813491735,0.55072876612415,1
39.436426618741066,59.885134982039276,7.385836235749212,0.4169421049520301,95.63659430267174,20.68720251025784,4.246762193323725,0.24602481611619442,1
49.83289148216955,17.510978740939546,10.730602223547534,0.6392452014418982,32.21697014795134,5.944621939400462,0.020651341051900154,0.32348297465390485,1
31.722571412208982,52.33550811034086,18.841580069302484,0.27473240373814684,34.56621370237627,30.541255350309044,16.466309111120268,0.6443192921500629,1
40.598641435844385,79.90522044616421,14.97203849519806,0.6880706815797588,37.42163826898345,24.524396042315804,0.8585387284526748,0.8549915625780631,1
43.27863040121048,13.99103188547473,22.23928447489132,0.9129249103972724,45.079566162550286,43.49117516380278,2.5860123568488387,0.05986286097311255,1
19.766419733151793,6.413238563240267,7.799594964134103,0.6794900299609802,57.95391837665831,9.956461264892733,0.4925957022009728,0.8476510574895465,1
21.096381159601645,29.183030349799637,11.557053565119267,0.6352129400254536,41.426961148252786,20.8569374654855,2.8668615272853124,0.5368703597977879,1
37.89877268785648,53.544284122560065,27.283137000781657,0.811446595985395,91.07509355962124,34.01160485152652,1.7842664572803772,0.03677529203073315,1
26.375319380326015,46.836297188304734,23.103643479467138,0.9888549358629529,2.948351726743359,25.151346119108624,4.050496859189367,0.7850384043962872,1
41.26752680004236,55.08916962063142,8.30970536625675,0.23021853778226,56.339608931409515,22.006322358847047,9.082007778759996,0.5191055040814154,1
31.901999815942172,78.48273486857167,23.09614139281509,0.27957359888243793,3.7791041647191825,28.65394640436917,3.97180927036523,0.32475295596828657,1
30.11489760340521,58.125887368278946,0.6434295115882582,0.4678237218567247,71.24340659069041,5.541197788358986,1.0849846205580018,0.22892347944014602,0
15.347720969150057,87.52798587587111,11.966055439769889,0.9832144750739972,41.179527137734894,28.764174640902812,7.931587627270326,0.5215230312707384,0
39.7705000152043,64.90124773017072,4.418289944586653,0.7709701005824392,85.05078249232942,29.89457529525301,3.4588858257444484,0.9900171022659459,1
20.833446331724637,8.386775151862478,13.97100778251938,0.6864341942182431,22.33899740155182,10.275789461233789,4.173270022864271,0.27510223013591417,1
36.72661355303203,21.182092947947556,22.059412859492134,0.19866336769981469,39.33392051568635,10.553415713461035,0.0019649056371192153,0.7214393448825591,1
42.80931492220189,73.14614366707572,20.391659787689488,0.8099619581709093,9.467349844235661,34.017524612768575,4.841593581279025,0.32305266204462413,1
18.44576059313819,13.206311846991412,6.77288604663496,0.3573540442943932,33.19000942002292,36.06678472239515,0.40034053768351063,0.8804640034587212,0
19.353523688182214,57.79815159862841,24.454718106629137,0.5820273886678681,27.739331752882602,9.540844708293536,9.347920729349266,0.5156737742916013,1
33.11262090726409,18.50235835833725,3.5755138822583223,0.6813704062010146,25.19068522758512,41.67872570851085,7.498743317641988,0.2728786619369832,1
40.41550139316635,25.20504631924749,7.809310662491754,0.4345943335403608,87.69271388295293,8.289722986308048,4.460862374090213,0.1912169036540018,1
29.319229901960252,27.342770997688266,8.223677402714438,0.6688257913865427,59.32290169144592,8.531877529505678,12.473603510396991,0.9807466651859846,1
17.85258463852612,75.49900298294283,11.648735177124458,0.6558718768025359,73.74383090058777,6.857193456999463,4.967890056705532,0.7592943649604065,1
18.728191456403813,78.5167331487257,28.958948650741803,0.35257007246079364,29.256804821500626,5.701701418978857,2.384172181861573,0.37763411180199113,1
15.332236820500905,80.63653724685571,28.249714415691113,0.16077048256401968,11.149461327888933,22.865146284331775,0.0676799917864992,0.20830072140370093,0
33.54878146451987,68.92368215046488,22.265911840941534,0.2933904824902064,21.382762255612775,38.37907675986511,1.5730383764233422,0.4765368595358167,1
44.1092407612372,43.81955439061017,23.69292937790545,0.31716865992581916,9.597067588534603,2.2243262868298364,1.9753139668193553,0.7357049292794853,1
28.23921722535976,78.94416950542592,13.617530180068421,0.7481513909085651,41.63064921407782,30.26153745030763,0.9568818549252038,0.9598491760586534,1
47.37327675762749,61.6272610909395,9.264038892780764,0.2640499089930253,70.5718781856477,4.030431283082435,3.3359116502728408,0.7859529818260945,1
48.16118377950564,94.1103685624725,23.385541824946035,0.9980895290743534,35.18634258522781,6.3947268962151815,10.627342565687858,0.3287790209444903,1
38.07941536859023,66.47981886852537,18.367116181806544,0.3471503360490127,78.44108322624717,13.813440087660148,9.227573552729956,0.1732388808290508,1
17.1957711776614,24.64262229631527,2.343903796273996,0.42372797423374986,12.092320369441634,40.28593796027714,3.86385002417762,0.743394452799217,0
26.79001263970049,50.60190038484095,24.504328646002126,0.31971599052270105,45.949283231530536,44.2226814096767,0.5140940181659821,0.44401643735506446,1
43.28248331725513,66.33653362227827,2.3985118692936602,0.737235626497024,60.869571041164015,35.37849377749775,0.1460591527452416,0.45928193224525304,1
36.658275822043585,88.72150527025327,8.263199481627993,0.6953175747112619,84.54314680742263,37.990901894650925,0.19942459704736015,0.8743107763516081,1
28.36410591796554,71.02867563055462,25.021098900229973,0.4037362458507978,10.210658145074603,14.878976110396064,2.1966439707521324,0.1634878303836539,1
27.125451432639267,59.70319154309324,25.73165451903566,0.7576113430535282,4.3980041734621995,14.486635956000931,32.3702498934701,0.5951595048736437,1
34.4532138761042,20.113354494857315,23.795831397091163,0.4832055239650056,94.42022508271494,7.338402805544606,0.9749042676025936,0.8735541581178734,1
17.842727428500154,9.204696911294867,19.328470945061625,0.7797785616229194,7.693127671042854,28.682906266351914,1.8509289304544507,0.7385848242795374,1
28.015845466901403,7.516212745707017,15.447511435941903,0.21703223627014895,22.23523953828419,41.77115488220603,3.4704725427690812,0.40539682001447574,1
35.75312369812212,73.27246758295125,29.4436476199111,0.6130971731163694,73.29390741791231,23.22415111824633,1.927376807573513,0.46449561475450474,1
29.731430103237987,66.55907204727427,5.0139238010262135,0.4685442991473562,46.47761384987782,41.45355435649425,2.2672876999164373,0.6333073893473221,1
23.93187313064655,28.17309306967502,0.4077070138509531,0.15735685113213382,39.67356135328329,10.180441739594473,0.4999588593017756,0.22536200195213518,0
49.736868591877666,35.80097293893252,9.657904705622943,0.32880829460326116,52.597456115553555,3.682536622039475,0.8552222452993486,0.3592180621233728,1
16.876458486048385,55.89095524817608,9.078885868933272,0.31083787679050057,80.8415319617661,29.568657804481017,6.532524434899845,0.6167029738688644,0
35.369738439046614,7.118762252539295,5.237923187319087,0.5500401793611777,24.502812819396304,12.420600991903633,2.63801457037941,0.00464311488365865,1
36.5619922670609,10.366534564928074,4.299609640286626,0.25607018156698436,89.12649374605182,6.410862699806838,6.887465230598101,0.7103748480520152,1
21.975948380536302,87.42528071827203,23.924365066732975,0.23375962497674446,34.04910497397605,20.572137735624988,2.7801568734395126,0.1620123087683255,0
33.580860606044965,71.92925095562798,22.232988917294467,0.39921023094015473,71.70851772638433,36.364019966148234,9.042418218568264,0.547071631860568,1
29.18119190458523,79.51908248423233,16.64900404494137,0.3816461633250574,12.931685860834685,40.76668585459673,4.160431268846772,0.36804052576894186,0
40.58402622465154,75.09116380187702,11.182318060500311,0.522970940296509,22.240618845204196,27.47148584717435,13.514850189490861,0.8295741083169272,0
30.15376560637393,89.04291357762153,29.923441709557665,0.3127774714465891,35.23012187353663,2.7109458336919707,3.187313442730279,0.6345311276973548,1
38.30142964373951,85.07426520881565,24.74593965567409,0.925237136170609,54.04517679195373,0.8656119633810361,11.545804220691947,0.5196423867750392,1
27.369002709906425,27.250715766869234,11.990384810097812,0.7746795817219683,32.99991538154987,23.048887967941464,11.898298931476699,0.754526288853135,1
45.02426781561393,61.765270827064974,10.944532041819578,0.30001013662472253,88.27522254750136,31.032352005660716,0.6061672942916551,0.43839309701142204,1
16.38671795203826,28.103572686946677,19.115943429126347,0.23872138898920828,69.15383215803071,3.937465941609908,4.687242190743825,0.9761546239457364,1
43.56694978356066,86.36045416450871,5.9830916768138245,0.3243673566803503,94.87991025021185,37.32587207609243,3.6249617149846114,0.6444018600532124,1
30.01032545042449,12.69278294860747,29.300765191519897,0.4505504559616105,4.16561049638855,15.08285877927582,1.6985432286254596,0.4479657644369557,1
22.07999561801931,62.8057790255087,9.775308233513526,0.6922409091407902,17.895395882196084,14.417696094042892,14.062993135595427,0.925453062077779,0
28.06226970614135,14.090997943788594,13.678860255064462,0.2722082084510844,72.90796144277803,32.80319180578758,1.9966704186841853,0.4889372935791563,1
34.716939729639655,75.0733813029227,7.697900332141815,0.7254638386087284,45.39945757633792,2.3543203148443723,7.459460025061366,0.027136684010662604,1
41.2837589681444,69.32787124091453,23.875257720167003,0.3565982830823563,37.41143143546696,41.607554729847784,7.737899669487243,0.743115748720047,1
22.378409949111102,72.83191906014277,6.320087435292003,0.7502208840101285,7.639035813382112,35.36111888668676,5.525522599625582,0.6193190263737919,0
27.85962463361826,13.986443453161518,12.163414699946806,0.11257206586724888,96.48923547862127,34.15421970389435,6.606028773738947,0.012012587453159917,1
45.26906233904193,82.13895300076706,21.79761874881833,0.625048366217363,83.71460251490478,3.8170389286336475,26.23218059211585,0.09482593263378492,1
38.60463963966116,60.676398926471435,24.431499741596927,0.23471167871754,92.41185967865634,27.83293547838954,12.801100846778965,0.6553000560881579,1
35.80810115200974,22.799854293329656,17.474282653860666,0.11286946402992366,1.6984393007168253,0.7210762591975589,9.933776037270006,0.0670884157263344,1
36.58244583689638,37.351202151738036,19.63566170950496,0.859830429465979,44.13411944379736,34.75249450220827,11.27812896690939,0.017952257115427472,1
43.20152915307151,18.080160744688037,12.396130848321675,0.6969872551354488,26.60658230641574,25.752927833534585,4.796463579745486,0.8878980036457779,1
34.234719611083726,92.88050180001471,2.3882651011606404,0.7211944575045226,47.30771907812166,3.7451730049212326,10.38238165410565,0.4014787656895896,0
28.04195200217305,5.67751581161439,12.542820835824338,0.17567657752079785,15.073922804312412,20.3412103391314,6.655693264738255,0.2354576124010761,1
43.67797534639212,84.17291754620169,24.33257686083654,0.6812721647759473,41.79652153436795,23.82302697194483,1.1266366004232957,0.84171560678599,1
43.847923386741314,69.96831836776526,3.819389259490383,0.18310638267930535,12.048927305675338,25.128692226903837,15.954109331558929,0.8342594187885954,0
30.385766193228303,21.692667037021856,29.93520220886297,0.3209946305427701,64.62823881079885,32.125476915518,1.5258557959575056,0.6974841426741454,1
45.56167252934279,80.50089622945593,9.420216287946793,0.8499886146177205,84.4639257422724,7.792119806530784,2.751467189717793,0.8618119027454868,1
35.87174042054265,93.37639548515806,23.812047921404016,0.16953412877525686,86.91428932984789,15.695863092437843,0.7368296734171071,0.8549020829588266,1
45.45653279939633,13.334275363195227,2.415298094763184,0.5980923163979752,75.34524483643527,12.183946763406706,5.033487544971978,0.7847506727267559,1
18.581128458971328,16.148259576386078,12.10346077633924,0.17885282739568564,41.45858597875595,9.787422916582107,2.9902308186922872,0.4650574838836492,1
32.19590124060675,77.4223874100563,17.613375615600923,0.1269965165631034,78.49748807370166,17.42197849383797,6.202719718292276,0.1830766970908141,1
33.683416296075976,42.48923829449988,8.859561082518999,0.7943705502576823,33.852189679788545,27.904172439829182,0.5748953310096399,0.20772443587611267,1
21.22447618338397,67.59082055133322,14.828138476572148,0.7104454006168704,31.71339405382694,0.8473787637972446,3.042230364262208,0.9070281530968963,0
20.60545096932827,58.25460874641411,10.276944897404904,0.8502331101349477,56.9593369589161,29.874143756189635,8.813758554102504,0.5746731092316787,0
19.867114678592706,31.021547272952862,27.581035838059996,0.49078599949181745,18.03284071703697,21.488769136727978,0.9795688885569508,0.8253546933905124,1
44.88084271480167,55.22815719318116,29.09763161778349,0.5429903825457983,27.84222596655774,11.760517721372047,8.022069356504426,0.19670582312455798,1
35.60195936156239,10.348921678811916,7.284038007617633,0.7006797241356282,42.26629220623246,40.97733449378908,3.34830920269322,0.13740398852244928,1
25.921776155719073,87.77555138622175,21.21774115406482,0.6074077947834413,0.2480272000400685,42.64192862206695,3.416085208189446,0.32272956905219363,0
42.587713169899715,75.10003019198372,23.90986037156764,0.5059799447003878,65.1370450416434,44.451301752366405,2.9620666899706083,0.9118583843902555,1
42.856500715596816,41.319423441330436,21.587146612691683,0.7740379990307055,35.06306494480202,13.02924374701476,2.9731782219187335,0.06755504033804571,1
19.07626835366001,42.75302444303763,8.689317492115784,0.6164305559081213,36.45827320411663,31.718647599909946,3.9218344923238684,0.7113007388653045,0
21.750280099934514,30.5886397206867,2.4946664326589363,0.9858019312298105,41.95152455688168,40.51635861691427,9.561101765367518,0.820123676391234,0
45.80281032754036,31.146138629209666,28.534161297843575,0.8942714055487974,51.056407077115594,23.90323700605,8.782503950187285,0.4076737629616135,1
45.5964406661616,87.76181080217579,9.684191124017378,0.18292787889478546,82.36164039139521,38.645966642609814,0.2808045111211141,0.7236550098263681,1
24.31683972305806,26.55491732709558,1.305260738807058,0.9951853647925835,40.08418261448998,3.5628906912984104,3.304026957047525,0.6626683427570467,1
35.951729145365675,79.93804645509904,12.498191469801903,0.6624555415047857,1.893188851617278,16.44358871015757,1.3824971723995059,0.24168735536272778,1
38.74175803696869,10.011060539841514,26.47169468238191,0.18771060053385472,78.57038679855353,10.683755364917937,13.387130475202236,0.6498315447456446,1
37.19766258697865,21.09862186753467,8.661267685615355,0.520612147402966,54.5912514532784,33.503408175281784,2.0330594598469967,0.07603995308903444,1
17.609065481283274,29.357661153649783,8.999105620623093,0.8857504214999411,23.03483740783617,21.274605940235816,3.3344820218892806,0.2264315218812457,1
49.41909295688733,17.448966765403668,14.425600023969677,0.575633902150452,94.05704008077399,33.469320809187536,30.156352453533106,0.442741392377637,1
33.14242947982656,38.60864497380774,18.110913443131622,0.8307955892439222,34.54213465460963,30.01654298336467,1.3506819522990767,0.7611033087792376,1
32.93303152262928,45.84765297342325,20.545531587739827,0.2929670334977333,71.94313067834874,2.561707662667791,0.20819030723861076,0.35167347872640675,1
19.67049347236701,83.42028496297908,21.718735391516805,0.22371670009195435,37.715798042619376,1.3906090520883063,4.853870370983517,0.5070293078824516,0
40.981475374973215,32.02897412157003,5.813629900931447,0.8384970712891714,17.33550504731719,24.420162743704957,0.6406762612477719,0.11387967734700921,1
36.00158409327082,7.3452601578961305,9.710465630434124,0.48972102974777143,24.35744588285299,32.557161507501085,7.895508480402751,0.8958810743997133,1
27.385090145432905,52.57336462411763,29.86612022217999,0.9803874988830205,50.56369060368871,28.69627833052823,4.493933935572915,0.8437861888352414,1
48.814328912160526,25.038645071563984,1.3467560505866882,0.939150407232479,48.5247823496391,3.7690107935652177,4.805713335377668,0.14105713314114432,1
24.450892361623787,81.95436317691676,24.09892179177773,0.34588164602531796,55.38235967694109,11.20658802570322,3.4237609466751664,0.2715480788764889,1
33.894053809448856,70.45992845214955,12.59875343337281,0.8436125829265914,51.101390458186835,37.001550161114444,2.2108777157029356,0.661282625987098,1
19.727759402988674,21.200565352077536,4.40670921475261,0.3122017505070559,20.917372625420548,35.10997069646445,1.5087946467406435,0.04886783812797324,0
44.3686579249416,91.36266489157954,2.0296490188856775,0.5709152083568723,72.80541222130566,21.24426348895088,1.8868803770357956,0.0647900008175194,1
36.71537686040733,65.8638453014044,14.8873456895309,0.10016933602961564,61.98678051394243,15.024423884030515,4.741124435669073,0.4515490901575011,1
45.31442307241336,76.07164613949526,21.396223214924195,0.7281295096564878,60.72046821934624,41.26540054321267,3.1934802263343216,0.32495907377252076,1
39.309345283354176,57.53125125567222,19.461045770624345,0.27873910692636816,83.91321562977676,3.4352780555285785,3.0233609571603544,0.4727118012543593,1
24.11643749392162,84.31768530968287,15.073893578854356,0.7393355061626395,60.2202343417471,37.925606721678555,3.9245925374333224,0.39451242316653556,0
32.84510773866384,90.35577921750233,2.2699916225408034,0.7322681122296665,28.85296167326492,19.358384210833403,1.9515255383001429,0.7469159762762982,0
22.146959441278877,41.75280246301649,23.76828765462855,0.687604783104323,22.51427013703139,34.454910553714434,3.6936578256628128,0.8399567654997275,1
45.47944834114334,82.33443945879075,22.45082896171009,0.7351777031635627,71.15598925626175,35.45446806818303,1.0926927958481432,0.997046796483636,1
47.846651935025534,5.905834324067687,2.693247133114985,0.2755049026390465,18.546336634456985,13.87017364097868,7.586279920816061,0.479387724208044,1
26.186366298465526,52.767347554543434,19.166611601388485,0.204675827673797,25.96577386417386,12.825701766003998,6.0725711114780765,0.27957312252291644,1
47.17194583456636,52.74286083385412,3.625098253967799,0.26769404120844725,87.31091124842375,38.413501079016555,7.216871608970806,0.15542394410630944,1
44.87254465183557,14.71284609069678,28.652825063351806,0.5494565987013101,27.616570480404857,29.324578999564114,4.735396905063923,0.10485627378477347,1
48.75065717392419,33.655027367007015,11.22935931383963,0.48833172042131034,10.140399127229271,7.086432199755354,5.659324598847176,0.3691202235151042,1
42.63634516528497,6.784839276131029,19.43177268110254,0.6380025265796115,96.78029847667437,0.6418522011958189,2.4221787094703933,0.7397226025115959,1
22.6685452538934,93.72529375601918,8.951430040152065,0.2018094455313712,85.91759511118083,25.33101245702171,1.4652929200687506,0.8528128261364494,0
20.78281243282044,34.95725628617008,22.190184715605117,0.13015157937653674,64.46791790212708,4.38190523982895,11.302407353967123,0.5566752358453873,1
30.644052300849992,11.73975925204375,5.076562802958101,0.41785011929545546,35.56369214414907,0.6311250332953394,0.21447942601374909,0.7999928773105606,1
45.36786956016518,93.09538962882873,29.480033057093337,0.8120374936129686,31.358757810403283,16.89847197241664,2.1695055261353473,0.40914177430519694,1
28.131266346744354,32.50585084249205,23.267613900279237,0.5889511872747728,71.40058319505941,6.590980950413191,0.10112401020093556,0.7954388514051981,1
38.00810694479078,77.16555336978438,17.365816225329265,0.10699273073241562,25.078460452228725,32.740981820392804,2.735139953505727,0.411562169766832,1
15.282639462933775,38.07390642056395,16.817558050056324,0.6520850308166294,16.62381961524354,20.015812038486676,1.8619728686560035,0.448667980286786,0
42.01105803674225,35.13092354914659,17.12481546534161,0.12264954468751979,29.28622269695891,32.12828755182076,1.2032354247475543,0.061756698851273994,1
19.000318642843713,63.924347934707946,12.460712974838636,0.8993139012825936,24.08712634399376,1.5808556160220821,5.420073468095361,0.17799901421579134,0
45.858989928710656,21.727564956083913,10.55724967540561,0.9855560623819107,95.38652750338866,29.057774663776947,3.758333155344313,0.9320630184312206,1
33.982740961373416,38.46504014241828,25.45189111464009,0.7160536405358506,52.432905240507445,19.065792685155028,10.924397733422913,0.6787697402417001,1
28.272638799623746,75.26839556736101,24.905149756351133,0.6395059803436771,50.344184649537894,32.34263633959103,1.2122360806382495,0.3541202056603182,1
39.8265110838126,30.227726298479727,3.0368318031428068,0.6790589183943855,29.06668540195042,3.898500988775112,1.8221721274486036,0.40354178644118965,0
35.35100121174999,45.48002921561693,5.631493570640158,0.5192985452226947,12.607662340486215,4.105317512953643,4.819254841143234,0.0388060145421526,1
41.878459845662135,7.1224119219154005,8.78133478425337,0.5544404606749648,16.686525177219234,29.12505044568049,9.13027681277816,0.21641196253064432,1
26.402887872556754,67.24770447278446,27.10548457086565,0.22381489952505523,45.29123405689075,5.53879119428831,5.471338217876768,0.013266022214777684,1
27.544921996228787,35.01589574142356,22.216280352284592,0.6204317627109798,24.796590148223284,18.14289458815533,2.5696391724734258,0.5847532738362179,1
49.35126728440114,50.57305624209077,8.37717387993533,0.8571710746504414,40.70002146650595,30.72915235924494,2.1713861103620675,0.39405127689581887,1
44.65682804089321,8.22634338524446,17.709649578533583,0.2286863591453553,80.55447116731307,37.76472308118249,9.402803887068576,0.661930774815342,1
15.992440091406523,32.003344191875826,16.316540511772033,0.34030489954237325,70.82958253415813,17.225435965192695,3.545067447102115,0.9423089595452444,1
42.86247432924336,38.62276045791722,17.330940336713805,0.26862228285105727,43.113763391956105,5.182419957011846,11.797041091806353,0.2873593335183924,1
43.48506704051866,49.170464366190785,25.60781943679465,0.18789636900390722,28.351671726423476,23.877546307209787,10.606457115715335,0.6958304829032601,1
21.624015174942116,38.97576472511129,0.70412694517208,0.9847124339984008,45.7848815701293,14.577356852262847,3.098243606223479,0.04850165340578072,1
43.289505623290474,54.77467560149082,27.409670383163856,0.6156076236831106,86.67578335877974,40.417928446033244,0.3726803927698286,0.7645542855180765,1
17.40186962865401,32.27866951573534,12.934911717539945,0.2747795099519296,15.83394474511004,11.611109737803456,2.6530818611481575,0.818236623549919,0
19.436959826927772,63.61561865418776,23.518588685469417,0.5755330264532706,56.90698719664334,2.098203812068058,8.951556983143812,0.613320408590767,1
31.059601235947557,82.43448795737842,8.88009448058603,0.8500990361660296,48.501031615222956,38.5281817195478,7.229223275807078,0.5580202723210194,1
40.733996973387804,24.538144682144683,23.73522545105335,0.26973855674403396,18.762738707843717,2.5180238413994487,2.8523382463833196,0.9303427009144969,1
49.1725420024872,86.28081695500613,3.599447282514623,0.5431947515362666,43.39854490046172,43.62247450137652,1.2057249775006282,0.6556178031329122,1
38.720128545721096,87.85248223476997,19.08922559226257,0.5751064827229931,57.90276976947081,21.64142388881132,1.5731565030739927,0.02552008119478899,1
49.880900938453614,46.928809714816815,3.0739127825404333,0.4694670997079937,13.805178831223142,3.153386829219564,1.056497175002879,0.5053341331658749,1
35.07211424861784,29.8869322087328,27.618001580883156,0.24724916224363716,87.92411029872527,37.45994891389314,6.022152626464222,0.7691502745676642,1
30.76177585547333,29.877667591096507,2.6586360051501523,0.48789224501133344,32.82502002480502,6.931777683168176,3.977953289448706,0.5977454170486305,0
37.873679717351614,53.07180504277339,5.760268553235981,0.8147239454789873,3.5798801230598642,15.615626848729633,1.1108945762612172,0.3589800460083705,0
33.322444654210514,34.972140727110165,28.13893947889803,0.18350250558597886,81.16090949587198,19.534812453333952,1.3755549492823262,0.5935991083324403,1
40.98550340068826,23.104596443894643,16.057689440693835,0.7820919668186069,55.0389297843119,16.423894350617417,3.0024620006451057,0.9517746541634444,1
27.244253776012766,29.2402520866014,2.866149591097653,0.2505732962734656,50.605301512148024,25.405227740622657,0.4635139822645983,0.7926655288395229,1
35.49174524499615,54.709366672180536,4.434289189298893,0.32463788757618295,49.16945234722241,19.110590574105643,1.2767554910121337,0.19864900909702732,1
35.97575913629828,17.06287560068477,27.828827216952355,0.5364652387589588,7.680906446949754,11.468088478765393,4.547267907645906,0.670798429126705,1
40.37838822747017,7.486771701999462,24.31049118933704,0.8008107998987442,37.22371166213866,2.5256056620867087,4.337247804185887,0.7260285819217317,1
24.173594284636863,52.405651642339194,5.422058184650647,0.30215573967252235,79.46649428878112,39.361883537160786,1.324677629709965,0.5115562482548004,0
30.276893425733114,39.544958526213236,19.811876804105935,0.275768955971915,34.81202928851831,37.07282631260174,2.7461062166469214,0.3389589551731871,1
27.032313571904478,45.53883881560528,8.51569680581716,0.464585748453322,0.9016967434472001,37.91123349678713,1.8249211022864131,0.9436010132627516,0
46.86653777508735,54.60745995582603,24.349007103168955,0.770024282323165,34.55584686261853,8.38435651832797,21.40158311235249,0.3547602759484576,1
48.46001434653458,63.79356342324366,28.07010220572372,0.9929853577526767,78.02209951943401,39.46291543812796,5.582595460648196,0.5124083179639285,1
43.8929660088305,19.813995066357123,27.307785142679066,0.9837547667700158,16.377518851099047,21.755118706446517,29.59624546208473,0.5799028837886363,1
41.48229011443534,35.147283892470256,24.716856594447087,0.9456105687286693,25.241465795687557,24.626480529694156,3.752936788578122,0.21318588861188592,1
44.8958184928681,38.44951288073759,12.546009251947938,0.7347605422419877,60.555461248319,41.213869232714494,3.1814000056636447,0.4434091062351485,1
24.923408713237833,69.67871159294212,25.744658239581717,0.24625764593066568,67.47552594681603,0.040159758995095274,13.926040954633937,0.13274307633129534,1
27.473277823691063,75.87619625851859,13.672857120282153,0.27032756379873046,30.22269955428619,1.063663711272726,4.911826338029612,0.013945314241253781,0
29.36252759229379,52.720249266907786,21.019527579092145,0.6228815062853054,89.85059710197503,34.187168758892334,0.20680495443466845,0.6724117382696996,1
47.88367988380973,37.39624076975591,14.56192337913705,0.7476730552353749,81.2784093376043,6.79607667613374,5.336226218420803,0.4253321945049304,1
16.745892111799897,94.70234460890023,26.882898140958147,0.23972446771272404,1.2971430121867078,1.3850776810431487,15.045710969491672,0.05157279182425645,0
35.280669142484015,79.93990342280154,28.442966179320383,0.8081011294290874,37.16477326277781,19.927122386562313,0.3079134116330233,0.5974389529500945,1
27.876700509650846,27.293690083189894,1.3887603893765776,0.7729578397751956,45.81697426153204,24.71493038534101,0.39842397451322376,0.8109125473298656,1
19.04476946964036,66.8545934622233,7.23364993965694,0.6420521117800472,76.05263924660994,41.43118331653746,0.22069705653541039,0.42955839455208367,1
35.615224842059945,94.65007721649881,14.601902598604868,0.39899761625232744,60.6118128568604,5.969993354021929,7.07423996316151,0.031496604232134295,1
29.18585035821623,56.952612805685185,22.48003812056025,0.9977936073245697,83.55947144718611,28.31003810391885,5.011469483351427,0.4725098815891159,1
15.220373108114039,43.73585160947458,7.197470151829845,0.8804843131331745,70.73018141510975,29.879983234557457,0.7818414697304621,0.24804261431552055,1
33.62633694043214,19.908891569356467,18.60139652187635,0.7316382752054201,26.747985032411925,28.98089900058195,21.77389858814058,0.7235531668552834,1
25.927785120592027,47.9797541453965,16.20341455789816,0.6315718491501952,17.001075220597915,40.998043410986504,1.1982180688031434,0.006467377231654137,0
49.96066601300926,44.94791742148132,29.874409459938516,0.877268640491325,72.84485699032061,6.2798351466943885,8.589536424172895,0.24493640522338356,1
45.338787904830184,21.90208709823802,2.137274803283913,0.9821386923519039,33.80681266876686,39.41620525899927,0.6977171786909043,0.23764566832492362,1
20.99040832997418,46.50248355077936,10.069949664577146,0.5321853761102621,1.8600737131725054,5.8021417327855085,2.590032423859236,0.371215635746747,1
18.027722480324066,39.453332922691914,1.9069958339241122,0.9188593994185957,79.834780455626,7.67675611153582,11.657121122116843,0.3218807877117773,0
18.81998572682259,83.84521040420151,27.466580677115257,0.7498585355432099,60.05333588304502,10.793673221082415,7.844606072856452,0.9726287990158193,1
49.39754077537043,43.008654964802204,19.522000523447,0.9527573483259084,58.84496106420794,34.03488397341828,10.735530666822168,0.9618583350297463,1
45.353722321815965,32.107585067678315,11.752468288126973,0.8895271689172256,16.401705412760137,14.893750501644611,3.5748252683956014,0.5839578526584002,1
20.131864536336767,47.05029621836372,0.4534307874591348,0.2939495936093042,55.609435033265,5.0613215996798635,9.723668973821116,0.83267163420807,0
17.111748339764755,34.15190261220134,18.93218609997415,0.42417928633562807,87.95261028471155,22.59708810460145,3.694043943501846,0.804347241851183,0
21.914490775703808,72.1543457191474,0.2649955420976835,0.9224854080263845,85.20240726579861,29.162300509456436,0.3821761545580726,0.8069456691769872,1
38.33906068987785,35.30287810611898,4.631332209157856,0.7799058831705352,38.52788029778459,29.752504205991052,1.5479114726557022,0.2584345269396806,1
40.888267226846665,75.27016405458967,6.830557010856406,0.6799523176307415,33.005327619658885,35.84197355979662,12.099408737243579,0.3171646900285807,0
17.593953325417992,45.52925626926626,11.43483646066861,0.6141167994748623,15.375433431542351,8.11388092333764,0.3543159258562653,0.08817495682492327,0
38.75226299324951,41.28085536835847,1.261018629875067,0.5050138878061837,20.288307923694994,25.844355539164,7.456960010123775,0.4464753025845324,1
39.43337696631318,17.203253066101034,24.594447669677844,0.4509931045247657,94.46897924577826,43.87211729230336,3.5084608926354144,0.4470253713668686,1
15.747376332323045,78.4463145400979,26.88151520954106,0.7162427859120779,42.57330736144721,41.62351879216816,1.5400174958313648,0.9776036566513645,1
44.04518227085126,49.09649836768649,15.324245368025636,0.19014222882403653,15.88921532434917,35.82582607417511,5.568077987637999,0.8376906473850286,1
28.985314138423185,7.577094165596996,1.1098114092447553,0.5956180215844022,84.54781274101137,41.39499018498965,0.9640271689490442,0.48762174679795367,1
27.673510942397193,86.34365959286647,22.118772035765705,0.8965727908976167,42.16609328542209,12.316631565980847,0.5010495566938025,0.12259167368799917,1
19.970829623431566,43.69111183207277,17.665352128527417,0.13843373677597604,18.540594881373305,28.934387132489555,13.873658320153467,0.583777253346273,1
36.41475090802125,27.405213280429155,6.115927352776272,0.32050018307388994,23.304484146480497,40.77185535355191,36.903619707704465,0.011582598023140211,1
39.74181906525663,20.9875449695693,12.899073463412831,0.8524587313547063,15.783947561794598,30.330170595891275,1.6793846526366467,0.31272084056342486,1
25.763728513907928,62.36312084054201,0.8034588881394056,0.5241644331001285,13.42840534916645,10.492061247423798,4.506572439649191,0.29334531625601923,0
18.357513581488956,8.33802162631957,4.822964002526663,0.27301821260833864,17.625035613955042,42.3670004060092,2.7677373018572418,0.15477929936309298,1
20.713011443738427,49.741980737544615,4.646234637084307,0.7804522668812767,48.47979480215283,43.35268280391633,2.4854244055630064,0.866764345056999,0
47.57684127933358,88.19379902068728,2.515319623681175,0.8003992201873528,31.41628102576821,8.384719117400486,16.290683820501815,0.7517538554917236,1
21.863082857318563,76.9383050015071,10.89298080059956,0.6025999932921147,33.69384981479004,35.12056817748259,1.5239682180812921,0.1566913392459074,0
38.89840870873465,82.90951701361085,8.050740296631888,0.6015448278827827,82.98437925532649,9.69569278010922,5.82896539521176,0.07357589379749097,0
29.333302134983544,65.72073619927914,5.289458204424853,0.9129832413531997,22.25270299200207,3.8521261344380897,2.774069932537668,0.9350862653690484,1
24.184533732437124,52.77203796378044,1.7949741560408727,0.20924239194441568,57.88856308923228,41.313786091386284,1.1680906769715014,0.09232737186429185,0
40.95715062211568,76.55484064804051,18.779628999457916,0.7875535427101653,65.2834573292298,38.86259431037745,1.569264792104773,0.14373760332193908,1
48.86309001853137,10.665669864483775,8.229561268079193,0.8832346411449362,61.5764954794193,42.02015981017315,0.7329342314843851,0.9079606037146626,1
44.83671277203178,5.988093371875079,29.101632014487603,0.41578017310861703,58.54757765287707,40.89709071427056,2.0786140509582864,0.04916885316610198,1
38.02150673714918,42.101314829281485,11.570077287761032,0.3306550702570199,50.76954572150356,23.229314568056864,1.9039854752563201,0.9051527821533156,1
21.999238787264023,44.345265521396016,18.741685343848673,0.7360829681248244,28.4087664975624,1.4903750373053803,3.5830576146746944,0.49285268787854686,1
41.68597280339723,74.96225392255718,8.057112671620166,0.20965624901467345,42.643577011344426,2.5076135558570027,9.078876999453168,0.09516341153012442,1
19.573857260996554,62.786143747347936,26.28858285166623,0.8886549886575591,55.21382596955823,16.176985040465464,5.73596051029544,0.11094338754605171,1
37.26795857191988,34.30564878808299,14.16645345683447,0.712181689267311,84.77636529110708,33.577400975232734,4.988899510061529,0.7460756001348043,1
47.75155116567003,74.21230617480417,26.802125353938305,0.3001359772274774,48.280241798471515,43.30427909808654,11.245293214870047,0.46287471697103966,1
22.101261551119176,31.255964502893512,23.12881895255101,0.430184845140442,59.779832143034575,39.04673333874507,9.121289623040367,0.46223511405086226,1
46.78562792457919,19.430607146408207,4.600336115200099,0.27971427989553416,77.5101761064201,23.513387666678355,4.4329305220801105,0.5156178877287833,1
42.44879987436204,32.11940049866735,1.613771390392974,0.34203682559976306,67.88957463766955,41.966603124294195,1.7988049093782752,0.05184471733215146,1
19.886675076733287,86.68561759824627,8.413045206197808,0.26804994945747873,3.072834057600271,36.54315084649065,5.519143878096409,0.47459689648970094,0
41.484936140557714,10.40225971329279,14.002324722456278,0.7076819055953789,10.920769621868832,32.440440438728956,1.0185813558783299,0.19004482554498658,1
19.94756459287582,58.15557283085692,1.016872148211695,0.9308917573330633,46.508977078805124,24.633729610239016,7.230055868843989,0.6678992995951587,0
20.895694230025946,30.514584244403967,16.448776649540747,0.8780696698590835,9.608212958831086,36.22832447883031,4.318213738349295,0.36547406893171774,1
20.160128699903986,40.05128622739568,28.861789690376558,0.6472144781181827,91.53177396822947,3.224262172908186,3.326385625992504,0.25443368542442113,1
19.969715637022304,22.16266297894,7.901164507143067,0.6138487450367394,17.890898454286784,5.340123425480877,0.5881004381159836,0.9991764857192471,1
27.074991274461755,36.968728373247245,25.307349498311684,0.840009305900083,38.125101286741426,6.620582973797685,2.71714341600745,0.6091330071763059,1
32.523272149644875,82.28229270480271,19.871573199745313,0.30079243868456745,27.411493711387614,39.99004879034905,16.38824591513953,0.7737491287966041,1
16.29976062218876,72.22003207796278,13.689927063881349,0.9952600492056234,42.8133160824817,15.734195806967739,2.085588304244447,0.7198601645789036,0
19.715489851726424,6.7628417428545005,0.679388300522501,0.24424686510857882,73.18392757619375,13.447706784799431,0.7868814125580798,0.7017558553191012,1
16.35633357055911,64.583531890351,26.99518452946413,0.8531320238031436,77.84952309081208,7.4812860720767365,1.4439025753795567,0.526380126732531,1
38.63287972552218,62.84943721699661,16.278725531737177,0.4346543451574849,48.26441997139823,32.20737223623022,1.0991986520848676,0.901420201461908,1
28.692354349493286,74.88030105781827,6.789846711064943,0.17861886679521466,30.126447642931065,32.563466403252924,5.384510699508701,0.5378706905194913,0
25.07156019628939,76.48589788384109,14.91447387098889,0.6678790216975116,17.41386690677087,4.805031555089011,3.8895469668563374,0.6180145003520944,1
42.32463845574618,12.882865500323328,8.567027405340752,0.26684681163132484,19.92358079368556,34.266703510216445,0.6940359095915176,0.33517389656319274,1
34.00513908100193,72.92299500862113,22.95227829119076,0.4023578099281161,79.09925498677492,17.491441260111582,10.766084387176537,0.08959067090273953,0
28.262846000892267,90.92996423205209,24.826996926812704,0.939556603134918,56.15373575330174,25.761457535145592,11.458557620680587,0.5555664483683619,1
49.541715668590854,14.991261088259707,10.267568246743858,0.5225048824547897,81.9608193232296,5.090465949258404,6.882337792630552,0.045254422798327476,1
44.09579100014365,92.05122553207548,6.183506860428746,0.4318945358357674,95.23808131015687,24.480113960573725,3.9313333661284218,0.4487512334542981,1
42.412121952487205,17.320990259195916,13.533763536411891,0.32425698578168505,30.293605906162046,39.61216583756224,0.03415794725440143,0.34159915430539467,1
27.554776051747794,37.07608313411045,28.58530868118951,0.2377750976593882,83.91136711883759,17.811784784440654,5.885045355642305,0.08461206211773675,1
42.15499342960308,85.8025117385083,18.32516127711775,0.29357223347401307,89.47522079356871,8.996164626145637,17.910112908405342,0.8706572905118143,1
46.45260876440804,26.04232120968282,26.906587393384473,0.6950442027760403,38.491189278983825,16.145545255830946,0.8843697957633501,0.24178745235577603,1
31.83337981903593,30.709532843054568,23.063227847747623,0.8161391814702642,92.85984037943487,16.43214747721194,6.037354091302548,0.19433818267225944,1
18.16176795573088,54.99513434853001,0.9436037045275147,0.9525644896224478,91.23609416473141,44.80530538982562,1.3075456124639209,0.8983459658146662,1
15.272697556261743,59.68119479523843,8.25616906914611,0.5668479006545811,0.641158707493561,2.972112462417954,3.879637795161112,0.5326065237487427,0
49.014381664409356,67.5536657754871,17.07165799888814,0.9250965456586095,71.9010924237499,27.116289061008864,6.925004235848458,0.6723196532987467,1
21.17822392072353,9.662705048688117,24.57074591650826,0.43468182332361216,15.940419031431352,6.767759225514889,8.34698949115943,0.12863662248005903,1
32.25759412561114,69.93915374971223,24.75747503744038,0.907047090022547,16.392191264011313,13.25062182270618,7.366360169860185,0.05456049580258493,1
31.946346637296312,42.147303526962304,4.46960083513018,0.9214531507994475,77.60497193769513,21.5352143693916,2.982139080525813,0.09834366216424273,1
33.8449063443222,32.33161652406575,5.9617150308739735,0.2526984506571863,98.8345530145904,32.71216074378116,6.967445983828338,0.5077616665242899,1
44.264349253950805,59.84652083212473,26.77998904080658,0.5004249655408103,96.47107210226207,37.11713043447865,5.495966079709445,0.23669947253325774,1
24.805354117408292,50.78555946748295,4.7214546984553145,0.5449082506086176,3.946627148310744,3.9700222757216213,4.185126454321134,0.5155172904232936,0
40.475514278976156,11.603255984929266,20.440412080995078,0.3904045239504361,91.7041548428844,33.24357077372868,1.2528150005655418,0.8333836947674141,1
49.43518228101334,26.521352971241498,27.063416565740386,0.5529752980578662,68.8987516305893,22.886383843686147,4.507110187175344,0.19865392773223678,1
41.05862268001201,64.19952354175345,0.660165416992361,0.6044653242879251,43.6642798140622,33.21637091262627,6.7544637263606555,0.8297723145676252,0
23.64250090984313,94.44120461192813,7.718532212451885,0.7109744163085295,63.72995936867968,12.321476404597169,10.724069763215196,0.07612720333063094,0
23.28348742019472,41.33185186315096,5.483077000305181,0.13772422836151824,0.6809070497338254,10.142595979867597,2.542048277760834,0.6092822580815164,0
24.57136456577971,47.91767736219294,8.6418387569678,0.10975556642892433,43.89671212451829,5.255812673303681,4.401845131477104,0.8021504335735694,1
15.801846622634779,80.3683500382716,5.33811132728002,0.8272314638830063,46.838523846698585,30.761698955066908,1.8454941122264599,0.23596797092951716,1
21.054742764367138,58.19239774369063,26.769521011564184,0.953234585508378,20.420716647517324,18.67035945647453,7.631284516410648,0.304446210285637,0
37.642828841786866,8.511941815440775,10.83066115203506,0.8965669596357508,20.061381360118112,32.259062380926885,0.5102027171439781,0.8668581397960468,1
48.66090815404324,10.096568892310811,2.381880479433317,0.27457097205402403,54.17062973689456,2.205529230293561,11.913154937719277,0.29931333166717045,1
31.83647463846236,21.383354741305684,15.066975507340036,0.17916372012426007,22.531382129796352,37.31240888483051,2.2514373624409583,0.06697741094277576,1
46.098167187724215,39.28788505866477,18.896845586268277,0.5175915761215425,90.41508453650486,8.61244865494523,6.867271399228506,0.27884016780291077,1
16.841158246287787,59.2138830627276,17.88759362712325,0.11778752954881933,74.58384327761244,1.3717569495622346,7.985126529747961,0.9064221613388981,1
42.48772751569526,13.9305375366515,24.348096541495227,0.5889867476680826,7.310018618247871,40.67579542902267,9.435612242364128,0.4868529412103896,1
37.85725980073945,42.415694930203074,1.1680975388805603,0.7549784424011277,73.90050533722602,0.888600961073342,8.010812829414027,0.5339239372336826,1
37.30712403767802,13.186251792898801,2.5691984940919266,0.827757498127669,14.94129974220585,24.209114395946894,2.442704015709481,0.5843892916444572,1
22.616798622305446,8.024404682812127,11.081116532924389,0.7318608812797074,97.91896569440875,8.094407752366125,5.459011131779787,0.07876810495421283,1
27.590626468175287,78.06980252993407,6.520160200145067,0.9857970940896638,61.813389967773105,29.201481460097554,0.9229659481551183,0.5466467711450476,1
41.86825525959836,89.0790035204251,1.513968528692523,0.7456851113921799,42.745996624883155,4.856143784996368,0.09987805857145642,0.13171434294075157,0
41.83957411083189,5.194822333482961,0.7025851437551489,0.3886422176853167,99.17370583668584,5.641532171946835,12.105784252061923,0.7232270570298986,1
34.249484581416816,5.134723883360203,4.9801231649873,0.9061922596320398,30.86776759403532,39.41414166444286,2.2543854831491683,0.6443196477389266,1
44.339401726731595,58.88682541406359,1.602589408820867,0.3879856968305654,0.9059450644105072,19.375773830776122,7.186737348969637,0.8202479789505054,0
39.33669059812371,75.3503106876261,15.485277222283719,0.3509119692838254,18.236394221748498,32.238654906019526,4.88896961447515,0.009732726381861512,1
17.6261204993487,31.19544856732585,20.55531576716036,0.8953600035976849,28.2328864071137,29.83933705570112,8.328717402321738,0.3585476851011776,1
26.110258960817312,29.79397590329688,16.3668209288765,0.571480394429402,72.36970348645367,2.669670283128785,6.500946100573275,0.9307996028651052,1
21.50700098250984,33.11845633519782,11.849390250766174,0.4988192543925186,59.830425270515605,31.463932303091077,0.435448288827625,0.01673510398735556,0
33.32284592953813,40.71761563832272,4.215276997627201,0.8755282844625588,36.23362800111577,22.47187629488231,2.6532245512175177,0.45905277121838683,1
30.802406746925335,34.781157210852456,19.315636064391157,0.22571413262345316,29.559080943777893,13.626876875071321,0.191077597260713,0.7847968885409699,1
31.60401564445726,33.1466392197471,17.04682544013555,0.8281137376241909,16.280687502018875,14.528779925284793,18.148329777936755,0.5268546087686149,1
19.426560636779236,42.386549485059206,20.487624203910233,0.8034736712454846,60.69240609271479,43.574588386693996,1.4647554696752516,0.652485499117994,1
23.58473809192885,40.22836840734997,0.09643154091836581,0.4071635491498522,35.383612889959025,41.22186793185636,4.766674009359054,0.43479897220168806,0
43.33197279452526,73.61257809719015,26.53528478416252,0.23052092278677536,14.550763348115181,39.35190389053808,1.0482579948013877,0.16776173869681033,1
31.001325999271906,35.27303509170153,25.161943252856073,0.4434751638656321,75.92548815932994,4.106525101676646,3.2684825676569735,0.7635143971274833,1
37.24334159449653,54.46480758509591,0.6708506448672513,0.24431405716584265,95.39575069146711,10.958314474770585,7.81470907804632,0.27709022943445105,0
20.082850086389158,62.35265754073165,29.543805109275546,0.493685430039536,99.69974628558425,41.44964366784886,5.322094112816429,0.17162317797799653,1
15.57401184641579,91.20533452495243,5.433749661412348,0.6987422306819048,28.17946684893393,1.7129579642070147,3.3090531035636706,0.19771662149529345,0
16.859230876261176,74.37982705210158,14.731968459080504,0.5894334787054943,7.513718547996584,44.6421731200268,0.508542235153197,0.37720124998764215,0
26.891003092158076,59.54601269870044,11.013727536616289,0.12006765164525443,36.03643882111762,18.295799961973287,6.217993291053366,0.015227110137156163,1
39.76510397689215,43.26189733773369,6.271041960010332,0.7889611283804292,36.480308662789795,26.543074704896277,2.451831150573957,0.6461942794365161,1
44.07644146781881,62.79781020654212,9.728315023250197,0.5101003092882773,12.891059339083188,21.12618530236355,5.172468491660666,0.9821218539333828,1
40.45465964701771,82.39339273112546,1.964314078513627,0.4859344646821484,77.67387821358939,3.8017609059946036,7.174416065182375,0.7892125324489254,0
19.63311123417448,32.26335250748274,4.898011808627003,0.41546252052154964,58.609506870900006,0.4052633063376587,0.7581827588890164,0.10524563093988593,0
19.740240600203705,13.800934822064674,17.50626902685015,0.225623269086172,87.64289947534726,4.838157058328598,0.04258991220513189,0.9944790030330019,1
25.738699763406142,11.672237326536209,0.2502121554752301,0.9594726576416072,89.24194507751272,35.16244511436252,0.3514263111053284,0.5467859135804908,1
19.38635994793939,65.55679805897535,19.2344450524961,0.7140713906858017,7.607164362917018,10.406250611020708,3.1956927177128973,0.5489540554714449,0
32.8116716113389,7.667763751366756,19.804974494150052,0.40283563906776587,15.134922952001318,22.533453101599605,0.38422757741194274,0.7978478586312338,1
29.117969306442987,26.310381775635324,11.041398390897138,0.5024342970807786,28.597213746763373,31.912521007216164,0.9350183757595361,0.8059376195115536,1
